<?xml version="1.0" encoding="UTF-8"?>

<rdf:RDF xmlns:rdf="http://www.w3.org/1999/02/22-rdf-syntax-ns#" xmlns:cim="http://www.sgcc.com.cn/SG-CIM/2010MAY#" xmlns:iescim="http://www.ieslab.com.cn">

<cim:BaseVoltage rdf:ID="BaseVoltage_5">
<cim:IdentifiedObject.name>10kV</cim:IdentifiedObject.name>
<cim:BaseVoltage.isDC>false</cim:BaseVoltage.isDC>
<cim:BaseVoltage.nominalVoltage>10.00</cim:BaseVoltage.nominalVoltage>
<iescim:PowerSystemResource.DeviceID>5</iescim:PowerSystemResource.DeviceID>
</cim:BaseVoltage>
<cim:SubGeographicalRegion rdf:ID="8a0f688f46db11f00146db1363fa0ee0">
<cim:IdentifiedObject.name>城区供电服务中心</cim:IdentifiedObject.name>
<cim:SubGeographicalRegion.Region rdf:resource="#_"/>
</cim:SubGeographicalRegion>
<cim:Circuit rdf:ID="10000100_10699">
<cim:IdentifiedObject.name>兰大线650线路</cim:IdentifiedObject.name>
<cim:Circuit.BelongtoHVSubstation rdf:resource="#30000000_74751"/>
<cim:PowerSystemResource.SubGeographicalRegion rdf:resource="#8a0f688f46db11f00146db1363fa0ee0"/>
<cim:iscurrentfeeder>0</cim:iscurrentfeeder>
</cim:Circuit>
<cim:Circuit rdf:ID="10000100_1545717137">
<cim:IdentifiedObject.name>10kV兰湖线948线路</cim:IdentifiedObject.name>
<cim:Circuit.BelongtoHVSubstation rdf:resource="#30000000_74751"/>
<cim:PowerSystemResource.SubGeographicalRegion rdf:resource="#8a0f688f46db11f00146db1363fa0ee0"/>
<cim:iscurrentfeeder>1</cim:iscurrentfeeder>
</cim:Circuit>
<cim:Substation rdf:ID="30000000_74751">
<cim:IdentifiedObject.name>兰田变电站</cim:IdentifiedObject.name>
<iescim:PowerSystemResource.DeviceType>13</iescim:PowerSystemResource.DeviceType>
<iescim:PowerSystemResource.SubType>1</iescim:PowerSystemResource.SubType>
<cim:PowerSystemResource.PSRType rdf:resource="#30000000"/>
<iescim:PowerSystemResource.DeviceID>3659174697239328</iescim:PowerSystemResource.DeviceID>
<cim:PowerSystemResource.SubGeographicalRegion rdf:resource="#8a0f688f46db11f00146db1363fa0ee0"/>
</cim:Substation>
<cim:Substation rdf:ID="30000004_5458194">
<cim:IdentifiedObject.name>天湖明月二期环网室</cim:IdentifiedObject.name>
<iescim:PowerSystemResource.DeviceType>153</iescim:PowerSystemResource.DeviceType>
<iescim:PowerSystemResource.SubType>12</iescim:PowerSystemResource.SubType>
<cim:PowerSystemResource.PSRType rdf:resource="#30000006"/>
<iescim:PowerSystemResource.DeviceID>43065671436812276</iescim:PowerSystemResource.DeviceID>
<cim:PowerSystemResource.SubGeographicalRegion rdf:resource="#8a0f688f46db11f00146db1363fa0ee0"/>
</cim:Substation>
<cim:Breaker rdf:ID="30500000_836150">
<cim:IdentifiedObject.name>兰田变电站.10kV.兰湖线间隔.948开关</cim:IdentifiedObject.name>
<cim:IdentifiedObject.bianhao>_</cim:IdentifiedObject.bianhao>
<cim:Equipment.EquipmentContainer rdf:resource="#30000000_74751"/>
<cim:PowerSystemResource.Circuit rdf:resource="#10000100_1545717137" />
<cim:ConductingEquipment.BaseVoltage rdf:resource="#BaseVoltage_5"/>
<iescim:PowerSystemResource.SubType>1</iescim:PowerSystemResource.SubType>
<iescim:PowerSystemResource.DeviceID>4503599627415134</iescim:PowerSystemResource.DeviceID>
<iescim:PowerSystemResource.DeviceType>16</iescim:PowerSystemResource.DeviceType>
<iescim:PowerSystemResource.Cxmc></iescim:PowerSystemResource.Cxmc>
</cim:Breaker>
<cim:Breaker rdf:ID="30500000_2256233">
<cim:IdentifiedObject.name>天湖明月二期环网室10kV兰湖线922开关</cim:IdentifiedObject.name>
<cim:IdentifiedObject.bianhao>922</cim:IdentifiedObject.bianhao>
<cim:Equipment.EquipmentContainer rdf:resource="#30000004_5458194"/>
<cim:PowerSystemResource.Circuit rdf:resource="#10000100_1545717137" />
<cim:ConductingEquipment.BaseVoltage rdf:resource="#BaseVoltage_5"/>
<iescim:PowerSystemResource.SubType>5</iescim:PowerSystemResource.SubType>
<iescim:PowerSystemResource.DeviceID>4503599627494737</iescim:PowerSystemResource.DeviceID>
<iescim:PowerSystemResource.DeviceType>16</iescim:PowerSystemResource.DeviceType>
<iescim:PowerSystemResource.Cxmc>兰湖线</iescim:PowerSystemResource.Cxmc>
</cim:Breaker>
<cim:Disconnector rdf:ID="30600001_860226">
<cim:IdentifiedObject.name>兰田变电站.10kV.兰湖线间隔.9486接地刀闸</cim:IdentifiedObject.name>
<cim:IdentifiedObject.bianhao>_</cim:IdentifiedObject.bianhao>
<cim:Equipment.EquipmentContainer rdf:resource="#30000000_74751"/>
<cim:PowerSystemResource.Circuit rdf:resource="#_" />
<cim:ConductingEquipment.BaseVoltage rdf:resource="#BaseVoltage_5"/>
<iescim:PowerSystemResource.SubType>9</iescim:PowerSystemResource.SubType>
<iescim:PowerSystemResource.DeviceID>4785074604198044</iescim:PowerSystemResource.DeviceID>
<iescim:PowerSystemResource.DeviceType>17</iescim:PowerSystemResource.DeviceType>
<iescim:PowerSystemResource.Cxmc></iescim:PowerSystemResource.Cxmc>
</cim:Disconnector>
<cim:Disconnector rdf:ID="30600001_3520993">
<cim:IdentifiedObject.name>天湖明月二期环网室10kV兰湖线9226刀闸</cim:IdentifiedObject.name>
<cim:IdentifiedObject.bianhao>9226</cim:IdentifiedObject.bianhao>
<cim:Equipment.EquipmentContainer rdf:resource="#30000004_5458194"/>
<cim:PowerSystemResource.Circuit rdf:resource="#10000100_1545717137" />
<cim:ConductingEquipment.BaseVoltage rdf:resource="#BaseVoltage_5"/>
<iescim:PowerSystemResource.SubType>9</iescim:PowerSystemResource.SubType>
<iescim:PowerSystemResource.DeviceID>4785074604258706</iescim:PowerSystemResource.DeviceID>
<iescim:PowerSystemResource.DeviceType>17</iescim:PowerSystemResource.DeviceType>
<iescim:PowerSystemResource.Cxmc></iescim:PowerSystemResource.Cxmc>
</cim:Disconnector>
<cim:BusbarSection rdf:ID="31100000_88086">
<cim:IdentifiedObject.name>兰田变电站.10kV.Ⅲ段母线</cim:IdentifiedObject.name>
<cim:IdentifiedObject.bianhao></cim:IdentifiedObject.bianhao>
<cim:Equipment.EquipmentContainer rdf:resource="#30000000_74751"/>
<cim:PowerSystemResource.Circuit rdf:resource="#_" />
<cim:ConductingEquipment.BaseVoltage rdf:resource="#BaseVoltage_5"/>
<iescim:PowerSystemResource.SubType>0</iescim:PowerSystemResource.SubType>
<iescim:PowerSystemResource.DeviceID>5348024557503280</iescim:PowerSystemResource.DeviceID>
<iescim:PowerSystemResource.DeviceType>19</iescim:PowerSystemResource.DeviceType>
</cim:BusbarSection>
<cim:BusbarSection rdf:ID="31100000_88946">
<cim:IdentifiedObject.name>兰田变电站.10kV.Ⅱ段母线</cim:IdentifiedObject.name>
<cim:IdentifiedObject.bianhao></cim:IdentifiedObject.bianhao>
<cim:Equipment.EquipmentContainer rdf:resource="#30000000_74751"/>
<cim:PowerSystemResource.Circuit rdf:resource="#_" />
<cim:ConductingEquipment.BaseVoltage rdf:resource="#BaseVoltage_5"/>
<iescim:PowerSystemResource.SubType>0</iescim:PowerSystemResource.SubType>
<iescim:PowerSystemResource.DeviceID>5348024557503317</iescim:PowerSystemResource.DeviceID>
<iescim:PowerSystemResource.DeviceType>19</iescim:PowerSystemResource.DeviceType>
</cim:BusbarSection>
<cim:BusbarSection rdf:ID="31100000_88945">
<cim:IdentifiedObject.name>兰田变电站.10kV.Ⅰ段母线</cim:IdentifiedObject.name>
<cim:IdentifiedObject.bianhao></cim:IdentifiedObject.bianhao>
<cim:Equipment.EquipmentContainer rdf:resource="#30000000_74751"/>
<cim:PowerSystemResource.Circuit rdf:resource="#_" />
<cim:ConductingEquipment.BaseVoltage rdf:resource="#BaseVoltage_5"/>
<iescim:PowerSystemResource.SubType>0</iescim:PowerSystemResource.SubType>
<iescim:PowerSystemResource.DeviceID>5348024557503338</iescim:PowerSystemResource.DeviceID>
<iescim:PowerSystemResource.DeviceType>19</iescim:PowerSystemResource.DeviceType>
</cim:BusbarSection>
<cim:BusbarSection rdf:ID="31100000_193924">
<cim:IdentifiedObject.name>兰田变电站.10kV.Ⅳ段母线</cim:IdentifiedObject.name>
<cim:IdentifiedObject.bianhao></cim:IdentifiedObject.bianhao>
<cim:Equipment.EquipmentContainer rdf:resource="#30000000_74751"/>
<cim:PowerSystemResource.Circuit rdf:resource="#_" />
<cim:ConductingEquipment.BaseVoltage rdf:resource="#BaseVoltage_5"/>
<iescim:PowerSystemResource.SubType>0</iescim:PowerSystemResource.SubType>
<iescim:PowerSystemResource.DeviceID>5348024557510386</iescim:PowerSystemResource.DeviceID>
<iescim:PowerSystemResource.DeviceType>19</iescim:PowerSystemResource.DeviceType>
</cim:BusbarSection>
<cim:ACLineSegment rdf:ID="36000000_23592649">
<cim:IdentifiedObject.name>站内-连接线</cim:IdentifiedObject.name>
<cim:IdentifiedObject.bianhao></cim:IdentifiedObject.bianhao>
<cim:Equipment.EquipmentContainer rdf:resource="#30000004_5458194"/>
<cim:PowerSystemResource.Circuit rdf:resource="#10000100_1545717137" />
<cim:ConductingEquipment.BaseVoltage rdf:resource="#BaseVoltage_5"/>
<iescim:PowerSystemResource.SubType>3</iescim:PowerSystemResource.SubType>
<iescim:PowerSystemResource.DeviceID>5629499536509761</iescim:PowerSystemResource.DeviceID>
<iescim:PowerSystemResource.DeviceType>20</iescim:PowerSystemResource.DeviceType>
</cim:ACLineSegment>
<cim:ACLineSegment rdf:ID="36000000_23592641">
<cim:IdentifiedObject.name>站内-连接线</cim:IdentifiedObject.name>
<cim:IdentifiedObject.bianhao></cim:IdentifiedObject.bianhao>
<cim:Equipment.EquipmentContainer rdf:resource="#30000004_5458194"/>
<cim:PowerSystemResource.Circuit rdf:resource="#10000100_1545717137" />
<cim:ConductingEquipment.BaseVoltage rdf:resource="#BaseVoltage_5"/>
<iescim:PowerSystemResource.SubType>3</iescim:PowerSystemResource.SubType>
<iescim:PowerSystemResource.DeviceID>5629499537708139</iescim:PowerSystemResource.DeviceID>
<iescim:PowerSystemResource.DeviceType>20</iescim:PowerSystemResource.DeviceType>
</cim:ACLineSegment>
<cim:ACLineSegment rdf:ID="36000000_23592693">
<cim:IdentifiedObject.name>站内-连接线</cim:IdentifiedObject.name>
<cim:IdentifiedObject.bianhao></cim:IdentifiedObject.bianhao>
<cim:Equipment.EquipmentContainer rdf:resource="#30000004_5458194"/>
<cim:PowerSystemResource.Circuit rdf:resource="#10000100_1545717137" />
<cim:ConductingEquipment.BaseVoltage rdf:resource="#BaseVoltage_5"/>
<iescim:PowerSystemResource.SubType>3</iescim:PowerSystemResource.SubType>
<iescim:PowerSystemResource.DeviceID>5629499537708141</iescim:PowerSystemResource.DeviceID>
<iescim:PowerSystemResource.DeviceType>20</iescim:PowerSystemResource.DeviceType>
</cim:ACLineSegment>
<cim:ACLineSegment rdf:ID="14000000_1546071539">
<cim:IdentifiedObject.name>站内-出线点站外-超连接线</cim:IdentifiedObject.name>
<cim:IdentifiedObject.bianhao></cim:IdentifiedObject.bianhao>
<cim:PowerSystemResource.Circuit rdf:resource="#10000100_1545717137" />
<cim:ConductingEquipment.BaseVoltage rdf:resource="#BaseVoltage_5"/>
<iescim:PowerSystemResource.SubType>1</iescim:PowerSystemResource.SubType>
<iescim:PowerSystemResource.DeviceID>5629499538012414</iescim:PowerSystemResource.DeviceID>
<iescim:PowerSystemResource.DeviceType>20</iescim:PowerSystemResource.DeviceType>
</cim:ACLineSegment>
<cim:ACLineSegment rdf:ID="14000000_1546105097">
<cim:IdentifiedObject.name>天湖明月二期环网室10kV922电缆终端头站外-超连接线</cim:IdentifiedObject.name>
<cim:IdentifiedObject.bianhao></cim:IdentifiedObject.bianhao>
<cim:PowerSystemResource.Circuit rdf:resource="#10000100_1545717137" />
<cim:ConductingEquipment.BaseVoltage rdf:resource="#BaseVoltage_5"/>
<iescim:PowerSystemResource.SubType>1</iescim:PowerSystemResource.SubType>
<iescim:PowerSystemResource.DeviceID>5629499538012416</iescim:PowerSystemResource.DeviceID>
<iescim:PowerSystemResource.DeviceType>20</iescim:PowerSystemResource.DeviceType>
</cim:ACLineSegment>
<cim:ACLineSegment rdf:ID="20100000_1546134914">
<cim:IdentifiedObject.name>站内-出线点站外-超连接线-天湖明月二期环网室10kV922电缆终端头</cim:IdentifiedObject.name>
<cim:IdentifiedObject.bianhao></cim:IdentifiedObject.bianhao>
<cim:PowerSystemResource.Circuit rdf:resource="#10000100_1545717137" />
<cim:ConductingEquipment.BaseVoltage rdf:resource="#BaseVoltage_5"/>
<iescim:PowerSystemResource.SubType>1</iescim:PowerSystemResource.SubType>
<iescim:PowerSystemResource.DeviceID>5629499538012417</iescim:PowerSystemResource.DeviceID>
<iescim:PowerSystemResource.DeviceType>20</iescim:PowerSystemResource.DeviceType>
</cim:ACLineSegment>
<cim:ConnectivityNode rdf:ID="9288674231451775">
<iescim:PowerSystemResource.SubType>0</iescim:PowerSystemResource.SubType>
<iescim:PowerSystemResource.DeviceID>9288674231451775</iescim:PowerSystemResource.DeviceID>
<iescim:PowerSystemResource.DeviceType>33</iescim:PowerSystemResource.DeviceType>
</cim:ConnectivityNode>
<cim:ConnectivityNode rdf:ID="9288674231451790">
<iescim:PowerSystemResource.SubType>0</iescim:PowerSystemResource.SubType>
<iescim:PowerSystemResource.DeviceID>9288674231451790</iescim:PowerSystemResource.DeviceID>
<iescim:PowerSystemResource.DeviceType>33</iescim:PowerSystemResource.DeviceType>
</cim:ConnectivityNode>
<cim:ConnectivityNode rdf:ID="9288674231451799">
<iescim:PowerSystemResource.SubType>0</iescim:PowerSystemResource.SubType>
<iescim:PowerSystemResource.DeviceID>9288674231451799</iescim:PowerSystemResource.DeviceID>
<iescim:PowerSystemResource.DeviceType>33</iescim:PowerSystemResource.DeviceType>
</cim:ConnectivityNode>
<cim:ConnectivityNode rdf:ID="9288674231487903">
<iescim:PowerSystemResource.SubType>0</iescim:PowerSystemResource.SubType>
<iescim:PowerSystemResource.DeviceID>9288674231487903</iescim:PowerSystemResource.DeviceID>
<iescim:PowerSystemResource.DeviceType>33</iescim:PowerSystemResource.DeviceType>
</cim:ConnectivityNode>
<cim:ConnectivityNode rdf:ID="9288674231524059">
<iescim:PowerSystemResource.SubType>0</iescim:PowerSystemResource.SubType>
<iescim:PowerSystemResource.DeviceID>9288674231524059</iescim:PowerSystemResource.DeviceID>
<iescim:PowerSystemResource.DeviceType>33</iescim:PowerSystemResource.DeviceType>
</cim:ConnectivityNode>
<cim:ConnectivityNode rdf:ID="9288674231532584">
<iescim:PowerSystemResource.SubType>0</iescim:PowerSystemResource.SubType>
<iescim:PowerSystemResource.DeviceID>9288674231532584</iescim:PowerSystemResource.DeviceID>
<iescim:PowerSystemResource.DeviceType>33</iescim:PowerSystemResource.DeviceType>
</cim:ConnectivityNode>
<cim:ConnectivityNode rdf:ID="9288674231623421">
<iescim:PowerSystemResource.SubType>0</iescim:PowerSystemResource.SubType>
<iescim:PowerSystemResource.DeviceID>9288674231623421</iescim:PowerSystemResource.DeviceID>
<iescim:PowerSystemResource.DeviceType>33</iescim:PowerSystemResource.DeviceType>
</cim:ConnectivityNode>
<cim:ConnectivityNode rdf:ID="9288674231858985">
<iescim:PowerSystemResource.SubType>0</iescim:PowerSystemResource.SubType>
<iescim:PowerSystemResource.DeviceID>9288674231858985</iescim:PowerSystemResource.DeviceID>
<iescim:PowerSystemResource.DeviceType>33</iescim:PowerSystemResource.DeviceType>
</cim:ConnectivityNode>
<cim:ConnectivityNode rdf:ID="9288674231859017">
<iescim:PowerSystemResource.SubType>0</iescim:PowerSystemResource.SubType>
<iescim:PowerSystemResource.DeviceID>9288674231859017</iescim:PowerSystemResource.DeviceID>
<iescim:PowerSystemResource.DeviceType>33</iescim:PowerSystemResource.DeviceType>
</cim:ConnectivityNode>
<cim:ConnectivityNode rdf:ID="9288674251093096">
<iescim:PowerSystemResource.SubType>0</iescim:PowerSystemResource.SubType>
<iescim:PowerSystemResource.DeviceID>9288674251093096</iescim:PowerSystemResource.DeviceID>
<iescim:PowerSystemResource.DeviceType>33</iescim:PowerSystemResource.DeviceType>
</cim:ConnectivityNode>
<cim:ConnectivityNode rdf:ID="9288674251093097">
<iescim:PowerSystemResource.SubType>0</iescim:PowerSystemResource.SubType>
<iescim:PowerSystemResource.DeviceID>9288674251093097</iescim:PowerSystemResource.DeviceID>
<iescim:PowerSystemResource.DeviceType>33</iescim:PowerSystemResource.DeviceType>
</cim:ConnectivityNode>
<cim:ConnectivityNode rdf:ID="9288674251179830">
<iescim:PowerSystemResource.SubType>0</iescim:PowerSystemResource.SubType>
<iescim:PowerSystemResource.DeviceID>9288674251179830</iescim:PowerSystemResource.DeviceID>
<iescim:PowerSystemResource.DeviceType>33</iescim:PowerSystemResource.DeviceType>
</cim:ConnectivityNode>
<cim:ConnectivityNode rdf:ID="9288674251179831">
<iescim:PowerSystemResource.SubType>0</iescim:PowerSystemResource.SubType>
<iescim:PowerSystemResource.DeviceID>9288674251179831</iescim:PowerSystemResource.DeviceID>
<iescim:PowerSystemResource.DeviceType>33</iescim:PowerSystemResource.DeviceType>
</cim:ConnectivityNode>
<cim:Terminal rdf:ID="2266304">
<cim:Terminal.ConductingEquipment rdf:resource="#30600001_860226"/>
<cim:Terminal.ConnectivityNode rdf:resource="#9288674251179831"/>
</cim:Terminal>
<cim:Terminal rdf:ID="30500000_2256233_1">
<cim:Terminal.ConductingEquipment rdf:resource="#30500000_2256233"/>
<cim:Terminal.ConnectivityNode rdf:resource="#9288674231487903"/>
</cim:Terminal>
<cim:Terminal rdf:ID="30500000_2256233_2">
<cim:Terminal.ConductingEquipment rdf:resource="#30500000_2256233"/>
<cim:Terminal.ConnectivityNode rdf:resource="#9288674231532584"/>
</cim:Terminal>
<cim:Terminal rdf:ID="30600001_3520993_1">
<cim:Terminal.ConductingEquipment rdf:resource="#30600001_3520993"/>
<cim:Terminal.ConnectivityNode rdf:resource="#9288674231623421"/>
</cim:Terminal>
<cim:Terminal rdf:ID="32000000_5487791_1">
<cim:Terminal.ConductingEquipment rdf:resource="#32000000_5487791"/>
<cim:Terminal.ConnectivityNode rdf:resource="#9288674231859017"/>
</cim:Terminal>
<cim:Terminal rdf:ID="36000000_23592649_1">
<cim:Terminal.ConductingEquipment rdf:resource="#36000000_23592649"/>
<cim:Terminal.ConnectivityNode rdf:resource="#9288674231858985"/>
</cim:Terminal>
<cim:Terminal rdf:ID="36000000_23592649_2">
<cim:Terminal.ConductingEquipment rdf:resource="#36000000_23592649"/>
<cim:Terminal.ConnectivityNode rdf:resource="#9288674231623421"/>
</cim:Terminal>
<cim:Terminal rdf:ID="36000000_23592641_1">
<cim:Terminal.ConductingEquipment rdf:resource="#36000000_23592641"/>
<cim:Terminal.ConnectivityNode rdf:resource="#9288674231532584"/>
</cim:Terminal>
<cim:Terminal rdf:ID="36000000_23592641_2">
<cim:Terminal.ConductingEquipment rdf:resource="#36000000_23592641"/>
<cim:Terminal.ConnectivityNode rdf:resource="#9288674231858985"/>
</cim:Terminal>
<cim:Terminal rdf:ID="36000000_23592693_1">
<cim:Terminal.ConductingEquipment rdf:resource="#36000000_23592693"/>
<cim:Terminal.ConnectivityNode rdf:resource="#9288674231858985"/>
</cim:Terminal>
<cim:Terminal rdf:ID="36000000_23592693_2">
<cim:Terminal.ConductingEquipment rdf:resource="#36000000_23592693"/>
<cim:Terminal.ConnectivityNode rdf:resource="#9288674231859017"/>
</cim:Terminal>
<cim:Terminal rdf:ID="32000000_1865100_1">
<cim:Terminal.ConductingEquipment rdf:resource="#32000000_1865100"/>
<cim:Terminal.ConnectivityNode rdf:resource="#9288674251179831"/>
</cim:Terminal>
<cim:Terminal rdf:ID="20200000_1546138114_1">
<cim:Terminal.ConductingEquipment rdf:resource="#20200000_1546138114"/>
<cim:Terminal.ConnectivityNode rdf:resource="#9288674251093096"/>
</cim:Terminal>
<cim:Terminal rdf:ID="20200000_1546138115_1">
<cim:Terminal.ConductingEquipment rdf:resource="#20200000_1546138115"/>
<cim:Terminal.ConnectivityNode rdf:resource="#9288674251093097"/>
</cim:Terminal>
<cim:Terminal rdf:ID="14000000_1546071539_1">
<cim:Terminal.ConductingEquipment rdf:resource="#14000000_1546071539"/>
<cim:Terminal.ConnectivityNode rdf:resource="#9288674251179831"/>
</cim:Terminal>
<cim:Terminal rdf:ID="14000000_1546071539_2">
<cim:Terminal.ConductingEquipment rdf:resource="#14000000_1546071539"/>
<cim:Terminal.ConnectivityNode rdf:resource="#9288674251093096"/>
</cim:Terminal>
<cim:Terminal rdf:ID="14000000_1546105097_1">
<cim:Terminal.ConductingEquipment rdf:resource="#14000000_1546105097"/>
<cim:Terminal.ConnectivityNode rdf:resource="#9288674251093097"/>
</cim:Terminal>
<cim:Terminal rdf:ID="14000000_1546105097_2">
<cim:Terminal.ConductingEquipment rdf:resource="#14000000_1546105097"/>
<cim:Terminal.ConnectivityNode rdf:resource="#9288674231859017"/>
</cim:Terminal>
<cim:Terminal rdf:ID="20100000_1546134914_1">
<cim:Terminal.ConductingEquipment rdf:resource="#20100000_1546134914"/>
<cim:Terminal.ConnectivityNode rdf:resource="#9288674251093096"/>
</cim:Terminal>
<cim:Terminal rdf:ID="20100000_1546134914_2">
<cim:Terminal.ConductingEquipment rdf:resource="#20100000_1546134914"/>
<cim:Terminal.ConnectivityNode rdf:resource="#9288674251093097"/>
</cim:Terminal>
<cim:Terminal rdf:ID="2266296">
<cim:Terminal.ConductingEquipment rdf:resource="#30500000_836150"/>
<cim:Terminal.ConnectivityNode rdf:resource="#9288674251179830"/>
</cim:Terminal>
<cim:Terminal rdf:ID="2266297">
<cim:Terminal.ConductingEquipment rdf:resource="#30500000_836150"/>
<cim:Terminal.ConnectivityNode rdf:resource="#9288674231524059"/>
</cim:Terminal>
<cim:Terminal rdf:ID="2266026">
<cim:Terminal.ConductingEquipment rdf:resource="#31100000_193924"/>
<cim:Terminal.ConnectivityNode rdf:resource="#9288674251179830"/>
</cim:Terminal>
<cim:Terminal rdf:ID="55267">
<cim:Terminal.ConductingEquipment rdf:resource="#31100000_88086"/>
<cim:Terminal.ConnectivityNode rdf:resource="#9288674231451775"/>
</cim:Terminal>
<cim:Terminal rdf:ID="55274">
<cim:Terminal.ConductingEquipment rdf:resource="#31100000_88946"/>
<cim:Terminal.ConnectivityNode rdf:resource="#9288674231451790"/>
</cim:Terminal>
<cim:Terminal rdf:ID="55281">
<cim:Terminal.ConductingEquipment rdf:resource="#31100000_88945"/>
<cim:Terminal.ConnectivityNode rdf:resource="#9288674231451799"/>
</cim:Terminal>
</rdf:RDF>
