<?xml version="1.0" encoding="UTF-8"?>

<rdf:RDF xmlns:rdf="http://www.w3.org/1999/02/22-rdf-syntax-ns#" xmlns:cim="http://www.sgcc.com.cn/SG-CIM/2010MAY#" xmlns:iescim="http://www.ieslab.com.cn">

<cim:BaseVoltage rdf:ID="BaseVoltage_5">
<cim:IdentifiedObject.name>10kV</cim:IdentifiedObject.name>
<cim:BaseVoltage.isDC>false</cim:BaseVoltage.isDC>
<cim:BaseVoltage.nominalVoltage>10.00</cim:BaseVoltage.nominalVoltage>
<iescim:PowerSystemResource.DeviceID>5</iescim:PowerSystemResource.DeviceID>
</cim:BaseVoltage>
<cim:SubGeographicalRegion rdf:ID="8a0f688f46db11f00146db1368011028">
<cim:IdentifiedObject.name>国网霞浦县供电公司</cim:IdentifiedObject.name>
<cim:SubGeographicalRegion.Region rdf:resource="#_"/>
</cim:SubGeographicalRegion>
<cim:Circuit rdf:ID="10000100_35307">
<cim:IdentifiedObject.name>10kV斗门工业Ⅸ回924线路</cim:IdentifiedObject.name>
<cim:Circuit.BelongtoHVSubstation rdf:resource="#30000000_524166"/>
<cim:PowerSystemResource.SubGeographicalRegion rdf:resource="#8a0f688f46db11f00146db1368011028"/>
<cim:iscurrentfeeder>1</cim:iscurrentfeeder>
</cim:Circuit>
<cim:Substation rdf:ID="30000000_524166">
<cim:IdentifiedObject.name>霞浦东洋变电站</cim:IdentifiedObject.name>
<iescim:PowerSystemResource.DeviceType>13</iescim:PowerSystemResource.DeviceType>
<iescim:PowerSystemResource.SubType>1</iescim:PowerSystemResource.SubType>
<cim:PowerSystemResource.PSRType rdf:resource="#30000000"/>
<iescim:PowerSystemResource.DeviceID>3659174697242711</iescim:PowerSystemResource.DeviceID>
<cim:PowerSystemResource.SubGeographicalRegion rdf:resource="#8a0f688f46db11f00146db1368011028"/>
</cim:Substation>
<cim:Substation rdf:ID="30000000_5846881">
<cim:IdentifiedObject.name>牙城变电站</cim:IdentifiedObject.name>
<iescim:PowerSystemResource.DeviceType>13</iescim:PowerSystemResource.DeviceType>
<iescim:PowerSystemResource.SubType>1</iescim:PowerSystemResource.SubType>
<cim:PowerSystemResource.PSRType rdf:resource="#30000000"/>
<iescim:PowerSystemResource.DeviceID>3659174697323253</iescim:PowerSystemResource.DeviceID>
<cim:PowerSystemResource.SubGeographicalRegion rdf:resource="#8a0f688f46db11f00146db1368011028"/>
</cim:Substation>
<cim:Substation rdf:ID="30000006_3739224">
<cim:IdentifiedObject.name>福建闽宏纤维有限公司#2配电房</cim:IdentifiedObject.name>
<iescim:PowerSystemResource.DeviceType>153</iescim:PowerSystemResource.DeviceType>
<iescim:PowerSystemResource.SubType>18</iescim:PowerSystemResource.SubType>
<cim:PowerSystemResource.PSRType rdf:resource="#30000006"/>
<iescim:PowerSystemResource.DeviceID>43065671436794613</iescim:PowerSystemResource.DeviceID>
<cim:PowerSystemResource.SubGeographicalRegion rdf:resource="#8a0f688f46db11f00146db1368011028"/>
</cim:Substation>
<cim:Breaker rdf:ID="30500000_1980903">
<cim:IdentifiedObject.name>斗门工业Ⅸ回911开关</cim:IdentifiedObject.name>
<cim:IdentifiedObject.bianhao>911开关</cim:IdentifiedObject.bianhao>
<cim:Equipment.EquipmentContainer rdf:resource="#30000006_3739224"/>
<cim:PowerSystemResource.Circuit rdf:resource="#10000100_35307" />
<cim:ConductingEquipment.BaseVoltage rdf:resource="#BaseVoltage_5"/>
<iescim:PowerSystemResource.SubType>1</iescim:PowerSystemResource.SubType>
<iescim:PowerSystemResource.DeviceID>4503599627420265</iescim:PowerSystemResource.DeviceID>
<iescim:PowerSystemResource.DeviceType>16</iescim:PowerSystemResource.DeviceType>
<iescim:PowerSystemResource.Cxmc></iescim:PowerSystemResource.Cxmc>
</cim:Breaker>
<cim:Breaker rdf:ID="30500000_1980904">
<cim:IdentifiedObject.name>#1专变#912开关</cim:IdentifiedObject.name>
<cim:IdentifiedObject.bianhao>#1专变#912开关</cim:IdentifiedObject.bianhao>
<cim:Equipment.EquipmentContainer rdf:resource="#30000006_3739224"/>
<cim:PowerSystemResource.Circuit rdf:resource="#10000100_35307" />
<cim:ConductingEquipment.BaseVoltage rdf:resource="#BaseVoltage_5"/>
<iescim:PowerSystemResource.SubType>1</iescim:PowerSystemResource.SubType>
<iescim:PowerSystemResource.DeviceID>4503599627420266</iescim:PowerSystemResource.DeviceID>
<iescim:PowerSystemResource.DeviceType>16</iescim:PowerSystemResource.DeviceType>
<iescim:PowerSystemResource.Cxmc></iescim:PowerSystemResource.Cxmc>
</cim:Breaker>
<cim:Breaker rdf:ID="30500000_1980905">
<cim:IdentifiedObject.name>#2专变#913开关</cim:IdentifiedObject.name>
<cim:IdentifiedObject.bianhao>#2专变#913开关</cim:IdentifiedObject.bianhao>
<cim:Equipment.EquipmentContainer rdf:resource="#30000006_3739224"/>
<cim:PowerSystemResource.Circuit rdf:resource="#10000100_35307" />
<cim:ConductingEquipment.BaseVoltage rdf:resource="#BaseVoltage_5"/>
<iescim:PowerSystemResource.SubType>1</iescim:PowerSystemResource.SubType>
<iescim:PowerSystemResource.DeviceID>4503599627420267</iescim:PowerSystemResource.DeviceID>
<iescim:PowerSystemResource.DeviceType>16</iescim:PowerSystemResource.DeviceType>
<iescim:PowerSystemResource.Cxmc></iescim:PowerSystemResource.Cxmc>
</cim:Breaker>
<cim:Breaker rdf:ID="30500000_1980906">
<cim:IdentifiedObject.name>#3专变#914开关</cim:IdentifiedObject.name>
<cim:IdentifiedObject.bianhao>#3专变#914开关</cim:IdentifiedObject.bianhao>
<cim:Equipment.EquipmentContainer rdf:resource="#30000006_3739224"/>
<cim:PowerSystemResource.Circuit rdf:resource="#10000100_35307" />
<cim:ConductingEquipment.BaseVoltage rdf:resource="#BaseVoltage_5"/>
<iescim:PowerSystemResource.SubType>1</iescim:PowerSystemResource.SubType>
<iescim:PowerSystemResource.DeviceID>4503599627420268</iescim:PowerSystemResource.DeviceID>
<iescim:PowerSystemResource.DeviceType>16</iescim:PowerSystemResource.DeviceType>
<iescim:PowerSystemResource.Cxmc></iescim:PowerSystemResource.Cxmc>
</cim:Breaker>
<cim:Breaker rdf:ID="11100000_763795">
<cim:IdentifiedObject.name>10kV斗门工业Ⅸ回#002-1杆K002-1开关</cim:IdentifiedObject.name>
<cim:IdentifiedObject.bianhao>K002-1</cim:IdentifiedObject.bianhao>
<cim:PowerSystemResource.Circuit rdf:resource="#10000100_35307" />
<cim:ConductingEquipment.BaseVoltage rdf:resource="#BaseVoltage_5"/>
<iescim:PowerSystemResource.SubType>2</iescim:PowerSystemResource.SubType>
<iescim:PowerSystemResource.DeviceID>4503599627420269</iescim:PowerSystemResource.DeviceID>
<iescim:PowerSystemResource.DeviceType>16</iescim:PowerSystemResource.DeviceType>
<iescim:PowerSystemResource.Cxmc></iescim:PowerSystemResource.Cxmc>
</cim:Breaker>
<cim:Breaker rdf:ID="11100000_774270">
<cim:IdentifiedObject.name>10kV斗门工业Ⅸ回#001杆K001开关</cim:IdentifiedObject.name>
<cim:IdentifiedObject.bianhao>K001</cim:IdentifiedObject.bianhao>
<cim:PowerSystemResource.Circuit rdf:resource="#10000100_35307" />
<cim:ConductingEquipment.BaseVoltage rdf:resource="#BaseVoltage_5"/>
<iescim:PowerSystemResource.SubType>2</iescim:PowerSystemResource.SubType>
<iescim:PowerSystemResource.DeviceID>4503599627421132</iescim:PowerSystemResource.DeviceID>
<iescim:PowerSystemResource.DeviceType>16</iescim:PowerSystemResource.DeviceType>
<iescim:PowerSystemResource.Cxmc></iescim:PowerSystemResource.Cxmc>
</cim:Breaker>
<cim:Breaker rdf:ID="30500000_2079292">
<cim:IdentifiedObject.name>霞浦东洋变电站.10kV.斗门工业Ⅸ回间隔.924开关</cim:IdentifiedObject.name>
<cim:IdentifiedObject.bianhao>924</cim:IdentifiedObject.bianhao>
<cim:Equipment.EquipmentContainer rdf:resource="#30000000_524166"/>
<cim:PowerSystemResource.Circuit rdf:resource="#10000100_35307" />
<cim:ConductingEquipment.BaseVoltage rdf:resource="#BaseVoltage_5"/>
<iescim:PowerSystemResource.SubType>1</iescim:PowerSystemResource.SubType>
<iescim:PowerSystemResource.DeviceID>4503599627458662</iescim:PowerSystemResource.DeviceID>
<iescim:PowerSystemResource.DeviceType>16</iescim:PowerSystemResource.DeviceType>
<iescim:PowerSystemResource.Cxmc></iescim:PowerSystemResource.Cxmc>
</cim:Breaker>
<cim:Breaker rdf:ID="11100000_1513499208">
<cim:IdentifiedObject.name>10kV斗门工业Ⅸ回#009杆K009开关</cim:IdentifiedObject.name>
<cim:IdentifiedObject.bianhao>K009</cim:IdentifiedObject.bianhao>
<cim:PowerSystemResource.Circuit rdf:resource="#10000100_35307" />
<cim:ConductingEquipment.BaseVoltage rdf:resource="#BaseVoltage_5"/>
<iescim:PowerSystemResource.SubType>2</iescim:PowerSystemResource.SubType>
<iescim:PowerSystemResource.DeviceID>4503599627594059</iescim:PowerSystemResource.DeviceID>
<iescim:PowerSystemResource.DeviceType>16</iescim:PowerSystemResource.DeviceType>
<iescim:PowerSystemResource.Cxmc></iescim:PowerSystemResource.Cxmc>
</cim:Breaker>
<cim:Disconnector rdf:ID="30600001_3000481">
<cim:IdentifiedObject.name>9116接地刀闸</cim:IdentifiedObject.name>
<cim:IdentifiedObject.bianhao>9116接地刀闸</cim:IdentifiedObject.bianhao>
<cim:Equipment.EquipmentContainer rdf:resource="#30000006_3739224"/>
<cim:PowerSystemResource.Circuit rdf:resource="#10000100_35307" />
<cim:ConductingEquipment.BaseVoltage rdf:resource="#BaseVoltage_5"/>
<iescim:PowerSystemResource.SubType>9</iescim:PowerSystemResource.SubType>
<iescim:PowerSystemResource.DeviceID>4785074604205371</iescim:PowerSystemResource.DeviceID>
<iescim:PowerSystemResource.DeviceType>17</iescim:PowerSystemResource.DeviceType>
<iescim:PowerSystemResource.Cxmc></iescim:PowerSystemResource.Cxmc>
</cim:Disconnector>
<cim:Disconnector rdf:ID="30600001_3000482">
<cim:IdentifiedObject.name>9126刀闸</cim:IdentifiedObject.name>
<cim:IdentifiedObject.bianhao>9126刀闸</cim:IdentifiedObject.bianhao>
<cim:Equipment.EquipmentContainer rdf:resource="#30000006_3739224"/>
<cim:PowerSystemResource.Circuit rdf:resource="#10000100_35307" />
<cim:ConductingEquipment.BaseVoltage rdf:resource="#BaseVoltage_5"/>
<iescim:PowerSystemResource.SubType>9</iescim:PowerSystemResource.SubType>
<iescim:PowerSystemResource.DeviceID>4785074604205372</iescim:PowerSystemResource.DeviceID>
<iescim:PowerSystemResource.DeviceType>17</iescim:PowerSystemResource.DeviceType>
<iescim:PowerSystemResource.Cxmc></iescim:PowerSystemResource.Cxmc>
</cim:Disconnector>
<cim:Disconnector rdf:ID="30600001_3000483">
<cim:IdentifiedObject.name>9136刀闸</cim:IdentifiedObject.name>
<cim:IdentifiedObject.bianhao>9136刀闸</cim:IdentifiedObject.bianhao>
<cim:Equipment.EquipmentContainer rdf:resource="#30000006_3739224"/>
<cim:PowerSystemResource.Circuit rdf:resource="#10000100_35307" />
<cim:ConductingEquipment.BaseVoltage rdf:resource="#BaseVoltage_5"/>
<iescim:PowerSystemResource.SubType>9</iescim:PowerSystemResource.SubType>
<iescim:PowerSystemResource.DeviceID>4785074604205373</iescim:PowerSystemResource.DeviceID>
<iescim:PowerSystemResource.DeviceType>17</iescim:PowerSystemResource.DeviceType>
<iescim:PowerSystemResource.Cxmc></iescim:PowerSystemResource.Cxmc>
</cim:Disconnector>
<cim:Disconnector rdf:ID="30600001_3000484">
<cim:IdentifiedObject.name>9146刀闸</cim:IdentifiedObject.name>
<cim:IdentifiedObject.bianhao>9146刀闸</cim:IdentifiedObject.bianhao>
<cim:Equipment.EquipmentContainer rdf:resource="#30000006_3739224"/>
<cim:PowerSystemResource.Circuit rdf:resource="#10000100_35307" />
<cim:ConductingEquipment.BaseVoltage rdf:resource="#BaseVoltage_5"/>
<iescim:PowerSystemResource.SubType>9</iescim:PowerSystemResource.SubType>
<iescim:PowerSystemResource.DeviceID>4785074604205374</iescim:PowerSystemResource.DeviceID>
<iescim:PowerSystemResource.DeviceType>17</iescim:PowerSystemResource.DeviceType>
<iescim:PowerSystemResource.Cxmc></iescim:PowerSystemResource.Cxmc>
</cim:Disconnector>
<cim:Disconnector rdf:ID="11300000_3360200">
<cim:IdentifiedObject.name>G002-1刀闸</cim:IdentifiedObject.name>
<cim:IdentifiedObject.bianhao>G002-1</cim:IdentifiedObject.bianhao>
<cim:PowerSystemResource.Circuit rdf:resource="#10000100_35307" />
<cim:ConductingEquipment.BaseVoltage rdf:resource="#BaseVoltage_5"/>
<iescim:PowerSystemResource.SubType>6</iescim:PowerSystemResource.SubType>
<iescim:PowerSystemResource.DeviceID>4785074604205375</iescim:PowerSystemResource.DeviceID>
<iescim:PowerSystemResource.DeviceType>17</iescim:PowerSystemResource.DeviceType>
<iescim:PowerSystemResource.Cxmc></iescim:PowerSystemResource.Cxmc>
</cim:Disconnector>
<cim:Disconnector rdf:ID="30600001_2950117">
<cim:IdentifiedObject.name>霞浦东洋变电站.10kV.斗门工业Ⅸ回间隔.9246接地刀闸</cim:IdentifiedObject.name>
<cim:IdentifiedObject.bianhao>_</cim:IdentifiedObject.bianhao>
<cim:Equipment.EquipmentContainer rdf:resource="#30000000_524166"/>
<cim:PowerSystemResource.Circuit rdf:resource="#10000100_35307" />
<cim:ConductingEquipment.BaseVoltage rdf:resource="#BaseVoltage_5"/>
<iescim:PowerSystemResource.SubType>9</iescim:PowerSystemResource.SubType>
<iescim:PowerSystemResource.DeviceID>4785074604206683</iescim:PowerSystemResource.DeviceID>
<iescim:PowerSystemResource.DeviceType>17</iescim:PowerSystemResource.DeviceType>
<iescim:PowerSystemResource.Cxmc></iescim:PowerSystemResource.Cxmc>
</cim:Disconnector>
<cim:Disconnector rdf:ID="11300000_3392058">
<cim:IdentifiedObject.name>10kV斗门工业Ⅸ回#001杆G001刀闸</cim:IdentifiedObject.name>
<cim:IdentifiedObject.bianhao>G001</cim:IdentifiedObject.bianhao>
<cim:PowerSystemResource.Circuit rdf:resource="#10000100_35307" />
<cim:ConductingEquipment.BaseVoltage rdf:resource="#BaseVoltage_5"/>
<iescim:PowerSystemResource.SubType>6</iescim:PowerSystemResource.SubType>
<iescim:PowerSystemResource.DeviceID>4785074604207049</iescim:PowerSystemResource.DeviceID>
<iescim:PowerSystemResource.DeviceType>17</iescim:PowerSystemResource.DeviceType>
<iescim:PowerSystemResource.Cxmc></iescim:PowerSystemResource.Cxmc>
</cim:Disconnector>
<cim:Disconnector rdf:ID="3535291">
<cim:IdentifiedObject.name>霞浦东洋变电站.10kV.斗门工业Ⅸ回间隔.924手车刀闸</cim:IdentifiedObject.name>
<cim:IdentifiedObject.bianhao>_</cim:IdentifiedObject.bianhao>
<cim:Equipment.EquipmentContainer rdf:resource="#30000000_524166"/>
<cim:PowerSystemResource.Circuit rdf:resource="#10000100_35307" />
<cim:ConductingEquipment.BaseVoltage rdf:resource="#BaseVoltage_5"/>
<iescim:PowerSystemResource.SubType>5</iescim:PowerSystemResource.SubType>
<iescim:PowerSystemResource.DeviceID>4785074604226433</iescim:PowerSystemResource.DeviceID>
<iescim:PowerSystemResource.DeviceType>17</iescim:PowerSystemResource.DeviceType>
<iescim:PowerSystemResource.Cxmc></iescim:PowerSystemResource.Cxmc>
</cim:Disconnector>
<cim:Disconnector rdf:ID="11300000_1513498511">
<cim:IdentifiedObject.name>10kV斗门工业Ⅸ回#009杆G009刀闸</cim:IdentifiedObject.name>
<cim:IdentifiedObject.bianhao>G009</cim:IdentifiedObject.bianhao>
<cim:PowerSystemResource.Circuit rdf:resource="#10000100_35307" />
<cim:ConductingEquipment.BaseVoltage rdf:resource="#BaseVoltage_5"/>
<iescim:PowerSystemResource.SubType>6</iescim:PowerSystemResource.SubType>
<iescim:PowerSystemResource.DeviceID>4785074604292327</iescim:PowerSystemResource.DeviceID>
<iescim:PowerSystemResource.DeviceType>17</iescim:PowerSystemResource.DeviceType>
<iescim:PowerSystemResource.Cxmc></iescim:PowerSystemResource.Cxmc>
</cim:Disconnector>
<cim:PowerTransformer rdf:ID="30200003_1171594">
<cim:IdentifiedObject.name>福建闽宏纤维有限公司专变1</cim:IdentifiedObject.name>
<cim:IdentifiedObject.bianhao></cim:IdentifiedObject.bianhao>
<cim:Equipment.EquipmentContainer rdf:resource="#30000006_3739224"/>
<cim:PowerSystemResource.Circuit rdf:resource="#10000100_35307" />
<cim:ConductingEquipment.BaseVoltage rdf:resource="#BaseVoltage_5"/>
<iescim:PowerSystemResource.SubType>1</iescim:PowerSystemResource.SubType>
<iescim:PowerSystemResource.DeviceID>12384898975301543</iescim:PowerSystemResource.DeviceID>
<iescim:PowerSystemResource.DeviceType>44</iescim:PowerSystemResource.DeviceType>
<iescim:PowerSystemResource.UserType>0</iescim:PowerSystemResource.UserType>
<iescim:PowerSystemResource.TaiQuHao>_</iescim:PowerSystemResource.TaiQuHao>
</cim:PowerTransformer>
<cim:PowerTransformer rdf:ID="30200003_1171595">
<cim:IdentifiedObject.name>福建闽宏纤维有限公司专变</cim:IdentifiedObject.name>
<cim:IdentifiedObject.bianhao></cim:IdentifiedObject.bianhao>
<cim:Equipment.EquipmentContainer rdf:resource="#30000006_3739224"/>
<cim:PowerSystemResource.Circuit rdf:resource="#10000100_35307" />
<cim:ConductingEquipment.BaseVoltage rdf:resource="#BaseVoltage_5"/>
<iescim:PowerSystemResource.SubType>1</iescim:PowerSystemResource.SubType>
<iescim:PowerSystemResource.DeviceID>12384898975301544</iescim:PowerSystemResource.DeviceID>
<iescim:PowerSystemResource.DeviceType>44</iescim:PowerSystemResource.DeviceType>
<iescim:PowerSystemResource.UserType>0</iescim:PowerSystemResource.UserType>
<iescim:PowerSystemResource.TaiQuHao>_</iescim:PowerSystemResource.TaiQuHao>
</cim:PowerTransformer>
<cim:BusbarSection rdf:ID="31100000_193782">
<cim:IdentifiedObject.name>霞浦东洋变电站.10kV.Ⅰ段母线</cim:IdentifiedObject.name>
<cim:IdentifiedObject.bianhao></cim:IdentifiedObject.bianhao>
<cim:Equipment.EquipmentContainer rdf:resource="#30000000_524166"/>
<cim:PowerSystemResource.Circuit rdf:resource="#_" />
<cim:ConductingEquipment.BaseVoltage rdf:resource="#BaseVoltage_5"/>
<iescim:PowerSystemResource.SubType>0</iescim:PowerSystemResource.SubType>
<iescim:PowerSystemResource.DeviceID>5348024557510810</iescim:PowerSystemResource.DeviceID>
<iescim:PowerSystemResource.DeviceType>19</iescim:PowerSystemResource.DeviceType>
</cim:BusbarSection>
<cim:BusbarSection rdf:ID="31100000_1040147">
<cim:IdentifiedObject.name>闽宏母线</cim:IdentifiedObject.name>
<cim:IdentifiedObject.bianhao></cim:IdentifiedObject.bianhao>
<cim:Equipment.EquipmentContainer rdf:resource="#30000006_3739224"/>
<cim:PowerSystemResource.Circuit rdf:resource="#10000100_35307" />
<cim:ConductingEquipment.BaseVoltage rdf:resource="#BaseVoltage_5"/>
<iescim:PowerSystemResource.SubType>0</iescim:PowerSystemResource.SubType>
<iescim:PowerSystemResource.DeviceID>5348024557518223</iescim:PowerSystemResource.DeviceID>
<iescim:PowerSystemResource.DeviceType>19</iescim:PowerSystemResource.DeviceType>
</cim:BusbarSection>
<cim:BusbarSection rdf:ID="31100000_1025809">
<cim:IdentifiedObject.name>霞浦东洋变电站.10kV.Ⅱ段母线</cim:IdentifiedObject.name>
<cim:IdentifiedObject.bianhao></cim:IdentifiedObject.bianhao>
<cim:Equipment.EquipmentContainer rdf:resource="#30000000_524166"/>
<cim:PowerSystemResource.Circuit rdf:resource="#_" />
<cim:ConductingEquipment.BaseVoltage rdf:resource="#BaseVoltage_5"/>
<iescim:PowerSystemResource.SubType>0</iescim:PowerSystemResource.SubType>
<iescim:PowerSystemResource.DeviceID>5348024557518281</iescim:PowerSystemResource.DeviceID>
<iescim:PowerSystemResource.DeviceType>19</iescim:PowerSystemResource.DeviceType>
</cim:BusbarSection>
<cim:BusbarSection rdf:ID="31100000_1238299">
<cim:IdentifiedObject.name>牙城变电站.10kV.Ⅱ段母线</cim:IdentifiedObject.name>
<cim:IdentifiedObject.bianhao></cim:IdentifiedObject.bianhao>
<cim:Equipment.EquipmentContainer rdf:resource="#30000000_5846881"/>
<cim:PowerSystemResource.Circuit rdf:resource="#_" />
<cim:ConductingEquipment.BaseVoltage rdf:resource="#BaseVoltage_5"/>
<iescim:PowerSystemResource.SubType>0</iescim:PowerSystemResource.SubType>
<iescim:PowerSystemResource.DeviceID>5348024557545984</iescim:PowerSystemResource.DeviceID>
<iescim:PowerSystemResource.DeviceType>19</iescim:PowerSystemResource.DeviceType>
</cim:BusbarSection>
<cim:BusbarSection rdf:ID="3216123">
<cim:IdentifiedObject.name>霞浦东洋变电站.10kV.虚拟母线</cim:IdentifiedObject.name>
<cim:IdentifiedObject.bianhao></cim:IdentifiedObject.bianhao>
<cim:Equipment.EquipmentContainer rdf:resource="#30000000_524166"/>
<cim:PowerSystemResource.Circuit rdf:resource="#_" />
<cim:ConductingEquipment.BaseVoltage rdf:resource="#BaseVoltage_5"/>
<iescim:PowerSystemResource.SubType>0</iescim:PowerSystemResource.SubType>
<iescim:PowerSystemResource.DeviceID>5348024557548115</iescim:PowerSystemResource.DeviceID>
<iescim:PowerSystemResource.DeviceType>19</iescim:PowerSystemResource.DeviceType>
</cim:BusbarSection>
<cim:ACLineSegment rdf:ID="36000000_20972234">
<cim:IdentifiedObject.name>站内-连接线</cim:IdentifiedObject.name>
<cim:IdentifiedObject.bianhao></cim:IdentifiedObject.bianhao>
<cim:Equipment.EquipmentContainer rdf:resource="#30000006_3739224"/>
<cim:PowerSystemResource.Circuit rdf:resource="#10000100_35307" />
<cim:ConductingEquipment.BaseVoltage rdf:resource="#BaseVoltage_5"/>
<iescim:PowerSystemResource.SubType>3</iescim:PowerSystemResource.SubType>
<iescim:PowerSystemResource.DeviceID>5629499534605082</iescim:PowerSystemResource.DeviceID>
<iescim:PowerSystemResource.DeviceType>20</iescim:PowerSystemResource.DeviceType>
</cim:ACLineSegment>
<cim:ACLineSegment rdf:ID="13000000_15759920">
<cim:IdentifiedObject.name>-连接线-</cim:IdentifiedObject.name>
<cim:IdentifiedObject.bianhao></cim:IdentifiedObject.bianhao>
<cim:PowerSystemResource.Circuit rdf:resource="#10000100_35307" />
<cim:ConductingEquipment.BaseVoltage rdf:resource="#BaseVoltage_5"/>
<iescim:PowerSystemResource.SubType>3</iescim:PowerSystemResource.SubType>
<iescim:PowerSystemResource.DeviceID>5629499534605094</iescim:PowerSystemResource.DeviceID>
<iescim:PowerSystemResource.DeviceType>20</iescim:PowerSystemResource.DeviceType>
</cim:ACLineSegment>
<cim:ACLineSegment rdf:ID="13000000_15759921">
<cim:IdentifiedObject.name>-连接线-</cim:IdentifiedObject.name>
<cim:IdentifiedObject.bianhao></cim:IdentifiedObject.bianhao>
<cim:PowerSystemResource.Circuit rdf:resource="#10000100_35307" />
<cim:ConductingEquipment.BaseVoltage rdf:resource="#BaseVoltage_5"/>
<iescim:PowerSystemResource.SubType>3</iescim:PowerSystemResource.SubType>
<iescim:PowerSystemResource.DeviceID>5629499534605095</iescim:PowerSystemResource.DeviceID>
<iescim:PowerSystemResource.DeviceType>20</iescim:PowerSystemResource.DeviceType>
</cim:ACLineSegment>
<cim:ACLineSegment rdf:ID="13000000_15759929">
<cim:IdentifiedObject.name>站外-连接线</cim:IdentifiedObject.name>
<cim:IdentifiedObject.bianhao></cim:IdentifiedObject.bianhao>
<cim:PowerSystemResource.Circuit rdf:resource="#10000100_35307" />
<cim:ConductingEquipment.BaseVoltage rdf:resource="#BaseVoltage_5"/>
<iescim:PowerSystemResource.SubType>3</iescim:PowerSystemResource.SubType>
<iescim:PowerSystemResource.DeviceID>5629499534605096</iescim:PowerSystemResource.DeviceID>
<iescim:PowerSystemResource.DeviceType>20</iescim:PowerSystemResource.DeviceType>
</cim:ACLineSegment>
<cim:ACLineSegment rdf:ID="20100000_1402023">
<cim:IdentifiedObject.name>电缆终端头-电缆终端头2088150</cim:IdentifiedObject.name>
<cim:IdentifiedObject.bianhao></cim:IdentifiedObject.bianhao>
<cim:PowerSystemResource.Circuit rdf:resource="#10000100_35307" />
<cim:ConductingEquipment.BaseVoltage rdf:resource="#BaseVoltage_5"/>
<iescim:PowerSystemResource.SubType>1</iescim:PowerSystemResource.SubType>
<iescim:PowerSystemResource.DeviceID>5629499534605098</iescim:PowerSystemResource.DeviceID>
<iescim:PowerSystemResource.DeviceType>20</iescim:PowerSystemResource.DeviceType>
</cim:ACLineSegment>
<cim:ACLineSegment rdf:ID="10100000_12331220">
<cim:IdentifiedObject.name>10kV斗门工业Ⅸ回#011-10kV斗门工业Ⅸ回#012</cim:IdentifiedObject.name>
<cim:IdentifiedObject.bianhao></cim:IdentifiedObject.bianhao>
<cim:PowerSystemResource.Circuit rdf:resource="#10000100_35307" />
<cim:ConductingEquipment.BaseVoltage rdf:resource="#BaseVoltage_5"/>
<iescim:PowerSystemResource.SubType>2</iescim:PowerSystemResource.SubType>
<iescim:PowerSystemResource.DeviceID>5629499534613233</iescim:PowerSystemResource.DeviceID>
<iescim:PowerSystemResource.DeviceType>20</iescim:PowerSystemResource.DeviceType>
</cim:ACLineSegment>
<cim:ACLineSegment rdf:ID="13000000_15852177">
<cim:IdentifiedObject.name>-连接线-</cim:IdentifiedObject.name>
<cim:IdentifiedObject.bianhao></cim:IdentifiedObject.bianhao>
<cim:PowerSystemResource.Circuit rdf:resource="#10000100_35307" />
<cim:ConductingEquipment.BaseVoltage rdf:resource="#BaseVoltage_5"/>
<iescim:PowerSystemResource.SubType>3</iescim:PowerSystemResource.SubType>
<iescim:PowerSystemResource.DeviceID>5629499534613236</iescim:PowerSystemResource.DeviceID>
<iescim:PowerSystemResource.DeviceType>20</iescim:PowerSystemResource.DeviceType>
</cim:ACLineSegment>
<cim:ACLineSegment rdf:ID="13000000_15852178">
<cim:IdentifiedObject.name>-连接线-</cim:IdentifiedObject.name>
<cim:IdentifiedObject.bianhao></cim:IdentifiedObject.bianhao>
<cim:PowerSystemResource.Circuit rdf:resource="#10000100_35307" />
<cim:ConductingEquipment.BaseVoltage rdf:resource="#BaseVoltage_5"/>
<iescim:PowerSystemResource.SubType>3</iescim:PowerSystemResource.SubType>
<iescim:PowerSystemResource.DeviceID>5629499534613237</iescim:PowerSystemResource.DeviceID>
<iescim:PowerSystemResource.DeviceType>20</iescim:PowerSystemResource.DeviceType>
</cim:ACLineSegment>
<cim:ACLineSegment rdf:ID="13000000_15852179">
<cim:IdentifiedObject.name>站外-连接线-</cim:IdentifiedObject.name>
<cim:IdentifiedObject.bianhao></cim:IdentifiedObject.bianhao>
<cim:PowerSystemResource.Circuit rdf:resource="#10000100_35307" />
<cim:ConductingEquipment.BaseVoltage rdf:resource="#BaseVoltage_5"/>
<iescim:PowerSystemResource.SubType>3</iescim:PowerSystemResource.SubType>
<iescim:PowerSystemResource.DeviceID>5629499534613238</iescim:PowerSystemResource.DeviceID>
<iescim:PowerSystemResource.DeviceType>20</iescim:PowerSystemResource.DeviceType>
</cim:ACLineSegment>
<cim:ACLineSegment rdf:ID="14000000_7443080">
<cim:IdentifiedObject.name>10kV斗门工业Ⅷ回924线路_起始设备</cim:IdentifiedObject.name>
<cim:IdentifiedObject.bianhao></cim:IdentifiedObject.bianhao>
<cim:PowerSystemResource.Circuit rdf:resource="#10000100_35307" />
<cim:ConductingEquipment.BaseVoltage rdf:resource="#BaseVoltage_5"/>
<iescim:PowerSystemResource.SubType>1</iescim:PowerSystemResource.SubType>
<iescim:PowerSystemResource.DeviceID>5629499534613239</iescim:PowerSystemResource.DeviceID>
<iescim:PowerSystemResource.DeviceType>20</iescim:PowerSystemResource.DeviceType>
</cim:ACLineSegment>
<cim:ACLineSegment rdf:ID="20100000_1416670">
<cim:IdentifiedObject.name>35kV东洋变10kV备用IV924单元-电缆终端头2112524</cim:IdentifiedObject.name>
<cim:IdentifiedObject.bianhao></cim:IdentifiedObject.bianhao>
<cim:PowerSystemResource.Circuit rdf:resource="#10000100_35307" />
<cim:ConductingEquipment.BaseVoltage rdf:resource="#BaseVoltage_5"/>
<iescim:PowerSystemResource.SubType>1</iescim:PowerSystemResource.SubType>
<iescim:PowerSystemResource.DeviceID>5629499534613240</iescim:PowerSystemResource.DeviceID>
<iescim:PowerSystemResource.DeviceType>20</iescim:PowerSystemResource.DeviceType>
</cim:ACLineSegment>
<cim:ACLineSegment rdf:ID="10100000_12538815">
<cim:IdentifiedObject.name>10kV斗门工业III回#004-1杆-10kV斗门工业Ⅸ回#002杆导线</cim:IdentifiedObject.name>
<cim:IdentifiedObject.bianhao></cim:IdentifiedObject.bianhao>
<cim:PowerSystemResource.Circuit rdf:resource="#10000100_35307" />
<cim:ConductingEquipment.BaseVoltage rdf:resource="#BaseVoltage_5"/>
<iescim:PowerSystemResource.SubType>2</iescim:PowerSystemResource.SubType>
<iescim:PowerSystemResource.DeviceID>5629499534759456</iescim:PowerSystemResource.DeviceID>
<iescim:PowerSystemResource.DeviceType>20</iescim:PowerSystemResource.DeviceType>
</cim:ACLineSegment>
<cim:ACLineSegment rdf:ID="10100000_12331225">
<cim:IdentifiedObject.name>10kV斗门工业Ⅸ回#011-10kV斗门工业Ⅸ回#012</cim:IdentifiedObject.name>
<cim:IdentifiedObject.bianhao></cim:IdentifiedObject.bianhao>
<cim:PowerSystemResource.Circuit rdf:resource="#10000100_35307" />
<cim:ConductingEquipment.BaseVoltage rdf:resource="#BaseVoltage_5"/>
<iescim:PowerSystemResource.SubType>2</iescim:PowerSystemResource.SubType>
<iescim:PowerSystemResource.DeviceID>5629499534759457</iescim:PowerSystemResource.DeviceID>
<iescim:PowerSystemResource.DeviceType>20</iescim:PowerSystemResource.DeviceType>
</cim:ACLineSegment>
<cim:ACLineSegment rdf:ID="14000000_1509072499">
<cim:IdentifiedObject.name>站内-出线点站外-超连接线</cim:IdentifiedObject.name>
<cim:IdentifiedObject.bianhao></cim:IdentifiedObject.bianhao>
<cim:PowerSystemResource.Circuit rdf:resource="#10000100_35307" />
<cim:ConductingEquipment.BaseVoltage rdf:resource="#BaseVoltage_5"/>
<iescim:PowerSystemResource.SubType>1</iescim:PowerSystemResource.SubType>
<iescim:PowerSystemResource.DeviceID>5629499537437335</iescim:PowerSystemResource.DeviceID>
<iescim:PowerSystemResource.DeviceType>20</iescim:PowerSystemResource.DeviceType>
</cim:ACLineSegment>
<cim:ACLineSegment rdf:ID="13000000_1513499531">
<cim:IdentifiedObject.name>站外-连接线</cim:IdentifiedObject.name>
<cim:IdentifiedObject.bianhao></cim:IdentifiedObject.bianhao>
<cim:PowerSystemResource.Circuit rdf:resource="#10000100_35307" />
<cim:ConductingEquipment.BaseVoltage rdf:resource="#BaseVoltage_5"/>
<iescim:PowerSystemResource.SubType>3</iescim:PowerSystemResource.SubType>
<iescim:PowerSystemResource.DeviceID>5629499537471861</iescim:PowerSystemResource.DeviceID>
<iescim:PowerSystemResource.DeviceType>20</iescim:PowerSystemResource.DeviceType>
</cim:ACLineSegment>
<cim:ACLineSegment rdf:ID="13000000_1513499529">
<cim:IdentifiedObject.name>站外-连接线</cim:IdentifiedObject.name>
<cim:IdentifiedObject.bianhao></cim:IdentifiedObject.bianhao>
<cim:PowerSystemResource.Circuit rdf:resource="#10000100_35307" />
<cim:ConductingEquipment.BaseVoltage rdf:resource="#BaseVoltage_5"/>
<iescim:PowerSystemResource.SubType>3</iescim:PowerSystemResource.SubType>
<iescim:PowerSystemResource.DeviceID>5629499537471862</iescim:PowerSystemResource.DeviceID>
<iescim:PowerSystemResource.DeviceType>20</iescim:PowerSystemResource.DeviceType>
</cim:ACLineSegment>
<cim:Pole rdf:ID="10200001_12303175">
<cim:IdentifiedObject.name>10kV斗门工业Ⅸ回#002-1杆</cim:IdentifiedObject.name>
<cim:IdentifiedObject.bianhao></cim:IdentifiedObject.bianhao>
<cim:PowerSystemResource.Circuit rdf:resource="#10000100_35307" />
<cim:ConductingEquipment.BaseVoltage rdf:resource="#BaseVoltage_5"/>
<iescim:PowerSystemResource.DeviceType>43</iescim:PowerSystemResource.DeviceType>
<iescim:PowerSystemResource.SubType>1</iescim:PowerSystemResource.SubType>
<iescim:PowerSystemResource.DeviceID>12103423998622033</iescim:PowerSystemResource.DeviceID>
</cim:Pole>
<cim:Pole rdf:ID="10200001_12371206">
<cim:IdentifiedObject.name>10kV斗门工业Ⅸ回#001杆</cim:IdentifiedObject.name>
<cim:IdentifiedObject.bianhao></cim:IdentifiedObject.bianhao>
<cim:PowerSystemResource.Circuit rdf:resource="#10000100_35307" />
<cim:ConductingEquipment.BaseVoltage rdf:resource="#BaseVoltage_5"/>
<iescim:PowerSystemResource.DeviceType>43</iescim:PowerSystemResource.DeviceType>
<iescim:PowerSystemResource.SubType>1</iescim:PowerSystemResource.SubType>
<iescim:PowerSystemResource.DeviceID>12103423998622813</iescim:PowerSystemResource.DeviceID>
</cim:Pole>
<cim:Pole rdf:ID="10200001_12371207">
<cim:IdentifiedObject.name>10kV斗门工业Ⅸ回#002杆</cim:IdentifiedObject.name>
<cim:IdentifiedObject.bianhao></cim:IdentifiedObject.bianhao>
<cim:PowerSystemResource.Circuit rdf:resource="#10000100_35307" />
<cim:ConductingEquipment.BaseVoltage rdf:resource="#BaseVoltage_5"/>
<iescim:PowerSystemResource.DeviceType>43</iescim:PowerSystemResource.DeviceType>
<iescim:PowerSystemResource.SubType>1</iescim:PowerSystemResource.SubType>
<iescim:PowerSystemResource.DeviceID>12103423998624238</iescim:PowerSystemResource.DeviceID>
</cim:Pole>
<cim:Pole rdf:ID="10200001_12371248">
<cim:IdentifiedObject.name>10kV斗门工业Ⅸ回#009杆</cim:IdentifiedObject.name>
<cim:IdentifiedObject.bianhao></cim:IdentifiedObject.bianhao>
<cim:PowerSystemResource.Circuit rdf:resource="#10000100_35307" />
<cim:ConductingEquipment.BaseVoltage rdf:resource="#BaseVoltage_5"/>
<iescim:PowerSystemResource.DeviceType>43</iescim:PowerSystemResource.DeviceType>
<iescim:PowerSystemResource.SubType>1</iescim:PowerSystemResource.SubType>
<iescim:PowerSystemResource.DeviceID>12103423998636314</iescim:PowerSystemResource.DeviceID>
</cim:Pole>
<cim:ConnectivityNode rdf:ID="0">
<iescim:PowerSystemResource.SubType>0</iescim:PowerSystemResource.SubType>
<iescim:PowerSystemResource.DeviceID>0</iescim:PowerSystemResource.DeviceID>
<iescim:PowerSystemResource.DeviceType>33</iescim:PowerSystemResource.DeviceType>
</cim:ConnectivityNode>
<cim:ConnectivityNode rdf:ID="9288674231453979">
<iescim:PowerSystemResource.SubType>0</iescim:PowerSystemResource.SubType>
<iescim:PowerSystemResource.DeviceID>9288674231453979</iescim:PowerSystemResource.DeviceID>
<iescim:PowerSystemResource.DeviceType>33</iescim:PowerSystemResource.DeviceType>
</cim:ConnectivityNode>
<cim:ConnectivityNode rdf:ID="9288674231456113">
<iescim:PowerSystemResource.SubType>0</iescim:PowerSystemResource.SubType>
<iescim:PowerSystemResource.DeviceID>9288674231456113</iescim:PowerSystemResource.DeviceID>
<iescim:PowerSystemResource.DeviceType>33</iescim:PowerSystemResource.DeviceType>
</cim:ConnectivityNode>
<cim:ConnectivityNode rdf:ID="9288674231456461">
<iescim:PowerSystemResource.SubType>0</iescim:PowerSystemResource.SubType>
<iescim:PowerSystemResource.DeviceID>9288674231456461</iescim:PowerSystemResource.DeviceID>
<iescim:PowerSystemResource.DeviceType>33</iescim:PowerSystemResource.DeviceType>
</cim:ConnectivityNode>
<cim:ConnectivityNode rdf:ID="9288674231457961">
<iescim:PowerSystemResource.SubType>0</iescim:PowerSystemResource.SubType>
<iescim:PowerSystemResource.DeviceID>9288674231457961</iescim:PowerSystemResource.DeviceID>
<iescim:PowerSystemResource.DeviceType>33</iescim:PowerSystemResource.DeviceType>
</cim:ConnectivityNode>
<cim:ConnectivityNode rdf:ID="9288674231482047">
<iescim:PowerSystemResource.SubType>0</iescim:PowerSystemResource.SubType>
<iescim:PowerSystemResource.DeviceID>9288674231482047</iescim:PowerSystemResource.DeviceID>
<iescim:PowerSystemResource.DeviceType>33</iescim:PowerSystemResource.DeviceType>
</cim:ConnectivityNode>
<cim:ConnectivityNode rdf:ID="9288674231482661">
<iescim:PowerSystemResource.SubType>0</iescim:PowerSystemResource.SubType>
<iescim:PowerSystemResource.DeviceID>9288674231482661</iescim:PowerSystemResource.DeviceID>
<iescim:PowerSystemResource.DeviceType>33</iescim:PowerSystemResource.DeviceType>
</cim:ConnectivityNode>
<cim:ConnectivityNode rdf:ID="9288674231498286">
<iescim:PowerSystemResource.SubType>0</iescim:PowerSystemResource.SubType>
<iescim:PowerSystemResource.DeviceID>9288674231498286</iescim:PowerSystemResource.DeviceID>
<iescim:PowerSystemResource.DeviceType>33</iescim:PowerSystemResource.DeviceType>
</cim:ConnectivityNode>
<cim:ConnectivityNode rdf:ID="9288674231526523">
<iescim:PowerSystemResource.SubType>0</iescim:PowerSystemResource.SubType>
<iescim:PowerSystemResource.DeviceID>9288674231526523</iescim:PowerSystemResource.DeviceID>
<iescim:PowerSystemResource.DeviceType>33</iescim:PowerSystemResource.DeviceType>
</cim:ConnectivityNode>
<cim:ConnectivityNode rdf:ID="9288674231527138">
<iescim:PowerSystemResource.SubType>0</iescim:PowerSystemResource.SubType>
<iescim:PowerSystemResource.DeviceID>9288674231527138</iescim:PowerSystemResource.DeviceID>
<iescim:PowerSystemResource.DeviceType>33</iescim:PowerSystemResource.DeviceType>
</cim:ConnectivityNode>
<cim:ConnectivityNode rdf:ID="9288674231529162">
<iescim:PowerSystemResource.SubType>0</iescim:PowerSystemResource.SubType>
<iescim:PowerSystemResource.DeviceID>9288674231529162</iescim:PowerSystemResource.DeviceID>
<iescim:PowerSystemResource.DeviceType>33</iescim:PowerSystemResource.DeviceType>
</cim:ConnectivityNode>
<cim:ConnectivityNode rdf:ID="9288674231543018">
<iescim:PowerSystemResource.SubType>0</iescim:PowerSystemResource.SubType>
<iescim:PowerSystemResource.DeviceID>9288674231543018</iescim:PowerSystemResource.DeviceID>
<iescim:PowerSystemResource.DeviceType>33</iescim:PowerSystemResource.DeviceType>
</cim:ConnectivityNode>
<cim:ConnectivityNode rdf:ID="9288674231611765">
<iescim:PowerSystemResource.SubType>0</iescim:PowerSystemResource.SubType>
<iescim:PowerSystemResource.DeviceID>9288674231611765</iescim:PowerSystemResource.DeviceID>
<iescim:PowerSystemResource.DeviceType>33</iescim:PowerSystemResource.DeviceType>
</cim:ConnectivityNode>
<cim:ConnectivityNode rdf:ID="9288674231612787">
<iescim:PowerSystemResource.SubType>0</iescim:PowerSystemResource.SubType>
<iescim:PowerSystemResource.DeviceID>9288674231612787</iescim:PowerSystemResource.DeviceID>
<iescim:PowerSystemResource.DeviceType>33</iescim:PowerSystemResource.DeviceType>
</cim:ConnectivityNode>
<cim:ConnectivityNode rdf:ID="9288674231613035">
<iescim:PowerSystemResource.SubType>0</iescim:PowerSystemResource.SubType>
<iescim:PowerSystemResource.DeviceID>9288674231613035</iescim:PowerSystemResource.DeviceID>
<iescim:PowerSystemResource.DeviceType>33</iescim:PowerSystemResource.DeviceType>
</cim:ConnectivityNode>
<cim:ConnectivityNode rdf:ID="9288674231643165">
<iescim:PowerSystemResource.SubType>0</iescim:PowerSystemResource.SubType>
<iescim:PowerSystemResource.DeviceID>9288674231643165</iescim:PowerSystemResource.DeviceID>
<iescim:PowerSystemResource.DeviceType>33</iescim:PowerSystemResource.DeviceType>
</cim:ConnectivityNode>
<cim:ConnectivityNode rdf:ID="9288674231706715">
<iescim:PowerSystemResource.SubType>0</iescim:PowerSystemResource.SubType>
<iescim:PowerSystemResource.DeviceID>9288674231706715</iescim:PowerSystemResource.DeviceID>
<iescim:PowerSystemResource.DeviceType>33</iescim:PowerSystemResource.DeviceType>
</cim:ConnectivityNode>
<cim:ConnectivityNode rdf:ID="9288674231707581">
<iescim:PowerSystemResource.SubType>0</iescim:PowerSystemResource.SubType>
<iescim:PowerSystemResource.DeviceID>9288674231707581</iescim:PowerSystemResource.DeviceID>
<iescim:PowerSystemResource.DeviceType>33</iescim:PowerSystemResource.DeviceType>
</cim:ConnectivityNode>
<cim:ConnectivityNode rdf:ID="9288674231727528">
<iescim:PowerSystemResource.SubType>0</iescim:PowerSystemResource.SubType>
<iescim:PowerSystemResource.DeviceID>9288674231727528</iescim:PowerSystemResource.DeviceID>
<iescim:PowerSystemResource.DeviceType>33</iescim:PowerSystemResource.DeviceType>
</cim:ConnectivityNode>
<cim:ConnectivityNode rdf:ID="9288674231754901">
<iescim:PowerSystemResource.SubType>0</iescim:PowerSystemResource.SubType>
<iescim:PowerSystemResource.DeviceID>9288674231754901</iescim:PowerSystemResource.DeviceID>
<iescim:PowerSystemResource.DeviceType>33</iescim:PowerSystemResource.DeviceType>
</cim:ConnectivityNode>
<cim:ConnectivityNode rdf:ID="9288674231840254">
<iescim:PowerSystemResource.SubType>0</iescim:PowerSystemResource.SubType>
<iescim:PowerSystemResource.DeviceID>9288674231840254</iescim:PowerSystemResource.DeviceID>
<iescim:PowerSystemResource.DeviceType>33</iescim:PowerSystemResource.DeviceType>
</cim:ConnectivityNode>
<cim:ConnectivityNode rdf:ID="9288674231840255">
<iescim:PowerSystemResource.SubType>0</iescim:PowerSystemResource.SubType>
<iescim:PowerSystemResource.DeviceID>9288674231840255</iescim:PowerSystemResource.DeviceID>
<iescim:PowerSystemResource.DeviceType>33</iescim:PowerSystemResource.DeviceType>
</cim:ConnectivityNode>
<cim:ConnectivityNode rdf:ID="9288674231840256">
<iescim:PowerSystemResource.SubType>0</iescim:PowerSystemResource.SubType>
<iescim:PowerSystemResource.DeviceID>9288674231840256</iescim:PowerSystemResource.DeviceID>
<iescim:PowerSystemResource.DeviceType>33</iescim:PowerSystemResource.DeviceType>
</cim:ConnectivityNode>
<cim:ConnectivityNode rdf:ID="9288674231842255">
<iescim:PowerSystemResource.SubType>0</iescim:PowerSystemResource.SubType>
<iescim:PowerSystemResource.DeviceID>9288674231842255</iescim:PowerSystemResource.DeviceID>
<iescim:PowerSystemResource.DeviceType>33</iescim:PowerSystemResource.DeviceType>
</cim:ConnectivityNode>
<cim:ConnectivityNode rdf:ID="9288674231842257">
<iescim:PowerSystemResource.SubType>0</iescim:PowerSystemResource.SubType>
<iescim:PowerSystemResource.DeviceID>9288674231842257</iescim:PowerSystemResource.DeviceID>
<iescim:PowerSystemResource.DeviceType>33</iescim:PowerSystemResource.DeviceType>
</cim:ConnectivityNode>
<cim:ConnectivityNode rdf:ID="9288674231842258">
<iescim:PowerSystemResource.SubType>0</iescim:PowerSystemResource.SubType>
<iescim:PowerSystemResource.DeviceID>9288674231842258</iescim:PowerSystemResource.DeviceID>
<iescim:PowerSystemResource.DeviceType>33</iescim:PowerSystemResource.DeviceType>
</cim:ConnectivityNode>
<cim:ConnectivityNode rdf:ID="9288674231846565">
<iescim:PowerSystemResource.SubType>0</iescim:PowerSystemResource.SubType>
<iescim:PowerSystemResource.DeviceID>9288674231846565</iescim:PowerSystemResource.DeviceID>
<iescim:PowerSystemResource.DeviceType>33</iescim:PowerSystemResource.DeviceType>
</cim:ConnectivityNode>
<cim:ConnectivityNode rdf:ID="9288674231885595">
<iescim:PowerSystemResource.SubType>0</iescim:PowerSystemResource.SubType>
<iescim:PowerSystemResource.DeviceID>9288674231885595</iescim:PowerSystemResource.DeviceID>
<iescim:PowerSystemResource.DeviceType>33</iescim:PowerSystemResource.DeviceType>
</cim:ConnectivityNode>
<cim:ConnectivityNode rdf:ID="9288674231914827">
<iescim:PowerSystemResource.SubType>0</iescim:PowerSystemResource.SubType>
<iescim:PowerSystemResource.DeviceID>9288674231914827</iescim:PowerSystemResource.DeviceID>
<iescim:PowerSystemResource.DeviceType>33</iescim:PowerSystemResource.DeviceType>
</cim:ConnectivityNode>
<cim:Terminal rdf:ID="11300000_3360200_1">
<cim:Terminal.ConductingEquipment rdf:resource="#11300000_3360200"/>
<cim:Terminal.ConnectivityNode rdf:resource="#9288674231611765"/>
</cim:Terminal>
<cim:Terminal rdf:ID="11300000_3360200_2">
<cim:Terminal.ConductingEquipment rdf:resource="#11300000_3360200"/>
<cim:Terminal.ConnectivityNode rdf:resource="#9288674231706715"/>
</cim:Terminal>
<cim:Terminal rdf:ID="3535297">
<cim:Terminal.ConductingEquipment rdf:resource="#30600001_2950117"/>
<cim:Terminal.ConnectivityNode rdf:resource="#9288674231612787"/>
</cim:Terminal>
<cim:Terminal rdf:ID="11300000_3392058_1">
<cim:Terminal.ConductingEquipment rdf:resource="#11300000_3392058"/>
<cim:Terminal.ConnectivityNode rdf:resource="#9288674231613035"/>
</cim:Terminal>
<cim:Terminal rdf:ID="11300000_3392058_2">
<cim:Terminal.ConductingEquipment rdf:resource="#11300000_3392058"/>
<cim:Terminal.ConnectivityNode rdf:resource="#9288674231707581"/>
</cim:Terminal>
<cim:Terminal rdf:ID="3216124">
<cim:Terminal.ConductingEquipment rdf:resource="#"/>
<cim:Terminal.ConnectivityNode rdf:resource="#9288674231456113"/>
</cim:Terminal>
<cim:Terminal rdf:ID="3535293">
<cim:Terminal.ConductingEquipment rdf:resource="#3535291"/>
<cim:Terminal.ConnectivityNode rdf:resource="#9288674231529162"/>
</cim:Terminal>
<cim:Terminal rdf:ID="3535294">
<cim:Terminal.ConductingEquipment rdf:resource="#3535291"/>
<cim:Terminal.ConnectivityNode rdf:resource="#9288674231612787"/>
</cim:Terminal>
<cim:Terminal rdf:ID="3535077">
<cim:Terminal.ConductingEquipment rdf:resource="#31100000_1025809"/>
<cim:Terminal.ConnectivityNode rdf:resource="#9288674231456461"/>
</cim:Terminal>
<cim:Terminal rdf:ID="11300000_1513498511_1">
<cim:Terminal.ConductingEquipment rdf:resource="#11300000_1513498511"/>
<cim:Terminal.ConnectivityNode rdf:resource="#9288674231643165"/>
</cim:Terminal>
<cim:Terminal rdf:ID="11300000_1513498511_2">
<cim:Terminal.ConductingEquipment rdf:resource="#11300000_1513498511"/>
<cim:Terminal.ConnectivityNode rdf:resource="#9288674231727528"/>
</cim:Terminal>
<cim:Terminal rdf:ID="11100000_1513499208_1">
<cim:Terminal.ConductingEquipment rdf:resource="#11100000_1513499208"/>
<cim:Terminal.ConnectivityNode rdf:resource="#9288674231498286"/>
</cim:Terminal>
<cim:Terminal rdf:ID="11100000_1513499208_2">
<cim:Terminal.ConductingEquipment rdf:resource="#11100000_1513499208"/>
<cim:Terminal.ConnectivityNode rdf:resource="#9288674231543018"/>
</cim:Terminal>
<cim:Terminal rdf:ID="14000000_1509072499_1">
<cim:Terminal.ConductingEquipment rdf:resource="#14000000_1509072499"/>
<cim:Terminal.ConnectivityNode rdf:resource="#9288674231840255"/>
</cim:Terminal>
<cim:Terminal rdf:ID="14000000_1509072499_2">
<cim:Terminal.ConductingEquipment rdf:resource="#14000000_1509072499"/>
<cim:Terminal.ConnectivityNode rdf:resource="#9288674231914827"/>
</cim:Terminal>
<cim:Terminal rdf:ID="13000000_1513499531_1">
<cim:Terminal.ConductingEquipment rdf:resource="#13000000_1513499531"/>
<cim:Terminal.ConnectivityNode rdf:resource="#9288674231885595"/>
</cim:Terminal>
<cim:Terminal rdf:ID="13000000_1513499531_2">
<cim:Terminal.ConductingEquipment rdf:resource="#13000000_1513499531"/>
<cim:Terminal.ConnectivityNode rdf:resource="#9288674231643165"/>
</cim:Terminal>
<cim:Terminal rdf:ID="13000000_1513499529_1">
<cim:Terminal.ConductingEquipment rdf:resource="#13000000_1513499529"/>
<cim:Terminal.ConnectivityNode rdf:resource="#9288674231727528"/>
</cim:Terminal>
<cim:Terminal rdf:ID="13000000_1513499529_2">
<cim:Terminal.ConductingEquipment rdf:resource="#13000000_1513499529"/>
<cim:Terminal.ConnectivityNode rdf:resource="#9288674231498286"/>
</cim:Terminal>
<cim:Terminal rdf:ID="30200003_117159401">
<cim:Terminal.ConductingEquipment rdf:resource="#30200003_1171594"/>
<cim:Terminal.ConnectivityNode rdf:resource="#9288674231754901"/>
</cim:Terminal>
<cim:Terminal rdf:ID="30200003_117159501">
<cim:Terminal.ConductingEquipment rdf:resource="#30200003_1171595"/>
<cim:Terminal.ConnectivityNode rdf:resource="#9288674231754901"/>
</cim:Terminal>
<cim:Terminal rdf:ID="36000000_20972234_1">
<cim:Terminal.ConductingEquipment rdf:resource="#36000000_20972234"/>
<cim:Terminal.ConnectivityNode rdf:resource="#9288674231754901"/>
</cim:Terminal>
<cim:Terminal rdf:ID="36000000_20972234_2">
<cim:Terminal.ConductingEquipment rdf:resource="#36000000_20972234"/>
<cim:Terminal.ConnectivityNode rdf:resource="#9288674231840255"/>
</cim:Terminal>
<cim:Terminal rdf:ID="13000000_15759920_1">
<cim:Terminal.ConductingEquipment rdf:resource="#13000000_15759920"/>
<cim:Terminal.ConnectivityNode rdf:resource="#9288674231840254"/>
</cim:Terminal>
<cim:Terminal rdf:ID="13000000_15759920_2">
<cim:Terminal.ConductingEquipment rdf:resource="#13000000_15759920"/>
<cim:Terminal.ConnectivityNode rdf:resource="#9288674231611765"/>
</cim:Terminal>
<cim:Terminal rdf:ID="13000000_15759921_1">
<cim:Terminal.ConductingEquipment rdf:resource="#13000000_15759921"/>
<cim:Terminal.ConnectivityNode rdf:resource="#9288674231706715"/>
</cim:Terminal>
<cim:Terminal rdf:ID="13000000_15759921_2">
<cim:Terminal.ConductingEquipment rdf:resource="#13000000_15759921"/>
<cim:Terminal.ConnectivityNode rdf:resource="#9288674231482047"/>
</cim:Terminal>
<cim:Terminal rdf:ID="13000000_15759929_1">
<cim:Terminal.ConductingEquipment rdf:resource="#13000000_15759929"/>
<cim:Terminal.ConnectivityNode rdf:resource="#9288674231526523"/>
</cim:Terminal>
<cim:Terminal rdf:ID="13000000_15759929_2">
<cim:Terminal.ConductingEquipment rdf:resource="#13000000_15759929"/>
<cim:Terminal.ConnectivityNode rdf:resource="#9288674231840256"/>
</cim:Terminal>
<cim:Terminal rdf:ID="20100000_1402023_1">
<cim:Terminal.ConductingEquipment rdf:resource="#20100000_1402023"/>
<cim:Terminal.ConnectivityNode rdf:resource="#9288674231840256"/>
</cim:Terminal>
<cim:Terminal rdf:ID="20100000_1402023_2">
<cim:Terminal.ConductingEquipment rdf:resource="#20100000_1402023"/>
<cim:Terminal.ConnectivityNode rdf:resource="#9288674231914827"/>
</cim:Terminal>
<cim:Terminal rdf:ID="10100000_12331220_1">
<cim:Terminal.ConductingEquipment rdf:resource="#10100000_12331220"/>
<cim:Terminal.ConnectivityNode rdf:resource="#9288674231842255"/>
</cim:Terminal>
<cim:Terminal rdf:ID="10100000_12331220_2">
<cim:Terminal.ConductingEquipment rdf:resource="#10100000_12331220"/>
<cim:Terminal.ConnectivityNode rdf:resource="#9288674231846565"/>
</cim:Terminal>
<cim:Terminal rdf:ID="13000000_15852177_1">
<cim:Terminal.ConductingEquipment rdf:resource="#13000000_15852177"/>
<cim:Terminal.ConnectivityNode rdf:resource="#9288674231842255"/>
</cim:Terminal>
<cim:Terminal rdf:ID="13000000_15852177_2">
<cim:Terminal.ConductingEquipment rdf:resource="#13000000_15852177"/>
<cim:Terminal.ConnectivityNode rdf:resource="#9288674231613035"/>
</cim:Terminal>
<cim:Terminal rdf:ID="13000000_15852178_1">
<cim:Terminal.ConductingEquipment rdf:resource="#13000000_15852178"/>
<cim:Terminal.ConnectivityNode rdf:resource="#9288674231707581"/>
</cim:Terminal>
<cim:Terminal rdf:ID="13000000_15852178_2">
<cim:Terminal.ConductingEquipment rdf:resource="#13000000_15852178"/>
<cim:Terminal.ConnectivityNode rdf:resource="#9288674231482661"/>
</cim:Terminal>
<cim:Terminal rdf:ID="13000000_15852179_1">
<cim:Terminal.ConductingEquipment rdf:resource="#13000000_15852179"/>
<cim:Terminal.ConnectivityNode rdf:resource="#9288674231842257"/>
</cim:Terminal>
<cim:Terminal rdf:ID="13000000_15852179_2">
<cim:Terminal.ConductingEquipment rdf:resource="#13000000_15852179"/>
<cim:Terminal.ConnectivityNode rdf:resource="#9288674231527138"/>
</cim:Terminal>
<cim:Terminal rdf:ID="14000000_7443080_1">
<cim:Terminal.ConductingEquipment rdf:resource="#14000000_7443080"/>
<cim:Terminal.ConnectivityNode rdf:resource="#9288674231612787"/>
</cim:Terminal>
<cim:Terminal rdf:ID="14000000_7443080_2">
<cim:Terminal.ConductingEquipment rdf:resource="#14000000_7443080"/>
<cim:Terminal.ConnectivityNode rdf:resource="#9288674231842258"/>
</cim:Terminal>
<cim:Terminal rdf:ID="20100000_1416670_1">
<cim:Terminal.ConductingEquipment rdf:resource="#20100000_1416670"/>
<cim:Terminal.ConnectivityNode rdf:resource="#9288674231842258"/>
</cim:Terminal>
<cim:Terminal rdf:ID="20100000_1416670_2">
<cim:Terminal.ConductingEquipment rdf:resource="#20100000_1416670"/>
<cim:Terminal.ConnectivityNode rdf:resource="#9288674231842257"/>
</cim:Terminal>
<cim:Terminal rdf:ID="5181816">
<cim:Terminal.ConductingEquipment rdf:resource="#31100000_1238299"/>
<cim:Terminal.ConnectivityNode rdf:resource="#9288674231457961"/>
</cim:Terminal>
<cim:Terminal rdf:ID="11100000_763795_1">
<cim:Terminal.ConductingEquipment rdf:resource="#11100000_763795"/>
<cim:Terminal.ConnectivityNode rdf:resource="#9288674231482047"/>
</cim:Terminal>
<cim:Terminal rdf:ID="11100000_763795_2">
<cim:Terminal.ConductingEquipment rdf:resource="#11100000_763795"/>
<cim:Terminal.ConnectivityNode rdf:resource="#9288674231526523"/>
</cim:Terminal>
<cim:Terminal rdf:ID="11100000_774270_1">
<cim:Terminal.ConductingEquipment rdf:resource="#11100000_774270"/>
<cim:Terminal.ConnectivityNode rdf:resource="#9288674231482661"/>
</cim:Terminal>
<cim:Terminal rdf:ID="11100000_774270_2">
<cim:Terminal.ConductingEquipment rdf:resource="#11100000_774270"/>
<cim:Terminal.ConnectivityNode rdf:resource="#9288674231527138"/>
</cim:Terminal>
<cim:Terminal rdf:ID="32000000_4953841_1">
<cim:Terminal.ConductingEquipment rdf:resource="#32000000_4953841"/>
<cim:Terminal.ConnectivityNode rdf:resource="#9288674231840255"/>
</cim:Terminal>
<cim:Terminal rdf:ID="20200000_2088149_1">
<cim:Terminal.ConductingEquipment rdf:resource="#20200000_2088149"/>
<cim:Terminal.ConnectivityNode rdf:resource="#9288674231840256"/>
</cim:Terminal>
<cim:Terminal rdf:ID="20200000_2088150_1">
<cim:Terminal.ConductingEquipment rdf:resource="#20200000_2088150"/>
<cim:Terminal.ConnectivityNode rdf:resource="#9288674231914827"/>
</cim:Terminal>
<cim:Terminal rdf:ID="32000000_4899902_1">
<cim:Terminal.ConductingEquipment rdf:resource="#32000000_4899902"/>
<cim:Terminal.ConnectivityNode rdf:resource="#9288674231612787"/>
</cim:Terminal>
<cim:Terminal rdf:ID="20200000_2112522_1">
<cim:Terminal.ConductingEquipment rdf:resource="#20200000_2112522"/>
<cim:Terminal.ConnectivityNode rdf:resource="#9288674231842258"/>
</cim:Terminal>
<cim:Terminal rdf:ID="20200000_2112524_1">
<cim:Terminal.ConductingEquipment rdf:resource="#20200000_2112524"/>
<cim:Terminal.ConnectivityNode rdf:resource="#9288674231842257"/>
</cim:Terminal>
<cim:Terminal rdf:ID="10100000_12538815_1">
<cim:Terminal.ConductingEquipment rdf:resource="#10100000_12538815"/>
<cim:Terminal.ConnectivityNode rdf:resource="#9288674231840254"/>
</cim:Terminal>
<cim:Terminal rdf:ID="10100000_12538815_2">
<cim:Terminal.ConductingEquipment rdf:resource="#10100000_12538815"/>
<cim:Terminal.ConnectivityNode rdf:resource="#9288674231846565"/>
</cim:Terminal>
<cim:Terminal rdf:ID="10100000_12331225_1">
<cim:Terminal.ConductingEquipment rdf:resource="#10100000_12331225"/>
<cim:Terminal.ConnectivityNode rdf:resource="#9288674231846565"/>
</cim:Terminal>
<cim:Terminal rdf:ID="10100000_12331225_2">
<cim:Terminal.ConductingEquipment rdf:resource="#10100000_12331225"/>
<cim:Terminal.ConnectivityNode rdf:resource="#9288674231885595"/>
</cim:Terminal>
<cim:Terminal rdf:ID="10200001_12303175_1">
<cim:Terminal.ConductingEquipment rdf:resource="#10200001_12303175"/>
<cim:Terminal.ConnectivityNode rdf:resource="#9288674231840254"/>
</cim:Terminal>
<cim:Terminal rdf:ID="10200001_12371206_1">
<cim:Terminal.ConductingEquipment rdf:resource="#10200001_12371206"/>
<cim:Terminal.ConnectivityNode rdf:resource="#9288674231842255"/>
</cim:Terminal>
<cim:Terminal rdf:ID="10200001_12371207_1">
<cim:Terminal.ConductingEquipment rdf:resource="#10200001_12371207"/>
<cim:Terminal.ConnectivityNode rdf:resource="#0"/>
</cim:Terminal>
<cim:Terminal rdf:ID="10200001_12371248_1">
<cim:Terminal.ConductingEquipment rdf:resource="#10200001_12371248"/>
<cim:Terminal.ConnectivityNode rdf:resource="#0"/>
</cim:Terminal>
<cim:Terminal rdf:ID="2037513">
<cim:Terminal.ConductingEquipment rdf:resource="#31100000_193782"/>
<cim:Terminal.ConnectivityNode rdf:resource="#9288674231453979"/>
</cim:Terminal>
<cim:Terminal rdf:ID="3535289">
<cim:Terminal.ConductingEquipment rdf:resource="#30500000_2079292"/>
<cim:Terminal.ConnectivityNode rdf:resource="#9288674231456461"/>
</cim:Terminal>
<cim:Terminal rdf:ID="3535290">
<cim:Terminal.ConductingEquipment rdf:resource="#30500000_2079292"/>
<cim:Terminal.ConnectivityNode rdf:resource="#9288674231529162"/>
</cim:Terminal>
</rdf:RDF>
