<?xml version="1.0" encoding="UTF-8"?>

<rdf:RDF xmlns:rdf="http://www.w3.org/1999/02/22-rdf-syntax-ns#" xmlns:cim="http://www.sgcc.com.cn/SG-CIM/2010MAY#" xmlns:iescim="http://www.ieslab.com.cn">

<cim:BaseVoltage rdf:ID="BaseVoltage_5">
<cim:IdentifiedObject.name>10kV</cim:IdentifiedObject.name>
<cim:BaseVoltage.isDC>false</cim:BaseVoltage.isDC>
<cim:BaseVoltage.nominalVoltage>10.00</cim:BaseVoltage.nominalVoltage>
<iescim:PowerSystemResource.DeviceID>5</iescim:PowerSystemResource.DeviceID>
</cim:BaseVoltage>
<cim:SubGeographicalRegion rdf:ID="8a0f688f46db11f00146db136a8210ee">
<cim:IdentifiedObject.name>国网周宁县供电公司</cim:IdentifiedObject.name>
<cim:SubGeographicalRegion.Region rdf:resource="#_"/>
</cim:SubGeographicalRegion>
<cim:Circuit rdf:ID="10000100_38413">
<cim:IdentifiedObject.name>10kV洋礼甲线915线路</cim:IdentifiedObject.name>
<cim:Circuit.BelongtoHVSubstation rdf:resource="#30000000_4127798"/>
<cim:PowerSystemResource.SubGeographicalRegion rdf:resource="#8a0f688f46db11f00146db136a8210ee"/>
<cim:iscurrentfeeder>0</cim:iscurrentfeeder>
</cim:Circuit>
<cim:Circuit rdf:ID="10000100_1544242126">
<cim:IdentifiedObject.name>10kV后垄电站厂坝线929线路</cim:IdentifiedObject.name>
<cim:Circuit.BelongtoHVSubstation rdf:resource="#30000000_4127798"/>
<cim:PowerSystemResource.SubGeographicalRegion rdf:resource="#8a0f688f46db11f00146db136a8210ee"/>
<cim:iscurrentfeeder>1</cim:iscurrentfeeder>
</cim:Circuit>
<cim:Substation rdf:ID="30000000_4127798">
<cim:IdentifiedObject.name>周宁洋头变电站</cim:IdentifiedObject.name>
<iescim:PowerSystemResource.DeviceType>13</iescim:PowerSystemResource.DeviceType>
<iescim:PowerSystemResource.SubType>1</iescim:PowerSystemResource.SubType>
<cim:PowerSystemResource.PSRType rdf:resource="#30000000"/>
<iescim:PowerSystemResource.DeviceID>3659174697305567</iescim:PowerSystemResource.DeviceID>
<cim:PowerSystemResource.SubGeographicalRegion rdf:resource="#8a0f688f46db11f00146db136a8210ee"/>
</cim:Substation>
<cim:Breaker rdf:ID="11100000_1544364014">
<cim:IdentifiedObject.name>10kV礼坪分线#198-2杆198-2开关</cim:IdentifiedObject.name>
<cim:IdentifiedObject.bianhao>198-2</cim:IdentifiedObject.bianhao>
<cim:PowerSystemResource.Circuit rdf:resource="#10000100_38413" />
<cim:ConductingEquipment.BaseVoltage rdf:resource="#BaseVoltage_5"/>
<iescim:PowerSystemResource.SubType>2</iescim:PowerSystemResource.SubType>
<iescim:PowerSystemResource.DeviceID>4503599627631770</iescim:PowerSystemResource.DeviceID>
<iescim:PowerSystemResource.DeviceType>16</iescim:PowerSystemResource.DeviceType>
<iescim:PowerSystemResource.Cxmc></iescim:PowerSystemResource.Cxmc>
</cim:Breaker>
<cim:Breaker rdf:ID="30500000_1544435914">
<cim:IdentifiedObject.name>10kV后垄电站厂坝线929开关</cim:IdentifiedObject.name>
<cim:IdentifiedObject.bianhao>929</cim:IdentifiedObject.bianhao>
<cim:Equipment.EquipmentContainer rdf:resource="#30000000_4127798"/>
<cim:PowerSystemResource.Circuit rdf:resource="#10000100_1544242126" />
<cim:ConductingEquipment.BaseVoltage rdf:resource="#BaseVoltage_5"/>
<iescim:PowerSystemResource.SubType>5</iescim:PowerSystemResource.SubType>
<iescim:PowerSystemResource.DeviceID>4503599627631771</iescim:PowerSystemResource.DeviceID>
<iescim:PowerSystemResource.DeviceType>16</iescim:PowerSystemResource.DeviceType>
<iescim:PowerSystemResource.Cxmc></iescim:PowerSystemResource.Cxmc>
</cim:Breaker>
<cim:BusbarSection rdf:ID="31100000_1072959">
<cim:IdentifiedObject.name>周宁洋头变电站.10kV.Ⅰ段母线</cim:IdentifiedObject.name>
<cim:IdentifiedObject.bianhao></cim:IdentifiedObject.bianhao>
<cim:Equipment.EquipmentContainer rdf:resource="#30000000_4127798"/>
<cim:PowerSystemResource.Circuit rdf:resource="#_" />
<cim:ConductingEquipment.BaseVoltage rdf:resource="#BaseVoltage_5"/>
<iescim:PowerSystemResource.SubType>0</iescim:PowerSystemResource.SubType>
<iescim:PowerSystemResource.DeviceID>5348024557524363</iescim:PowerSystemResource.DeviceID>
<iescim:PowerSystemResource.DeviceType>19</iescim:PowerSystemResource.DeviceType>
</cim:BusbarSection>
<cim:BusbarSection rdf:ID="31100000_1072709">
<cim:IdentifiedObject.name>周宁洋头变电站.10kV.Ⅱ段母线</cim:IdentifiedObject.name>
<cim:IdentifiedObject.bianhao></cim:IdentifiedObject.bianhao>
<cim:Equipment.EquipmentContainer rdf:resource="#30000000_4127798"/>
<cim:PowerSystemResource.Circuit rdf:resource="#_" />
<cim:ConductingEquipment.BaseVoltage rdf:resource="#BaseVoltage_5"/>
<iescim:PowerSystemResource.SubType>0</iescim:PowerSystemResource.SubType>
<iescim:PowerSystemResource.DeviceID>5348024557524364</iescim:PowerSystemResource.DeviceID>
<iescim:PowerSystemResource.DeviceType>19</iescim:PowerSystemResource.DeviceType>
</cim:BusbarSection>
<cim:ACLineSegment rdf:ID="13000000_1544460390">
<cim:IdentifiedObject.name>10kV礼坪分线#198-2杆198-2开关连接线</cim:IdentifiedObject.name>
<cim:IdentifiedObject.bianhao></cim:IdentifiedObject.bianhao>
<cim:PowerSystemResource.Circuit rdf:resource="#10000100_1544242126" />
<cim:ConductingEquipment.BaseVoltage rdf:resource="#BaseVoltage_5"/>
<iescim:PowerSystemResource.SubType>3</iescim:PowerSystemResource.SubType>
<iescim:PowerSystemResource.DeviceID>5629499537980573</iescim:PowerSystemResource.DeviceID>
<iescim:PowerSystemResource.DeviceType>20</iescim:PowerSystemResource.DeviceType>
</cim:ACLineSegment>
<cim:ACLineSegment rdf:ID="14000000_1544439768">
<cim:IdentifiedObject.name>站外-超连接线</cim:IdentifiedObject.name>
<cim:IdentifiedObject.bianhao></cim:IdentifiedObject.bianhao>
<cim:PowerSystemResource.Circuit rdf:resource="#10000100_1544242126" />
<cim:ConductingEquipment.BaseVoltage rdf:resource="#BaseVoltage_5"/>
<iescim:PowerSystemResource.SubType>1</iescim:PowerSystemResource.SubType>
<iescim:PowerSystemResource.DeviceID>5629499537980574</iescim:PowerSystemResource.DeviceID>
<iescim:PowerSystemResource.DeviceType>20</iescim:PowerSystemResource.DeviceType>
</cim:ACLineSegment>
<cim:ACLineSegment rdf:ID="20100000_1544458901">
<cim:IdentifiedObject.name>站外-超连接线-10kV礼坪分线#198-2杆</cim:IdentifiedObject.name>
<cim:IdentifiedObject.bianhao></cim:IdentifiedObject.bianhao>
<cim:PowerSystemResource.Circuit rdf:resource="#10000100_1544242126" />
<cim:ConductingEquipment.BaseVoltage rdf:resource="#BaseVoltage_5"/>
<iescim:PowerSystemResource.SubType>1</iescim:PowerSystemResource.SubType>
<iescim:PowerSystemResource.DeviceID>5629499537980575</iescim:PowerSystemResource.DeviceID>
<iescim:PowerSystemResource.DeviceType>20</iescim:PowerSystemResource.DeviceType>
</cim:ACLineSegment>
<cim:ACLineSegment rdf:ID="36000000_1544435916">
<cim:IdentifiedObject.name>_</cim:IdentifiedObject.name>
<cim:IdentifiedObject.bianhao></cim:IdentifiedObject.bianhao>
<cim:Equipment.EquipmentContainer rdf:resource="#30000000_4127798"/>
<cim:PowerSystemResource.Circuit rdf:resource="#10000100_1544242126" />
<cim:ConductingEquipment.BaseVoltage rdf:resource="#BaseVoltage_5"/>
<iescim:PowerSystemResource.SubType>3</iescim:PowerSystemResource.SubType>
<iescim:PowerSystemResource.DeviceID>5629499537980576</iescim:PowerSystemResource.DeviceID>
<iescim:PowerSystemResource.DeviceType>20</iescim:PowerSystemResource.DeviceType>
</cim:ACLineSegment>
<cim:ACLineSegment rdf:ID="36000000_1544474093">
<cim:IdentifiedObject.name>10kV后垄电站厂坝线929开关连接线</cim:IdentifiedObject.name>
<cim:IdentifiedObject.bianhao></cim:IdentifiedObject.bianhao>
<cim:Equipment.EquipmentContainer rdf:resource="#30000000_4127798"/>
<cim:PowerSystemResource.Circuit rdf:resource="#10000100_1544242126" />
<cim:ConductingEquipment.BaseVoltage rdf:resource="#BaseVoltage_5"/>
<iescim:PowerSystemResource.SubType>3</iescim:PowerSystemResource.SubType>
<iescim:PowerSystemResource.DeviceID>5629499537980577</iescim:PowerSystemResource.DeviceID>
<iescim:PowerSystemResource.DeviceType>20</iescim:PowerSystemResource.DeviceType>
</cim:ACLineSegment>
<cim:ConnectivityNode rdf:ID="9288674231456796">
<iescim:PowerSystemResource.SubType>0</iescim:PowerSystemResource.SubType>
<iescim:PowerSystemResource.DeviceID>9288674231456796</iescim:PowerSystemResource.DeviceID>
<iescim:PowerSystemResource.DeviceType>33</iescim:PowerSystemResource.DeviceType>
</cim:ConnectivityNode>
<cim:ConnectivityNode rdf:ID="9288674231456797">
<iescim:PowerSystemResource.SubType>0</iescim:PowerSystemResource.SubType>
<iescim:PowerSystemResource.DeviceID>9288674231456797</iescim:PowerSystemResource.DeviceID>
<iescim:PowerSystemResource.DeviceType>33</iescim:PowerSystemResource.DeviceType>
</cim:ConnectivityNode>
<cim:ConnectivityNode rdf:ID="9288674245640201">
<iescim:PowerSystemResource.SubType>0</iescim:PowerSystemResource.SubType>
<iescim:PowerSystemResource.DeviceID>9288674245640201</iescim:PowerSystemResource.DeviceID>
<iescim:PowerSystemResource.DeviceType>33</iescim:PowerSystemResource.DeviceType>
</cim:ConnectivityNode>
<cim:ConnectivityNode rdf:ID="9288674250446888">
<iescim:PowerSystemResource.SubType>0</iescim:PowerSystemResource.SubType>
<iescim:PowerSystemResource.DeviceID>9288674250446888</iescim:PowerSystemResource.DeviceID>
<iescim:PowerSystemResource.DeviceType>33</iescim:PowerSystemResource.DeviceType>
</cim:ConnectivityNode>
<cim:ConnectivityNode rdf:ID="9288674250446889">
<iescim:PowerSystemResource.SubType>0</iescim:PowerSystemResource.SubType>
<iescim:PowerSystemResource.DeviceID>9288674250446889</iescim:PowerSystemResource.DeviceID>
<iescim:PowerSystemResource.DeviceType>33</iescim:PowerSystemResource.DeviceType>
</cim:ConnectivityNode>
<cim:ConnectivityNode rdf:ID="9288674250470250">
<iescim:PowerSystemResource.SubType>0</iescim:PowerSystemResource.SubType>
<iescim:PowerSystemResource.DeviceID>9288674250470250</iescim:PowerSystemResource.DeviceID>
<iescim:PowerSystemResource.DeviceType>33</iescim:PowerSystemResource.DeviceType>
</cim:ConnectivityNode>
<cim:ConnectivityNode rdf:ID="9288674250470251">
<iescim:PowerSystemResource.SubType>0</iescim:PowerSystemResource.SubType>
<iescim:PowerSystemResource.DeviceID>9288674250470251</iescim:PowerSystemResource.DeviceID>
<iescim:PowerSystemResource.DeviceType>33</iescim:PowerSystemResource.DeviceType>
</cim:ConnectivityNode>
<cim:ConnectivityNode rdf:ID="9288674250470252">
<iescim:PowerSystemResource.SubType>0</iescim:PowerSystemResource.SubType>
<iescim:PowerSystemResource.DeviceID>9288674250470252</iescim:PowerSystemResource.DeviceID>
<iescim:PowerSystemResource.DeviceType>33</iescim:PowerSystemResource.DeviceType>
</cim:ConnectivityNode>
<cim:ConnectivityNode rdf:ID="9288674250470253">
<iescim:PowerSystemResource.SubType>0</iescim:PowerSystemResource.SubType>
<iescim:PowerSystemResource.DeviceID>9288674250470253</iescim:PowerSystemResource.DeviceID>
<iescim:PowerSystemResource.DeviceType>33</iescim:PowerSystemResource.DeviceType>
</cim:ConnectivityNode>
<cim:ConnectivityNode rdf:ID="9288674250470254">
<iescim:PowerSystemResource.SubType>0</iescim:PowerSystemResource.SubType>
<iescim:PowerSystemResource.DeviceID>9288674250470254</iescim:PowerSystemResource.DeviceID>
<iescim:PowerSystemResource.DeviceType>33</iescim:PowerSystemResource.DeviceType>
</cim:ConnectivityNode>
<cim:Terminal rdf:ID="3822040">
<cim:Terminal.ConductingEquipment rdf:resource="#31100000_1072959"/>
<cim:Terminal.ConnectivityNode rdf:resource="#9288674231456796"/>
</cim:Terminal>
<cim:Terminal rdf:ID="3822028">
<cim:Terminal.ConductingEquipment rdf:resource="#31100000_1072709"/>
<cim:Terminal.ConnectivityNode rdf:resource="#9288674231456797"/>
</cim:Terminal>
<cim:Terminal rdf:ID="11100000_1544364014_1">
<cim:Terminal.ConductingEquipment rdf:resource="#11100000_1544364014"/>
<cim:Terminal.ConnectivityNode rdf:resource="#9288674250446888"/>
</cim:Terminal>
<cim:Terminal rdf:ID="11100000_1544364014_2">
<cim:Terminal.ConductingEquipment rdf:resource="#11100000_1544364014"/>
<cim:Terminal.ConnectivityNode rdf:resource="#9288674250446889"/>
</cim:Terminal>
<cim:Terminal rdf:ID="30500000_1544435914_1">
<cim:Terminal.ConductingEquipment rdf:resource="#30500000_1544435914"/>
<cim:Terminal.ConnectivityNode rdf:resource="#9288674250470253"/>
</cim:Terminal>
<cim:Terminal rdf:ID="30500000_1544435914_2">
<cim:Terminal.ConductingEquipment rdf:resource="#30500000_1544435914"/>
<cim:Terminal.ConnectivityNode rdf:resource="#9288674250470254"/>
</cim:Terminal>
<cim:Terminal rdf:ID="20200000_1544458880_1">
<cim:Terminal.ConductingEquipment rdf:resource="#20200000_1544458880"/>
<cim:Terminal.ConnectivityNode rdf:resource="#9288674250470250"/>
</cim:Terminal>
<cim:Terminal rdf:ID="20200000_1544458881_1">
<cim:Terminal.ConductingEquipment rdf:resource="#20200000_1544458881"/>
<cim:Terminal.ConnectivityNode rdf:resource="#9288674250470251"/>
</cim:Terminal>
<cim:Terminal rdf:ID="32000000_1544435919_1">
<cim:Terminal.ConductingEquipment rdf:resource="#32000000_1544435919"/>
<cim:Terminal.ConnectivityNode rdf:resource="#9288674250470252"/>
</cim:Terminal>
<cim:Terminal rdf:ID="13000000_1544460390_1">
<cim:Terminal.ConductingEquipment rdf:resource="#13000000_1544460390"/>
<cim:Terminal.ConnectivityNode rdf:resource="#9288674250446889"/>
</cim:Terminal>
<cim:Terminal rdf:ID="13000000_1544460390_2">
<cim:Terminal.ConductingEquipment rdf:resource="#13000000_1544460390"/>
<cim:Terminal.ConnectivityNode rdf:resource="#9288674250470251"/>
</cim:Terminal>
<cim:Terminal rdf:ID="14000000_1544439768_1">
<cim:Terminal.ConductingEquipment rdf:resource="#14000000_1544439768"/>
<cim:Terminal.ConnectivityNode rdf:resource="#9288674250470252"/>
</cim:Terminal>
<cim:Terminal rdf:ID="14000000_1544439768_2">
<cim:Terminal.ConductingEquipment rdf:resource="#14000000_1544439768"/>
<cim:Terminal.ConnectivityNode rdf:resource="#9288674250470250"/>
</cim:Terminal>
<cim:Terminal rdf:ID="20100000_1544458901_1">
<cim:Terminal.ConductingEquipment rdf:resource="#20100000_1544458901"/>
<cim:Terminal.ConnectivityNode rdf:resource="#9288674250470250"/>
</cim:Terminal>
<cim:Terminal rdf:ID="20100000_1544458901_2">
<cim:Terminal.ConductingEquipment rdf:resource="#20100000_1544458901"/>
<cim:Terminal.ConnectivityNode rdf:resource="#9288674250470251"/>
</cim:Terminal>
<cim:Terminal rdf:ID="36000000_1544435916_1">
<cim:Terminal.ConductingEquipment rdf:resource="#36000000_1544435916"/>
<cim:Terminal.ConnectivityNode rdf:resource="#9288674250470253"/>
</cim:Terminal>
<cim:Terminal rdf:ID="36000000_1544435916_2">
<cim:Terminal.ConductingEquipment rdf:resource="#36000000_1544435916"/>
<cim:Terminal.ConnectivityNode rdf:resource="#9288674245640201"/>
</cim:Terminal>
<cim:Terminal rdf:ID="36000000_1544474093_1">
<cim:Terminal.ConductingEquipment rdf:resource="#36000000_1544474093"/>
<cim:Terminal.ConnectivityNode rdf:resource="#9288674250470254"/>
</cim:Terminal>
<cim:Terminal rdf:ID="36000000_1544474093_2">
<cim:Terminal.ConductingEquipment rdf:resource="#36000000_1544474093"/>
<cim:Terminal.ConnectivityNode rdf:resource="#9288674250470252"/>
</cim:Terminal>
</rdf:RDF>
