<?xml version="1.0" encoding="UTF-8"?>

<rdf:RDF xmlns:rdf="http://www.w3.org/1999/02/22-rdf-syntax-ns#" xmlns:cim="http://www.sgcc.com.cn/SG-CIM/2010MAY#" xmlns:iescim="http://www.ieslab.com.cn">

<cim:BaseVoltage rdf:ID="BaseVoltage_5">
<cim:IdentifiedObject.name>10kV</cim:IdentifiedObject.name>
<cim:BaseVoltage.isDC>false</cim:BaseVoltage.isDC>
<cim:BaseVoltage.nominalVoltage>10.00</cim:BaseVoltage.nominalVoltage>
<iescim:PowerSystemResource.DeviceID>5</iescim:PowerSystemResource.DeviceID>
</cim:BaseVoltage>
<cim:SubGeographicalRegion rdf:ID="8a0f688f46db11f00146db1363fa0ee0">
<cim:IdentifiedObject.name>城区供电服务中心</cim:IdentifiedObject.name>
<cim:SubGeographicalRegion.Region rdf:resource="#_"/>
</cim:SubGeographicalRegion>
<cim:Circuit rdf:ID="10000100_1547527186">
<cim:IdentifiedObject.name>10kV洋中甲线921线路</cim:IdentifiedObject.name>
<cim:Circuit.BelongtoHVSubstation rdf:resource="#30000000_1546444251"/>
<cim:PowerSystemResource.SubGeographicalRegion rdf:resource="#8a0f688f46db11f00146db1363fa0ee0"/>
<cim:iscurrentfeeder>1</cim:iscurrentfeeder>
</cim:Circuit>
<cim:Substation rdf:ID="30000000_1546444251">
<cim:IdentifiedObject.name>西乡变电站</cim:IdentifiedObject.name>
<iescim:PowerSystemResource.DeviceType>13</iescim:PowerSystemResource.DeviceType>
<iescim:PowerSystemResource.SubType>1</iescim:PowerSystemResource.SubType>
<cim:PowerSystemResource.PSRType rdf:resource="#30000000"/>
<iescim:PowerSystemResource.DeviceID>3659174697330203</iescim:PowerSystemResource.DeviceID>
<cim:PowerSystemResource.SubGeographicalRegion rdf:resource="#8a0f688f46db11f00146db1363fa0ee0"/>
</cim:Substation>
<cim:Breaker rdf:ID="30500000_1547121127">
<cim:IdentifiedObject.name>西乡变电站.10kV.洋中甲线间隔.921开关</cim:IdentifiedObject.name>
<cim:IdentifiedObject.bianhao>_</cim:IdentifiedObject.bianhao>
<cim:Equipment.EquipmentContainer rdf:resource="#30000000_1546444251"/>
<cim:PowerSystemResource.Circuit rdf:resource="#10000100_1547527186" />
<cim:ConductingEquipment.BaseVoltage rdf:resource="#BaseVoltage_5"/>
<iescim:PowerSystemResource.SubType>1</iescim:PowerSystemResource.SubType>
<iescim:PowerSystemResource.DeviceID>4503599627636851</iescim:PowerSystemResource.DeviceID>
<iescim:PowerSystemResource.DeviceType>16</iescim:PowerSystemResource.DeviceType>
<iescim:PowerSystemResource.Cxmc></iescim:PowerSystemResource.Cxmc>
</cim:Breaker>
<cim:Disconnector rdf:ID="11300000_1269234">
<cim:IdentifiedObject.name>10kV东和平分线#023杆0231刀闸</cim:IdentifiedObject.name>
<cim:IdentifiedObject.bianhao>0231</cim:IdentifiedObject.bianhao>
<cim:PowerSystemResource.Circuit rdf:resource="#10000100_1547527186" />
<cim:ConductingEquipment.BaseVoltage rdf:resource="#BaseVoltage_5"/>
<iescim:PowerSystemResource.SubType>6</iescim:PowerSystemResource.SubType>
<iescim:PowerSystemResource.DeviceID>4785074604087379</iescim:PowerSystemResource.DeviceID>
<iescim:PowerSystemResource.DeviceType>17</iescim:PowerSystemResource.DeviceType>
<iescim:PowerSystemResource.Cxmc></iescim:PowerSystemResource.Cxmc>
</cim:Disconnector>
<cim:Disconnector rdf:ID="30600001_1547121846">
<cim:IdentifiedObject.name>西乡变电站.10kV.洋中甲线间隔.9216接地刀闸</cim:IdentifiedObject.name>
<cim:IdentifiedObject.bianhao>_</cim:IdentifiedObject.bianhao>
<cim:Equipment.EquipmentContainer rdf:resource="#30000000_1546444251"/>
<cim:PowerSystemResource.Circuit rdf:resource="#_" />
<cim:ConductingEquipment.BaseVoltage rdf:resource="#BaseVoltage_5"/>
<iescim:PowerSystemResource.SubType>9</iescim:PowerSystemResource.SubType>
<iescim:PowerSystemResource.DeviceID>4785074604336561</iescim:PowerSystemResource.DeviceID>
<iescim:PowerSystemResource.DeviceType>17</iescim:PowerSystemResource.DeviceType>
<iescim:PowerSystemResource.Cxmc></iescim:PowerSystemResource.Cxmc>
</cim:Disconnector>
<cim:BusbarSection rdf:ID="31100000_1547121760">
<cim:IdentifiedObject.name>西乡变电站.10kV.Ⅱ段母线</cim:IdentifiedObject.name>
<cim:IdentifiedObject.bianhao></cim:IdentifiedObject.bianhao>
<cim:Equipment.EquipmentContainer rdf:resource="#30000000_1546444251"/>
<cim:PowerSystemResource.Circuit rdf:resource="#_" />
<cim:ConductingEquipment.BaseVoltage rdf:resource="#BaseVoltage_5"/>
<iescim:PowerSystemResource.SubType>0</iescim:PowerSystemResource.SubType>
<iescim:PowerSystemResource.DeviceID>5348024557561229</iescim:PowerSystemResource.DeviceID>
<iescim:PowerSystemResource.DeviceType>19</iescim:PowerSystemResource.DeviceType>
</cim:BusbarSection>
<cim:BusbarSection rdf:ID="6944469">
<cim:IdentifiedObject.name>西乡变电站.10kV.Ⅰ段母线</cim:IdentifiedObject.name>
<cim:IdentifiedObject.bianhao></cim:IdentifiedObject.bianhao>
<cim:Equipment.EquipmentContainer rdf:resource="#30000000_1546444251"/>
<cim:PowerSystemResource.Circuit rdf:resource="#_" />
<cim:ConductingEquipment.BaseVoltage rdf:resource="#BaseVoltage_5"/>
<iescim:PowerSystemResource.SubType>0</iescim:PowerSystemResource.SubType>
<iescim:PowerSystemResource.DeviceID>5348024557561230</iescim:PowerSystemResource.DeviceID>
<iescim:PowerSystemResource.DeviceType>19</iescim:PowerSystemResource.DeviceType>
</cim:BusbarSection>
<cim:ACLineSegment rdf:ID="13000000_1547637708">
<cim:IdentifiedObject.name>10kV东和平分线#023杆0231刀闸连接线</cim:IdentifiedObject.name>
<cim:IdentifiedObject.bianhao></cim:IdentifiedObject.bianhao>
<cim:PowerSystemResource.Circuit rdf:resource="#10000100_1547527186" />
<cim:ConductingEquipment.BaseVoltage rdf:resource="#BaseVoltage_5"/>
<iescim:PowerSystemResource.SubType>3</iescim:PowerSystemResource.SubType>
<iescim:PowerSystemResource.DeviceID>5629499538038761</iescim:PowerSystemResource.DeviceID>
<iescim:PowerSystemResource.DeviceType>20</iescim:PowerSystemResource.DeviceType>
</cim:ACLineSegment>
<cim:ACLineSegment rdf:ID="14000000_1547527146">
<cim:IdentifiedObject.name>站外-超连接线</cim:IdentifiedObject.name>
<cim:IdentifiedObject.bianhao></cim:IdentifiedObject.bianhao>
<cim:PowerSystemResource.Circuit rdf:resource="#10000100_1547527186" />
<cim:ConductingEquipment.BaseVoltage rdf:resource="#BaseVoltage_5"/>
<iescim:PowerSystemResource.SubType>1</iescim:PowerSystemResource.SubType>
<iescim:PowerSystemResource.DeviceID>5629499538038762</iescim:PowerSystemResource.DeviceID>
<iescim:PowerSystemResource.DeviceType>20</iescim:PowerSystemResource.DeviceType>
</cim:ACLineSegment>
<cim:ACLineSegment rdf:ID="20100000_1547620336">
<cim:IdentifiedObject.name>站外-超连接线-东和平分线#023杆电缆终端头</cim:IdentifiedObject.name>
<cim:IdentifiedObject.bianhao></cim:IdentifiedObject.bianhao>
<cim:PowerSystemResource.Circuit rdf:resource="#10000100_1547527186" />
<cim:ConductingEquipment.BaseVoltage rdf:resource="#BaseVoltage_5"/>
<iescim:PowerSystemResource.SubType>1</iescim:PowerSystemResource.SubType>
<iescim:PowerSystemResource.DeviceID>5629499538038763</iescim:PowerSystemResource.DeviceID>
<iescim:PowerSystemResource.DeviceType>20</iescim:PowerSystemResource.DeviceType>
</cim:ACLineSegment>
<cim:ConnectivityNode rdf:ID="9288674231549844">
<iescim:PowerSystemResource.SubType>0</iescim:PowerSystemResource.SubType>
<iescim:PowerSystemResource.DeviceID>9288674231549844</iescim:PowerSystemResource.DeviceID>
<iescim:PowerSystemResource.DeviceType>33</iescim:PowerSystemResource.DeviceType>
</cim:ConnectivityNode>
<cim:ConnectivityNode rdf:ID="9288674231654637">
<iescim:PowerSystemResource.SubType>0</iescim:PowerSystemResource.SubType>
<iescim:PowerSystemResource.DeviceID>9288674231654637</iescim:PowerSystemResource.DeviceID>
<iescim:PowerSystemResource.DeviceType>33</iescim:PowerSystemResource.DeviceType>
</cim:ConnectivityNode>
<cim:ConnectivityNode rdf:ID="9288674251861115">
<iescim:PowerSystemResource.SubType>0</iescim:PowerSystemResource.SubType>
<iescim:PowerSystemResource.DeviceID>9288674251861115</iescim:PowerSystemResource.DeviceID>
<iescim:PowerSystemResource.DeviceType>33</iescim:PowerSystemResource.DeviceType>
</cim:ConnectivityNode>
<cim:ConnectivityNode rdf:ID="9288674251861116">
<iescim:PowerSystemResource.SubType>0</iescim:PowerSystemResource.SubType>
<iescim:PowerSystemResource.DeviceID>9288674251861116</iescim:PowerSystemResource.DeviceID>
<iescim:PowerSystemResource.DeviceType>33</iescim:PowerSystemResource.DeviceType>
</cim:ConnectivityNode>
<cim:ConnectivityNode rdf:ID="9288674251900278">
<iescim:PowerSystemResource.SubType>0</iescim:PowerSystemResource.SubType>
<iescim:PowerSystemResource.DeviceID>9288674251900278</iescim:PowerSystemResource.DeviceID>
<iescim:PowerSystemResource.DeviceType>33</iescim:PowerSystemResource.DeviceType>
</cim:ConnectivityNode>
<cim:ConnectivityNode rdf:ID="9288674251900319">
<iescim:PowerSystemResource.SubType>0</iescim:PowerSystemResource.SubType>
<iescim:PowerSystemResource.DeviceID>9288674251900319</iescim:PowerSystemResource.DeviceID>
<iescim:PowerSystemResource.DeviceType>33</iescim:PowerSystemResource.DeviceType>
</cim:ConnectivityNode>
<cim:ConnectivityNode rdf:ID="9288674251900320">
<iescim:PowerSystemResource.SubType>0</iescim:PowerSystemResource.SubType>
<iescim:PowerSystemResource.DeviceID>9288674251900320</iescim:PowerSystemResource.DeviceID>
<iescim:PowerSystemResource.DeviceType>33</iescim:PowerSystemResource.DeviceType>
</cim:ConnectivityNode>
<cim:ConnectivityNode rdf:ID="9288674251966744">
<iescim:PowerSystemResource.SubType>0</iescim:PowerSystemResource.SubType>
<iescim:PowerSystemResource.DeviceID>9288674251966744</iescim:PowerSystemResource.DeviceID>
<iescim:PowerSystemResource.DeviceType>33</iescim:PowerSystemResource.DeviceType>
</cim:ConnectivityNode>
<cim:Terminal rdf:ID="7467998">
<cim:Terminal.ConductingEquipment rdf:resource="#30600001_1547121846"/>
<cim:Terminal.ConnectivityNode rdf:resource="#9288674251900320"/>
</cim:Terminal>
<cim:Terminal rdf:ID="7467990">
<cim:Terminal.ConductingEquipment rdf:resource="#30500000_1547121127"/>
<cim:Terminal.ConnectivityNode rdf:resource="#9288674251900278"/>
</cim:Terminal>
<cim:Terminal rdf:ID="7467991">
<cim:Terminal.ConductingEquipment rdf:resource="#30500000_1547121127"/>
<cim:Terminal.ConnectivityNode rdf:resource="#9288674251900320"/>
</cim:Terminal>
<cim:Terminal rdf:ID="32000000_1546746117_1">
<cim:Terminal.ConductingEquipment rdf:resource="#32000000_1546746117"/>
<cim:Terminal.ConnectivityNode rdf:resource="#9288674251900320"/>
</cim:Terminal>
<cim:Terminal rdf:ID="20200000_1547620321_1">
<cim:Terminal.ConductingEquipment rdf:resource="#20200000_1547620321"/>
<cim:Terminal.ConnectivityNode rdf:resource="#9288674251861115"/>
</cim:Terminal>
<cim:Terminal rdf:ID="20200000_1547650022_1">
<cim:Terminal.ConductingEquipment rdf:resource="#20200000_1547650022"/>
<cim:Terminal.ConnectivityNode rdf:resource="#9288674251861116"/>
</cim:Terminal>
<cim:Terminal rdf:ID="13000000_1547637708_1">
<cim:Terminal.ConductingEquipment rdf:resource="#13000000_1547637708"/>
<cim:Terminal.ConnectivityNode rdf:resource="#9288674231654637"/>
</cim:Terminal>
<cim:Terminal rdf:ID="13000000_1547637708_2">
<cim:Terminal.ConductingEquipment rdf:resource="#13000000_1547637708"/>
<cim:Terminal.ConnectivityNode rdf:resource="#9288674251861116"/>
</cim:Terminal>
<cim:Terminal rdf:ID="14000000_1547527146_1">
<cim:Terminal.ConductingEquipment rdf:resource="#14000000_1547527146"/>
<cim:Terminal.ConnectivityNode rdf:resource="#9288674251900320"/>
</cim:Terminal>
<cim:Terminal rdf:ID="14000000_1547527146_2">
<cim:Terminal.ConductingEquipment rdf:resource="#14000000_1547527146"/>
<cim:Terminal.ConnectivityNode rdf:resource="#9288674251861115"/>
</cim:Terminal>
<cim:Terminal rdf:ID="20100000_1547620336_1">
<cim:Terminal.ConductingEquipment rdf:resource="#20100000_1547620336"/>
<cim:Terminal.ConnectivityNode rdf:resource="#9288674251861115"/>
</cim:Terminal>
<cim:Terminal rdf:ID="20100000_1547620336_2">
<cim:Terminal.ConductingEquipment rdf:resource="#20100000_1547620336"/>
<cim:Terminal.ConnectivityNode rdf:resource="#9288674251861116"/>
</cim:Terminal>
<cim:Terminal rdf:ID="6944460">
<cim:Terminal.ConductingEquipment rdf:resource="#31100000_1547121760"/>
<cim:Terminal.ConnectivityNode rdf:resource="#9288674251900319"/>
</cim:Terminal>
<cim:Terminal rdf:ID="6944470">
<cim:Terminal.ConductingEquipment rdf:resource="#6944469"/>
<cim:Terminal.ConnectivityNode rdf:resource="#9288674251966744"/>
</cim:Terminal>
<cim:Terminal rdf:ID="11300000_1269234_1">
<cim:Terminal.ConductingEquipment rdf:resource="#11300000_1269234"/>
<cim:Terminal.ConnectivityNode rdf:resource="#9288674231549844"/>
</cim:Terminal>
<cim:Terminal rdf:ID="11300000_1269234_2">
<cim:Terminal.ConductingEquipment rdf:resource="#11300000_1269234"/>
<cim:Terminal.ConnectivityNode rdf:resource="#9288674231654637"/>
</cim:Terminal>
</rdf:RDF>
