<?xml version="1.0" encoding="UTF-8"?>

<rdf:RDF xmlns:rdf="http://www.w3.org/1999/02/22-rdf-syntax-ns#" xmlns:cim="http://www.sgcc.com.cn/SG-CIM/2010MAY#" xmlns:iescim="http://www.ieslab.com.cn">

<cim:BaseVoltage rdf:ID="BaseVoltage_5">
<cim:IdentifiedObject.name>10kV</cim:IdentifiedObject.name>
<cim:BaseVoltage.isDC>false</cim:BaseVoltage.isDC>
<cim:BaseVoltage.nominalVoltage>10.00</cim:BaseVoltage.nominalVoltage>
<iescim:PowerSystemResource.DeviceID>5</iescim:PowerSystemResource.DeviceID>
</cim:BaseVoltage>
<cim:SubGeographicalRegion rdf:ID="8a0f688f46db11f00146db13630f0e96">
<cim:IdentifiedObject.name>国网寿宁县供电公司</cim:IdentifiedObject.name>
<cim:SubGeographicalRegion.Region rdf:resource="#_"/>
</cim:SubGeographicalRegion>
<cim:Circuit rdf:ID="10000100_14933">
<cim:IdentifiedObject.name>10kV岭头亭线987线路</cim:IdentifiedObject.name>
<cim:Circuit.BelongtoHVSubstation rdf:resource="#30000000_74940"/>
<cim:PowerSystemResource.SubGeographicalRegion rdf:resource="#8a0f688f46db11f00146db13630f0e96"/>
<cim:iscurrentfeeder>0</cim:iscurrentfeeder>
</cim:Circuit>
<cim:Circuit rdf:ID="10000100_1536652825">
<cim:IdentifiedObject.name>10kV竹清线927线路</cim:IdentifiedObject.name>
<cim:Circuit.BelongtoHVSubstation rdf:resource="#30000000_2907917"/>
<cim:PowerSystemResource.SubGeographicalRegion rdf:resource="#8a0f688f46db11f00146db13630f0e96"/>
<cim:iscurrentfeeder>1</cim:iscurrentfeeder>
</cim:Circuit>
<cim:Substation rdf:ID="30000000_74940">
<cim:IdentifiedObject.name>前陶变电站</cim:IdentifiedObject.name>
<iescim:PowerSystemResource.DeviceType>13</iescim:PowerSystemResource.DeviceType>
<iescim:PowerSystemResource.SubType>1</iescim:PowerSystemResource.SubType>
<cim:PowerSystemResource.PSRType rdf:resource="#30000000"/>
<iescim:PowerSystemResource.DeviceID>3659174697243367</iescim:PowerSystemResource.DeviceID>
<cim:PowerSystemResource.SubGeographicalRegion rdf:resource="#8a0f688f46db11f00146db13630f0e96"/>
</cim:Substation>
<cim:Substation rdf:ID="30000000_2907917">
<cim:IdentifiedObject.name>清竹变电站</cim:IdentifiedObject.name>
<iescim:PowerSystemResource.DeviceType>13</iescim:PowerSystemResource.DeviceType>
<iescim:PowerSystemResource.SubType>1</iescim:PowerSystemResource.SubType>
<cim:PowerSystemResource.PSRType rdf:resource="#30000000"/>
<iescim:PowerSystemResource.DeviceID>3659174697245369</iescim:PowerSystemResource.DeviceID>
<cim:PowerSystemResource.SubGeographicalRegion rdf:resource="#8a0f688f46db11f00146db13630f0e96"/>
</cim:Substation>
<cim:Breaker rdf:ID="11100000_790313">
<cim:IdentifiedObject.name>10kV岭头亭线987线路乡直分线#015杆015开关</cim:IdentifiedObject.name>
<cim:IdentifiedObject.bianhao>015</cim:IdentifiedObject.bianhao>
<cim:PowerSystemResource.Circuit rdf:resource="#10000100_14933" />
<cim:ConductingEquipment.BaseVoltage rdf:resource="#BaseVoltage_5"/>
<iescim:PowerSystemResource.SubType>2</iescim:PowerSystemResource.SubType>
<iescim:PowerSystemResource.DeviceID>4503599627422421</iescim:PowerSystemResource.DeviceID>
<iescim:PowerSystemResource.DeviceType>16</iescim:PowerSystemResource.DeviceType>
<iescim:PowerSystemResource.Cxmc></iescim:PowerSystemResource.Cxmc>
</cim:Breaker>
<cim:Breaker rdf:ID="30500000_2355265">
<cim:IdentifiedObject.name>清竹变电站.10kV.竹清线间隔.927开关</cim:IdentifiedObject.name>
<cim:IdentifiedObject.bianhao>_</cim:IdentifiedObject.bianhao>
<cim:Equipment.EquipmentContainer rdf:resource="#30000000_2907917"/>
<cim:PowerSystemResource.Circuit rdf:resource="#10000100_1536652825" />
<cim:ConductingEquipment.BaseVoltage rdf:resource="#BaseVoltage_5"/>
<iescim:PowerSystemResource.SubType>1</iescim:PowerSystemResource.SubType>
<iescim:PowerSystemResource.DeviceID>4503599627509154</iescim:PowerSystemResource.DeviceID>
<iescim:PowerSystemResource.DeviceType>16</iescim:PowerSystemResource.DeviceType>
<iescim:PowerSystemResource.Cxmc></iescim:PowerSystemResource.Cxmc>
</cim:Breaker>
<cim:Breaker rdf:ID="11100000_1536719034">
<cim:IdentifiedObject.name>10kV竹清线927线路#001杆001开关</cim:IdentifiedObject.name>
<cim:IdentifiedObject.bianhao>001</cim:IdentifiedObject.bianhao>
<cim:PowerSystemResource.Circuit rdf:resource="#10000100_1536652825" />
<cim:ConductingEquipment.BaseVoltage rdf:resource="#BaseVoltage_5"/>
<iescim:PowerSystemResource.SubType>2</iescim:PowerSystemResource.SubType>
<iescim:PowerSystemResource.DeviceID>4503599627622919</iescim:PowerSystemResource.DeviceID>
<iescim:PowerSystemResource.DeviceType>16</iescim:PowerSystemResource.DeviceType>
<iescim:PowerSystemResource.Cxmc></iescim:PowerSystemResource.Cxmc>
</cim:Breaker>
<cim:Breaker rdf:ID="11100000_1536893385">
<cim:IdentifiedObject.name>10kV竹清线927线路#034杆034开关</cim:IdentifiedObject.name>
<cim:IdentifiedObject.bianhao>034</cim:IdentifiedObject.bianhao>
<cim:PowerSystemResource.Circuit rdf:resource="#10000100_1536652825" />
<cim:ConductingEquipment.BaseVoltage rdf:resource="#BaseVoltage_5"/>
<iescim:PowerSystemResource.SubType>2</iescim:PowerSystemResource.SubType>
<iescim:PowerSystemResource.DeviceID>4503599627623344</iescim:PowerSystemResource.DeviceID>
<iescim:PowerSystemResource.DeviceType>16</iescim:PowerSystemResource.DeviceType>
<iescim:PowerSystemResource.Cxmc></iescim:PowerSystemResource.Cxmc>
</cim:Breaker>
<cim:Breaker rdf:ID="11100000_1542120301">
<cim:IdentifiedObject.name>10kV竹清线927线路#002杆002开关</cim:IdentifiedObject.name>
<cim:IdentifiedObject.bianhao>002</cim:IdentifiedObject.bianhao>
<cim:PowerSystemResource.Circuit rdf:resource="#10000100_1536652825" />
<cim:ConductingEquipment.BaseVoltage rdf:resource="#BaseVoltage_5"/>
<iescim:PowerSystemResource.SubType>2</iescim:PowerSystemResource.SubType>
<iescim:PowerSystemResource.DeviceID>4503599627628128</iescim:PowerSystemResource.DeviceID>
<iescim:PowerSystemResource.DeviceType>16</iescim:PowerSystemResource.DeviceType>
<iescim:PowerSystemResource.Cxmc></iescim:PowerSystemResource.Cxmc>
</cim:Breaker>
<cim:Disconnector rdf:ID="30600001_3697366">
<cim:IdentifiedObject.name>清竹变电站.10kV.竹清线间隔.9276接地刀闸</cim:IdentifiedObject.name>
<cim:IdentifiedObject.bianhao>_</cim:IdentifiedObject.bianhao>
<cim:Equipment.EquipmentContainer rdf:resource="#30000000_2907917"/>
<cim:PowerSystemResource.Circuit rdf:resource="#10000100_1536652825" />
<cim:ConductingEquipment.BaseVoltage rdf:resource="#BaseVoltage_5"/>
<iescim:PowerSystemResource.SubType>9</iescim:PowerSystemResource.SubType>
<iescim:PowerSystemResource.DeviceID>4785074604269865</iescim:PowerSystemResource.DeviceID>
<iescim:PowerSystemResource.DeviceType>17</iescim:PowerSystemResource.DeviceType>
<iescim:PowerSystemResource.Cxmc></iescim:PowerSystemResource.Cxmc>
</cim:Disconnector>
<cim:Disconnector rdf:ID="4155717">
<cim:IdentifiedObject.name>清竹变电站.10kV.竹清线间隔.927刀闸</cim:IdentifiedObject.name>
<cim:IdentifiedObject.bianhao>_</cim:IdentifiedObject.bianhao>
<cim:Equipment.EquipmentContainer rdf:resource="#30000000_2907917"/>
<cim:PowerSystemResource.Circuit rdf:resource="#10000100_1536652825" />
<cim:ConductingEquipment.BaseVoltage rdf:resource="#BaseVoltage_5"/>
<iescim:PowerSystemResource.SubType>5</iescim:PowerSystemResource.SubType>
<iescim:PowerSystemResource.DeviceID>4785074604269875</iescim:PowerSystemResource.DeviceID>
<iescim:PowerSystemResource.DeviceType>17</iescim:PowerSystemResource.DeviceType>
<iescim:PowerSystemResource.Cxmc></iescim:PowerSystemResource.Cxmc>
</cim:Disconnector>
<cim:Disconnector rdf:ID="11300000_1536718823">
<cim:IdentifiedObject.name>10kV竹清线927线路#001杆0011刀闸</cim:IdentifiedObject.name>
<cim:IdentifiedObject.bianhao>0011</cim:IdentifiedObject.bianhao>
<cim:PowerSystemResource.Circuit rdf:resource="#10000100_1536652825" />
<cim:ConductingEquipment.BaseVoltage rdf:resource="#BaseVoltage_5"/>
<iescim:PowerSystemResource.SubType>6</iescim:PowerSystemResource.SubType>
<iescim:PowerSystemResource.DeviceID>4785074604323275</iescim:PowerSystemResource.DeviceID>
<iescim:PowerSystemResource.DeviceType>17</iescim:PowerSystemResource.DeviceType>
<iescim:PowerSystemResource.Cxmc></iescim:PowerSystemResource.Cxmc>
</cim:Disconnector>
<cim:Disconnector rdf:ID="11300000_1536902247">
<cim:IdentifiedObject.name>10kV竹清线927线路#034杆0341刀闸</cim:IdentifiedObject.name>
<cim:IdentifiedObject.bianhao>0341</cim:IdentifiedObject.bianhao>
<cim:PowerSystemResource.Circuit rdf:resource="#10000100_1536652825" />
<cim:ConductingEquipment.BaseVoltage rdf:resource="#BaseVoltage_5"/>
<iescim:PowerSystemResource.SubType>6</iescim:PowerSystemResource.SubType>
<iescim:PowerSystemResource.DeviceID>4785074604323708</iescim:PowerSystemResource.DeviceID>
<iescim:PowerSystemResource.DeviceType>17</iescim:PowerSystemResource.DeviceType>
<iescim:PowerSystemResource.Cxmc></iescim:PowerSystemResource.Cxmc>
</cim:Disconnector>
<cim:Disconnector rdf:ID="11300000_1542130360">
<cim:IdentifiedObject.name>10kV竹清线927线路#002杆0021刀闸</cim:IdentifiedObject.name>
<cim:IdentifiedObject.bianhao>0021</cim:IdentifiedObject.bianhao>
<cim:PowerSystemResource.Circuit rdf:resource="#10000100_1536652825" />
<cim:ConductingEquipment.BaseVoltage rdf:resource="#BaseVoltage_5"/>
<iescim:PowerSystemResource.SubType>6</iescim:PowerSystemResource.SubType>
<iescim:PowerSystemResource.DeviceID>4785074604328506</iescim:PowerSystemResource.DeviceID>
<iescim:PowerSystemResource.DeviceType>17</iescim:PowerSystemResource.DeviceType>
<iescim:PowerSystemResource.Cxmc></iescim:PowerSystemResource.Cxmc>
</cim:Disconnector>
<cim:Fuse rdf:ID="11500000_1542089090">
<cim:IdentifiedObject.name>10kV竹清线927线路#002-1杆002-1M2跌落式熔断器</cim:IdentifiedObject.name>
<cim:IdentifiedObject.bianhao>002-1M2</cim:IdentifiedObject.bianhao>
<cim:PowerSystemResource.Circuit rdf:resource="#10000100_1536652825" />
<cim:ConductingEquipment.BaseVoltage rdf:resource="#BaseVoltage_5"/>
<iescim:PowerSystemResource.SubType>1</iescim:PowerSystemResource.SubType>
<iescim:PowerSystemResource.DeviceID>8162774324838479</iescim:PowerSystemResource.DeviceID>
<iescim:PowerSystemResource.DeviceType>29</iescim:PowerSystemResource.DeviceType>
<iescim:PowerSystemResource.Cxmc></iescim:PowerSystemResource.Cxmc>
</cim:Fuse>
<cim:PowerTransformer rdf:ID="11000001_1542049794">
<cim:IdentifiedObject.name>宁德市沁心韵茶业有限公司</cim:IdentifiedObject.name>
<cim:IdentifiedObject.bianhao></cim:IdentifiedObject.bianhao>
<cim:PowerSystemResource.Circuit rdf:resource="#10000100_1536652825" />
<cim:ConductingEquipment.BaseVoltage rdf:resource="#BaseVoltage_5"/>
<iescim:PowerSystemResource.SubType>1</iescim:PowerSystemResource.SubType>
<iescim:PowerSystemResource.DeviceID>12384898975315005</iescim:PowerSystemResource.DeviceID>
<iescim:PowerSystemResource.DeviceType>44</iescim:PowerSystemResource.DeviceType>
<iescim:PowerSystemResource.UserType>0</iescim:PowerSystemResource.UserType>
<iescim:PowerSystemResource.TaiQuHao>_</iescim:PowerSystemResource.TaiQuHao>
</cim:PowerTransformer>
<cim:BusbarSection rdf:ID="31100000_89222">
<cim:IdentifiedObject.name>前陶变电站.10kV.Ⅱ段母线</cim:IdentifiedObject.name>
<cim:IdentifiedObject.bianhao></cim:IdentifiedObject.bianhao>
<cim:Equipment.EquipmentContainer rdf:resource="#30000000_74940"/>
<cim:PowerSystemResource.Circuit rdf:resource="#_" />
<cim:ConductingEquipment.BaseVoltage rdf:resource="#BaseVoltage_5"/>
<iescim:PowerSystemResource.SubType>0</iescim:PowerSystemResource.SubType>
<iescim:PowerSystemResource.DeviceID>5348024557509242</iescim:PowerSystemResource.DeviceID>
<iescim:PowerSystemResource.DeviceType>19</iescim:PowerSystemResource.DeviceType>
</cim:BusbarSection>
<cim:BusbarSection rdf:ID="31100000_89568">
<cim:IdentifiedObject.name>前陶变电站.10kV.Ⅰ段母线</cim:IdentifiedObject.name>
<cim:IdentifiedObject.bianhao></cim:IdentifiedObject.bianhao>
<cim:Equipment.EquipmentContainer rdf:resource="#30000000_74940"/>
<cim:PowerSystemResource.Circuit rdf:resource="#_" />
<cim:ConductingEquipment.BaseVoltage rdf:resource="#BaseVoltage_5"/>
<iescim:PowerSystemResource.SubType>0</iescim:PowerSystemResource.SubType>
<iescim:PowerSystemResource.DeviceID>5348024557509271</iescim:PowerSystemResource.DeviceID>
<iescim:PowerSystemResource.DeviceType>19</iescim:PowerSystemResource.DeviceType>
</cim:BusbarSection>
<cim:BusbarSection rdf:ID="31100000_797404">
<cim:IdentifiedObject.name>清竹变电站.10kV.Ⅰ段母线</cim:IdentifiedObject.name>
<cim:IdentifiedObject.bianhao></cim:IdentifiedObject.bianhao>
<cim:Equipment.EquipmentContainer rdf:resource="#30000000_2907917"/>
<cim:PowerSystemResource.Circuit rdf:resource="#_" />
<cim:ConductingEquipment.BaseVoltage rdf:resource="#BaseVoltage_5"/>
<iescim:PowerSystemResource.SubType>0</iescim:PowerSystemResource.SubType>
<iescim:PowerSystemResource.DeviceID>5348024557511566</iescim:PowerSystemResource.DeviceID>
<iescim:PowerSystemResource.DeviceType>19</iescim:PowerSystemResource.DeviceType>
</cim:BusbarSection>
<cim:BusbarSection rdf:ID="31100000_1223365">
<cim:IdentifiedObject.name>清竹变电站.10kV.Ⅱ段母线</cim:IdentifiedObject.name>
<cim:IdentifiedObject.bianhao></cim:IdentifiedObject.bianhao>
<cim:Equipment.EquipmentContainer rdf:resource="#30000000_2907917"/>
<cim:PowerSystemResource.Circuit rdf:resource="#_" />
<cim:ConductingEquipment.BaseVoltage rdf:resource="#BaseVoltage_5"/>
<iescim:PowerSystemResource.SubType>0</iescim:PowerSystemResource.SubType>
<iescim:PowerSystemResource.DeviceID>5348024557545953</iescim:PowerSystemResource.DeviceID>
<iescim:PowerSystemResource.DeviceType>19</iescim:PowerSystemResource.DeviceType>
</cim:BusbarSection>
<cim:ACLineSegment rdf:ID="13000000_1536722385">
<cim:IdentifiedObject.name>10kV竹清线927线路#001杆连接线</cim:IdentifiedObject.name>
<cim:IdentifiedObject.bianhao></cim:IdentifiedObject.bianhao>
<cim:PowerSystemResource.Circuit rdf:resource="#10000100_1536652825" />
<cim:ConductingEquipment.BaseVoltage rdf:resource="#BaseVoltage_5"/>
<iescim:PowerSystemResource.SubType>3</iescim:PowerSystemResource.SubType>
<iescim:PowerSystemResource.DeviceID>5629499537835034</iescim:PowerSystemResource.DeviceID>
<iescim:PowerSystemResource.DeviceType>20</iescim:PowerSystemResource.DeviceType>
</cim:ACLineSegment>
<cim:ACLineSegment rdf:ID="13000000_1536724152">
<cim:IdentifiedObject.name>站外-连接线</cim:IdentifiedObject.name>
<cim:IdentifiedObject.bianhao></cim:IdentifiedObject.bianhao>
<cim:PowerSystemResource.Circuit rdf:resource="#10000100_1536652825" />
<cim:ConductingEquipment.BaseVoltage rdf:resource="#BaseVoltage_5"/>
<iescim:PowerSystemResource.SubType>3</iescim:PowerSystemResource.SubType>
<iescim:PowerSystemResource.DeviceID>5629499537835035</iescim:PowerSystemResource.DeviceID>
<iescim:PowerSystemResource.DeviceType>20</iescim:PowerSystemResource.DeviceType>
</cim:ACLineSegment>
<cim:ACLineSegment rdf:ID="13000000_1536724156">
<cim:IdentifiedObject.name>站外-连接线</cim:IdentifiedObject.name>
<cim:IdentifiedObject.bianhao></cim:IdentifiedObject.bianhao>
<cim:PowerSystemResource.Circuit rdf:resource="#10000100_1536652825" />
<cim:ConductingEquipment.BaseVoltage rdf:resource="#BaseVoltage_5"/>
<iescim:PowerSystemResource.SubType>3</iescim:PowerSystemResource.SubType>
<iescim:PowerSystemResource.DeviceID>5629499537835036</iescim:PowerSystemResource.DeviceID>
<iescim:PowerSystemResource.DeviceType>20</iescim:PowerSystemResource.DeviceType>
</cim:ACLineSegment>
<cim:ACLineSegment rdf:ID="14000000_1536721472">
<cim:IdentifiedObject.name>10kV竹清线927间隔站外-超连接线</cim:IdentifiedObject.name>
<cim:IdentifiedObject.bianhao></cim:IdentifiedObject.bianhao>
<cim:PowerSystemResource.Circuit rdf:resource="#10000100_1536652825" />
<cim:ConductingEquipment.BaseVoltage rdf:resource="#BaseVoltage_5"/>
<iescim:PowerSystemResource.SubType>1</iescim:PowerSystemResource.SubType>
<iescim:PowerSystemResource.DeviceID>5629499537835037</iescim:PowerSystemResource.DeviceID>
<iescim:PowerSystemResource.DeviceType>20</iescim:PowerSystemResource.DeviceType>
</cim:ACLineSegment>
<cim:ACLineSegment rdf:ID="20100000_1536722011">
<cim:IdentifiedObject.name>10kV竹清线927间隔站外-超连接线-10kV竹清线927线路#001杆</cim:IdentifiedObject.name>
<cim:IdentifiedObject.bianhao></cim:IdentifiedObject.bianhao>
<cim:PowerSystemResource.Circuit rdf:resource="#10000100_1536652825" />
<cim:ConductingEquipment.BaseVoltage rdf:resource="#BaseVoltage_5"/>
<iescim:PowerSystemResource.SubType>1</iescim:PowerSystemResource.SubType>
<iescim:PowerSystemResource.DeviceID>5629499537835038</iescim:PowerSystemResource.DeviceID>
<iescim:PowerSystemResource.DeviceType>20</iescim:PowerSystemResource.DeviceType>
</cim:ACLineSegment>
<cim:ACLineSegment rdf:ID="10100000_1536722774">
<cim:IdentifiedObject.name>10kV竹清线927线路#001-10kV竹清线927线路#002</cim:IdentifiedObject.name>
<cim:IdentifiedObject.bianhao></cim:IdentifiedObject.bianhao>
<cim:PowerSystemResource.Circuit rdf:resource="#10000100_1536652825" />
<cim:ConductingEquipment.BaseVoltage rdf:resource="#BaseVoltage_5"/>
<iescim:PowerSystemResource.SubType>2</iescim:PowerSystemResource.SubType>
<iescim:PowerSystemResource.DeviceID>5629499537856229</iescim:PowerSystemResource.DeviceID>
<iescim:PowerSystemResource.DeviceType>20</iescim:PowerSystemResource.DeviceType>
</cim:ACLineSegment>
<cim:ACLineSegment rdf:ID="13000000_1536902729">
<cim:IdentifiedObject.name>站外-连接线</cim:IdentifiedObject.name>
<cim:IdentifiedObject.bianhao></cim:IdentifiedObject.bianhao>
<cim:PowerSystemResource.Circuit rdf:resource="#10000100_1536652825" />
<cim:ConductingEquipment.BaseVoltage rdf:resource="#BaseVoltage_5"/>
<iescim:PowerSystemResource.SubType>3</iescim:PowerSystemResource.SubType>
<iescim:PowerSystemResource.DeviceID>5629499537856230</iescim:PowerSystemResource.DeviceID>
<iescim:PowerSystemResource.DeviceType>20</iescim:PowerSystemResource.DeviceType>
</cim:ACLineSegment>
<cim:ACLineSegment rdf:ID="13000000_1536902731">
<cim:IdentifiedObject.name>站外-连接线</cim:IdentifiedObject.name>
<cim:IdentifiedObject.bianhao></cim:IdentifiedObject.bianhao>
<cim:PowerSystemResource.Circuit rdf:resource="#10000100_1536652825" />
<cim:ConductingEquipment.BaseVoltage rdf:resource="#BaseVoltage_5"/>
<iescim:PowerSystemResource.SubType>3</iescim:PowerSystemResource.SubType>
<iescim:PowerSystemResource.DeviceID>5629499537856231</iescim:PowerSystemResource.DeviceID>
<iescim:PowerSystemResource.DeviceType>20</iescim:PowerSystemResource.DeviceType>
</cim:ACLineSegment>
<cim:ACLineSegment rdf:ID="10100000_1536861824">
<cim:IdentifiedObject.name>10kV竹清线927线路#029-10kV竹清线927线路#030</cim:IdentifiedObject.name>
<cim:IdentifiedObject.bianhao></cim:IdentifiedObject.bianhao>
<cim:PowerSystemResource.Circuit rdf:resource="#10000100_1536652825" />
<cim:ConductingEquipment.BaseVoltage rdf:resource="#BaseVoltage_5"/>
<iescim:PowerSystemResource.SubType>2</iescim:PowerSystemResource.SubType>
<iescim:PowerSystemResource.DeviceID>5629499537931466</iescim:PowerSystemResource.DeviceID>
<iescim:PowerSystemResource.DeviceType>20</iescim:PowerSystemResource.DeviceType>
</cim:ACLineSegment>
<cim:ACLineSegment rdf:ID="10100000_1542135973">
<cim:IdentifiedObject.name>10kV竹清线927线路#002-10kV竹清线927线路#002-1杆</cim:IdentifiedObject.name>
<cim:IdentifiedObject.bianhao></cim:IdentifiedObject.bianhao>
<cim:PowerSystemResource.Circuit rdf:resource="#10000100_1536652825" />
<cim:ConductingEquipment.BaseVoltage rdf:resource="#BaseVoltage_5"/>
<iescim:PowerSystemResource.SubType>2</iescim:PowerSystemResource.SubType>
<iescim:PowerSystemResource.DeviceID>5629499537931467</iescim:PowerSystemResource.DeviceID>
<iescim:PowerSystemResource.DeviceType>20</iescim:PowerSystemResource.DeviceType>
</cim:ACLineSegment>
<cim:ACLineSegment rdf:ID="13000000_1542132258">
<cim:IdentifiedObject.name>站外-连接线</cim:IdentifiedObject.name>
<cim:IdentifiedObject.bianhao></cim:IdentifiedObject.bianhao>
<cim:PowerSystemResource.Circuit rdf:resource="#10000100_1536652825" />
<cim:ConductingEquipment.BaseVoltage rdf:resource="#BaseVoltage_5"/>
<iescim:PowerSystemResource.SubType>3</iescim:PowerSystemResource.SubType>
<iescim:PowerSystemResource.DeviceID>5629499537931468</iescim:PowerSystemResource.DeviceID>
<iescim:PowerSystemResource.DeviceType>20</iescim:PowerSystemResource.DeviceType>
</cim:ACLineSegment>
<cim:ACLineSegment rdf:ID="13000000_1542132570">
<cim:IdentifiedObject.name>站外-连接线</cim:IdentifiedObject.name>
<cim:IdentifiedObject.bianhao></cim:IdentifiedObject.bianhao>
<cim:PowerSystemResource.Circuit rdf:resource="#10000100_1536652825" />
<cim:ConductingEquipment.BaseVoltage rdf:resource="#BaseVoltage_5"/>
<iescim:PowerSystemResource.SubType>3</iescim:PowerSystemResource.SubType>
<iescim:PowerSystemResource.DeviceID>5629499537931469</iescim:PowerSystemResource.DeviceID>
<iescim:PowerSystemResource.DeviceType>20</iescim:PowerSystemResource.DeviceType>
</cim:ACLineSegment>
<cim:ACLineSegment rdf:ID="13000000_1542139418">
<cim:IdentifiedObject.name>站外-连接线</cim:IdentifiedObject.name>
<cim:IdentifiedObject.bianhao></cim:IdentifiedObject.bianhao>
<cim:PowerSystemResource.Circuit rdf:resource="#10000100_1536652825" />
<cim:ConductingEquipment.BaseVoltage rdf:resource="#BaseVoltage_5"/>
<iescim:PowerSystemResource.SubType>3</iescim:PowerSystemResource.SubType>
<iescim:PowerSystemResource.DeviceID>5629499537931470</iescim:PowerSystemResource.DeviceID>
<iescim:PowerSystemResource.DeviceType>20</iescim:PowerSystemResource.DeviceType>
</cim:ACLineSegment>
<cim:ACLineSegment rdf:ID="13000000_1542140364">
<cim:IdentifiedObject.name>站外-连接线</cim:IdentifiedObject.name>
<cim:IdentifiedObject.bianhao></cim:IdentifiedObject.bianhao>
<cim:PowerSystemResource.Circuit rdf:resource="#10000100_1536652825" />
<cim:ConductingEquipment.BaseVoltage rdf:resource="#BaseVoltage_5"/>
<iescim:PowerSystemResource.SubType>3</iescim:PowerSystemResource.SubType>
<iescim:PowerSystemResource.DeviceID>5629499537931471</iescim:PowerSystemResource.DeviceID>
<iescim:PowerSystemResource.DeviceType>20</iescim:PowerSystemResource.DeviceType>
</cim:ACLineSegment>
<cim:ACLineSegment rdf:ID="10100000_12868890">
<cim:IdentifiedObject.name>10kV岭头亭线987线路乡直分线#015杆-10kV岭头亭线987线路乡直分线#016杆导线</cim:IdentifiedObject.name>
<cim:IdentifiedObject.bianhao></cim:IdentifiedObject.bianhao>
<cim:PowerSystemResource.Circuit rdf:resource="#10000100_1536652825" />
<cim:ConductingEquipment.BaseVoltage rdf:resource="#BaseVoltage_5"/>
<iescim:PowerSystemResource.SubType>2</iescim:PowerSystemResource.SubType>
<iescim:PowerSystemResource.DeviceID>5629499538008323</iescim:PowerSystemResource.DeviceID>
<iescim:PowerSystemResource.DeviceType>20</iescim:PowerSystemResource.DeviceType>
</cim:ACLineSegment>
<cim:Pole rdf:ID="10200001_1536723030">
<cim:IdentifiedObject.name>10kV竹清线927线路#001杆</cim:IdentifiedObject.name>
<cim:IdentifiedObject.bianhao></cim:IdentifiedObject.bianhao>
<cim:PowerSystemResource.Circuit rdf:resource="#10000100_1536652825" />
<cim:ConductingEquipment.BaseVoltage rdf:resource="#BaseVoltage_5"/>
<iescim:PowerSystemResource.DeviceType>43</iescim:PowerSystemResource.DeviceType>
<iescim:PowerSystemResource.SubType>1</iescim:PowerSystemResource.SubType>
<iescim:PowerSystemResource.DeviceID>12103423998646709</iescim:PowerSystemResource.DeviceID>
</cim:Pole>
<cim:Pole rdf:ID="10200001_1536861941">
<cim:IdentifiedObject.name>10kV竹清线927线路#034杆</cim:IdentifiedObject.name>
<cim:IdentifiedObject.bianhao></cim:IdentifiedObject.bianhao>
<cim:PowerSystemResource.Circuit rdf:resource="#10000100_1536652825" />
<cim:ConductingEquipment.BaseVoltage rdf:resource="#BaseVoltage_5"/>
<iescim:PowerSystemResource.DeviceType>43</iescim:PowerSystemResource.DeviceType>
<iescim:PowerSystemResource.SubType>1</iescim:PowerSystemResource.SubType>
<iescim:PowerSystemResource.DeviceID>12103423998646878</iescim:PowerSystemResource.DeviceID>
</cim:Pole>
<cim:Pole rdf:ID="10200001_1536723031">
<cim:IdentifiedObject.name>10kV竹清线927线路#002杆</cim:IdentifiedObject.name>
<cim:IdentifiedObject.bianhao></cim:IdentifiedObject.bianhao>
<cim:PowerSystemResource.Circuit rdf:resource="#10000100_1536652825" />
<cim:ConductingEquipment.BaseVoltage rdf:resource="#BaseVoltage_5"/>
<iescim:PowerSystemResource.DeviceType>43</iescim:PowerSystemResource.DeviceType>
<iescim:PowerSystemResource.SubType>1</iescim:PowerSystemResource.SubType>
<iescim:PowerSystemResource.DeviceID>12103423998648947</iescim:PowerSystemResource.DeviceID>
</cim:Pole>
<cim:Pole rdf:ID="10200001_1542116917">
<cim:IdentifiedObject.name>10kV竹清线927线路#002-1杆</cim:IdentifiedObject.name>
<cim:IdentifiedObject.bianhao></cim:IdentifiedObject.bianhao>
<cim:PowerSystemResource.Circuit rdf:resource="#10000100_1536652825" />
<cim:ConductingEquipment.BaseVoltage rdf:resource="#BaseVoltage_5"/>
<iescim:PowerSystemResource.DeviceType>43</iescim:PowerSystemResource.DeviceType>
<iescim:PowerSystemResource.SubType>1</iescim:PowerSystemResource.SubType>
<iescim:PowerSystemResource.DeviceID>12103423998648948</iescim:PowerSystemResource.DeviceID>
</cim:Pole>
<cim:ConnectivityNode rdf:ID="9288674231453237">
<iescim:PowerSystemResource.SubType>0</iescim:PowerSystemResource.SubType>
<iescim:PowerSystemResource.DeviceID>9288674231453237</iescim:PowerSystemResource.DeviceID>
<iescim:PowerSystemResource.DeviceType>33</iescim:PowerSystemResource.DeviceType>
</cim:ConnectivityNode>
<cim:ConnectivityNode rdf:ID="9288674231453258">
<iescim:PowerSystemResource.SubType>0</iescim:PowerSystemResource.SubType>
<iescim:PowerSystemResource.DeviceID>9288674231453258</iescim:PowerSystemResource.DeviceID>
<iescim:PowerSystemResource.DeviceType>33</iescim:PowerSystemResource.DeviceType>
</cim:ConnectivityNode>
<cim:ConnectivityNode rdf:ID="9288674231454396">
<iescim:PowerSystemResource.SubType>0</iescim:PowerSystemResource.SubType>
<iescim:PowerSystemResource.DeviceID>9288674231454396</iescim:PowerSystemResource.DeviceID>
<iescim:PowerSystemResource.DeviceType>33</iescim:PowerSystemResource.DeviceType>
</cim:ConnectivityNode>
<cim:ConnectivityNode rdf:ID="9288674231483553">
<iescim:PowerSystemResource.SubType>0</iescim:PowerSystemResource.SubType>
<iescim:PowerSystemResource.DeviceID>9288674231483553</iescim:PowerSystemResource.DeviceID>
<iescim:PowerSystemResource.DeviceType>33</iescim:PowerSystemResource.DeviceType>
</cim:ConnectivityNode>
<cim:ConnectivityNode rdf:ID="9288674231491150">
<iescim:PowerSystemResource.SubType>0</iescim:PowerSystemResource.SubType>
<iescim:PowerSystemResource.DeviceID>9288674231491150</iescim:PowerSystemResource.DeviceID>
<iescim:PowerSystemResource.DeviceType>33</iescim:PowerSystemResource.DeviceType>
</cim:ConnectivityNode>
<cim:ConnectivityNode rdf:ID="9288674231528049">
<iescim:PowerSystemResource.SubType>0</iescim:PowerSystemResource.SubType>
<iescim:PowerSystemResource.DeviceID>9288674231528049</iescim:PowerSystemResource.DeviceID>
<iescim:PowerSystemResource.DeviceType>33</iescim:PowerSystemResource.DeviceType>
</cim:ConnectivityNode>
<cim:ConnectivityNode rdf:ID="9288674231535858">
<iescim:PowerSystemResource.SubType>0</iescim:PowerSystemResource.SubType>
<iescim:PowerSystemResource.DeviceID>9288674231535858</iescim:PowerSystemResource.DeviceID>
<iescim:PowerSystemResource.DeviceType>33</iescim:PowerSystemResource.DeviceType>
</cim:ConnectivityNode>
<cim:ConnectivityNode rdf:ID="9288674248010836">
<iescim:PowerSystemResource.SubType>0</iescim:PowerSystemResource.SubType>
<iescim:PowerSystemResource.DeviceID>9288674248010836</iescim:PowerSystemResource.DeviceID>
<iescim:PowerSystemResource.DeviceType>33</iescim:PowerSystemResource.DeviceType>
</cim:ConnectivityNode>
<cim:ConnectivityNode rdf:ID="9288674248010837">
<iescim:PowerSystemResource.SubType>0</iescim:PowerSystemResource.SubType>
<iescim:PowerSystemResource.DeviceID>9288674248010837</iescim:PowerSystemResource.DeviceID>
<iescim:PowerSystemResource.DeviceType>33</iescim:PowerSystemResource.DeviceType>
</cim:ConnectivityNode>
<cim:ConnectivityNode rdf:ID="9288674248010838">
<iescim:PowerSystemResource.SubType>0</iescim:PowerSystemResource.SubType>
<iescim:PowerSystemResource.DeviceID>9288674248010838</iescim:PowerSystemResource.DeviceID>
<iescim:PowerSystemResource.DeviceType>33</iescim:PowerSystemResource.DeviceType>
</cim:ConnectivityNode>
<cim:ConnectivityNode rdf:ID="9288674248010839">
<iescim:PowerSystemResource.SubType>0</iescim:PowerSystemResource.SubType>
<iescim:PowerSystemResource.DeviceID>9288674248010839</iescim:PowerSystemResource.DeviceID>
<iescim:PowerSystemResource.DeviceType>33</iescim:PowerSystemResource.DeviceType>
</cim:ConnectivityNode>
<cim:ConnectivityNode rdf:ID="9288674248010840">
<iescim:PowerSystemResource.SubType>0</iescim:PowerSystemResource.SubType>
<iescim:PowerSystemResource.DeviceID>9288674248010840</iescim:PowerSystemResource.DeviceID>
<iescim:PowerSystemResource.DeviceType>33</iescim:PowerSystemResource.DeviceType>
</cim:ConnectivityNode>
<cim:ConnectivityNode rdf:ID="9288674248010841">
<iescim:PowerSystemResource.SubType>0</iescim:PowerSystemResource.SubType>
<iescim:PowerSystemResource.DeviceID>9288674248010841</iescim:PowerSystemResource.DeviceID>
<iescim:PowerSystemResource.DeviceType>33</iescim:PowerSystemResource.DeviceType>
</cim:ConnectivityNode>
<cim:ConnectivityNode rdf:ID="9288674248010842">
<iescim:PowerSystemResource.SubType>0</iescim:PowerSystemResource.SubType>
<iescim:PowerSystemResource.DeviceID>9288674248010842</iescim:PowerSystemResource.DeviceID>
<iescim:PowerSystemResource.DeviceType>33</iescim:PowerSystemResource.DeviceType>
</cim:ConnectivityNode>
<cim:ConnectivityNode rdf:ID="9288674248080161">
<iescim:PowerSystemResource.SubType>0</iescim:PowerSystemResource.SubType>
<iescim:PowerSystemResource.DeviceID>9288674248080161</iescim:PowerSystemResource.DeviceID>
<iescim:PowerSystemResource.DeviceType>33</iescim:PowerSystemResource.DeviceType>
</cim:ConnectivityNode>
<cim:ConnectivityNode rdf:ID="9288674248080162">
<iescim:PowerSystemResource.SubType>0</iescim:PowerSystemResource.SubType>
<iescim:PowerSystemResource.DeviceID>9288674248080162</iescim:PowerSystemResource.DeviceID>
<iescim:PowerSystemResource.DeviceType>33</iescim:PowerSystemResource.DeviceType>
</cim:ConnectivityNode>
<cim:ConnectivityNode rdf:ID="9288674248080163">
<iescim:PowerSystemResource.SubType>0</iescim:PowerSystemResource.SubType>
<iescim:PowerSystemResource.DeviceID>9288674248080163</iescim:PowerSystemResource.DeviceID>
<iescim:PowerSystemResource.DeviceType>33</iescim:PowerSystemResource.DeviceType>
</cim:ConnectivityNode>
<cim:ConnectivityNode rdf:ID="9288674248080164">
<iescim:PowerSystemResource.SubType>0</iescim:PowerSystemResource.SubType>
<iescim:PowerSystemResource.DeviceID>9288674248080164</iescim:PowerSystemResource.DeviceID>
<iescim:PowerSystemResource.DeviceType>33</iescim:PowerSystemResource.DeviceType>
</cim:ConnectivityNode>
<cim:ConnectivityNode rdf:ID="9288674248080165">
<iescim:PowerSystemResource.SubType>0</iescim:PowerSystemResource.SubType>
<iescim:PowerSystemResource.DeviceID>9288674248080165</iescim:PowerSystemResource.DeviceID>
<iescim:PowerSystemResource.DeviceType>33</iescim:PowerSystemResource.DeviceType>
</cim:ConnectivityNode>
<cim:ConnectivityNode rdf:ID="9288674249569218">
<iescim:PowerSystemResource.SubType>0</iescim:PowerSystemResource.SubType>
<iescim:PowerSystemResource.DeviceID>9288674249569218</iescim:PowerSystemResource.DeviceID>
<iescim:PowerSystemResource.DeviceType>33</iescim:PowerSystemResource.DeviceType>
</cim:ConnectivityNode>
<cim:ConnectivityNode rdf:ID="9288674249569219">
<iescim:PowerSystemResource.SubType>0</iescim:PowerSystemResource.SubType>
<iescim:PowerSystemResource.DeviceID>9288674249569219</iescim:PowerSystemResource.DeviceID>
<iescim:PowerSystemResource.DeviceType>33</iescim:PowerSystemResource.DeviceType>
</cim:ConnectivityNode>
<cim:ConnectivityNode rdf:ID="9288674249569220">
<iescim:PowerSystemResource.SubType>0</iescim:PowerSystemResource.SubType>
<iescim:PowerSystemResource.DeviceID>9288674249569220</iescim:PowerSystemResource.DeviceID>
<iescim:PowerSystemResource.DeviceType>33</iescim:PowerSystemResource.DeviceType>
</cim:ConnectivityNode>
<cim:ConnectivityNode rdf:ID="9288674249569222">
<iescim:PowerSystemResource.SubType>0</iescim:PowerSystemResource.SubType>
<iescim:PowerSystemResource.DeviceID>9288674249569222</iescim:PowerSystemResource.DeviceID>
<iescim:PowerSystemResource.DeviceType>33</iescim:PowerSystemResource.DeviceType>
</cim:ConnectivityNode>
<cim:ConnectivityNode rdf:ID="9288674249569223">
<iescim:PowerSystemResource.SubType>0</iescim:PowerSystemResource.SubType>
<iescim:PowerSystemResource.DeviceID>9288674249569223</iescim:PowerSystemResource.DeviceID>
<iescim:PowerSystemResource.DeviceType>33</iescim:PowerSystemResource.DeviceType>
</cim:ConnectivityNode>
<cim:ConnectivityNode rdf:ID="9288674249569224">
<iescim:PowerSystemResource.SubType>0</iescim:PowerSystemResource.SubType>
<iescim:PowerSystemResource.DeviceID>9288674249569224</iescim:PowerSystemResource.DeviceID>
<iescim:PowerSystemResource.DeviceType>33</iescim:PowerSystemResource.DeviceType>
</cim:ConnectivityNode>
<cim:ConnectivityNode rdf:ID="9288674249569225">
<iescim:PowerSystemResource.SubType>0</iescim:PowerSystemResource.SubType>
<iescim:PowerSystemResource.DeviceID>9288674249569225</iescim:PowerSystemResource.DeviceID>
<iescim:PowerSystemResource.DeviceType>33</iescim:PowerSystemResource.DeviceType>
</cim:ConnectivityNode>
<cim:ConnectivityNode rdf:ID="9288674249569226">
<iescim:PowerSystemResource.SubType>0</iescim:PowerSystemResource.SubType>
<iescim:PowerSystemResource.DeviceID>9288674249569226</iescim:PowerSystemResource.DeviceID>
<iescim:PowerSystemResource.DeviceType>33</iescim:PowerSystemResource.DeviceType>
</cim:ConnectivityNode>
<cim:ConnectivityNode rdf:ID="9288674249569227">
<iescim:PowerSystemResource.SubType>0</iescim:PowerSystemResource.SubType>
<iescim:PowerSystemResource.DeviceID>9288674249569227</iescim:PowerSystemResource.DeviceID>
<iescim:PowerSystemResource.DeviceType>33</iescim:PowerSystemResource.DeviceType>
</cim:ConnectivityNode>
<cim:ConnectivityNode rdf:ID="9288674253893700">
<iescim:PowerSystemResource.SubType>0</iescim:PowerSystemResource.SubType>
<iescim:PowerSystemResource.DeviceID>9288674253893700</iescim:PowerSystemResource.DeviceID>
<iescim:PowerSystemResource.DeviceType>33</iescim:PowerSystemResource.DeviceType>
</cim:ConnectivityNode>
<cim:Terminal rdf:ID="4155715">
<cim:Terminal.ConductingEquipment rdf:resource="#30500000_2355265"/>
<cim:Terminal.ConnectivityNode rdf:resource="#9288674231491150"/>
</cim:Terminal>
<cim:Terminal rdf:ID="4155716">
<cim:Terminal.ConductingEquipment rdf:resource="#30500000_2355265"/>
<cim:Terminal.ConnectivityNode rdf:resource="#9288674231535858"/>
</cim:Terminal>
<cim:Terminal rdf:ID="4155723">
<cim:Terminal.ConductingEquipment rdf:resource="#30600001_3697366"/>
<cim:Terminal.ConnectivityNode rdf:resource="#9288674231491150"/>
</cim:Terminal>
<cim:Terminal rdf:ID="4155719">
<cim:Terminal.ConductingEquipment rdf:resource="#4155717"/>
<cim:Terminal.ConnectivityNode rdf:resource="#9288674231535858"/>
</cim:Terminal>
<cim:Terminal rdf:ID="4155720">
<cim:Terminal.ConductingEquipment rdf:resource="#4155717"/>
<cim:Terminal.ConnectivityNode rdf:resource="#9288674253893700"/>
</cim:Terminal>
<cim:Terminal rdf:ID="11500000_1542089090_1">
<cim:Terminal.ConductingEquipment rdf:resource="#11500000_1542089090"/>
<cim:Terminal.ConnectivityNode rdf:resource="#9288674249569222"/>
</cim:Terminal>
<cim:Terminal rdf:ID="11500000_1542089090_2">
<cim:Terminal.ConductingEquipment rdf:resource="#11500000_1542089090"/>
<cim:Terminal.ConnectivityNode rdf:resource="#9288674249569223"/>
</cim:Terminal>
<cim:Terminal rdf:ID="11300000_1536718823_1">
<cim:Terminal.ConductingEquipment rdf:resource="#11300000_1536718823"/>
<cim:Terminal.ConnectivityNode rdf:resource="#9288674248010842"/>
</cim:Terminal>
<cim:Terminal rdf:ID="11300000_1536718823_2">
<cim:Terminal.ConductingEquipment rdf:resource="#11300000_1536718823"/>
<cim:Terminal.ConnectivityNode rdf:resource="#9288674248010841"/>
</cim:Terminal>
<cim:Terminal rdf:ID="11300000_1536902247_1">
<cim:Terminal.ConductingEquipment rdf:resource="#11300000_1536902247"/>
<cim:Terminal.ConnectivityNode rdf:resource="#9288674248080165"/>
</cim:Terminal>
<cim:Terminal rdf:ID="11300000_1536902247_2">
<cim:Terminal.ConductingEquipment rdf:resource="#11300000_1536902247"/>
<cim:Terminal.ConnectivityNode rdf:resource="#9288674248080164"/>
</cim:Terminal>
<cim:Terminal rdf:ID="11300000_1542130360_1">
<cim:Terminal.ConductingEquipment rdf:resource="#11300000_1542130360"/>
<cim:Terminal.ConnectivityNode rdf:resource="#9288674249569227"/>
</cim:Terminal>
<cim:Terminal rdf:ID="11300000_1542130360_2">
<cim:Terminal.ConductingEquipment rdf:resource="#11300000_1542130360"/>
<cim:Terminal.ConnectivityNode rdf:resource="#9288674249569226"/>
</cim:Terminal>
<cim:Terminal rdf:ID="11100000_1536719034_1">
<cim:Terminal.ConductingEquipment rdf:resource="#11100000_1536719034"/>
<cim:Terminal.ConnectivityNode rdf:resource="#9288674248010840"/>
</cim:Terminal>
<cim:Terminal rdf:ID="11100000_1536719034_2">
<cim:Terminal.ConductingEquipment rdf:resource="#11100000_1536719034"/>
<cim:Terminal.ConnectivityNode rdf:resource="#9288674248010839"/>
</cim:Terminal>
<cim:Terminal rdf:ID="11100000_1536893385_1">
<cim:Terminal.ConductingEquipment rdf:resource="#11100000_1536893385"/>
<cim:Terminal.ConnectivityNode rdf:resource="#9288674248080163"/>
</cim:Terminal>
<cim:Terminal rdf:ID="11100000_1536893385_2">
<cim:Terminal.ConductingEquipment rdf:resource="#11100000_1536893385"/>
<cim:Terminal.ConnectivityNode rdf:resource="#9288674248080162"/>
</cim:Terminal>
<cim:Terminal rdf:ID="11100000_1542120301_1">
<cim:Terminal.ConductingEquipment rdf:resource="#11100000_1542120301"/>
<cim:Terminal.ConnectivityNode rdf:resource="#9288674249569225"/>
</cim:Terminal>
<cim:Terminal rdf:ID="11100000_1542120301_2">
<cim:Terminal.ConductingEquipment rdf:resource="#11100000_1542120301"/>
<cim:Terminal.ConnectivityNode rdf:resource="#9288674249569224"/>
</cim:Terminal>
<cim:Terminal rdf:ID="20200000_1536720640_1">
<cim:Terminal.ConductingEquipment rdf:resource="#20200000_1536720640"/>
<cim:Terminal.ConnectivityNode rdf:resource="#9288674248010836"/>
</cim:Terminal>
<cim:Terminal rdf:ID="20200000_1536720641_1">
<cim:Terminal.ConductingEquipment rdf:resource="#20200000_1536720641"/>
<cim:Terminal.ConnectivityNode rdf:resource="#9288674248010838"/>
</cim:Terminal>
<cim:Terminal rdf:ID="32000000_5658216_1">
<cim:Terminal.ConductingEquipment rdf:resource="#32000000_5658216"/>
<cim:Terminal.ConnectivityNode rdf:resource="#9288674231491150"/>
</cim:Terminal>
<cim:Terminal rdf:ID="13000000_1536722385_1">
<cim:Terminal.ConductingEquipment rdf:resource="#13000000_1536722385"/>
<cim:Terminal.ConnectivityNode rdf:resource="#9288674248010838"/>
</cim:Terminal>
<cim:Terminal rdf:ID="13000000_1536722385_2">
<cim:Terminal.ConductingEquipment rdf:resource="#13000000_1536722385"/>
<cim:Terminal.ConnectivityNode rdf:resource="#9288674248010839"/>
</cim:Terminal>
<cim:Terminal rdf:ID="13000000_1536724152_1">
<cim:Terminal.ConductingEquipment rdf:resource="#13000000_1536724152"/>
<cim:Terminal.ConnectivityNode rdf:resource="#9288674248010841"/>
</cim:Terminal>
<cim:Terminal rdf:ID="13000000_1536724152_2">
<cim:Terminal.ConductingEquipment rdf:resource="#13000000_1536724152"/>
<cim:Terminal.ConnectivityNode rdf:resource="#9288674248010840"/>
</cim:Terminal>
<cim:Terminal rdf:ID="13000000_1536724156_1">
<cim:Terminal.ConductingEquipment rdf:resource="#13000000_1536724156"/>
<cim:Terminal.ConnectivityNode rdf:resource="#9288674248010837"/>
</cim:Terminal>
<cim:Terminal rdf:ID="13000000_1536724156_2">
<cim:Terminal.ConductingEquipment rdf:resource="#13000000_1536724156"/>
<cim:Terminal.ConnectivityNode rdf:resource="#9288674248010842"/>
</cim:Terminal>
<cim:Terminal rdf:ID="14000000_1536721472_1">
<cim:Terminal.ConductingEquipment rdf:resource="#14000000_1536721472"/>
<cim:Terminal.ConnectivityNode rdf:resource="#9288674231491150"/>
</cim:Terminal>
<cim:Terminal rdf:ID="14000000_1536721472_2">
<cim:Terminal.ConductingEquipment rdf:resource="#14000000_1536721472"/>
<cim:Terminal.ConnectivityNode rdf:resource="#9288674248010836"/>
</cim:Terminal>
<cim:Terminal rdf:ID="20100000_1536722011_1">
<cim:Terminal.ConductingEquipment rdf:resource="#20100000_1536722011"/>
<cim:Terminal.ConnectivityNode rdf:resource="#9288674248010836"/>
</cim:Terminal>
<cim:Terminal rdf:ID="20100000_1536722011_2">
<cim:Terminal.ConductingEquipment rdf:resource="#20100000_1536722011"/>
<cim:Terminal.ConnectivityNode rdf:resource="#9288674248010838"/>
</cim:Terminal>
<cim:Terminal rdf:ID="10100000_1536722774_1">
<cim:Terminal.ConductingEquipment rdf:resource="#10100000_1536722774"/>
<cim:Terminal.ConnectivityNode rdf:resource="#9288674248010837"/>
</cim:Terminal>
<cim:Terminal rdf:ID="10100000_1536722774_2">
<cim:Terminal.ConductingEquipment rdf:resource="#10100000_1536722774"/>
<cim:Terminal.ConnectivityNode rdf:resource="#9288674249569218"/>
</cim:Terminal>
<cim:Terminal rdf:ID="13000000_1536902729_1">
<cim:Terminal.ConductingEquipment rdf:resource="#13000000_1536902729"/>
<cim:Terminal.ConnectivityNode rdf:resource="#9288674248080164"/>
</cim:Terminal>
<cim:Terminal rdf:ID="13000000_1536902729_2">
<cim:Terminal.ConductingEquipment rdf:resource="#13000000_1536902729"/>
<cim:Terminal.ConnectivityNode rdf:resource="#9288674248080163"/>
</cim:Terminal>
<cim:Terminal rdf:ID="13000000_1536902731_1">
<cim:Terminal.ConductingEquipment rdf:resource="#13000000_1536902731"/>
<cim:Terminal.ConnectivityNode rdf:resource="#9288674248080161"/>
</cim:Terminal>
<cim:Terminal rdf:ID="13000000_1536902731_2">
<cim:Terminal.ConductingEquipment rdf:resource="#13000000_1536902731"/>
<cim:Terminal.ConnectivityNode rdf:resource="#9288674248080165"/>
</cim:Terminal>
<cim:Terminal rdf:ID="10100000_1536861824_1">
<cim:Terminal.ConductingEquipment rdf:resource="#10100000_1536861824"/>
<cim:Terminal.ConnectivityNode rdf:resource="#9288674249569218"/>
</cim:Terminal>
<cim:Terminal rdf:ID="10100000_1536861824_2">
<cim:Terminal.ConductingEquipment rdf:resource="#10100000_1536861824"/>
<cim:Terminal.ConnectivityNode rdf:resource="#9288674248080161"/>
</cim:Terminal>
<cim:Terminal rdf:ID="10100000_1542135973_1">
<cim:Terminal.ConductingEquipment rdf:resource="#10100000_1542135973"/>
<cim:Terminal.ConnectivityNode rdf:resource="#9288674249569224"/>
</cim:Terminal>
<cim:Terminal rdf:ID="10100000_1542135973_2">
<cim:Terminal.ConductingEquipment rdf:resource="#10100000_1542135973"/>
<cim:Terminal.ConnectivityNode rdf:resource="#9288674249569219"/>
</cim:Terminal>
<cim:Terminal rdf:ID="13000000_1542132258_1">
<cim:Terminal.ConductingEquipment rdf:resource="#13000000_1542132258"/>
<cim:Terminal.ConnectivityNode rdf:resource="#9288674249569219"/>
</cim:Terminal>
<cim:Terminal rdf:ID="13000000_1542132258_2">
<cim:Terminal.ConductingEquipment rdf:resource="#13000000_1542132258"/>
<cim:Terminal.ConnectivityNode rdf:resource="#9288674249569222"/>
</cim:Terminal>
<cim:Terminal rdf:ID="13000000_1542132570_1">
<cim:Terminal.ConductingEquipment rdf:resource="#13000000_1542132570"/>
<cim:Terminal.ConnectivityNode rdf:resource="#9288674249569223"/>
</cim:Terminal>
<cim:Terminal rdf:ID="13000000_1542132570_2">
<cim:Terminal.ConductingEquipment rdf:resource="#13000000_1542132570"/>
<cim:Terminal.ConnectivityNode rdf:resource="#9288674249569220"/>
</cim:Terminal>
<cim:Terminal rdf:ID="13000000_1542139418_1">
<cim:Terminal.ConductingEquipment rdf:resource="#13000000_1542139418"/>
<cim:Terminal.ConnectivityNode rdf:resource="#9288674249569226"/>
</cim:Terminal>
<cim:Terminal rdf:ID="13000000_1542139418_2">
<cim:Terminal.ConductingEquipment rdf:resource="#13000000_1542139418"/>
<cim:Terminal.ConnectivityNode rdf:resource="#9288674249569225"/>
</cim:Terminal>
<cim:Terminal rdf:ID="13000000_1542140364_1">
<cim:Terminal.ConductingEquipment rdf:resource="#13000000_1542140364"/>
<cim:Terminal.ConnectivityNode rdf:resource="#9288674249569218"/>
</cim:Terminal>
<cim:Terminal rdf:ID="13000000_1542140364_2">
<cim:Terminal.ConductingEquipment rdf:resource="#13000000_1542140364"/>
<cim:Terminal.ConnectivityNode rdf:resource="#9288674249569227"/>
</cim:Terminal>
<cim:Terminal rdf:ID="10100000_12868890_1">
<cim:Terminal.ConductingEquipment rdf:resource="#10100000_12868890"/>
<cim:Terminal.ConnectivityNode rdf:resource="#9288674231528049"/>
</cim:Terminal>
<cim:Terminal rdf:ID="10100000_12868890_2">
<cim:Terminal.ConductingEquipment rdf:resource="#10100000_12868890"/>
<cim:Terminal.ConnectivityNode rdf:resource="#9288674248080162"/>
</cim:Terminal>
<cim:Terminal rdf:ID="4155509">
<cim:Terminal.ConductingEquipment rdf:resource="#31100000_1223365"/>
<cim:Terminal.ConnectivityNode rdf:resource="#9288674253893700"/>
</cim:Terminal>
<cim:Terminal rdf:ID="11000001_1542049794_1">
<cim:Terminal.ConductingEquipment rdf:resource="#11000001_1542049794"/>
<cim:Terminal.ConnectivityNode rdf:resource="#9288674249569220"/>
</cim:Terminal>
<cim:Terminal rdf:ID="11100000_790313_1">
<cim:Terminal.ConductingEquipment rdf:resource="#11100000_790313"/>
<cim:Terminal.ConnectivityNode rdf:resource="#9288674231483553"/>
</cim:Terminal>
<cim:Terminal rdf:ID="11100000_790313_2">
<cim:Terminal.ConductingEquipment rdf:resource="#11100000_790313"/>
<cim:Terminal.ConnectivityNode rdf:resource="#9288674231528049"/>
</cim:Terminal>
<cim:Terminal rdf:ID="434764">
<cim:Terminal.ConductingEquipment rdf:resource="#31100000_89222"/>
<cim:Terminal.ConnectivityNode rdf:resource="#9288674231453237"/>
</cim:Terminal>
<cim:Terminal rdf:ID="433901">
<cim:Terminal.ConductingEquipment rdf:resource="#31100000_89568"/>
<cim:Terminal.ConnectivityNode rdf:resource="#9288674231453258"/>
</cim:Terminal>
<cim:Terminal rdf:ID="10200001_1536723030_1">
<cim:Terminal.ConductingEquipment rdf:resource="#10200001_1536723030"/>
<cim:Terminal.ConnectivityNode rdf:resource="#9288674248010837"/>
</cim:Terminal>
<cim:Terminal rdf:ID="10200001_1536861941_1">
<cim:Terminal.ConductingEquipment rdf:resource="#10200001_1536861941"/>
<cim:Terminal.ConnectivityNode rdf:resource="#9288674248080161"/>
</cim:Terminal>
<cim:Terminal rdf:ID="10200001_1536723031_1">
<cim:Terminal.ConductingEquipment rdf:resource="#10200001_1536723031"/>
<cim:Terminal.ConnectivityNode rdf:resource="#9288674249569218"/>
</cim:Terminal>
<cim:Terminal rdf:ID="10200001_1542116917_1">
<cim:Terminal.ConductingEquipment rdf:resource="#10200001_1542116917"/>
<cim:Terminal.ConnectivityNode rdf:resource="#9288674249569219"/>
</cim:Terminal>
<cim:Terminal rdf:ID="2672497">
<cim:Terminal.ConductingEquipment rdf:resource="#31100000_797404"/>
<cim:Terminal.ConnectivityNode rdf:resource="#9288674231454396"/>
</cim:Terminal>
</rdf:RDF>
