<?xml version="1.0" encoding="UTF-8"?>

<rdf:RDF xmlns:rdf="http://www.w3.org/1999/02/22-rdf-syntax-ns#" xmlns:cim="http://www.sgcc.com.cn/SG-CIM/2010MAY#" xmlns:iescim="http://www.ieslab.com.cn">

<cim:BaseVoltage rdf:ID="BaseVoltage_5">
<cim:IdentifiedObject.name>10kV</cim:IdentifiedObject.name>
<cim:BaseVoltage.isDC>false</cim:BaseVoltage.isDC>
<cim:BaseVoltage.nominalVoltage>10.00</cim:BaseVoltage.nominalVoltage>
<iescim:PowerSystemResource.DeviceID>5</iescim:PowerSystemResource.DeviceID>
</cim:BaseVoltage>
<cim:SubGeographicalRegion rdf:ID="8a0f688f46db11f00146db13630f0e96">
<cim:IdentifiedObject.name>国网寿宁县供电公司</cim:IdentifiedObject.name>
<cim:SubGeographicalRegion.Region rdf:resource="#_"/>
</cim:SubGeographicalRegion>
<cim:Circuit rdf:ID="10000100_48109">
<cim:IdentifiedObject.name>10kV园区I线926线路</cim:IdentifiedObject.name>
<cim:Circuit.BelongtoHVSubstation rdf:resource="#30000000_74179"/>
<cim:PowerSystemResource.SubGeographicalRegion rdf:resource="#8a0f688f46db11f00146db13630f0e96"/>
<cim:iscurrentfeeder>1</cim:iscurrentfeeder>
</cim:Circuit>
<cim:Circuit rdf:ID="10000100_48108">
<cim:IdentifiedObject.name>10kV园区II线972线路</cim:IdentifiedObject.name>
<cim:Circuit.BelongtoHVSubstation rdf:resource="#30000000_74179"/>
<cim:PowerSystemResource.SubGeographicalRegion rdf:resource="#8a0f688f46db11f00146db13630f0e96"/>
<cim:iscurrentfeeder>0</cim:iscurrentfeeder>
</cim:Circuit>
<cim:Substation rdf:ID="30000000_74179">
<cim:IdentifiedObject.name>渔溪变电站</cim:IdentifiedObject.name>
<iescim:PowerSystemResource.DeviceType>13</iescim:PowerSystemResource.DeviceType>
<iescim:PowerSystemResource.SubType>1</iescim:PowerSystemResource.SubType>
<cim:PowerSystemResource.PSRType rdf:resource="#30000000"/>
<iescim:PowerSystemResource.DeviceID>3659174697243417</iescim:PowerSystemResource.DeviceID>
<cim:PowerSystemResource.SubGeographicalRegion rdf:resource="#8a0f688f46db11f00146db13630f0e96"/>
</cim:Substation>
<cim:Substation rdf:ID="30000006_1516232335">
<cim:IdentifiedObject.name>寿宁县创联新材料科技有限公司配电室</cim:IdentifiedObject.name>
<iescim:PowerSystemResource.DeviceType>153</iescim:PowerSystemResource.DeviceType>
<iescim:PowerSystemResource.SubType>18</iescim:PowerSystemResource.SubType>
<cim:PowerSystemResource.PSRType rdf:resource="#30000006"/>
<iescim:PowerSystemResource.DeviceID>43065671436820170</iescim:PowerSystemResource.DeviceID>
<cim:PowerSystemResource.SubGeographicalRegion rdf:resource="#8a0f688f46db11f00146db13630f0e96"/>
</cim:Substation>
<cim:Substation rdf:ID="30000006_1526819196">
<cim:IdentifiedObject.name>寿宁县威跃锻造有限公司配电室</cim:IdentifiedObject.name>
<iescim:PowerSystemResource.DeviceType>153</iescim:PowerSystemResource.DeviceType>
<iescim:PowerSystemResource.SubType>18</iescim:PowerSystemResource.SubType>
<cim:PowerSystemResource.PSRType rdf:resource="#30000006"/>
<iescim:PowerSystemResource.DeviceID>43065671436821714</iescim:PowerSystemResource.DeviceID>
<cim:PowerSystemResource.SubGeographicalRegion rdf:resource="#8a0f688f46db11f00146db13630f0e96"/>
</cim:Substation>
<cim:Breaker rdf:ID="30500000_112615">
<cim:IdentifiedObject.name>渔溪变电站.10kV.园区Ⅱ线间隔.972开关</cim:IdentifiedObject.name>
<cim:IdentifiedObject.bianhao>_</cim:IdentifiedObject.bianhao>
<cim:Equipment.EquipmentContainer rdf:resource="#30000000_74179"/>
<cim:PowerSystemResource.Circuit rdf:resource="#10000100_48109" />
<cim:ConductingEquipment.BaseVoltage rdf:resource="#BaseVoltage_5"/>
<iescim:PowerSystemResource.SubType>1</iescim:PowerSystemResource.SubType>
<iescim:PowerSystemResource.DeviceID>4503599627413290</iescim:PowerSystemResource.DeviceID>
<iescim:PowerSystemResource.DeviceType>16</iescim:PowerSystemResource.DeviceType>
<iescim:PowerSystemResource.Cxmc></iescim:PowerSystemResource.Cxmc>
</cim:Breaker>
<cim:Breaker rdf:ID="30700000_1516361985">
<cim:IdentifiedObject.name>寿宁县创联新材料科技有限公司配电室913开关</cim:IdentifiedObject.name>
<cim:IdentifiedObject.bianhao>913</cim:IdentifiedObject.bianhao>
<cim:Equipment.EquipmentContainer rdf:resource="#30000006_1516232335"/>
<cim:PowerSystemResource.Circuit rdf:resource="#10000100_48109" />
<cim:ConductingEquipment.BaseVoltage rdf:resource="#BaseVoltage_5"/>
<iescim:PowerSystemResource.SubType>4</iescim:PowerSystemResource.SubType>
<iescim:PowerSystemResource.DeviceID>4503599627596998</iescim:PowerSystemResource.DeviceID>
<iescim:PowerSystemResource.DeviceType>16</iescim:PowerSystemResource.DeviceType>
<iescim:PowerSystemResource.Cxmc></iescim:PowerSystemResource.Cxmc>
</cim:Breaker>
<cim:Breaker rdf:ID="30700000_1516361983">
<cim:IdentifiedObject.name>寿宁县创联新材料科技有限公司配电室912开关</cim:IdentifiedObject.name>
<cim:IdentifiedObject.bianhao>912</cim:IdentifiedObject.bianhao>
<cim:Equipment.EquipmentContainer rdf:resource="#30000006_1516232335"/>
<cim:PowerSystemResource.Circuit rdf:resource="#10000100_48109" />
<cim:ConductingEquipment.BaseVoltage rdf:resource="#BaseVoltage_5"/>
<iescim:PowerSystemResource.SubType>4</iescim:PowerSystemResource.SubType>
<iescim:PowerSystemResource.DeviceID>4503599627596999</iescim:PowerSystemResource.DeviceID>
<iescim:PowerSystemResource.DeviceType>16</iescim:PowerSystemResource.DeviceType>
<iescim:PowerSystemResource.Cxmc></iescim:PowerSystemResource.Cxmc>
</cim:Breaker>
<cim:Breaker rdf:ID="30700000_1516361982">
<cim:IdentifiedObject.name>寿宁县创联新材料科技有限公司配电室911开关</cim:IdentifiedObject.name>
<cim:IdentifiedObject.bianhao>911</cim:IdentifiedObject.bianhao>
<cim:Equipment.EquipmentContainer rdf:resource="#30000006_1516232335"/>
<cim:PowerSystemResource.Circuit rdf:resource="#10000100_48109" />
<cim:ConductingEquipment.BaseVoltage rdf:resource="#BaseVoltage_5"/>
<iescim:PowerSystemResource.SubType>4</iescim:PowerSystemResource.SubType>
<iescim:PowerSystemResource.DeviceID>4503599627597000</iescim:PowerSystemResource.DeviceID>
<iescim:PowerSystemResource.DeviceType>16</iescim:PowerSystemResource.DeviceType>
<iescim:PowerSystemResource.Cxmc></iescim:PowerSystemResource.Cxmc>
</cim:Breaker>
<cim:Breaker rdf:ID="11100000_1516356807">
<cim:IdentifiedObject.name>10kV园区I线926线路#008杆008开关</cim:IdentifiedObject.name>
<cim:IdentifiedObject.bianhao>008</cim:IdentifiedObject.bianhao>
<cim:PowerSystemResource.Circuit rdf:resource="#10000100_48109" />
<cim:ConductingEquipment.BaseVoltage rdf:resource="#BaseVoltage_5"/>
<iescim:PowerSystemResource.SubType>2</iescim:PowerSystemResource.SubType>
<iescim:PowerSystemResource.DeviceID>4503599627597001</iescim:PowerSystemResource.DeviceID>
<iescim:PowerSystemResource.DeviceType>16</iescim:PowerSystemResource.DeviceType>
<iescim:PowerSystemResource.Cxmc></iescim:PowerSystemResource.Cxmc>
</cim:Breaker>
<cim:Breaker rdf:ID="11100000_1518555759">
<cim:IdentifiedObject.name>10kV园区I线926线路#001杆001开关</cim:IdentifiedObject.name>
<cim:IdentifiedObject.bianhao>001</cim:IdentifiedObject.bianhao>
<cim:PowerSystemResource.Circuit rdf:resource="#10000100_48109" />
<cim:ConductingEquipment.BaseVoltage rdf:resource="#BaseVoltage_5"/>
<iescim:PowerSystemResource.SubType>2</iescim:PowerSystemResource.SubType>
<iescim:PowerSystemResource.DeviceID>4503599627598597</iescim:PowerSystemResource.DeviceID>
<iescim:PowerSystemResource.DeviceType>16</iescim:PowerSystemResource.DeviceType>
<iescim:PowerSystemResource.Cxmc></iescim:PowerSystemResource.Cxmc>
</cim:Breaker>
<cim:Breaker rdf:ID="30700000_1526808899">
<cim:IdentifiedObject.name>寿宁县威跃锻造有限公司配电室10kV913负荷开关</cim:IdentifiedObject.name>
<cim:IdentifiedObject.bianhao>913</cim:IdentifiedObject.bianhao>
<cim:Equipment.EquipmentContainer rdf:resource="#30000006_1526819196"/>
<cim:PowerSystemResource.Circuit rdf:resource="#10000100_48109" />
<cim:ConductingEquipment.BaseVoltage rdf:resource="#BaseVoltage_5"/>
<iescim:PowerSystemResource.SubType>4</iescim:PowerSystemResource.SubType>
<iescim:PowerSystemResource.DeviceID>4503599627608195</iescim:PowerSystemResource.DeviceID>
<iescim:PowerSystemResource.DeviceType>16</iescim:PowerSystemResource.DeviceType>
<iescim:PowerSystemResource.Cxmc></iescim:PowerSystemResource.Cxmc>
</cim:Breaker>
<cim:Breaker rdf:ID="30700000_1526808898">
<cim:IdentifiedObject.name>寿宁县威跃锻造有限公司配电室10kV914负荷开关</cim:IdentifiedObject.name>
<cim:IdentifiedObject.bianhao>914</cim:IdentifiedObject.bianhao>
<cim:Equipment.EquipmentContainer rdf:resource="#30000006_1526819196"/>
<cim:PowerSystemResource.Circuit rdf:resource="#10000100_48109" />
<cim:ConductingEquipment.BaseVoltage rdf:resource="#BaseVoltage_5"/>
<iescim:PowerSystemResource.SubType>4</iescim:PowerSystemResource.SubType>
<iescim:PowerSystemResource.DeviceID>4503599627608196</iescim:PowerSystemResource.DeviceID>
<iescim:PowerSystemResource.DeviceType>16</iescim:PowerSystemResource.DeviceType>
<iescim:PowerSystemResource.Cxmc></iescim:PowerSystemResource.Cxmc>
</cim:Breaker>
<cim:Breaker rdf:ID="30700000_1526808897">
<cim:IdentifiedObject.name>寿宁县威跃锻造有限公司配电室10kV912负荷开关</cim:IdentifiedObject.name>
<cim:IdentifiedObject.bianhao>912</cim:IdentifiedObject.bianhao>
<cim:Equipment.EquipmentContainer rdf:resource="#30000006_1526819196"/>
<cim:PowerSystemResource.Circuit rdf:resource="#10000100_48109" />
<cim:ConductingEquipment.BaseVoltage rdf:resource="#BaseVoltage_5"/>
<iescim:PowerSystemResource.SubType>4</iescim:PowerSystemResource.SubType>
<iescim:PowerSystemResource.DeviceID>4503599627608197</iescim:PowerSystemResource.DeviceID>
<iescim:PowerSystemResource.DeviceType>16</iescim:PowerSystemResource.DeviceType>
<iescim:PowerSystemResource.Cxmc></iescim:PowerSystemResource.Cxmc>
</cim:Breaker>
<cim:Breaker rdf:ID="30700000_1526808895">
<cim:IdentifiedObject.name>寿宁县威跃锻造有限公司配电室10kV911负荷开关</cim:IdentifiedObject.name>
<cim:IdentifiedObject.bianhao>911</cim:IdentifiedObject.bianhao>
<cim:Equipment.EquipmentContainer rdf:resource="#30000006_1526819196"/>
<cim:PowerSystemResource.Circuit rdf:resource="#10000100_48109" />
<cim:ConductingEquipment.BaseVoltage rdf:resource="#BaseVoltage_5"/>
<iescim:PowerSystemResource.SubType>4</iescim:PowerSystemResource.SubType>
<iescim:PowerSystemResource.DeviceID>4503599627608198</iescim:PowerSystemResource.DeviceID>
<iescim:PowerSystemResource.DeviceType>16</iescim:PowerSystemResource.DeviceType>
<iescim:PowerSystemResource.Cxmc></iescim:PowerSystemResource.Cxmc>
</cim:Breaker>
<cim:Breaker rdf:ID="11100000_1526788758">
<cim:IdentifiedObject.name>10kV园区I线926线路#005-1杆005-1开关</cim:IdentifiedObject.name>
<cim:IdentifiedObject.bianhao>005-1</cim:IdentifiedObject.bianhao>
<cim:PowerSystemResource.Circuit rdf:resource="#10000100_48109" />
<cim:ConductingEquipment.BaseVoltage rdf:resource="#BaseVoltage_5"/>
<iescim:PowerSystemResource.SubType>2</iescim:PowerSystemResource.SubType>
<iescim:PowerSystemResource.DeviceID>4503599627608199</iescim:PowerSystemResource.DeviceID>
<iescim:PowerSystemResource.DeviceType>16</iescim:PowerSystemResource.DeviceType>
<iescim:PowerSystemResource.Cxmc></iescim:PowerSystemResource.Cxmc>
</cim:Breaker>
<cim:Disconnector rdf:ID="1165359">
<cim:IdentifiedObject.name>渔溪变电站.10kV.园区Ⅱ线间隔.972手车刀闸</cim:IdentifiedObject.name>
<cim:IdentifiedObject.bianhao>_</cim:IdentifiedObject.bianhao>
<cim:Equipment.EquipmentContainer rdf:resource="#30000000_74179"/>
<cim:PowerSystemResource.Circuit rdf:resource="#10000100_48109" />
<cim:ConductingEquipment.BaseVoltage rdf:resource="#BaseVoltage_5"/>
<iescim:PowerSystemResource.SubType>5</iescim:PowerSystemResource.SubType>
<iescim:PowerSystemResource.DeviceID>4785074604187526</iescim:PowerSystemResource.DeviceID>
<iescim:PowerSystemResource.DeviceType>17</iescim:PowerSystemResource.DeviceType>
<iescim:PowerSystemResource.Cxmc></iescim:PowerSystemResource.Cxmc>
</cim:Disconnector>
<cim:Disconnector rdf:ID="30600001_185566">
<cim:IdentifiedObject.name>渔溪变电站.10kV.园区Ⅱ线间隔.9726接地刀闸</cim:IdentifiedObject.name>
<cim:IdentifiedObject.bianhao>_</cim:IdentifiedObject.bianhao>
<cim:Equipment.EquipmentContainer rdf:resource="#30000000_74179"/>
<cim:PowerSystemResource.Circuit rdf:resource="#10000100_48109" />
<cim:ConductingEquipment.BaseVoltage rdf:resource="#BaseVoltage_5"/>
<iescim:PowerSystemResource.SubType>9</iescim:PowerSystemResource.SubType>
<iescim:PowerSystemResource.DeviceID>4785074604196040</iescim:PowerSystemResource.DeviceID>
<iescim:PowerSystemResource.DeviceType>17</iescim:PowerSystemResource.DeviceType>
<iescim:PowerSystemResource.Cxmc></iescim:PowerSystemResource.Cxmc>
</cim:Disconnector>
<cim:Disconnector rdf:ID="30600001_2508295">
<cim:IdentifiedObject.name>渔溪变电站.10kV.园区Ⅰ线间隔.9266接地刀闸</cim:IdentifiedObject.name>
<cim:IdentifiedObject.bianhao>_</cim:IdentifiedObject.bianhao>
<cim:Equipment.EquipmentContainer rdf:resource="#30000000_74179"/>
<cim:PowerSystemResource.Circuit rdf:resource="#10000100_48108" />
<cim:ConductingEquipment.BaseVoltage rdf:resource="#BaseVoltage_5"/>
<iescim:PowerSystemResource.SubType>9</iescim:PowerSystemResource.SubType>
<iescim:PowerSystemResource.DeviceID>4785074604199397</iescim:PowerSystemResource.DeviceID>
<iescim:PowerSystemResource.DeviceType>17</iescim:PowerSystemResource.DeviceType>
<iescim:PowerSystemResource.Cxmc></iescim:PowerSystemResource.Cxmc>
</cim:Disconnector>
<cim:Disconnector rdf:ID="30600001_1516368925">
<cim:IdentifiedObject.name>寿宁县创联新材料科技有限公司配电室9136接地刀闸</cim:IdentifiedObject.name>
<cim:IdentifiedObject.bianhao>9136</cim:IdentifiedObject.bianhao>
<cim:Equipment.EquipmentContainer rdf:resource="#30000006_1516232335"/>
<cim:PowerSystemResource.Circuit rdf:resource="#10000100_48109" />
<cim:ConductingEquipment.BaseVoltage rdf:resource="#BaseVoltage_5"/>
<iescim:PowerSystemResource.SubType>9</iescim:PowerSystemResource.SubType>
<iescim:PowerSystemResource.DeviceID>4785074604295856</iescim:PowerSystemResource.DeviceID>
<iescim:PowerSystemResource.DeviceType>17</iescim:PowerSystemResource.DeviceType>
<iescim:PowerSystemResource.Cxmc></iescim:PowerSystemResource.Cxmc>
</cim:Disconnector>
<cim:Disconnector rdf:ID="30600001_1516368924">
<cim:IdentifiedObject.name>寿宁县创联新材料科技有限公司配电室9126接地刀闸</cim:IdentifiedObject.name>
<cim:IdentifiedObject.bianhao>9126</cim:IdentifiedObject.bianhao>
<cim:Equipment.EquipmentContainer rdf:resource="#30000006_1516232335"/>
<cim:PowerSystemResource.Circuit rdf:resource="#10000100_48109" />
<cim:ConductingEquipment.BaseVoltage rdf:resource="#BaseVoltage_5"/>
<iescim:PowerSystemResource.SubType>9</iescim:PowerSystemResource.SubType>
<iescim:PowerSystemResource.DeviceID>4785074604295857</iescim:PowerSystemResource.DeviceID>
<iescim:PowerSystemResource.DeviceType>17</iescim:PowerSystemResource.DeviceType>
<iescim:PowerSystemResource.Cxmc></iescim:PowerSystemResource.Cxmc>
</cim:Disconnector>
<cim:Disconnector rdf:ID="30600001_1516368923">
<cim:IdentifiedObject.name>寿宁县创联新材料科技有限公司配电室9116接地刀闸</cim:IdentifiedObject.name>
<cim:IdentifiedObject.bianhao>9116</cim:IdentifiedObject.bianhao>
<cim:Equipment.EquipmentContainer rdf:resource="#30000006_1516232335"/>
<cim:PowerSystemResource.Circuit rdf:resource="#10000100_48109" />
<cim:ConductingEquipment.BaseVoltage rdf:resource="#BaseVoltage_5"/>
<iescim:PowerSystemResource.SubType>9</iescim:PowerSystemResource.SubType>
<iescim:PowerSystemResource.DeviceID>4785074604295858</iescim:PowerSystemResource.DeviceID>
<iescim:PowerSystemResource.DeviceType>17</iescim:PowerSystemResource.DeviceType>
<iescim:PowerSystemResource.Cxmc></iescim:PowerSystemResource.Cxmc>
</cim:Disconnector>
<cim:Disconnector rdf:ID="11300000_1516358489">
<cim:IdentifiedObject.name>10kV园区I线926线路#008杆0081刀闸</cim:IdentifiedObject.name>
<cim:IdentifiedObject.bianhao>0081</cim:IdentifiedObject.bianhao>
<cim:PowerSystemResource.Circuit rdf:resource="#10000100_48109" />
<cim:ConductingEquipment.BaseVoltage rdf:resource="#BaseVoltage_5"/>
<iescim:PowerSystemResource.SubType>6</iescim:PowerSystemResource.SubType>
<iescim:PowerSystemResource.DeviceID>4785074604295859</iescim:PowerSystemResource.DeviceID>
<iescim:PowerSystemResource.DeviceType>17</iescim:PowerSystemResource.DeviceType>
<iescim:PowerSystemResource.Cxmc></iescim:PowerSystemResource.Cxmc>
</cim:Disconnector>
<cim:Disconnector rdf:ID="11300000_1516241692">
<cim:IdentifiedObject.name>10kV园区I线926线路#006-1杆006-1M1刀闸</cim:IdentifiedObject.name>
<cim:IdentifiedObject.bianhao>006-1M1</cim:IdentifiedObject.bianhao>
<cim:PowerSystemResource.Circuit rdf:resource="#10000100_48109" />
<cim:ConductingEquipment.BaseVoltage rdf:resource="#BaseVoltage_5"/>
<iescim:PowerSystemResource.SubType>6</iescim:PowerSystemResource.SubType>
<iescim:PowerSystemResource.DeviceID>4785074604295860</iescim:PowerSystemResource.DeviceID>
<iescim:PowerSystemResource.DeviceType>17</iescim:PowerSystemResource.DeviceType>
<iescim:PowerSystemResource.Cxmc></iescim:PowerSystemResource.Cxmc>
</cim:Disconnector>
<cim:Disconnector rdf:ID="11300000_1518556139">
<cim:IdentifiedObject.name>10kV园区I线926线路#001杆0011刀闸</cim:IdentifiedObject.name>
<cim:IdentifiedObject.bianhao>0011</cim:IdentifiedObject.bianhao>
<cim:PowerSystemResource.Circuit rdf:resource="#10000100_48109" />
<cim:ConductingEquipment.BaseVoltage rdf:resource="#BaseVoltage_5"/>
<iescim:PowerSystemResource.SubType>6</iescim:PowerSystemResource.SubType>
<iescim:PowerSystemResource.DeviceID>4785074604297514</iescim:PowerSystemResource.DeviceID>
<iescim:PowerSystemResource.DeviceType>17</iescim:PowerSystemResource.DeviceType>
<iescim:PowerSystemResource.Cxmc></iescim:PowerSystemResource.Cxmc>
</cim:Disconnector>
<cim:Disconnector rdf:ID="11300000_1526817988">
<cim:IdentifiedObject.name>10kV园区I线926线路#005-1杆005-11刀闸</cim:IdentifiedObject.name>
<cim:IdentifiedObject.bianhao>005-11</cim:IdentifiedObject.bianhao>
<cim:PowerSystemResource.Circuit rdf:resource="#10000100_48109" />
<cim:ConductingEquipment.BaseVoltage rdf:resource="#BaseVoltage_5"/>
<iescim:PowerSystemResource.SubType>6</iescim:PowerSystemResource.SubType>
<iescim:PowerSystemResource.DeviceID>4785074604305840</iescim:PowerSystemResource.DeviceID>
<iescim:PowerSystemResource.DeviceType>17</iescim:PowerSystemResource.DeviceType>
<iescim:PowerSystemResource.Cxmc></iescim:PowerSystemResource.Cxmc>
</cim:Disconnector>
<cim:Fuse rdf:ID="11500000_1516204071">
<cim:IdentifiedObject.name>10kV园区I线926线路#006-1杆006-1M1跌落式熔断器</cim:IdentifiedObject.name>
<cim:IdentifiedObject.bianhao>006-1M1</cim:IdentifiedObject.bianhao>
<cim:PowerSystemResource.Circuit rdf:resource="#10000100_48109" />
<cim:ConductingEquipment.BaseVoltage rdf:resource="#BaseVoltage_5"/>
<iescim:PowerSystemResource.SubType>1</iescim:PowerSystemResource.SubType>
<iescim:PowerSystemResource.DeviceID>8162774324823727</iescim:PowerSystemResource.DeviceID>
<iescim:PowerSystemResource.DeviceType>29</iescim:PowerSystemResource.DeviceType>
<iescim:PowerSystemResource.Cxmc></iescim:PowerSystemResource.Cxmc>
</cim:Fuse>
<cim:PowerTransformer rdf:ID="30200003_1516369245">
<cim:IdentifiedObject.name>寿宁县创联新材料科技有限公司B变</cim:IdentifiedObject.name>
<cim:IdentifiedObject.bianhao></cim:IdentifiedObject.bianhao>
<cim:Equipment.EquipmentContainer rdf:resource="#30000006_1516232335"/>
<cim:PowerSystemResource.Circuit rdf:resource="#10000100_48109" />
<cim:ConductingEquipment.BaseVoltage rdf:resource="#BaseVoltage_5"/>
<iescim:PowerSystemResource.SubType>1</iescim:PowerSystemResource.SubType>
<iescim:PowerSystemResource.DeviceID>12384898975311495</iescim:PowerSystemResource.DeviceID>
<iescim:PowerSystemResource.DeviceType>44</iescim:PowerSystemResource.DeviceType>
<iescim:PowerSystemResource.UserType>0</iescim:PowerSystemResource.UserType>
<iescim:PowerSystemResource.TaiQuHao>_</iescim:PowerSystemResource.TaiQuHao>
</cim:PowerTransformer>
<cim:PowerTransformer rdf:ID="30200003_1516369244">
<cim:IdentifiedObject.name>寿宁县创联新材料科技有限公司A变</cim:IdentifiedObject.name>
<cim:IdentifiedObject.bianhao></cim:IdentifiedObject.bianhao>
<cim:Equipment.EquipmentContainer rdf:resource="#30000006_1516232335"/>
<cim:PowerSystemResource.Circuit rdf:resource="#10000100_48109" />
<cim:ConductingEquipment.BaseVoltage rdf:resource="#BaseVoltage_5"/>
<iescim:PowerSystemResource.SubType>1</iescim:PowerSystemResource.SubType>
<iescim:PowerSystemResource.DeviceID>12384898975311496</iescim:PowerSystemResource.DeviceID>
<iescim:PowerSystemResource.DeviceType>44</iescim:PowerSystemResource.DeviceType>
<iescim:PowerSystemResource.UserType>0</iescim:PowerSystemResource.UserType>
<iescim:PowerSystemResource.TaiQuHao>_</iescim:PowerSystemResource.TaiQuHao>
</cim:PowerTransformer>
<cim:PowerTransformer rdf:ID="11000001_1516248119">
<cim:IdentifiedObject.name>寿宁县锦鑫工艺品有限公司变</cim:IdentifiedObject.name>
<cim:IdentifiedObject.bianhao></cim:IdentifiedObject.bianhao>
<cim:PowerSystemResource.Circuit rdf:resource="#10000100_48109" />
<cim:ConductingEquipment.BaseVoltage rdf:resource="#BaseVoltage_5"/>
<iescim:PowerSystemResource.SubType>1</iescim:PowerSystemResource.SubType>
<iescim:PowerSystemResource.DeviceID>12384898975311497</iescim:PowerSystemResource.DeviceID>
<iescim:PowerSystemResource.DeviceType>44</iescim:PowerSystemResource.DeviceType>
<iescim:PowerSystemResource.UserType>0</iescim:PowerSystemResource.UserType>
<iescim:PowerSystemResource.TaiQuHao>_</iescim:PowerSystemResource.TaiQuHao>
</cim:PowerTransformer>
<cim:PowerTransformer rdf:ID="30200003_1526820013">
<cim:IdentifiedObject.name>寿宁县威跃锻造有限公司B变</cim:IdentifiedObject.name>
<cim:IdentifiedObject.bianhao></cim:IdentifiedObject.bianhao>
<cim:Equipment.EquipmentContainer rdf:resource="#30000006_1526819196"/>
<cim:PowerSystemResource.Circuit rdf:resource="#10000100_48109" />
<cim:ConductingEquipment.BaseVoltage rdf:resource="#BaseVoltage_5"/>
<iescim:PowerSystemResource.SubType>1</iescim:PowerSystemResource.SubType>
<iescim:PowerSystemResource.DeviceID>12384898975312956</iescim:PowerSystemResource.DeviceID>
<iescim:PowerSystemResource.DeviceType>44</iescim:PowerSystemResource.DeviceType>
<iescim:PowerSystemResource.UserType>0</iescim:PowerSystemResource.UserType>
<iescim:PowerSystemResource.TaiQuHao>_</iescim:PowerSystemResource.TaiQuHao>
</cim:PowerTransformer>
<cim:PowerTransformer rdf:ID="30200003_1526820012">
<cim:IdentifiedObject.name>寿宁县威跃锻造有限公司A变</cim:IdentifiedObject.name>
<cim:IdentifiedObject.bianhao></cim:IdentifiedObject.bianhao>
<cim:Equipment.EquipmentContainer rdf:resource="#30000006_1526819196"/>
<cim:PowerSystemResource.Circuit rdf:resource="#10000100_48109" />
<cim:ConductingEquipment.BaseVoltage rdf:resource="#BaseVoltage_5"/>
<iescim:PowerSystemResource.SubType>1</iescim:PowerSystemResource.SubType>
<iescim:PowerSystemResource.DeviceID>12384898975312957</iescim:PowerSystemResource.DeviceID>
<iescim:PowerSystemResource.DeviceType>44</iescim:PowerSystemResource.DeviceType>
<iescim:PowerSystemResource.UserType>0</iescim:PowerSystemResource.UserType>
<iescim:PowerSystemResource.TaiQuHao>_</iescim:PowerSystemResource.TaiQuHao>
</cim:PowerTransformer>
<cim:BusbarSection rdf:ID="31100000_90036">
<cim:IdentifiedObject.name>渔溪变电站.10kV.Ⅰ段母线</cim:IdentifiedObject.name>
<cim:IdentifiedObject.bianhao></cim:IdentifiedObject.bianhao>
<cim:Equipment.EquipmentContainer rdf:resource="#30000000_74179"/>
<cim:PowerSystemResource.Circuit rdf:resource="#_" />
<cim:ConductingEquipment.BaseVoltage rdf:resource="#BaseVoltage_5"/>
<iescim:PowerSystemResource.SubType>0</iescim:PowerSystemResource.SubType>
<iescim:PowerSystemResource.DeviceID>5348024557509297</iescim:PowerSystemResource.DeviceID>
<iescim:PowerSystemResource.DeviceType>19</iescim:PowerSystemResource.DeviceType>
</cim:BusbarSection>
<cim:BusbarSection rdf:ID="31100000_877898">
<cim:IdentifiedObject.name>渔溪变电站.10kV.Ⅱ段母线</cim:IdentifiedObject.name>
<cim:IdentifiedObject.bianhao></cim:IdentifiedObject.bianhao>
<cim:Equipment.EquipmentContainer rdf:resource="#30000000_74179"/>
<cim:PowerSystemResource.Circuit rdf:resource="#_" />
<cim:ConductingEquipment.BaseVoltage rdf:resource="#BaseVoltage_5"/>
<iescim:PowerSystemResource.SubType>0</iescim:PowerSystemResource.SubType>
<iescim:PowerSystemResource.DeviceID>5348024557512676</iescim:PowerSystemResource.DeviceID>
<iescim:PowerSystemResource.DeviceType>19</iescim:PowerSystemResource.DeviceType>
</cim:BusbarSection>
<cim:BusbarSection rdf:ID="31100000_1516233806">
<cim:IdentifiedObject.name>寿宁县创联新材料科技有限公司配电室10kVI段母线</cim:IdentifiedObject.name>
<cim:IdentifiedObject.bianhao></cim:IdentifiedObject.bianhao>
<cim:Equipment.EquipmentContainer rdf:resource="#30000006_1516232335"/>
<cim:PowerSystemResource.Circuit rdf:resource="#10000100_48109" />
<cim:ConductingEquipment.BaseVoltage rdf:resource="#BaseVoltage_5"/>
<iescim:PowerSystemResource.SubType>0</iescim:PowerSystemResource.SubType>
<iescim:PowerSystemResource.DeviceID>5348024557553204</iescim:PowerSystemResource.DeviceID>
<iescim:PowerSystemResource.DeviceType>19</iescim:PowerSystemResource.DeviceType>
</cim:BusbarSection>
<cim:BusbarSection rdf:ID="31100000_1526816791">
<cim:IdentifiedObject.name>寿宁县威跃锻造有限公司配电室10kVI段母线</cim:IdentifiedObject.name>
<cim:IdentifiedObject.bianhao></cim:IdentifiedObject.bianhao>
<cim:Equipment.EquipmentContainer rdf:resource="#30000006_1526819196"/>
<cim:PowerSystemResource.Circuit rdf:resource="#10000100_48109" />
<cim:ConductingEquipment.BaseVoltage rdf:resource="#BaseVoltage_5"/>
<iescim:PowerSystemResource.SubType>0</iescim:PowerSystemResource.SubType>
<iescim:PowerSystemResource.DeviceID>5348024557555569</iescim:PowerSystemResource.DeviceID>
<iescim:PowerSystemResource.DeviceType>19</iescim:PowerSystemResource.DeviceType>
</cim:BusbarSection>
<cim:ACLineSegment rdf:ID="20100000_1580871">
<cim:IdentifiedObject.name>110kV渔溪变站内-出线点-电缆终端头2402022</cim:IdentifiedObject.name>
<cim:IdentifiedObject.bianhao></cim:IdentifiedObject.bianhao>
<cim:PowerSystemResource.Circuit rdf:resource="#10000100_48109" />
<cim:ConductingEquipment.BaseVoltage rdf:resource="#BaseVoltage_5"/>
<iescim:PowerSystemResource.SubType>1</iescim:PowerSystemResource.SubType>
<iescim:PowerSystemResource.DeviceID>5629499536435694</iescim:PowerSystemResource.DeviceID>
<iescim:PowerSystemResource.DeviceType>20</iescim:PowerSystemResource.DeviceType>
</cim:ACLineSegment>
<cim:ACLineSegment rdf:ID="14000000_7676064">
<cim:IdentifiedObject.name>10kV园区I线926线路_起始设备</cim:IdentifiedObject.name>
<cim:IdentifiedObject.bianhao></cim:IdentifiedObject.bianhao>
<cim:PowerSystemResource.Circuit rdf:resource="#10000100_48109" />
<cim:ConductingEquipment.BaseVoltage rdf:resource="#BaseVoltage_5"/>
<iescim:PowerSystemResource.SubType>1</iescim:PowerSystemResource.SubType>
<iescim:PowerSystemResource.DeviceID>5629499536435695</iescim:PowerSystemResource.DeviceID>
<iescim:PowerSystemResource.DeviceType>20</iescim:PowerSystemResource.DeviceType>
</cim:ACLineSegment>
<cim:ACLineSegment rdf:ID="13000000_16856533">
<cim:IdentifiedObject.name>站外-连接线</cim:IdentifiedObject.name>
<cim:IdentifiedObject.bianhao></cim:IdentifiedObject.bianhao>
<cim:PowerSystemResource.Circuit rdf:resource="#10000100_48109" />
<cim:ConductingEquipment.BaseVoltage rdf:resource="#BaseVoltage_5"/>
<iescim:PowerSystemResource.SubType>3</iescim:PowerSystemResource.SubType>
<iescim:PowerSystemResource.DeviceID>5629499536476672</iescim:PowerSystemResource.DeviceID>
<iescim:PowerSystemResource.DeviceType>20</iescim:PowerSystemResource.DeviceType>
</cim:ACLineSegment>
<cim:ACLineSegment rdf:ID="36000000_1516369010">
<cim:IdentifiedObject.name>寿宁县创联新材料科技有限公司配电室911开关</cim:IdentifiedObject.name>
<cim:IdentifiedObject.bianhao></cim:IdentifiedObject.bianhao>
<cim:Equipment.EquipmentContainer rdf:resource="#30000006_1516232335"/>
<cim:PowerSystemResource.Circuit rdf:resource="#10000100_48109" />
<cim:ConductingEquipment.BaseVoltage rdf:resource="#BaseVoltage_5"/>
<iescim:PowerSystemResource.SubType>3</iescim:PowerSystemResource.SubType>
<iescim:PowerSystemResource.DeviceID>5629499537507469</iescim:PowerSystemResource.DeviceID>
<iescim:PowerSystemResource.DeviceType>20</iescim:PowerSystemResource.DeviceType>
</cim:ACLineSegment>
<cim:ACLineSegment rdf:ID="20100000_1516362242">
<cim:IdentifiedObject.name>10kV园区Ⅱ线972线路#008杆终端头-寿宁县创联新材料科技有限公司配电室911开关站内终端头</cim:IdentifiedObject.name>
<cim:IdentifiedObject.bianhao></cim:IdentifiedObject.bianhao>
<cim:PowerSystemResource.Circuit rdf:resource="#10000100_48109" />
<cim:ConductingEquipment.BaseVoltage rdf:resource="#BaseVoltage_5"/>
<iescim:PowerSystemResource.SubType>1</iescim:PowerSystemResource.SubType>
<iescim:PowerSystemResource.DeviceID>5629499537507470</iescim:PowerSystemResource.DeviceID>
<iescim:PowerSystemResource.DeviceType>20</iescim:PowerSystemResource.DeviceType>
</cim:ACLineSegment>
<cim:ACLineSegment rdf:ID="14000000_1516358904">
<cim:IdentifiedObject.name>寿宁县创联新材料科技有限公司配电室911开关站内终端头站外-超连接线</cim:IdentifiedObject.name>
<cim:IdentifiedObject.bianhao></cim:IdentifiedObject.bianhao>
<cim:PowerSystemResource.Circuit rdf:resource="#10000100_48109" />
<cim:ConductingEquipment.BaseVoltage rdf:resource="#BaseVoltage_5"/>
<iescim:PowerSystemResource.SubType>1</iescim:PowerSystemResource.SubType>
<iescim:PowerSystemResource.DeviceID>5629499537507471</iescim:PowerSystemResource.DeviceID>
<iescim:PowerSystemResource.DeviceType>20</iescim:PowerSystemResource.DeviceType>
</cim:ACLineSegment>
<cim:ACLineSegment rdf:ID="13000000_1516365636">
<cim:IdentifiedObject.name>站外-连接线</cim:IdentifiedObject.name>
<cim:IdentifiedObject.bianhao></cim:IdentifiedObject.bianhao>
<cim:PowerSystemResource.Circuit rdf:resource="#10000100_48109" />
<cim:ConductingEquipment.BaseVoltage rdf:resource="#BaseVoltage_5"/>
<iescim:PowerSystemResource.SubType>3</iescim:PowerSystemResource.SubType>
<iescim:PowerSystemResource.DeviceID>5629499537507472</iescim:PowerSystemResource.DeviceID>
<iescim:PowerSystemResource.DeviceType>20</iescim:PowerSystemResource.DeviceType>
</cim:ACLineSegment>
<cim:ACLineSegment rdf:ID="13000000_1516364153">
<cim:IdentifiedObject.name>站外-连接线</cim:IdentifiedObject.name>
<cim:IdentifiedObject.bianhao></cim:IdentifiedObject.bianhao>
<cim:PowerSystemResource.Circuit rdf:resource="#10000100_48109" />
<cim:ConductingEquipment.BaseVoltage rdf:resource="#BaseVoltage_5"/>
<iescim:PowerSystemResource.SubType>3</iescim:PowerSystemResource.SubType>
<iescim:PowerSystemResource.DeviceID>5629499537507473</iescim:PowerSystemResource.DeviceID>
<iescim:PowerSystemResource.DeviceType>20</iescim:PowerSystemResource.DeviceType>
</cim:ACLineSegment>
<cim:ACLineSegment rdf:ID="13000000_1516364151">
<cim:IdentifiedObject.name>10kV园区Ⅱ线972线路#008杆连接线</cim:IdentifiedObject.name>
<cim:IdentifiedObject.bianhao></cim:IdentifiedObject.bianhao>
<cim:PowerSystemResource.Circuit rdf:resource="#10000100_48109" />
<cim:ConductingEquipment.BaseVoltage rdf:resource="#BaseVoltage_5"/>
<iescim:PowerSystemResource.SubType>3</iescim:PowerSystemResource.SubType>
<iescim:PowerSystemResource.DeviceID>5629499537507474</iescim:PowerSystemResource.DeviceID>
<iescim:PowerSystemResource.DeviceType>20</iescim:PowerSystemResource.DeviceType>
</cim:ACLineSegment>
<cim:ACLineSegment rdf:ID="13000000_1516244254">
<cim:IdentifiedObject.name>站外-连接线</cim:IdentifiedObject.name>
<cim:IdentifiedObject.bianhao></cim:IdentifiedObject.bianhao>
<cim:PowerSystemResource.Circuit rdf:resource="#10000100_48109" />
<cim:ConductingEquipment.BaseVoltage rdf:resource="#BaseVoltage_5"/>
<iescim:PowerSystemResource.SubType>3</iescim:PowerSystemResource.SubType>
<iescim:PowerSystemResource.DeviceID>5629499537507475</iescim:PowerSystemResource.DeviceID>
<iescim:PowerSystemResource.DeviceType>20</iescim:PowerSystemResource.DeviceType>
</cim:ACLineSegment>
<cim:ACLineSegment rdf:ID="13000000_1516244252">
<cim:IdentifiedObject.name>站外-连接线</cim:IdentifiedObject.name>
<cim:IdentifiedObject.bianhao></cim:IdentifiedObject.bianhao>
<cim:PowerSystemResource.Circuit rdf:resource="#10000100_48109" />
<cim:ConductingEquipment.BaseVoltage rdf:resource="#BaseVoltage_5"/>
<iescim:PowerSystemResource.SubType>3</iescim:PowerSystemResource.SubType>
<iescim:PowerSystemResource.DeviceID>5629499537507476</iescim:PowerSystemResource.DeviceID>
<iescim:PowerSystemResource.DeviceType>20</iescim:PowerSystemResource.DeviceType>
</cim:ACLineSegment>
<cim:ACLineSegment rdf:ID="13000000_1516244250">
<cim:IdentifiedObject.name>站外-连接线</cim:IdentifiedObject.name>
<cim:IdentifiedObject.bianhao></cim:IdentifiedObject.bianhao>
<cim:PowerSystemResource.Circuit rdf:resource="#10000100_48109" />
<cim:ConductingEquipment.BaseVoltage rdf:resource="#BaseVoltage_5"/>
<iescim:PowerSystemResource.SubType>3</iescim:PowerSystemResource.SubType>
<iescim:PowerSystemResource.DeviceID>5629499537507477</iescim:PowerSystemResource.DeviceID>
<iescim:PowerSystemResource.DeviceType>20</iescim:PowerSystemResource.DeviceType>
</cim:ACLineSegment>
<cim:ACLineSegment rdf:ID="10100000_1516243952">
<cim:IdentifiedObject.name>10kV园区I线926线路#006杆-10kV园区I线926线路#006-1杆</cim:IdentifiedObject.name>
<cim:IdentifiedObject.bianhao></cim:IdentifiedObject.bianhao>
<cim:PowerSystemResource.Circuit rdf:resource="#10000100_48109" />
<cim:ConductingEquipment.BaseVoltage rdf:resource="#BaseVoltage_5"/>
<iescim:PowerSystemResource.SubType>2</iescim:PowerSystemResource.SubType>
<iescim:PowerSystemResource.DeviceID>5629499537507478</iescim:PowerSystemResource.DeviceID>
<iescim:PowerSystemResource.DeviceType>20</iescim:PowerSystemResource.DeviceType>
</cim:ACLineSegment>
<cim:ACLineSegment rdf:ID="10100000_13071036">
<cim:IdentifiedObject.name>10kV园区I线926线路#006杆-10kV园区I线926线路#007杆</cim:IdentifiedObject.name>
<cim:IdentifiedObject.bianhao></cim:IdentifiedObject.bianhao>
<cim:PowerSystemResource.Circuit rdf:resource="#10000100_48109" />
<cim:ConductingEquipment.BaseVoltage rdf:resource="#BaseVoltage_5"/>
<iescim:PowerSystemResource.SubType>2</iescim:PowerSystemResource.SubType>
<iescim:PowerSystemResource.DeviceID>5629499537507479</iescim:PowerSystemResource.DeviceID>
<iescim:PowerSystemResource.DeviceType>20</iescim:PowerSystemResource.DeviceType>
</cim:ACLineSegment>
<cim:ACLineSegment rdf:ID="10100000_13071016">
<cim:IdentifiedObject.name>10kV园区I线926线路#001杆-10kV园区I线926线路#002杆</cim:IdentifiedObject.name>
<cim:IdentifiedObject.bianhao></cim:IdentifiedObject.bianhao>
<cim:PowerSystemResource.Circuit rdf:resource="#10000100_48109" />
<cim:ConductingEquipment.BaseVoltage rdf:resource="#BaseVoltage_5"/>
<iescim:PowerSystemResource.SubType>2</iescim:PowerSystemResource.SubType>
<iescim:PowerSystemResource.DeviceID>5629499537507480</iescim:PowerSystemResource.DeviceID>
<iescim:PowerSystemResource.DeviceType>20</iescim:PowerSystemResource.DeviceType>
</cim:ACLineSegment>
<cim:ACLineSegment rdf:ID="13000000_1518557197">
<cim:IdentifiedObject.name>站外-连接线</cim:IdentifiedObject.name>
<cim:IdentifiedObject.bianhao></cim:IdentifiedObject.bianhao>
<cim:PowerSystemResource.Circuit rdf:resource="#10000100_48109" />
<cim:ConductingEquipment.BaseVoltage rdf:resource="#BaseVoltage_5"/>
<iescim:PowerSystemResource.SubType>3</iescim:PowerSystemResource.SubType>
<iescim:PowerSystemResource.DeviceID>5629499537525827</iescim:PowerSystemResource.DeviceID>
<iescim:PowerSystemResource.DeviceType>20</iescim:PowerSystemResource.DeviceType>
</cim:ACLineSegment>
<cim:ACLineSegment rdf:ID="13000000_1518554595">
<cim:IdentifiedObject.name>站外-连接线</cim:IdentifiedObject.name>
<cim:IdentifiedObject.bianhao></cim:IdentifiedObject.bianhao>
<cim:PowerSystemResource.Circuit rdf:resource="#10000100_48109" />
<cim:ConductingEquipment.BaseVoltage rdf:resource="#BaseVoltage_5"/>
<iescim:PowerSystemResource.SubType>3</iescim:PowerSystemResource.SubType>
<iescim:PowerSystemResource.DeviceID>5629499537525828</iescim:PowerSystemResource.DeviceID>
<iescim:PowerSystemResource.DeviceType>20</iescim:PowerSystemResource.DeviceType>
</cim:ACLineSegment>
<cim:ACLineSegment rdf:ID="36000000_1526821017">
<cim:IdentifiedObject.name>站内-连接线</cim:IdentifiedObject.name>
<cim:IdentifiedObject.bianhao></cim:IdentifiedObject.bianhao>
<cim:Equipment.EquipmentContainer rdf:resource="#30000006_1526819196"/>
<cim:PowerSystemResource.Circuit rdf:resource="#10000100_48109" />
<cim:ConductingEquipment.BaseVoltage rdf:resource="#BaseVoltage_5"/>
<iescim:PowerSystemResource.SubType>3</iescim:PowerSystemResource.SubType>
<iescim:PowerSystemResource.DeviceID>5629499537625205</iescim:PowerSystemResource.DeviceID>
<iescim:PowerSystemResource.DeviceType>20</iescim:PowerSystemResource.DeviceType>
</cim:ACLineSegment>
<cim:ACLineSegment rdf:ID="20100000_1526815915">
<cim:IdentifiedObject.name>10kV园区Ⅱ线972线路#005-1杆电缆终端头-寿宁县威跃锻造有限公司配电室终端头</cim:IdentifiedObject.name>
<cim:IdentifiedObject.bianhao></cim:IdentifiedObject.bianhao>
<cim:PowerSystemResource.Circuit rdf:resource="#10000100_48109" />
<cim:ConductingEquipment.BaseVoltage rdf:resource="#BaseVoltage_5"/>
<iescim:PowerSystemResource.SubType>1</iescim:PowerSystemResource.SubType>
<iescim:PowerSystemResource.DeviceID>5629499537625206</iescim:PowerSystemResource.DeviceID>
<iescim:PowerSystemResource.DeviceType>20</iescim:PowerSystemResource.DeviceType>
</cim:ACLineSegment>
<cim:ACLineSegment rdf:ID="14000000_1526809679">
<cim:IdentifiedObject.name>寿宁县威跃锻造有限公司配电室终端头站外-超连接线</cim:IdentifiedObject.name>
<cim:IdentifiedObject.bianhao></cim:IdentifiedObject.bianhao>
<cim:PowerSystemResource.Circuit rdf:resource="#10000100_48109" />
<cim:ConductingEquipment.BaseVoltage rdf:resource="#BaseVoltage_5"/>
<iescim:PowerSystemResource.SubType>1</iescim:PowerSystemResource.SubType>
<iescim:PowerSystemResource.DeviceID>5629499537625207</iescim:PowerSystemResource.DeviceID>
<iescim:PowerSystemResource.DeviceType>20</iescim:PowerSystemResource.DeviceType>
</cim:ACLineSegment>
<cim:ACLineSegment rdf:ID="13000000_1526821176">
<cim:IdentifiedObject.name>站外-连接线</cim:IdentifiedObject.name>
<cim:IdentifiedObject.bianhao></cim:IdentifiedObject.bianhao>
<cim:PowerSystemResource.Circuit rdf:resource="#10000100_48109" />
<cim:ConductingEquipment.BaseVoltage rdf:resource="#BaseVoltage_5"/>
<iescim:PowerSystemResource.SubType>3</iescim:PowerSystemResource.SubType>
<iescim:PowerSystemResource.DeviceID>5629499537625208</iescim:PowerSystemResource.DeviceID>
<iescim:PowerSystemResource.DeviceType>20</iescim:PowerSystemResource.DeviceType>
</cim:ACLineSegment>
<cim:ACLineSegment rdf:ID="13000000_1526821173">
<cim:IdentifiedObject.name>站外-连接线</cim:IdentifiedObject.name>
<cim:IdentifiedObject.bianhao></cim:IdentifiedObject.bianhao>
<cim:PowerSystemResource.Circuit rdf:resource="#10000100_48109" />
<cim:ConductingEquipment.BaseVoltage rdf:resource="#BaseVoltage_5"/>
<iescim:PowerSystemResource.SubType>3</iescim:PowerSystemResource.SubType>
<iescim:PowerSystemResource.DeviceID>5629499537625209</iescim:PowerSystemResource.DeviceID>
<iescim:PowerSystemResource.DeviceType>20</iescim:PowerSystemResource.DeviceType>
</cim:ACLineSegment>
<cim:ACLineSegment rdf:ID="13000000_1526820616">
<cim:IdentifiedObject.name>10kV园区Ⅱ线972线路#005-1杆连接线</cim:IdentifiedObject.name>
<cim:IdentifiedObject.bianhao></cim:IdentifiedObject.bianhao>
<cim:PowerSystemResource.Circuit rdf:resource="#10000100_48109" />
<cim:ConductingEquipment.BaseVoltage rdf:resource="#BaseVoltage_5"/>
<iescim:PowerSystemResource.SubType>3</iescim:PowerSystemResource.SubType>
<iescim:PowerSystemResource.DeviceID>5629499537625210</iescim:PowerSystemResource.DeviceID>
<iescim:PowerSystemResource.DeviceType>20</iescim:PowerSystemResource.DeviceType>
</cim:ACLineSegment>
<cim:ACLineSegment rdf:ID="10100000_1526797928">
<cim:IdentifiedObject.name>10kV园区I线926线路#005杆-10kV园区I线926线路#005-1杆</cim:IdentifiedObject.name>
<cim:IdentifiedObject.bianhao></cim:IdentifiedObject.bianhao>
<cim:PowerSystemResource.Circuit rdf:resource="#10000100_48109" />
<cim:ConductingEquipment.BaseVoltage rdf:resource="#BaseVoltage_5"/>
<iescim:PowerSystemResource.SubType>2</iescim:PowerSystemResource.SubType>
<iescim:PowerSystemResource.DeviceID>5629499537625211</iescim:PowerSystemResource.DeviceID>
<iescim:PowerSystemResource.DeviceType>20</iescim:PowerSystemResource.DeviceType>
</cim:ACLineSegment>
<cim:ACLineSegment rdf:ID="10100000_13071035">
<cim:IdentifiedObject.name>10kV园区I线926线路#005杆-10kV园区I线926线路#006杆</cim:IdentifiedObject.name>
<cim:IdentifiedObject.bianhao></cim:IdentifiedObject.bianhao>
<cim:PowerSystemResource.Circuit rdf:resource="#10000100_48109" />
<cim:ConductingEquipment.BaseVoltage rdf:resource="#BaseVoltage_5"/>
<iescim:PowerSystemResource.SubType>2</iescim:PowerSystemResource.SubType>
<iescim:PowerSystemResource.DeviceID>5629499537625212</iescim:PowerSystemResource.DeviceID>
<iescim:PowerSystemResource.DeviceType>20</iescim:PowerSystemResource.DeviceType>
</cim:ACLineSegment>
<cim:ACLineSegment rdf:ID="36000000_18114241">
<cim:IdentifiedObject.name>站内-连接线</cim:IdentifiedObject.name>
<cim:IdentifiedObject.bianhao></cim:IdentifiedObject.bianhao>
<cim:PowerSystemResource.Circuit rdf:resource="#10000100_48109" />
<cim:ConductingEquipment.BaseVoltage rdf:resource="#BaseVoltage_5"/>
<iescim:PowerSystemResource.SubType>3</iescim:PowerSystemResource.SubType>
<iescim:PowerSystemResource.DeviceID>5629499537700968</iescim:PowerSystemResource.DeviceID>
<iescim:PowerSystemResource.DeviceType>20</iescim:PowerSystemResource.DeviceType>
</cim:ACLineSegment>
<cim:ACLineSegment rdf:ID="36000000_18114242">
<cim:IdentifiedObject.name>站内-连接线</cim:IdentifiedObject.name>
<cim:IdentifiedObject.bianhao></cim:IdentifiedObject.bianhao>
<cim:PowerSystemResource.Circuit rdf:resource="#10000100_48109" />
<cim:ConductingEquipment.BaseVoltage rdf:resource="#BaseVoltage_5"/>
<iescim:PowerSystemResource.SubType>3</iescim:PowerSystemResource.SubType>
<iescim:PowerSystemResource.DeviceID>5629499537700969</iescim:PowerSystemResource.DeviceID>
<iescim:PowerSystemResource.DeviceType>20</iescim:PowerSystemResource.DeviceType>
</cim:ACLineSegment>
<cim:ACLineSegment rdf:ID="36000000_18114246">
<cim:IdentifiedObject.name>站内-连接线</cim:IdentifiedObject.name>
<cim:IdentifiedObject.bianhao></cim:IdentifiedObject.bianhao>
<cim:PowerSystemResource.Circuit rdf:resource="#10000100_48109" />
<cim:ConductingEquipment.BaseVoltage rdf:resource="#BaseVoltage_5"/>
<iescim:PowerSystemResource.SubType>3</iescim:PowerSystemResource.SubType>
<iescim:PowerSystemResource.DeviceID>5629499537700970</iescim:PowerSystemResource.DeviceID>
<iescim:PowerSystemResource.DeviceType>20</iescim:PowerSystemResource.DeviceType>
</cim:ACLineSegment>
<cim:ACLineSegment rdf:ID="36000000_18114247">
<cim:IdentifiedObject.name>站内-连接线</cim:IdentifiedObject.name>
<cim:IdentifiedObject.bianhao></cim:IdentifiedObject.bianhao>
<cim:PowerSystemResource.Circuit rdf:resource="#10000100_48109" />
<cim:ConductingEquipment.BaseVoltage rdf:resource="#BaseVoltage_5"/>
<iescim:PowerSystemResource.SubType>3</iescim:PowerSystemResource.SubType>
<iescim:PowerSystemResource.DeviceID>5629499537700971</iescim:PowerSystemResource.DeviceID>
<iescim:PowerSystemResource.DeviceType>20</iescim:PowerSystemResource.DeviceType>
</cim:ACLineSegment>
<cim:Pole rdf:ID="10200001_13097938">
<cim:IdentifiedObject.name>10kV园区I线926线路#001杆</cim:IdentifiedObject.name>
<cim:IdentifiedObject.bianhao></cim:IdentifiedObject.bianhao>
<cim:PowerSystemResource.Circuit rdf:resource="#10000100_48109" />
<cim:ConductingEquipment.BaseVoltage rdf:resource="#BaseVoltage_5"/>
<iescim:PowerSystemResource.DeviceType>43</iescim:PowerSystemResource.DeviceType>
<iescim:PowerSystemResource.SubType>1</iescim:PowerSystemResource.SubType>
<iescim:PowerSystemResource.DeviceID>12103423998628055</iescim:PowerSystemResource.DeviceID>
</cim:Pole>
<cim:Pole rdf:ID="10200001_1516245801">
<cim:IdentifiedObject.name>10kV园区I线926线路#006-1杆</cim:IdentifiedObject.name>
<cim:IdentifiedObject.bianhao></cim:IdentifiedObject.bianhao>
<cim:PowerSystemResource.Circuit rdf:resource="#10000100_48109" />
<cim:ConductingEquipment.BaseVoltage rdf:resource="#BaseVoltage_5"/>
<iescim:PowerSystemResource.DeviceType>43</iescim:PowerSystemResource.DeviceType>
<iescim:PowerSystemResource.SubType>1</iescim:PowerSystemResource.SubType>
<iescim:PowerSystemResource.DeviceID>12103423998637053</iescim:PowerSystemResource.DeviceID>
</cim:Pole>
<cim:Pole rdf:ID="10200001_13097961">
<cim:IdentifiedObject.name>10kV园区I线926线路#008杆</cim:IdentifiedObject.name>
<cim:IdentifiedObject.bianhao></cim:IdentifiedObject.bianhao>
<cim:PowerSystemResource.Circuit rdf:resource="#10000100_48109" />
<cim:ConductingEquipment.BaseVoltage rdf:resource="#BaseVoltage_5"/>
<iescim:PowerSystemResource.DeviceType>43</iescim:PowerSystemResource.DeviceType>
<iescim:PowerSystemResource.SubType>1</iescim:PowerSystemResource.SubType>
<iescim:PowerSystemResource.DeviceID>12103423998637054</iescim:PowerSystemResource.DeviceID>
</cim:Pole>
<cim:Pole rdf:ID="10200001_13097959">
<cim:IdentifiedObject.name>10kV园区I线926线路#006杆</cim:IdentifiedObject.name>
<cim:IdentifiedObject.bianhao></cim:IdentifiedObject.bianhao>
<cim:PowerSystemResource.Circuit rdf:resource="#10000100_48109" />
<cim:ConductingEquipment.BaseVoltage rdf:resource="#BaseVoltage_5"/>
<iescim:PowerSystemResource.DeviceType>43</iescim:PowerSystemResource.DeviceType>
<iescim:PowerSystemResource.SubType>1</iescim:PowerSystemResource.SubType>
<iescim:PowerSystemResource.DeviceID>12103423998637055</iescim:PowerSystemResource.DeviceID>
</cim:Pole>
<cim:Pole rdf:ID="10200001_1526773292">
<cim:IdentifiedObject.name>10kV园区I线926线路#005-1杆</cim:IdentifiedObject.name>
<cim:IdentifiedObject.bianhao></cim:IdentifiedObject.bianhao>
<cim:PowerSystemResource.Circuit rdf:resource="#10000100_48109" />
<cim:ConductingEquipment.BaseVoltage rdf:resource="#BaseVoltage_5"/>
<iescim:PowerSystemResource.DeviceType>43</iescim:PowerSystemResource.DeviceType>
<iescim:PowerSystemResource.SubType>1</iescim:PowerSystemResource.SubType>
<iescim:PowerSystemResource.DeviceID>12103423998639485</iescim:PowerSystemResource.DeviceID>
</cim:Pole>
<cim:Pole rdf:ID="10200001_13097958">
<cim:IdentifiedObject.name>10kV园区I线926线路#005杆</cim:IdentifiedObject.name>
<cim:IdentifiedObject.bianhao></cim:IdentifiedObject.bianhao>
<cim:PowerSystemResource.Circuit rdf:resource="#10000100_48109" />
<cim:ConductingEquipment.BaseVoltage rdf:resource="#BaseVoltage_5"/>
<iescim:PowerSystemResource.DeviceType>43</iescim:PowerSystemResource.DeviceType>
<iescim:PowerSystemResource.SubType>1</iescim:PowerSystemResource.SubType>
<iescim:PowerSystemResource.DeviceID>12103423998639486</iescim:PowerSystemResource.DeviceID>
</cim:Pole>
<cim:ConnectivityNode rdf:ID="0">
<iescim:PowerSystemResource.SubType>0</iescim:PowerSystemResource.SubType>
<iescim:PowerSystemResource.DeviceID>0</iescim:PowerSystemResource.DeviceID>
<iescim:PowerSystemResource.DeviceType>33</iescim:PowerSystemResource.DeviceType>
</cim:ConnectivityNode>
<cim:ConnectivityNode rdf:ID="9288674231499534">
<iescim:PowerSystemResource.SubType>0</iescim:PowerSystemResource.SubType>
<iescim:PowerSystemResource.DeviceID>9288674231499534</iescim:PowerSystemResource.DeviceID>
<iescim:PowerSystemResource.DeviceType>33</iescim:PowerSystemResource.DeviceType>
</cim:ConnectivityNode>
<cim:ConnectivityNode rdf:ID="9288674231500139">
<iescim:PowerSystemResource.SubType>0</iescim:PowerSystemResource.SubType>
<iescim:PowerSystemResource.DeviceID>9288674231500139</iescim:PowerSystemResource.DeviceID>
<iescim:PowerSystemResource.DeviceType>33</iescim:PowerSystemResource.DeviceType>
</cim:ConnectivityNode>
<cim:ConnectivityNode rdf:ID="9288674231503067">
<iescim:PowerSystemResource.SubType>0</iescim:PowerSystemResource.SubType>
<iescim:PowerSystemResource.DeviceID>9288674231503067</iescim:PowerSystemResource.DeviceID>
<iescim:PowerSystemResource.DeviceType>33</iescim:PowerSystemResource.DeviceType>
</cim:ConnectivityNode>
<cim:ConnectivityNode rdf:ID="9288674231523374">
<iescim:PowerSystemResource.SubType>0</iescim:PowerSystemResource.SubType>
<iescim:PowerSystemResource.DeviceID>9288674231523374</iescim:PowerSystemResource.DeviceID>
<iescim:PowerSystemResource.DeviceType>33</iescim:PowerSystemResource.DeviceType>
</cim:ConnectivityNode>
<cim:ConnectivityNode rdf:ID="9288674231544306">
<iescim:PowerSystemResource.SubType>0</iescim:PowerSystemResource.SubType>
<iescim:PowerSystemResource.DeviceID>9288674231544306</iescim:PowerSystemResource.DeviceID>
<iescim:PowerSystemResource.DeviceType>33</iescim:PowerSystemResource.DeviceType>
</cim:ConnectivityNode>
<cim:ConnectivityNode rdf:ID="9288674231544913">
<iescim:PowerSystemResource.SubType>0</iescim:PowerSystemResource.SubType>
<iescim:PowerSystemResource.DeviceID>9288674231544913</iescim:PowerSystemResource.DeviceID>
<iescim:PowerSystemResource.DeviceType>33</iescim:PowerSystemResource.DeviceType>
</cim:ConnectivityNode>
<cim:ConnectivityNode rdf:ID="9288674231547846">
<iescim:PowerSystemResource.SubType>0</iescim:PowerSystemResource.SubType>
<iescim:PowerSystemResource.DeviceID>9288674231547846</iescim:PowerSystemResource.DeviceID>
<iescim:PowerSystemResource.DeviceType>33</iescim:PowerSystemResource.DeviceType>
</cim:ConnectivityNode>
<cim:ConnectivityNode rdf:ID="9288674231607537">
<iescim:PowerSystemResource.SubType>0</iescim:PowerSystemResource.SubType>
<iescim:PowerSystemResource.DeviceID>9288674231607537</iescim:PowerSystemResource.DeviceID>
<iescim:PowerSystemResource.DeviceType>33</iescim:PowerSystemResource.DeviceType>
</cim:ConnectivityNode>
<cim:ConnectivityNode rdf:ID="9288674231608177">
<iescim:PowerSystemResource.SubType>0</iescim:PowerSystemResource.SubType>
<iescim:PowerSystemResource.DeviceID>9288674231608177</iescim:PowerSystemResource.DeviceID>
<iescim:PowerSystemResource.DeviceType>33</iescim:PowerSystemResource.DeviceType>
</cim:ConnectivityNode>
<cim:ConnectivityNode rdf:ID="9288674231645524">
<iescim:PowerSystemResource.SubType>0</iescim:PowerSystemResource.SubType>
<iescim:PowerSystemResource.DeviceID>9288674231645524</iescim:PowerSystemResource.DeviceID>
<iescim:PowerSystemResource.DeviceType>33</iescim:PowerSystemResource.DeviceType>
</cim:ConnectivityNode>
<cim:ConnectivityNode rdf:ID="9288674231645525">
<iescim:PowerSystemResource.SubType>0</iescim:PowerSystemResource.SubType>
<iescim:PowerSystemResource.DeviceID>9288674231645525</iescim:PowerSystemResource.DeviceID>
<iescim:PowerSystemResource.DeviceType>33</iescim:PowerSystemResource.DeviceType>
</cim:ConnectivityNode>
<cim:ConnectivityNode rdf:ID="9288674231645526">
<iescim:PowerSystemResource.SubType>0</iescim:PowerSystemResource.SubType>
<iescim:PowerSystemResource.DeviceID>9288674231645526</iescim:PowerSystemResource.DeviceID>
<iescim:PowerSystemResource.DeviceType>33</iescim:PowerSystemResource.DeviceType>
</cim:ConnectivityNode>
<cim:ConnectivityNode rdf:ID="9288674231646762">
<iescim:PowerSystemResource.SubType>0</iescim:PowerSystemResource.SubType>
<iescim:PowerSystemResource.DeviceID>9288674231646762</iescim:PowerSystemResource.DeviceID>
<iescim:PowerSystemResource.DeviceType>33</iescim:PowerSystemResource.DeviceType>
</cim:ConnectivityNode>
<cim:ConnectivityNode rdf:ID="9288674231652343">
<iescim:PowerSystemResource.SubType>0</iescim:PowerSystemResource.SubType>
<iescim:PowerSystemResource.DeviceID>9288674231652343</iescim:PowerSystemResource.DeviceID>
<iescim:PowerSystemResource.DeviceType>33</iescim:PowerSystemResource.DeviceType>
</cim:ConnectivityNode>
<cim:ConnectivityNode rdf:ID="9288674231728979">
<iescim:PowerSystemResource.SubType>0</iescim:PowerSystemResource.SubType>
<iescim:PowerSystemResource.DeviceID>9288674231728979</iescim:PowerSystemResource.DeviceID>
<iescim:PowerSystemResource.DeviceType>33</iescim:PowerSystemResource.DeviceType>
</cim:ConnectivityNode>
<cim:ConnectivityNode rdf:ID="9288674231728980">
<iescim:PowerSystemResource.SubType>0</iescim:PowerSystemResource.SubType>
<iescim:PowerSystemResource.DeviceID>9288674231728980</iescim:PowerSystemResource.DeviceID>
<iescim:PowerSystemResource.DeviceType>33</iescim:PowerSystemResource.DeviceType>
</cim:ConnectivityNode>
<cim:ConnectivityNode rdf:ID="9288674231728981">
<iescim:PowerSystemResource.SubType>0</iescim:PowerSystemResource.SubType>
<iescim:PowerSystemResource.DeviceID>9288674231728981</iescim:PowerSystemResource.DeviceID>
<iescim:PowerSystemResource.DeviceType>33</iescim:PowerSystemResource.DeviceType>
</cim:ConnectivityNode>
<cim:ConnectivityNode rdf:ID="9288674231729774">
<iescim:PowerSystemResource.SubType>0</iescim:PowerSystemResource.SubType>
<iescim:PowerSystemResource.DeviceID>9288674231729774</iescim:PowerSystemResource.DeviceID>
<iescim:PowerSystemResource.DeviceType>33</iescim:PowerSystemResource.DeviceType>
</cim:ConnectivityNode>
<cim:ConnectivityNode rdf:ID="9288674231733410">
<iescim:PowerSystemResource.SubType>0</iescim:PowerSystemResource.SubType>
<iescim:PowerSystemResource.DeviceID>9288674231733410</iescim:PowerSystemResource.DeviceID>
<iescim:PowerSystemResource.DeviceType>33</iescim:PowerSystemResource.DeviceType>
</cim:ConnectivityNode>
<cim:ConnectivityNode rdf:ID="9288674231762317">
<iescim:PowerSystemResource.SubType>0</iescim:PowerSystemResource.SubType>
<iescim:PowerSystemResource.DeviceID>9288674231762317</iescim:PowerSystemResource.DeviceID>
<iescim:PowerSystemResource.DeviceType>33</iescim:PowerSystemResource.DeviceType>
</cim:ConnectivityNode>
<cim:ConnectivityNode rdf:ID="9288674231762318">
<iescim:PowerSystemResource.SubType>0</iescim:PowerSystemResource.SubType>
<iescim:PowerSystemResource.DeviceID>9288674231762318</iescim:PowerSystemResource.DeviceID>
<iescim:PowerSystemResource.DeviceType>33</iescim:PowerSystemResource.DeviceType>
</cim:ConnectivityNode>
<cim:ConnectivityNode rdf:ID="9288674231763414">
<iescim:PowerSystemResource.SubType>0</iescim:PowerSystemResource.SubType>
<iescim:PowerSystemResource.DeviceID>9288674231763414</iescim:PowerSystemResource.DeviceID>
<iescim:PowerSystemResource.DeviceType>33</iescim:PowerSystemResource.DeviceType>
</cim:ConnectivityNode>
<cim:ConnectivityNode rdf:ID="9288674231857411">
<iescim:PowerSystemResource.SubType>0</iescim:PowerSystemResource.SubType>
<iescim:PowerSystemResource.DeviceID>9288674231857411</iescim:PowerSystemResource.DeviceID>
<iescim:PowerSystemResource.DeviceType>33</iescim:PowerSystemResource.DeviceType>
</cim:ConnectivityNode>
<cim:ConnectivityNode rdf:ID="9288674231858223">
<iescim:PowerSystemResource.SubType>0</iescim:PowerSystemResource.SubType>
<iescim:PowerSystemResource.DeviceID>9288674231858223</iescim:PowerSystemResource.DeviceID>
<iescim:PowerSystemResource.DeviceType>33</iescim:PowerSystemResource.DeviceType>
</cim:ConnectivityNode>
<cim:ConnectivityNode rdf:ID="9288674231888567">
<iescim:PowerSystemResource.SubType>0</iescim:PowerSystemResource.SubType>
<iescim:PowerSystemResource.DeviceID>9288674231888567</iescim:PowerSystemResource.DeviceID>
<iescim:PowerSystemResource.DeviceType>33</iescim:PowerSystemResource.DeviceType>
</cim:ConnectivityNode>
<cim:ConnectivityNode rdf:ID="9288674231888568">
<iescim:PowerSystemResource.SubType>0</iescim:PowerSystemResource.SubType>
<iescim:PowerSystemResource.DeviceID>9288674231888568</iescim:PowerSystemResource.DeviceID>
<iescim:PowerSystemResource.DeviceType>33</iescim:PowerSystemResource.DeviceType>
</cim:ConnectivityNode>
<cim:ConnectivityNode rdf:ID="9288674231888569">
<iescim:PowerSystemResource.SubType>0</iescim:PowerSystemResource.SubType>
<iescim:PowerSystemResource.DeviceID>9288674231888569</iescim:PowerSystemResource.DeviceID>
<iescim:PowerSystemResource.DeviceType>33</iescim:PowerSystemResource.DeviceType>
</cim:ConnectivityNode>
<cim:ConnectivityNode rdf:ID="9288674231888570">
<iescim:PowerSystemResource.SubType>0</iescim:PowerSystemResource.SubType>
<iescim:PowerSystemResource.DeviceID>9288674231888570</iescim:PowerSystemResource.DeviceID>
<iescim:PowerSystemResource.DeviceType>33</iescim:PowerSystemResource.DeviceType>
</cim:ConnectivityNode>
<cim:ConnectivityNode rdf:ID="9288674231888571">
<iescim:PowerSystemResource.SubType>0</iescim:PowerSystemResource.SubType>
<iescim:PowerSystemResource.DeviceID>9288674231888571</iescim:PowerSystemResource.DeviceID>
<iescim:PowerSystemResource.DeviceType>33</iescim:PowerSystemResource.DeviceType>
</cim:ConnectivityNode>
<cim:ConnectivityNode rdf:ID="9288674231890259">
<iescim:PowerSystemResource.SubType>0</iescim:PowerSystemResource.SubType>
<iescim:PowerSystemResource.DeviceID>9288674231890259</iescim:PowerSystemResource.DeviceID>
<iescim:PowerSystemResource.DeviceType>33</iescim:PowerSystemResource.DeviceType>
</cim:ConnectivityNode>
<cim:ConnectivityNode rdf:ID="9288674231897024">
<iescim:PowerSystemResource.SubType>0</iescim:PowerSystemResource.SubType>
<iescim:PowerSystemResource.DeviceID>9288674231897024</iescim:PowerSystemResource.DeviceID>
<iescim:PowerSystemResource.DeviceType>33</iescim:PowerSystemResource.DeviceType>
</cim:ConnectivityNode>
<cim:ConnectivityNode rdf:ID="9288674231897025">
<iescim:PowerSystemResource.SubType>0</iescim:PowerSystemResource.SubType>
<iescim:PowerSystemResource.DeviceID>9288674231897025</iescim:PowerSystemResource.DeviceID>
<iescim:PowerSystemResource.DeviceType>33</iescim:PowerSystemResource.DeviceType>
</cim:ConnectivityNode>
<cim:ConnectivityNode rdf:ID="9288674231897026">
<iescim:PowerSystemResource.SubType>0</iescim:PowerSystemResource.SubType>
<iescim:PowerSystemResource.DeviceID>9288674231897026</iescim:PowerSystemResource.DeviceID>
<iescim:PowerSystemResource.DeviceType>33</iescim:PowerSystemResource.DeviceType>
</cim:ConnectivityNode>
<cim:ConnectivityNode rdf:ID="9288674231897027">
<iescim:PowerSystemResource.SubType>0</iescim:PowerSystemResource.SubType>
<iescim:PowerSystemResource.DeviceID>9288674231897027</iescim:PowerSystemResource.DeviceID>
<iescim:PowerSystemResource.DeviceType>33</iescim:PowerSystemResource.DeviceType>
</cim:ConnectivityNode>
<cim:ConnectivityNode rdf:ID="9288674231927657">
<iescim:PowerSystemResource.SubType>0</iescim:PowerSystemResource.SubType>
<iescim:PowerSystemResource.DeviceID>9288674231927657</iescim:PowerSystemResource.DeviceID>
<iescim:PowerSystemResource.DeviceType>33</iescim:PowerSystemResource.DeviceType>
</cim:ConnectivityNode>
<cim:ConnectivityNode rdf:ID="9288674231929946">
<iescim:PowerSystemResource.SubType>0</iescim:PowerSystemResource.SubType>
<iescim:PowerSystemResource.DeviceID>9288674231929946</iescim:PowerSystemResource.DeviceID>
<iescim:PowerSystemResource.DeviceType>33</iescim:PowerSystemResource.DeviceType>
</cim:ConnectivityNode>
<cim:ConnectivityNode rdf:ID="9288674246212582">
<iescim:PowerSystemResource.SubType>0</iescim:PowerSystemResource.SubType>
<iescim:PowerSystemResource.DeviceID>9288674246212582</iescim:PowerSystemResource.DeviceID>
<iescim:PowerSystemResource.DeviceType>33</iescim:PowerSystemResource.DeviceType>
</cim:ConnectivityNode>
<cim:ConnectivityNode rdf:ID="9288674246212583">
<iescim:PowerSystemResource.SubType>0</iescim:PowerSystemResource.SubType>
<iescim:PowerSystemResource.DeviceID>9288674246212583</iescim:PowerSystemResource.DeviceID>
<iescim:PowerSystemResource.DeviceType>33</iescim:PowerSystemResource.DeviceType>
</cim:ConnectivityNode>
<cim:Terminal rdf:ID="2909510">
<cim:Terminal.ConductingEquipment rdf:resource="#31100000_877898"/>
<cim:Terminal.ConnectivityNode rdf:resource="#9288674246212583"/>
</cim:Terminal>
<cim:Terminal rdf:ID="1165361">
<cim:Terminal.ConductingEquipment rdf:resource="#1165359"/>
<cim:Terminal.ConnectivityNode rdf:resource="#9288674231523374"/>
</cim:Terminal>
<cim:Terminal rdf:ID="1165362">
<cim:Terminal.ConductingEquipment rdf:resource="#1165359"/>
<cim:Terminal.ConnectivityNode rdf:resource="#9288674231607537"/>
</cim:Terminal>
<cim:Terminal rdf:ID="1165365">
<cim:Terminal.ConductingEquipment rdf:resource="#30600001_185566"/>
<cim:Terminal.ConnectivityNode rdf:resource="#9288674231607537"/>
</cim:Terminal>
<cim:Terminal rdf:ID="2909732">
<cim:Terminal.ConductingEquipment rdf:resource="#30600001_2508295"/>
<cim:Terminal.ConnectivityNode rdf:resource="#9288674231608177"/>
</cim:Terminal>
<cim:Terminal rdf:ID="32000000_4357281_1">
<cim:Terminal.ConductingEquipment rdf:resource="#32000000_4357281"/>
<cim:Terminal.ConnectivityNode rdf:resource="#9288674231608177"/>
</cim:Terminal>
<cim:Terminal rdf:ID="20200000_2402022_1">
<cim:Terminal.ConductingEquipment rdf:resource="#20200000_2402022"/>
<cim:Terminal.ConnectivityNode rdf:resource="#9288674231858223"/>
</cim:Terminal>
<cim:Terminal rdf:ID="20200000_2402015_1">
<cim:Terminal.ConductingEquipment rdf:resource="#20200000_2402015"/>
<cim:Terminal.ConnectivityNode rdf:resource="#9288674231857411"/>
</cim:Terminal>
<cim:Terminal rdf:ID="11500000_1516204071_1">
<cim:Terminal.ConductingEquipment rdf:resource="#11500000_1516204071"/>
<cim:Terminal.ConnectivityNode rdf:resource="#9288674231645524"/>
</cim:Terminal>
<cim:Terminal rdf:ID="11500000_1516204071_2">
<cim:Terminal.ConductingEquipment rdf:resource="#11500000_1516204071"/>
<cim:Terminal.ConnectivityNode rdf:resource="#9288674231728979"/>
</cim:Terminal>
<cim:Terminal rdf:ID="11300000_1516358489_1">
<cim:Terminal.ConductingEquipment rdf:resource="#11300000_1516358489"/>
<cim:Terminal.ConnectivityNode rdf:resource="#9288674231645525"/>
</cim:Terminal>
<cim:Terminal rdf:ID="11300000_1516358489_2">
<cim:Terminal.ConductingEquipment rdf:resource="#11300000_1516358489"/>
<cim:Terminal.ConnectivityNode rdf:resource="#9288674231728980"/>
</cim:Terminal>
<cim:Terminal rdf:ID="11300000_1516241692_1">
<cim:Terminal.ConductingEquipment rdf:resource="#11300000_1516241692"/>
<cim:Terminal.ConnectivityNode rdf:resource="#9288674231645526"/>
</cim:Terminal>
<cim:Terminal rdf:ID="11300000_1516241692_2">
<cim:Terminal.ConductingEquipment rdf:resource="#11300000_1516241692"/>
<cim:Terminal.ConnectivityNode rdf:resource="#9288674231728981"/>
</cim:Terminal>
<cim:Terminal rdf:ID="11300000_1518556139_1">
<cim:Terminal.ConductingEquipment rdf:resource="#11300000_1518556139"/>
<cim:Terminal.ConnectivityNode rdf:resource="#9288674231646762"/>
</cim:Terminal>
<cim:Terminal rdf:ID="11300000_1518556139_2">
<cim:Terminal.ConductingEquipment rdf:resource="#11300000_1518556139"/>
<cim:Terminal.ConnectivityNode rdf:resource="#9288674231729774"/>
</cim:Terminal>
<cim:Terminal rdf:ID="20100000_1580871_1">
<cim:Terminal.ConductingEquipment rdf:resource="#20100000_1580871"/>
<cim:Terminal.ConnectivityNode rdf:resource="#9288674231857411"/>
</cim:Terminal>
<cim:Terminal rdf:ID="20100000_1580871_2">
<cim:Terminal.ConductingEquipment rdf:resource="#20100000_1580871"/>
<cim:Terminal.ConnectivityNode rdf:resource="#9288674231858223"/>
</cim:Terminal>
<cim:Terminal rdf:ID="14000000_7676064_1">
<cim:Terminal.ConductingEquipment rdf:resource="#14000000_7676064"/>
<cim:Terminal.ConnectivityNode rdf:resource="#9288674231608177"/>
</cim:Terminal>
<cim:Terminal rdf:ID="14000000_7676064_2">
<cim:Terminal.ConductingEquipment rdf:resource="#14000000_7676064"/>
<cim:Terminal.ConnectivityNode rdf:resource="#9288674231857411"/>
</cim:Terminal>
<cim:Terminal rdf:ID="11300000_1526817988_1">
<cim:Terminal.ConductingEquipment rdf:resource="#11300000_1526817988"/>
<cim:Terminal.ConnectivityNode rdf:resource="#9288674231652343"/>
</cim:Terminal>
<cim:Terminal rdf:ID="11300000_1526817988_2">
<cim:Terminal.ConductingEquipment rdf:resource="#11300000_1526817988"/>
<cim:Terminal.ConnectivityNode rdf:resource="#9288674231733410"/>
</cim:Terminal>
<cim:Terminal rdf:ID="13000000_16856533_1">
<cim:Terminal.ConductingEquipment rdf:resource="#13000000_16856533"/>
<cim:Terminal.ConnectivityNode rdf:resource="#9288674231858223"/>
</cim:Terminal>
<cim:Terminal rdf:ID="13000000_16856533_2">
<cim:Terminal.ConductingEquipment rdf:resource="#13000000_16856533"/>
<cim:Terminal.ConnectivityNode rdf:resource="#9288674231890259"/>
</cim:Terminal>
<cim:Terminal rdf:ID="11100000_1516356807_1">
<cim:Terminal.ConductingEquipment rdf:resource="#11100000_1516356807"/>
<cim:Terminal.ConnectivityNode rdf:resource="#9288674231499534"/>
</cim:Terminal>
<cim:Terminal rdf:ID="11100000_1516356807_2">
<cim:Terminal.ConductingEquipment rdf:resource="#11100000_1516356807"/>
<cim:Terminal.ConnectivityNode rdf:resource="#9288674231544306"/>
</cim:Terminal>
<cim:Terminal rdf:ID="11100000_1518555759_1">
<cim:Terminal.ConductingEquipment rdf:resource="#11100000_1518555759"/>
<cim:Terminal.ConnectivityNode rdf:resource="#9288674231500139"/>
</cim:Terminal>
<cim:Terminal rdf:ID="11100000_1518555759_2">
<cim:Terminal.ConductingEquipment rdf:resource="#11100000_1518555759"/>
<cim:Terminal.ConnectivityNode rdf:resource="#9288674231544913"/>
</cim:Terminal>
<cim:Terminal rdf:ID="11100000_1526788758_1">
<cim:Terminal.ConductingEquipment rdf:resource="#11100000_1526788758"/>
<cim:Terminal.ConnectivityNode rdf:resource="#9288674231503067"/>
</cim:Terminal>
<cim:Terminal rdf:ID="11100000_1526788758_2">
<cim:Terminal.ConductingEquipment rdf:resource="#11100000_1526788758"/>
<cim:Terminal.ConnectivityNode rdf:resource="#9288674231547846"/>
</cim:Terminal>
<cim:Terminal rdf:ID="32000000_1516363896_1">
<cim:Terminal.ConductingEquipment rdf:resource="#32000000_1516363896"/>
<cim:Terminal.ConnectivityNode rdf:resource="#9288674231888568"/>
</cim:Terminal>
<cim:Terminal rdf:ID="20200000_1516362225_1">
<cim:Terminal.ConductingEquipment rdf:resource="#20200000_1516362225"/>
<cim:Terminal.ConnectivityNode rdf:resource="#9288674231927657"/>
</cim:Terminal>
<cim:Terminal rdf:ID="20200000_1516362224_1">
<cim:Terminal.ConductingEquipment rdf:resource="#20200000_1516362224"/>
<cim:Terminal.ConnectivityNode rdf:resource="#9288674231888567"/>
</cim:Terminal>
<cim:Terminal rdf:ID="32000000_1526820033_1">
<cim:Terminal.ConductingEquipment rdf:resource="#32000000_1526820033"/>
<cim:Terminal.ConnectivityNode rdf:resource="#9288674231929946"/>
</cim:Terminal>
<cim:Terminal rdf:ID="20200000_1526816419_1">
<cim:Terminal.ConductingEquipment rdf:resource="#20200000_1526816419"/>
<cim:Terminal.ConnectivityNode rdf:resource="#9288674231897025"/>
</cim:Terminal>
<cim:Terminal rdf:ID="20200000_1526816418_1">
<cim:Terminal.ConductingEquipment rdf:resource="#20200000_1526816418"/>
<cim:Terminal.ConnectivityNode rdf:resource="#9288674231897024"/>
</cim:Terminal>
<cim:Terminal rdf:ID="36000000_1516369010_1">
<cim:Terminal.ConductingEquipment rdf:resource="#36000000_1516369010"/>
<cim:Terminal.ConnectivityNode rdf:resource="#9288674231762317"/>
</cim:Terminal>
<cim:Terminal rdf:ID="36000000_1516369010_2">
<cim:Terminal.ConductingEquipment rdf:resource="#36000000_1516369010"/>
<cim:Terminal.ConnectivityNode rdf:resource="#9288674231888568"/>
</cim:Terminal>
<cim:Terminal rdf:ID="20100000_1516362242_1">
<cim:Terminal.ConductingEquipment rdf:resource="#20100000_1516362242"/>
<cim:Terminal.ConnectivityNode rdf:resource="#9288674231888567"/>
</cim:Terminal>
<cim:Terminal rdf:ID="20100000_1516362242_2">
<cim:Terminal.ConductingEquipment rdf:resource="#20100000_1516362242"/>
<cim:Terminal.ConnectivityNode rdf:resource="#9288674231927657"/>
</cim:Terminal>
<cim:Terminal rdf:ID="14000000_1516358904_1">
<cim:Terminal.ConductingEquipment rdf:resource="#14000000_1516358904"/>
<cim:Terminal.ConnectivityNode rdf:resource="#9288674231888568"/>
</cim:Terminal>
<cim:Terminal rdf:ID="14000000_1516358904_2">
<cim:Terminal.ConductingEquipment rdf:resource="#14000000_1516358904"/>
<cim:Terminal.ConnectivityNode rdf:resource="#9288674231927657"/>
</cim:Terminal>
<cim:Terminal rdf:ID="13000000_1516365636_1">
<cim:Terminal.ConductingEquipment rdf:resource="#13000000_1516365636"/>
<cim:Terminal.ConnectivityNode rdf:resource="#9288674231888569"/>
</cim:Terminal>
<cim:Terminal rdf:ID="13000000_1516365636_2">
<cim:Terminal.ConductingEquipment rdf:resource="#13000000_1516365636"/>
<cim:Terminal.ConnectivityNode rdf:resource="#9288674231645525"/>
</cim:Terminal>
<cim:Terminal rdf:ID="13000000_1516364153_1">
<cim:Terminal.ConductingEquipment rdf:resource="#13000000_1516364153"/>
<cim:Terminal.ConnectivityNode rdf:resource="#9288674231728980"/>
</cim:Terminal>
<cim:Terminal rdf:ID="13000000_1516364153_2">
<cim:Terminal.ConductingEquipment rdf:resource="#13000000_1516364153"/>
<cim:Terminal.ConnectivityNode rdf:resource="#9288674231499534"/>
</cim:Terminal>
<cim:Terminal rdf:ID="13000000_1516364151_1">
<cim:Terminal.ConductingEquipment rdf:resource="#13000000_1516364151"/>
<cim:Terminal.ConnectivityNode rdf:resource="#9288674231544306"/>
</cim:Terminal>
<cim:Terminal rdf:ID="13000000_1516364151_2">
<cim:Terminal.ConductingEquipment rdf:resource="#13000000_1516364151"/>
<cim:Terminal.ConnectivityNode rdf:resource="#9288674231888567"/>
</cim:Terminal>
<cim:Terminal rdf:ID="13000000_1516244254_1">
<cim:Terminal.ConductingEquipment rdf:resource="#13000000_1516244254"/>
<cim:Terminal.ConnectivityNode rdf:resource="#9288674231888570"/>
</cim:Terminal>
<cim:Terminal rdf:ID="13000000_1516244254_2">
<cim:Terminal.ConductingEquipment rdf:resource="#13000000_1516244254"/>
<cim:Terminal.ConnectivityNode rdf:resource="#9288674231645526"/>
</cim:Terminal>
<cim:Terminal rdf:ID="13000000_1516244252_1">
<cim:Terminal.ConductingEquipment rdf:resource="#13000000_1516244252"/>
<cim:Terminal.ConnectivityNode rdf:resource="#9288674231728981"/>
</cim:Terminal>
<cim:Terminal rdf:ID="13000000_1516244252_2">
<cim:Terminal.ConductingEquipment rdf:resource="#13000000_1516244252"/>
<cim:Terminal.ConnectivityNode rdf:resource="#9288674231645524"/>
</cim:Terminal>
<cim:Terminal rdf:ID="13000000_1516244250_1">
<cim:Terminal.ConductingEquipment rdf:resource="#13000000_1516244250"/>
<cim:Terminal.ConnectivityNode rdf:resource="#9288674231728979"/>
</cim:Terminal>
<cim:Terminal rdf:ID="13000000_1516244250_2">
<cim:Terminal.ConductingEquipment rdf:resource="#13000000_1516244250"/>
<cim:Terminal.ConnectivityNode rdf:resource="#9288674231762318"/>
</cim:Terminal>
<cim:Terminal rdf:ID="10100000_1516243952_1">
<cim:Terminal.ConductingEquipment rdf:resource="#10100000_1516243952"/>
<cim:Terminal.ConnectivityNode rdf:resource="#9288674231888571"/>
</cim:Terminal>
<cim:Terminal rdf:ID="10100000_1516243952_2">
<cim:Terminal.ConductingEquipment rdf:resource="#10100000_1516243952"/>
<cim:Terminal.ConnectivityNode rdf:resource="#9288674231888570"/>
</cim:Terminal>
<cim:Terminal rdf:ID="10100000_13071036_1">
<cim:Terminal.ConductingEquipment rdf:resource="#10100000_13071036"/>
<cim:Terminal.ConnectivityNode rdf:resource="#9288674231888571"/>
</cim:Terminal>
<cim:Terminal rdf:ID="10100000_13071036_2">
<cim:Terminal.ConductingEquipment rdf:resource="#10100000_13071036"/>
<cim:Terminal.ConnectivityNode rdf:resource="#9288674231888569"/>
</cim:Terminal>
<cim:Terminal rdf:ID="10100000_13071016_1">
<cim:Terminal.ConductingEquipment rdf:resource="#10100000_13071016"/>
<cim:Terminal.ConnectivityNode rdf:resource="#9288674231729774"/>
</cim:Terminal>
<cim:Terminal rdf:ID="10100000_13071016_2">
<cim:Terminal.ConductingEquipment rdf:resource="#10100000_13071016"/>
<cim:Terminal.ConnectivityNode rdf:resource="#9288674231897027"/>
</cim:Terminal>
<cim:Terminal rdf:ID="13000000_1518557197_1">
<cim:Terminal.ConductingEquipment rdf:resource="#13000000_1518557197"/>
<cim:Terminal.ConnectivityNode rdf:resource="#9288674231890259"/>
</cim:Terminal>
<cim:Terminal rdf:ID="13000000_1518557197_2">
<cim:Terminal.ConductingEquipment rdf:resource="#13000000_1518557197"/>
<cim:Terminal.ConnectivityNode rdf:resource="#9288674231500139"/>
</cim:Terminal>
<cim:Terminal rdf:ID="13000000_1518554595_1">
<cim:Terminal.ConductingEquipment rdf:resource="#13000000_1518554595"/>
<cim:Terminal.ConnectivityNode rdf:resource="#9288674231544913"/>
</cim:Terminal>
<cim:Terminal rdf:ID="13000000_1518554595_2">
<cim:Terminal.ConductingEquipment rdf:resource="#13000000_1518554595"/>
<cim:Terminal.ConnectivityNode rdf:resource="#9288674231646762"/>
</cim:Terminal>
<cim:Terminal rdf:ID="36000000_1526821017_1">
<cim:Terminal.ConductingEquipment rdf:resource="#36000000_1526821017"/>
<cim:Terminal.ConnectivityNode rdf:resource="#9288674231763414"/>
</cim:Terminal>
<cim:Terminal rdf:ID="36000000_1526821017_2">
<cim:Terminal.ConductingEquipment rdf:resource="#36000000_1526821017"/>
<cim:Terminal.ConnectivityNode rdf:resource="#9288674231929946"/>
</cim:Terminal>
<cim:Terminal rdf:ID="20100000_1526815915_1">
<cim:Terminal.ConductingEquipment rdf:resource="#20100000_1526815915"/>
<cim:Terminal.ConnectivityNode rdf:resource="#9288674231897024"/>
</cim:Terminal>
<cim:Terminal rdf:ID="20100000_1526815915_2">
<cim:Terminal.ConductingEquipment rdf:resource="#20100000_1526815915"/>
<cim:Terminal.ConnectivityNode rdf:resource="#9288674231897025"/>
</cim:Terminal>
<cim:Terminal rdf:ID="14000000_1526809679_1">
<cim:Terminal.ConductingEquipment rdf:resource="#14000000_1526809679"/>
<cim:Terminal.ConnectivityNode rdf:resource="#9288674231897025"/>
</cim:Terminal>
<cim:Terminal rdf:ID="14000000_1526809679_2">
<cim:Terminal.ConductingEquipment rdf:resource="#14000000_1526809679"/>
<cim:Terminal.ConnectivityNode rdf:resource="#9288674231929946"/>
</cim:Terminal>
<cim:Terminal rdf:ID="13000000_1526821176_1">
<cim:Terminal.ConductingEquipment rdf:resource="#13000000_1526821176"/>
<cim:Terminal.ConnectivityNode rdf:resource="#9288674231897026"/>
</cim:Terminal>
<cim:Terminal rdf:ID="13000000_1526821176_2">
<cim:Terminal.ConductingEquipment rdf:resource="#13000000_1526821176"/>
<cim:Terminal.ConnectivityNode rdf:resource="#9288674231652343"/>
</cim:Terminal>
<cim:Terminal rdf:ID="13000000_1526821173_1">
<cim:Terminal.ConductingEquipment rdf:resource="#13000000_1526821173"/>
<cim:Terminal.ConnectivityNode rdf:resource="#9288674231733410"/>
</cim:Terminal>
<cim:Terminal rdf:ID="13000000_1526821173_2">
<cim:Terminal.ConductingEquipment rdf:resource="#13000000_1526821173"/>
<cim:Terminal.ConnectivityNode rdf:resource="#9288674231503067"/>
</cim:Terminal>
<cim:Terminal rdf:ID="13000000_1526820616_1">
<cim:Terminal.ConductingEquipment rdf:resource="#13000000_1526820616"/>
<cim:Terminal.ConnectivityNode rdf:resource="#9288674231547846"/>
</cim:Terminal>
<cim:Terminal rdf:ID="13000000_1526820616_2">
<cim:Terminal.ConductingEquipment rdf:resource="#13000000_1526820616"/>
<cim:Terminal.ConnectivityNode rdf:resource="#9288674231897024"/>
</cim:Terminal>
<cim:Terminal rdf:ID="10100000_1526797928_1">
<cim:Terminal.ConductingEquipment rdf:resource="#10100000_1526797928"/>
<cim:Terminal.ConnectivityNode rdf:resource="#9288674231897027"/>
</cim:Terminal>
<cim:Terminal rdf:ID="10100000_1526797928_2">
<cim:Terminal.ConductingEquipment rdf:resource="#10100000_1526797928"/>
<cim:Terminal.ConnectivityNode rdf:resource="#9288674231897026"/>
</cim:Terminal>
<cim:Terminal rdf:ID="10100000_13071035_1">
<cim:Terminal.ConductingEquipment rdf:resource="#10100000_13071035"/>
<cim:Terminal.ConnectivityNode rdf:resource="#9288674231897027"/>
</cim:Terminal>
<cim:Terminal rdf:ID="10100000_13071035_2">
<cim:Terminal.ConductingEquipment rdf:resource="#10100000_13071035"/>
<cim:Terminal.ConnectivityNode rdf:resource="#9288674231888571"/>
</cim:Terminal>
<cim:Terminal rdf:ID="30200003_151636924501">
<cim:Terminal.ConductingEquipment rdf:resource="#30200003_1516369245"/>
<cim:Terminal.ConnectivityNode rdf:resource="#9288674231762317"/>
</cim:Terminal>
<cim:Terminal rdf:ID="30200003_151636924401">
<cim:Terminal.ConductingEquipment rdf:resource="#30200003_1516369244"/>
<cim:Terminal.ConnectivityNode rdf:resource="#9288674231762317"/>
</cim:Terminal>
<cim:Terminal rdf:ID="11000001_1516248119_1">
<cim:Terminal.ConductingEquipment rdf:resource="#11000001_1516248119"/>
<cim:Terminal.ConnectivityNode rdf:resource="#9288674231762318"/>
</cim:Terminal>
<cim:Terminal rdf:ID="1165357">
<cim:Terminal.ConductingEquipment rdf:resource="#30500000_112615"/>
<cim:Terminal.ConnectivityNode rdf:resource="#9288674246212582"/>
</cim:Terminal>
<cim:Terminal rdf:ID="1165358">
<cim:Terminal.ConductingEquipment rdf:resource="#30500000_112615"/>
<cim:Terminal.ConnectivityNode rdf:resource="#9288674231523374"/>
</cim:Terminal>
<cim:Terminal rdf:ID="30200003_152682001301">
<cim:Terminal.ConductingEquipment rdf:resource="#30200003_1526820013"/>
<cim:Terminal.ConnectivityNode rdf:resource="#9288674231763414"/>
</cim:Terminal>
<cim:Terminal rdf:ID="30200003_152682001201">
<cim:Terminal.ConductingEquipment rdf:resource="#30200003_1526820012"/>
<cim:Terminal.ConnectivityNode rdf:resource="#9288674231763414"/>
</cim:Terminal>
<cim:Terminal rdf:ID="1164128">
<cim:Terminal.ConductingEquipment rdf:resource="#31100000_90036"/>
<cim:Terminal.ConnectivityNode rdf:resource="#9288674246212582"/>
</cim:Terminal>
<cim:Terminal rdf:ID="10200001_13097938_1">
<cim:Terminal.ConductingEquipment rdf:resource="#10200001_13097938"/>
<cim:Terminal.ConnectivityNode rdf:resource="#0"/>
</cim:Terminal>
<cim:Terminal rdf:ID="10200001_1516245801_1">
<cim:Terminal.ConductingEquipment rdf:resource="#10200001_1516245801"/>
<cim:Terminal.ConnectivityNode rdf:resource="#0"/>
</cim:Terminal>
<cim:Terminal rdf:ID="10200001_13097961_1">
<cim:Terminal.ConductingEquipment rdf:resource="#10200001_13097961"/>
<cim:Terminal.ConnectivityNode rdf:resource="#0"/>
</cim:Terminal>
<cim:Terminal rdf:ID="10200001_13097959_1">
<cim:Terminal.ConductingEquipment rdf:resource="#10200001_13097959"/>
<cim:Terminal.ConnectivityNode rdf:resource="#0"/>
</cim:Terminal>
<cim:Terminal rdf:ID="10200001_1526773292_1">
<cim:Terminal.ConductingEquipment rdf:resource="#10200001_1526773292"/>
<cim:Terminal.ConnectivityNode rdf:resource="#0"/>
</cim:Terminal>
<cim:Terminal rdf:ID="10200001_13097958_1">
<cim:Terminal.ConductingEquipment rdf:resource="#10200001_13097958"/>
<cim:Terminal.ConnectivityNode rdf:resource="#0"/>
</cim:Terminal>
</rdf:RDF>
