<?xml version="1.0" encoding="UTF-8"?>

<rdf:RDF xmlns:rdf="http://www.w3.org/1999/02/22-rdf-syntax-ns#" xmlns:cim="http://www.sgcc.com.cn/SG-CIM/2010MAY#" xmlns:iescim="http://www.ieslab.com.cn">

<cim:BaseVoltage rdf:ID="BaseVoltage_5">
<cim:IdentifiedObject.name>10kV</cim:IdentifiedObject.name>
<cim:BaseVoltage.isDC>false</cim:BaseVoltage.isDC>
<cim:BaseVoltage.nominalVoltage>10.00</cim:BaseVoltage.nominalVoltage>
<iescim:PowerSystemResource.DeviceID>5</iescim:PowerSystemResource.DeviceID>
</cim:BaseVoltage>
<cim:SubGeographicalRegion rdf:ID="8a0f688f46db11f00146db136a8210ee">
<cim:IdentifiedObject.name>国网周宁县供电公司</cim:IdentifiedObject.name>
<cim:SubGeographicalRegion.Region rdf:resource="#_"/>
</cim:SubGeographicalRegion>
<cim:Circuit rdf:ID="10000100_7635">
<cim:IdentifiedObject.name>东七线911线路</cim:IdentifiedObject.name>
<cim:Circuit.BelongtoHVSubstation rdf:resource="#30000000_75135"/>
<cim:PowerSystemResource.SubGeographicalRegion rdf:resource="#8a0f688f46db11f00146db136a8210ee"/>
<cim:iscurrentfeeder>0</cim:iscurrentfeeder>
</cim:Circuit>
<cim:Circuit rdf:ID="10000100_40087">
<cim:IdentifiedObject.name>10kV科物Ⅱ线986线路</cim:IdentifiedObject.name>
<cim:Circuit.BelongtoHVSubstation rdf:resource="#30000000_75285"/>
<cim:PowerSystemResource.SubGeographicalRegion rdf:resource="#8a0f688f46db11f00146db136a8210ee"/>
<cim:iscurrentfeeder>1</cim:iscurrentfeeder>
</cim:Circuit>
<cim:Substation rdf:ID="30000000_75135">
<cim:IdentifiedObject.name>周宁东关变电站</cim:IdentifiedObject.name>
<iescim:PowerSystemResource.DeviceType>13</iescim:PowerSystemResource.DeviceType>
<iescim:PowerSystemResource.SubType>1</iescim:PowerSystemResource.SubType>
<cim:PowerSystemResource.PSRType rdf:resource="#30000000"/>
<iescim:PowerSystemResource.DeviceID>3659174697243479</iescim:PowerSystemResource.DeviceID>
<cim:PowerSystemResource.SubGeographicalRegion rdf:resource="#8a0f688f46db11f00146db136a8210ee"/>
</cim:Substation>
<cim:Substation rdf:ID="30000000_75285">
<cim:IdentifiedObject.name>登科变电站</cim:IdentifiedObject.name>
<iescim:PowerSystemResource.DeviceType>13</iescim:PowerSystemResource.DeviceType>
<iescim:PowerSystemResource.SubType>1</iescim:PowerSystemResource.SubType>
<cim:PowerSystemResource.PSRType rdf:resource="#30000000"/>
<iescim:PowerSystemResource.DeviceID>3659174697243488</iescim:PowerSystemResource.DeviceID>
<cim:PowerSystemResource.SubGeographicalRegion rdf:resource="#8a0f688f46db11f00146db136a8210ee"/>
</cim:Substation>
<cim:Substation rdf:ID="30000006_4210564">
<cim:IdentifiedObject.name>月牙湾迎宾大酒店配电室</cim:IdentifiedObject.name>
<iescim:PowerSystemResource.DeviceType>153</iescim:PowerSystemResource.DeviceType>
<iescim:PowerSystemResource.SubType>18</iescim:PowerSystemResource.SubType>
<cim:PowerSystemResource.PSRType rdf:resource="#30000006"/>
<iescim:PowerSystemResource.DeviceID>43065671436793308</iescim:PowerSystemResource.DeviceID>
<cim:PowerSystemResource.SubGeographicalRegion rdf:resource="#8a0f688f46db11f00146db136a8210ee"/>
</cim:Substation>
<cim:Breaker rdf:ID="30500000_1537583">
<cim:IdentifiedObject.name>登科变电站.10kV.科物Ⅱ线间隔.986开关</cim:IdentifiedObject.name>
<cim:IdentifiedObject.bianhao>_</cim:IdentifiedObject.bianhao>
<cim:Equipment.EquipmentContainer rdf:resource="#30000000_75285"/>
<cim:PowerSystemResource.Circuit rdf:resource="#10000100_40087" />
<cim:ConductingEquipment.BaseVoltage rdf:resource="#BaseVoltage_5"/>
<iescim:PowerSystemResource.SubType>1</iescim:PowerSystemResource.SubType>
<iescim:PowerSystemResource.DeviceID>4503599627467016</iescim:PowerSystemResource.DeviceID>
<iescim:PowerSystemResource.DeviceType>16</iescim:PowerSystemResource.DeviceType>
<iescim:PowerSystemResource.Cxmc></iescim:PowerSystemResource.Cxmc>
</cim:Breaker>
<cim:Breaker rdf:ID="11100000_1520960529">
<cim:IdentifiedObject.name>10kV月牙湾酒店专线#001杆001开关</cim:IdentifiedObject.name>
<cim:IdentifiedObject.bianhao>001</cim:IdentifiedObject.bianhao>
<cim:PowerSystemResource.Circuit rdf:resource="#10000100_40087" />
<cim:ConductingEquipment.BaseVoltage rdf:resource="#BaseVoltage_5"/>
<iescim:PowerSystemResource.SubType>2</iescim:PowerSystemResource.SubType>
<iescim:PowerSystemResource.DeviceID>4503599627601888</iescim:PowerSystemResource.DeviceID>
<iescim:PowerSystemResource.DeviceType>16</iescim:PowerSystemResource.DeviceType>
<iescim:PowerSystemResource.Cxmc></iescim:PowerSystemResource.Cxmc>
</cim:Breaker>
<cim:Breaker rdf:ID="11100000_1523595573">
<cim:IdentifiedObject.name>10kV月牙湾酒店专线#008杆008开关</cim:IdentifiedObject.name>
<cim:IdentifiedObject.bianhao>008</cim:IdentifiedObject.bianhao>
<cim:PowerSystemResource.Circuit rdf:resource="#10000100_40087" />
<cim:ConductingEquipment.BaseVoltage rdf:resource="#BaseVoltage_5"/>
<iescim:PowerSystemResource.SubType>2</iescim:PowerSystemResource.SubType>
<iescim:PowerSystemResource.DeviceID>4503599627604932</iescim:PowerSystemResource.DeviceID>
<iescim:PowerSystemResource.DeviceType>16</iescim:PowerSystemResource.DeviceType>
<iescim:PowerSystemResource.Cxmc></iescim:PowerSystemResource.Cxmc>
</cim:Breaker>
<cim:Breaker rdf:ID="30500000_1551645033">
<cim:IdentifiedObject.name>月牙湾迎宾大酒店配电室10kV进线921开关</cim:IdentifiedObject.name>
<cim:IdentifiedObject.bianhao>921</cim:IdentifiedObject.bianhao>
<cim:Equipment.EquipmentContainer rdf:resource="#30000006_4210564"/>
<cim:PowerSystemResource.Circuit rdf:resource="#10000100_7635" />
<cim:ConductingEquipment.BaseVoltage rdf:resource="#BaseVoltage_5"/>
<iescim:PowerSystemResource.SubType>5</iescim:PowerSystemResource.SubType>
<iescim:PowerSystemResource.DeviceID>4503599627640848</iescim:PowerSystemResource.DeviceID>
<iescim:PowerSystemResource.DeviceType>16</iescim:PowerSystemResource.DeviceType>
<iescim:PowerSystemResource.Cxmc>进线</iescim:PowerSystemResource.Cxmc>
</cim:Breaker>
<cim:Disconnector rdf:ID="2673704">
<cim:IdentifiedObject.name>登科变电站.10kV.科物Ⅱ线间隔.986手车刀闸</cim:IdentifiedObject.name>
<cim:IdentifiedObject.bianhao>_</cim:IdentifiedObject.bianhao>
<cim:Equipment.EquipmentContainer rdf:resource="#30000000_75285"/>
<cim:PowerSystemResource.Circuit rdf:resource="#10000100_40087" />
<cim:ConductingEquipment.BaseVoltage rdf:resource="#BaseVoltage_5"/>
<iescim:PowerSystemResource.SubType>5</iescim:PowerSystemResource.SubType>
<iescim:PowerSystemResource.DeviceID>4785074604190983</iescim:PowerSystemResource.DeviceID>
<iescim:PowerSystemResource.DeviceType>17</iescim:PowerSystemResource.DeviceType>
<iescim:PowerSystemResource.Cxmc></iescim:PowerSystemResource.Cxmc>
</cim:Disconnector>
<cim:Disconnector rdf:ID="30600001_3145080">
<cim:IdentifiedObject.name>月牙湾迎宾大酒店配电室10kV月牙湾酒店#2专变9236刀闸</cim:IdentifiedObject.name>
<cim:IdentifiedObject.bianhao>9236</cim:IdentifiedObject.bianhao>
<cim:Equipment.EquipmentContainer rdf:resource="#30000006_4210564"/>
<cim:PowerSystemResource.Circuit rdf:resource="#10000100_7635" />
<cim:ConductingEquipment.BaseVoltage rdf:resource="#BaseVoltage_5"/>
<iescim:PowerSystemResource.SubType>9</iescim:PowerSystemResource.SubType>
<iescim:PowerSystemResource.DeviceID>4785074604210451</iescim:PowerSystemResource.DeviceID>
<iescim:PowerSystemResource.DeviceType>17</iescim:PowerSystemResource.DeviceType>
<iescim:PowerSystemResource.Cxmc></iescim:PowerSystemResource.Cxmc>
</cim:Disconnector>
<cim:Disconnector rdf:ID="30600001_3145076">
<cim:IdentifiedObject.name>月牙湾迎宾大酒店配电室10kV月牙湾酒店#专变9136刀闸</cim:IdentifiedObject.name>
<cim:IdentifiedObject.bianhao>9136</cim:IdentifiedObject.bianhao>
<cim:Equipment.EquipmentContainer rdf:resource="#30000006_4210564"/>
<cim:PowerSystemResource.Circuit rdf:resource="#10000100_7635" />
<cim:ConductingEquipment.BaseVoltage rdf:resource="#BaseVoltage_5"/>
<iescim:PowerSystemResource.SubType>9</iescim:PowerSystemResource.SubType>
<iescim:PowerSystemResource.DeviceID>4785074604210452</iescim:PowerSystemResource.DeviceID>
<iescim:PowerSystemResource.DeviceType>17</iescim:PowerSystemResource.DeviceType>
<iescim:PowerSystemResource.Cxmc></iescim:PowerSystemResource.Cxmc>
</cim:Disconnector>
<cim:Disconnector rdf:ID="30600000_3145068">
<cim:IdentifiedObject.name>月牙湾迎宾大酒店配电室10kV母分9001刀闸</cim:IdentifiedObject.name>
<cim:IdentifiedObject.bianhao>9001</cim:IdentifiedObject.bianhao>
<cim:Equipment.EquipmentContainer rdf:resource="#30000006_4210564"/>
<cim:PowerSystemResource.Circuit rdf:resource="#10000100_7635" />
<cim:ConductingEquipment.BaseVoltage rdf:resource="#BaseVoltage_5"/>
<iescim:PowerSystemResource.SubType>5</iescim:PowerSystemResource.SubType>
<iescim:PowerSystemResource.DeviceID>4785074604210455</iescim:PowerSystemResource.DeviceID>
<iescim:PowerSystemResource.DeviceType>17</iescim:PowerSystemResource.DeviceType>
<iescim:PowerSystemResource.Cxmc></iescim:PowerSystemResource.Cxmc>
</cim:Disconnector>
<cim:Disconnector rdf:ID="30600001_2150640">
<cim:IdentifiedObject.name>登科变电站.10kV.科物Ⅱ线间隔.98636刀闸</cim:IdentifiedObject.name>
<cim:IdentifiedObject.bianhao>_</cim:IdentifiedObject.bianhao>
<cim:Equipment.EquipmentContainer rdf:resource="#30000000_75285"/>
<cim:PowerSystemResource.Circuit rdf:resource="#10000100_40087" />
<cim:ConductingEquipment.BaseVoltage rdf:resource="#BaseVoltage_5"/>
<iescim:PowerSystemResource.SubType>9</iescim:PowerSystemResource.SubType>
<iescim:PowerSystemResource.DeviceID>4785074604235810</iescim:PowerSystemResource.DeviceID>
<iescim:PowerSystemResource.DeviceType>17</iescim:PowerSystemResource.DeviceType>
<iescim:PowerSystemResource.Cxmc></iescim:PowerSystemResource.Cxmc>
</cim:Disconnector>
<cim:Disconnector rdf:ID="11300000_3542701">
<cim:IdentifiedObject.name>10kV科物II线#001杆0011刀闸</cim:IdentifiedObject.name>
<cim:IdentifiedObject.bianhao>0011</cim:IdentifiedObject.bianhao>
<cim:PowerSystemResource.Circuit rdf:resource="#10000100_40087" />
<cim:ConductingEquipment.BaseVoltage rdf:resource="#BaseVoltage_5"/>
<iescim:PowerSystemResource.SubType>6</iescim:PowerSystemResource.SubType>
<iescim:PowerSystemResource.DeviceID>4785074604236021</iescim:PowerSystemResource.DeviceID>
<iescim:PowerSystemResource.DeviceType>17</iescim:PowerSystemResource.DeviceType>
<iescim:PowerSystemResource.Cxmc></iescim:PowerSystemResource.Cxmc>
</cim:Disconnector>
<cim:Disconnector rdf:ID="11300000_3542699">
<cim:IdentifiedObject.name>10kV科物II线#020杆0201刀闸</cim:IdentifiedObject.name>
<cim:IdentifiedObject.bianhao>0201</cim:IdentifiedObject.bianhao>
<cim:PowerSystemResource.Circuit rdf:resource="#10000100_40087" />
<cim:ConductingEquipment.BaseVoltage rdf:resource="#BaseVoltage_5"/>
<iescim:PowerSystemResource.SubType>6</iescim:PowerSystemResource.SubType>
<iescim:PowerSystemResource.DeviceID>4785074604236023</iescim:PowerSystemResource.DeviceID>
<iescim:PowerSystemResource.DeviceType>17</iescim:PowerSystemResource.DeviceType>
<iescim:PowerSystemResource.Cxmc></iescim:PowerSystemResource.Cxmc>
</cim:Disconnector>
<cim:Disconnector rdf:ID="11300000_3542696">
<cim:IdentifiedObject.name>10kV科物II线#019杆0191刀闸</cim:IdentifiedObject.name>
<cim:IdentifiedObject.bianhao>0191</cim:IdentifiedObject.bianhao>
<cim:PowerSystemResource.Circuit rdf:resource="#10000100_40087" />
<cim:ConductingEquipment.BaseVoltage rdf:resource="#BaseVoltage_5"/>
<iescim:PowerSystemResource.SubType>6</iescim:PowerSystemResource.SubType>
<iescim:PowerSystemResource.DeviceID>4785074604236025</iescim:PowerSystemResource.DeviceID>
<iescim:PowerSystemResource.DeviceType>17</iescim:PowerSystemResource.DeviceType>
<iescim:PowerSystemResource.Cxmc></iescim:PowerSystemResource.Cxmc>
</cim:Disconnector>
<cim:Disconnector rdf:ID="11300000_1520977836">
<cim:IdentifiedObject.name>10kV月牙湾酒店专线#008杆0081刀闸</cim:IdentifiedObject.name>
<cim:IdentifiedObject.bianhao>0081</cim:IdentifiedObject.bianhao>
<cim:PowerSystemResource.Circuit rdf:resource="#10000100_40087" />
<cim:ConductingEquipment.BaseVoltage rdf:resource="#BaseVoltage_5"/>
<iescim:PowerSystemResource.SubType>6</iescim:PowerSystemResource.SubType>
<iescim:PowerSystemResource.DeviceID>4785074604300083</iescim:PowerSystemResource.DeviceID>
<iescim:PowerSystemResource.DeviceType>17</iescim:PowerSystemResource.DeviceType>
<iescim:PowerSystemResource.Cxmc></iescim:PowerSystemResource.Cxmc>
</cim:Disconnector>
<cim:Disconnector rdf:ID="11300000_1520977835">
<cim:IdentifiedObject.name>10kV月牙湾酒店专线#001杆0011刀闸</cim:IdentifiedObject.name>
<cim:IdentifiedObject.bianhao>0011</cim:IdentifiedObject.bianhao>
<cim:PowerSystemResource.Circuit rdf:resource="#10000100_40087" />
<cim:ConductingEquipment.BaseVoltage rdf:resource="#BaseVoltage_5"/>
<iescim:PowerSystemResource.SubType>6</iescim:PowerSystemResource.SubType>
<iescim:PowerSystemResource.DeviceID>4785074604300084</iescim:PowerSystemResource.DeviceID>
<iescim:PowerSystemResource.DeviceType>17</iescim:PowerSystemResource.DeviceType>
<iescim:PowerSystemResource.Cxmc></iescim:PowerSystemResource.Cxmc>
</cim:Disconnector>
<cim:Fuse rdf:ID="30900002_609982">
<cim:IdentifiedObject.name>月牙湾迎宾大酒店配电室PT间隔熔丝</cim:IdentifiedObject.name>
<cim:IdentifiedObject.bianhao>_</cim:IdentifiedObject.bianhao>
<cim:Equipment.EquipmentContainer rdf:resource="#30000006_4210564"/>
<cim:PowerSystemResource.Circuit rdf:resource="#10000100_7635" />
<cim:ConductingEquipment.BaseVoltage rdf:resource="#BaseVoltage_5"/>
<iescim:PowerSystemResource.SubType>1</iescim:PowerSystemResource.SubType>
<iescim:PowerSystemResource.DeviceID>8162774324738321</iescim:PowerSystemResource.DeviceID>
<iescim:PowerSystemResource.DeviceType>29</iescim:PowerSystemResource.DeviceType>
<iescim:PowerSystemResource.Cxmc></iescim:PowerSystemResource.Cxmc>
</cim:Fuse>
<cim:Fuse rdf:ID="30900002_609981">
<cim:IdentifiedObject.name>月牙湾迎宾大酒店配电室PT914间隔熔丝</cim:IdentifiedObject.name>
<cim:IdentifiedObject.bianhao>_</cim:IdentifiedObject.bianhao>
<cim:Equipment.EquipmentContainer rdf:resource="#30000006_4210564"/>
<cim:PowerSystemResource.Circuit rdf:resource="#10000100_7635" />
<cim:ConductingEquipment.BaseVoltage rdf:resource="#BaseVoltage_5"/>
<iescim:PowerSystemResource.SubType>1</iescim:PowerSystemResource.SubType>
<iescim:PowerSystemResource.DeviceID>8162774324738322</iescim:PowerSystemResource.DeviceID>
<iescim:PowerSystemResource.DeviceType>29</iescim:PowerSystemResource.DeviceType>
<iescim:PowerSystemResource.Cxmc></iescim:PowerSystemResource.Cxmc>
</cim:Fuse>
<cim:PowerTransformer rdf:ID="30200003_1277451">
<cim:IdentifiedObject.name>月牙湾酒店#1专变</cim:IdentifiedObject.name>
<cim:IdentifiedObject.bianhao></cim:IdentifiedObject.bianhao>
<cim:Equipment.EquipmentContainer rdf:resource="#30000006_4210564"/>
<cim:PowerSystemResource.Circuit rdf:resource="#10000100_7635" />
<cim:ConductingEquipment.BaseVoltage rdf:resource="#BaseVoltage_5"/>
<iescim:PowerSystemResource.SubType>1</iescim:PowerSystemResource.SubType>
<iescim:PowerSystemResource.DeviceID>12384898975302651</iescim:PowerSystemResource.DeviceID>
<iescim:PowerSystemResource.DeviceType>44</iescim:PowerSystemResource.DeviceType>
<iescim:PowerSystemResource.UserType>0</iescim:PowerSystemResource.UserType>
<iescim:PowerSystemResource.TaiQuHao>_</iescim:PowerSystemResource.TaiQuHao>
</cim:PowerTransformer>
<cim:BusbarSection rdf:ID="31100000_88967">
<cim:IdentifiedObject.name>周宁东关变电站.10kV.Ⅱ段母线</cim:IdentifiedObject.name>
<cim:IdentifiedObject.bianhao></cim:IdentifiedObject.bianhao>
<cim:Equipment.EquipmentContainer rdf:resource="#30000000_75135"/>
<cim:PowerSystemResource.Circuit rdf:resource="#_" />
<cim:ConductingEquipment.BaseVoltage rdf:resource="#BaseVoltage_5"/>
<iescim:PowerSystemResource.SubType>0</iescim:PowerSystemResource.SubType>
<iescim:PowerSystemResource.DeviceID>5348024557509365</iescim:PowerSystemResource.DeviceID>
<iescim:PowerSystemResource.DeviceType>19</iescim:PowerSystemResource.DeviceType>
</cim:BusbarSection>
<cim:BusbarSection rdf:ID="31100000_89246">
<cim:IdentifiedObject.name>登科变电站.10kV.Ⅱ段母线</cim:IdentifiedObject.name>
<cim:IdentifiedObject.bianhao></cim:IdentifiedObject.bianhao>
<cim:Equipment.EquipmentContainer rdf:resource="#30000000_75285"/>
<cim:PowerSystemResource.Circuit rdf:resource="#_" />
<cim:ConductingEquipment.BaseVoltage rdf:resource="#BaseVoltage_5"/>
<iescim:PowerSystemResource.SubType>0</iescim:PowerSystemResource.SubType>
<iescim:PowerSystemResource.DeviceID>5348024557509374</iescim:PowerSystemResource.DeviceID>
<iescim:PowerSystemResource.DeviceType>19</iescim:PowerSystemResource.DeviceType>
</cim:BusbarSection>
<cim:BusbarSection rdf:ID="31100000_89255">
<cim:IdentifiedObject.name>登科变电站.10kV.Ⅰ段母线</cim:IdentifiedObject.name>
<cim:IdentifiedObject.bianhao></cim:IdentifiedObject.bianhao>
<cim:Equipment.EquipmentContainer rdf:resource="#30000000_75285"/>
<cim:PowerSystemResource.Circuit rdf:resource="#_" />
<cim:ConductingEquipment.BaseVoltage rdf:resource="#BaseVoltage_5"/>
<iescim:PowerSystemResource.SubType>0</iescim:PowerSystemResource.SubType>
<iescim:PowerSystemResource.DeviceID>5348024557509375</iescim:PowerSystemResource.DeviceID>
<iescim:PowerSystemResource.DeviceType>19</iescim:PowerSystemResource.DeviceType>
</cim:BusbarSection>
<cim:BusbarSection rdf:ID="31100000_88968">
<cim:IdentifiedObject.name>周宁东关变电站.10kV.Ⅰ段母线</cim:IdentifiedObject.name>
<cim:IdentifiedObject.bianhao></cim:IdentifiedObject.bianhao>
<cim:Equipment.EquipmentContainer rdf:resource="#30000000_75135"/>
<cim:PowerSystemResource.Circuit rdf:resource="#_" />
<cim:ConductingEquipment.BaseVoltage rdf:resource="#BaseVoltage_5"/>
<iescim:PowerSystemResource.SubType>0</iescim:PowerSystemResource.SubType>
<iescim:PowerSystemResource.DeviceID>5348024557509394</iescim:PowerSystemResource.DeviceID>
<iescim:PowerSystemResource.DeviceType>19</iescim:PowerSystemResource.DeviceType>
</cim:BusbarSection>
<cim:BusbarSection rdf:ID="31100000_90175">
<cim:IdentifiedObject.name>登科变电站.10kV.Ⅲ段母线</cim:IdentifiedObject.name>
<cim:IdentifiedObject.bianhao></cim:IdentifiedObject.bianhao>
<cim:Equipment.EquipmentContainer rdf:resource="#30000000_75285"/>
<cim:PowerSystemResource.Circuit rdf:resource="#_" />
<cim:ConductingEquipment.BaseVoltage rdf:resource="#BaseVoltage_5"/>
<iescim:PowerSystemResource.SubType>0</iescim:PowerSystemResource.SubType>
<iescim:PowerSystemResource.DeviceID>5348024557511728</iescim:PowerSystemResource.DeviceID>
<iescim:PowerSystemResource.DeviceType>19</iescim:PowerSystemResource.DeviceType>
</cim:BusbarSection>
<cim:BusbarSection rdf:ID="31100000_1079948">
<cim:IdentifiedObject.name>10kVII段母线</cim:IdentifiedObject.name>
<cim:IdentifiedObject.bianhao></cim:IdentifiedObject.bianhao>
<cim:Equipment.EquipmentContainer rdf:resource="#30000006_4210564"/>
<cim:PowerSystemResource.Circuit rdf:resource="#10000100_7635" />
<cim:ConductingEquipment.BaseVoltage rdf:resource="#BaseVoltage_5"/>
<iescim:PowerSystemResource.SubType>0</iescim:PowerSystemResource.SubType>
<iescim:PowerSystemResource.DeviceID>5348024557518955</iescim:PowerSystemResource.DeviceID>
<iescim:PowerSystemResource.DeviceType>19</iescim:PowerSystemResource.DeviceType>
</cim:BusbarSection>
<cim:BusbarSection rdf:ID="31100000_1079947">
<cim:IdentifiedObject.name>10kVI段母线</cim:IdentifiedObject.name>
<cim:IdentifiedObject.bianhao></cim:IdentifiedObject.bianhao>
<cim:Equipment.EquipmentContainer rdf:resource="#30000006_4210564"/>
<cim:PowerSystemResource.Circuit rdf:resource="#10000100_7635" />
<cim:ConductingEquipment.BaseVoltage rdf:resource="#BaseVoltage_5"/>
<iescim:PowerSystemResource.SubType>0</iescim:PowerSystemResource.SubType>
<iescim:PowerSystemResource.DeviceID>5348024557518956</iescim:PowerSystemResource.DeviceID>
<iescim:PowerSystemResource.DeviceType>19</iescim:PowerSystemResource.DeviceType>
</cim:BusbarSection>
<cim:BusbarSection rdf:ID="31100000_745795">
<cim:IdentifiedObject.name>登科变电站.10kV.Ⅳ段母线</cim:IdentifiedObject.name>
<cim:IdentifiedObject.bianhao></cim:IdentifiedObject.bianhao>
<cim:Equipment.EquipmentContainer rdf:resource="#30000000_75285"/>
<cim:PowerSystemResource.Circuit rdf:resource="#_" />
<cim:ConductingEquipment.BaseVoltage rdf:resource="#BaseVoltage_5"/>
<iescim:PowerSystemResource.SubType>0</iescim:PowerSystemResource.SubType>
<iescim:PowerSystemResource.DeviceID>5348024557533604</iescim:PowerSystemResource.DeviceID>
<iescim:PowerSystemResource.DeviceType>19</iescim:PowerSystemResource.DeviceType>
</cim:BusbarSection>
<cim:ACLineSegment rdf:ID="14000000_7542130">
<cim:IdentifiedObject.name>10kV科物Ⅱ线986线路_起始设备</cim:IdentifiedObject.name>
<cim:IdentifiedObject.bianhao></cim:IdentifiedObject.bianhao>
<cim:PowerSystemResource.Circuit rdf:resource="#10000100_40087" />
<cim:ConductingEquipment.BaseVoltage rdf:resource="#BaseVoltage_5"/>
<iescim:PowerSystemResource.SubType>4</iescim:PowerSystemResource.SubType>
<iescim:PowerSystemResource.DeviceID>5629499535576434</iescim:PowerSystemResource.DeviceID>
<iescim:PowerSystemResource.DeviceType>20</iescim:PowerSystemResource.DeviceType>
</cim:ACLineSegment>
<cim:ACLineSegment rdf:ID="20100000_1489034">
<cim:IdentifiedObject.name>科物II线986线路#019杆终端头-科物II线986线路#020杆终端头</cim:IdentifiedObject.name>
<cim:IdentifiedObject.bianhao></cim:IdentifiedObject.bianhao>
<cim:PowerSystemResource.Circuit rdf:resource="#10000100_40087" />
<cim:ConductingEquipment.BaseVoltage rdf:resource="#BaseVoltage_5"/>
<iescim:PowerSystemResource.SubType>1</iescim:PowerSystemResource.SubType>
<iescim:PowerSystemResource.DeviceID>5629499535577776</iescim:PowerSystemResource.DeviceID>
<iescim:PowerSystemResource.DeviceType>20</iescim:PowerSystemResource.DeviceType>
</cim:ACLineSegment>
<cim:ACLineSegment rdf:ID="20100000_1489030">
<cim:IdentifiedObject.name>110kV登科变10kV科物Ⅱ线986开关终端头-10kV科物Ⅱ线986线#001杆终端头</cim:IdentifiedObject.name>
<cim:IdentifiedObject.bianhao></cim:IdentifiedObject.bianhao>
<cim:PowerSystemResource.Circuit rdf:resource="#10000100_40087" />
<cim:ConductingEquipment.BaseVoltage rdf:resource="#BaseVoltage_5"/>
<iescim:PowerSystemResource.SubType>1</iescim:PowerSystemResource.SubType>
<iescim:PowerSystemResource.DeviceID>5629499535577777</iescim:PowerSystemResource.DeviceID>
<iescim:PowerSystemResource.DeviceType>20</iescim:PowerSystemResource.DeviceType>
</cim:ACLineSegment>
<cim:ACLineSegment rdf:ID="13000000_16292154">
<cim:IdentifiedObject.name>-连接线-</cim:IdentifiedObject.name>
<cim:IdentifiedObject.bianhao></cim:IdentifiedObject.bianhao>
<cim:PowerSystemResource.Circuit rdf:resource="#10000100_40087" />
<cim:ConductingEquipment.BaseVoltage rdf:resource="#BaseVoltage_5"/>
<iescim:PowerSystemResource.SubType>3</iescim:PowerSystemResource.SubType>
<iescim:PowerSystemResource.DeviceID>5629499535577780</iescim:PowerSystemResource.DeviceID>
<iescim:PowerSystemResource.DeviceType>20</iescim:PowerSystemResource.DeviceType>
</cim:ACLineSegment>
<cim:ACLineSegment rdf:ID="13000000_16292152">
<cim:IdentifiedObject.name>站外-连接线</cim:IdentifiedObject.name>
<cim:IdentifiedObject.bianhao></cim:IdentifiedObject.bianhao>
<cim:PowerSystemResource.Circuit rdf:resource="#10000100_40087" />
<cim:ConductingEquipment.BaseVoltage rdf:resource="#BaseVoltage_5"/>
<iescim:PowerSystemResource.SubType>3</iescim:PowerSystemResource.SubType>
<iescim:PowerSystemResource.DeviceID>5629499535577782</iescim:PowerSystemResource.DeviceID>
<iescim:PowerSystemResource.DeviceType>20</iescim:PowerSystemResource.DeviceType>
</cim:ACLineSegment>
<cim:ACLineSegment rdf:ID="13000000_16292143">
<cim:IdentifiedObject.name>站外-连接线</cim:IdentifiedObject.name>
<cim:IdentifiedObject.bianhao></cim:IdentifiedObject.bianhao>
<cim:PowerSystemResource.Circuit rdf:resource="#10000100_40087" />
<cim:ConductingEquipment.BaseVoltage rdf:resource="#BaseVoltage_5"/>
<iescim:PowerSystemResource.SubType>3</iescim:PowerSystemResource.SubType>
<iescim:PowerSystemResource.DeviceID>5629499535577784</iescim:PowerSystemResource.DeviceID>
<iescim:PowerSystemResource.DeviceType>20</iescim:PowerSystemResource.DeviceType>
</cim:ACLineSegment>
<cim:ACLineSegment rdf:ID="13000000_16292141">
<cim:IdentifiedObject.name>-连接线-</cim:IdentifiedObject.name>
<cim:IdentifiedObject.bianhao></cim:IdentifiedObject.bianhao>
<cim:PowerSystemResource.Circuit rdf:resource="#10000100_40087" />
<cim:ConductingEquipment.BaseVoltage rdf:resource="#BaseVoltage_5"/>
<iescim:PowerSystemResource.SubType>3</iescim:PowerSystemResource.SubType>
<iescim:PowerSystemResource.DeviceID>5629499535577786</iescim:PowerSystemResource.DeviceID>
<iescim:PowerSystemResource.DeviceType>20</iescim:PowerSystemResource.DeviceType>
</cim:ACLineSegment>
<cim:ACLineSegment rdf:ID="13000000_16292118">
<cim:IdentifiedObject.name>站外-连接线</cim:IdentifiedObject.name>
<cim:IdentifiedObject.bianhao></cim:IdentifiedObject.bianhao>
<cim:PowerSystemResource.Circuit rdf:resource="#10000100_40087" />
<cim:ConductingEquipment.BaseVoltage rdf:resource="#BaseVoltage_5"/>
<iescim:PowerSystemResource.SubType>3</iescim:PowerSystemResource.SubType>
<iescim:PowerSystemResource.DeviceID>5629499535577787</iescim:PowerSystemResource.DeviceID>
<iescim:PowerSystemResource.DeviceType>20</iescim:PowerSystemResource.DeviceType>
</cim:ACLineSegment>
<cim:ACLineSegment rdf:ID="10100000_12658350">
<cim:IdentifiedObject.name>10kV科物II线#001杆-10kV科物II线#002杆</cim:IdentifiedObject.name>
<cim:IdentifiedObject.bianhao></cim:IdentifiedObject.bianhao>
<cim:PowerSystemResource.Circuit rdf:resource="#10000100_40087" />
<cim:ConductingEquipment.BaseVoltage rdf:resource="#BaseVoltage_5"/>
<iescim:PowerSystemResource.SubType>2</iescim:PowerSystemResource.SubType>
<iescim:PowerSystemResource.DeviceID>5629499535577789</iescim:PowerSystemResource.DeviceID>
<iescim:PowerSystemResource.DeviceType>20</iescim:PowerSystemResource.DeviceType>
</cim:ACLineSegment>
<cim:ACLineSegment rdf:ID="20100000_1520968389">
<cim:IdentifiedObject.name>10kV月牙湾酒店专线#008杆0081刀闸-月牙湾迎宾大酒店配电室10kV922间隔</cim:IdentifiedObject.name>
<cim:IdentifiedObject.bianhao></cim:IdentifiedObject.bianhao>
<cim:PowerSystemResource.Circuit rdf:resource="#10000100_40087" />
<cim:ConductingEquipment.BaseVoltage rdf:resource="#BaseVoltage_5"/>
<iescim:PowerSystemResource.SubType>1</iescim:PowerSystemResource.SubType>
<iescim:PowerSystemResource.DeviceID>5629499537553632</iescim:PowerSystemResource.DeviceID>
<iescim:PowerSystemResource.DeviceType>20</iescim:PowerSystemResource.DeviceType>
</cim:ACLineSegment>
<cim:ACLineSegment rdf:ID="14000000_1520975758">
<cim:IdentifiedObject.name>站内-出线点站外-超连接线</cim:IdentifiedObject.name>
<cim:IdentifiedObject.bianhao></cim:IdentifiedObject.bianhao>
<cim:PowerSystemResource.Circuit rdf:resource="#10000100_40087" />
<cim:ConductingEquipment.BaseVoltage rdf:resource="#BaseVoltage_5"/>
<iescim:PowerSystemResource.SubType>1</iescim:PowerSystemResource.SubType>
<iescim:PowerSystemResource.DeviceID>5629499537553633</iescim:PowerSystemResource.DeviceID>
<iescim:PowerSystemResource.DeviceType>20</iescim:PowerSystemResource.DeviceType>
</cim:ACLineSegment>
<cim:ACLineSegment rdf:ID="13000000_16292150">
<cim:IdentifiedObject.name>-连接线-</cim:IdentifiedObject.name>
<cim:IdentifiedObject.bianhao></cim:IdentifiedObject.bianhao>
<cim:PowerSystemResource.Circuit rdf:resource="#10000100_40087" />
<cim:ConductingEquipment.BaseVoltage rdf:resource="#BaseVoltage_5"/>
<iescim:PowerSystemResource.SubType>3</iescim:PowerSystemResource.SubType>
<iescim:PowerSystemResource.DeviceID>5629499537553634</iescim:PowerSystemResource.DeviceID>
<iescim:PowerSystemResource.DeviceType>20</iescim:PowerSystemResource.DeviceType>
</cim:ACLineSegment>
<cim:ACLineSegment rdf:ID="13000000_1520976530">
<cim:IdentifiedObject.name>站外-连接线</cim:IdentifiedObject.name>
<cim:IdentifiedObject.bianhao></cim:IdentifiedObject.bianhao>
<cim:PowerSystemResource.Circuit rdf:resource="#10000100_40087" />
<cim:ConductingEquipment.BaseVoltage rdf:resource="#BaseVoltage_5"/>
<iescim:PowerSystemResource.SubType>3</iescim:PowerSystemResource.SubType>
<iescim:PowerSystemResource.DeviceID>5629499537553635</iescim:PowerSystemResource.DeviceID>
<iescim:PowerSystemResource.DeviceType>20</iescim:PowerSystemResource.DeviceType>
</cim:ACLineSegment>
<cim:ACLineSegment rdf:ID="13000000_1520976528">
<cim:IdentifiedObject.name>站外-连接线</cim:IdentifiedObject.name>
<cim:IdentifiedObject.bianhao></cim:IdentifiedObject.bianhao>
<cim:PowerSystemResource.Circuit rdf:resource="#10000100_40087" />
<cim:ConductingEquipment.BaseVoltage rdf:resource="#BaseVoltage_5"/>
<iescim:PowerSystemResource.SubType>3</iescim:PowerSystemResource.SubType>
<iescim:PowerSystemResource.DeviceID>5629499537553636</iescim:PowerSystemResource.DeviceID>
<iescim:PowerSystemResource.DeviceType>20</iescim:PowerSystemResource.DeviceType>
</cim:ACLineSegment>
<cim:ACLineSegment rdf:ID="13000000_1520976527">
<cim:IdentifiedObject.name>站外-连接线</cim:IdentifiedObject.name>
<cim:IdentifiedObject.bianhao></cim:IdentifiedObject.bianhao>
<cim:PowerSystemResource.Circuit rdf:resource="#10000100_40087" />
<cim:ConductingEquipment.BaseVoltage rdf:resource="#BaseVoltage_5"/>
<iescim:PowerSystemResource.SubType>3</iescim:PowerSystemResource.SubType>
<iescim:PowerSystemResource.DeviceID>5629499537553637</iescim:PowerSystemResource.DeviceID>
<iescim:PowerSystemResource.DeviceType>20</iescim:PowerSystemResource.DeviceType>
</cim:ACLineSegment>
<cim:ACLineSegment rdf:ID="13000000_1520976526">
<cim:IdentifiedObject.name>站外-连接线</cim:IdentifiedObject.name>
<cim:IdentifiedObject.bianhao></cim:IdentifiedObject.bianhao>
<cim:PowerSystemResource.Circuit rdf:resource="#10000100_40087" />
<cim:ConductingEquipment.BaseVoltage rdf:resource="#BaseVoltage_5"/>
<iescim:PowerSystemResource.SubType>3</iescim:PowerSystemResource.SubType>
<iescim:PowerSystemResource.DeviceID>5629499537553638</iescim:PowerSystemResource.DeviceID>
<iescim:PowerSystemResource.DeviceType>20</iescim:PowerSystemResource.DeviceType>
</cim:ACLineSegment>
<cim:ACLineSegment rdf:ID="10100000_1520978093">
<cim:IdentifiedObject.name>10kV月牙湾酒店专线#001杆-10kV月牙湾酒店专线#002杆</cim:IdentifiedObject.name>
<cim:IdentifiedObject.bianhao></cim:IdentifiedObject.bianhao>
<cim:PowerSystemResource.Circuit rdf:resource="#10000100_40087" />
<cim:ConductingEquipment.BaseVoltage rdf:resource="#BaseVoltage_5"/>
<iescim:PowerSystemResource.SubType>2</iescim:PowerSystemResource.SubType>
<iescim:PowerSystemResource.DeviceID>5629499537553639</iescim:PowerSystemResource.DeviceID>
<iescim:PowerSystemResource.DeviceType>20</iescim:PowerSystemResource.DeviceType>
</cim:ACLineSegment>
<cim:ACLineSegment rdf:ID="10100000_12658417">
<cim:IdentifiedObject.name>10kV科物II线#020杆-10kV科物II线#021杆</cim:IdentifiedObject.name>
<cim:IdentifiedObject.bianhao></cim:IdentifiedObject.bianhao>
<cim:PowerSystemResource.Circuit rdf:resource="#10000100_40087" />
<cim:ConductingEquipment.BaseVoltage rdf:resource="#BaseVoltage_5"/>
<iescim:PowerSystemResource.SubType>2</iescim:PowerSystemResource.SubType>
<iescim:PowerSystemResource.DeviceID>5629499537553640</iescim:PowerSystemResource.DeviceID>
<iescim:PowerSystemResource.DeviceType>20</iescim:PowerSystemResource.DeviceType>
</cim:ACLineSegment>
<cim:ACLineSegment rdf:ID="13000000_1523615799">
<cim:IdentifiedObject.name>站外-连接线</cim:IdentifiedObject.name>
<cim:IdentifiedObject.bianhao></cim:IdentifiedObject.bianhao>
<cim:PowerSystemResource.Circuit rdf:resource="#10000100_40087" />
<cim:ConductingEquipment.BaseVoltage rdf:resource="#BaseVoltage_5"/>
<iescim:PowerSystemResource.SubType>3</iescim:PowerSystemResource.SubType>
<iescim:PowerSystemResource.DeviceID>5629499537586560</iescim:PowerSystemResource.DeviceID>
<iescim:PowerSystemResource.DeviceType>20</iescim:PowerSystemResource.DeviceType>
</cim:ACLineSegment>
<cim:ACLineSegment rdf:ID="36000000_1551651672">
<cim:IdentifiedObject.name>站内-连接线</cim:IdentifiedObject.name>
<cim:IdentifiedObject.bianhao></cim:IdentifiedObject.bianhao>
<cim:Equipment.EquipmentContainer rdf:resource="#30000006_4210564"/>
<cim:PowerSystemResource.Circuit rdf:resource="#10000100_40087" />
<cim:ConductingEquipment.BaseVoltage rdf:resource="#BaseVoltage_5"/>
<iescim:PowerSystemResource.SubType>3</iescim:PowerSystemResource.SubType>
<iescim:PowerSystemResource.DeviceID>5629499538151664</iescim:PowerSystemResource.DeviceID>
<iescim:PowerSystemResource.DeviceType>20</iescim:PowerSystemResource.DeviceType>
</cim:ACLineSegment>
<cim:Pole rdf:ID="10200001_12695485">
<cim:IdentifiedObject.name>10kV科物II线#020杆</cim:IdentifiedObject.name>
<cim:IdentifiedObject.bianhao></cim:IdentifiedObject.bianhao>
<cim:PowerSystemResource.Circuit rdf:resource="#10000100_40087" />
<cim:ConductingEquipment.BaseVoltage rdf:resource="#BaseVoltage_5"/>
<iescim:PowerSystemResource.DeviceType>43</iescim:PowerSystemResource.DeviceType>
<iescim:PowerSystemResource.SubType>1</iescim:PowerSystemResource.SubType>
<iescim:PowerSystemResource.DeviceID>12103423998625065</iescim:PowerSystemResource.DeviceID>
</cim:Pole>
<cim:Pole rdf:ID="10200001_12695472">
<cim:IdentifiedObject.name>10kV科物II线#019杆</cim:IdentifiedObject.name>
<cim:IdentifiedObject.bianhao></cim:IdentifiedObject.bianhao>
<cim:PowerSystemResource.Circuit rdf:resource="#10000100_40087" />
<cim:ConductingEquipment.BaseVoltage rdf:resource="#BaseVoltage_5"/>
<iescim:PowerSystemResource.DeviceType>43</iescim:PowerSystemResource.DeviceType>
<iescim:PowerSystemResource.SubType>1</iescim:PowerSystemResource.SubType>
<iescim:PowerSystemResource.DeviceID>12103423998625068</iescim:PowerSystemResource.DeviceID>
</cim:Pole>
<cim:Pole rdf:ID="10200001_12695429">
<cim:IdentifiedObject.name>10kV科物II线#001杆</cim:IdentifiedObject.name>
<cim:IdentifiedObject.bianhao></cim:IdentifiedObject.bianhao>
<cim:PowerSystemResource.Circuit rdf:resource="#10000100_40087" />
<cim:ConductingEquipment.BaseVoltage rdf:resource="#BaseVoltage_5"/>
<iescim:PowerSystemResource.DeviceType>43</iescim:PowerSystemResource.DeviceType>
<iescim:PowerSystemResource.SubType>1</iescim:PowerSystemResource.SubType>
<iescim:PowerSystemResource.DeviceID>12103423998625069</iescim:PowerSystemResource.DeviceID>
</cim:Pole>
<cim:Pole rdf:ID="10200001_1520973787">
<cim:IdentifiedObject.name>10kV月牙湾酒店专线#008杆</cim:IdentifiedObject.name>
<cim:IdentifiedObject.bianhao></cim:IdentifiedObject.bianhao>
<cim:PowerSystemResource.Circuit rdf:resource="#10000100_40087" />
<cim:ConductingEquipment.BaseVoltage rdf:resource="#BaseVoltage_5"/>
<iescim:PowerSystemResource.DeviceType>43</iescim:PowerSystemResource.DeviceType>
<iescim:PowerSystemResource.SubType>1</iescim:PowerSystemResource.SubType>
<iescim:PowerSystemResource.DeviceID>12103423998638042</iescim:PowerSystemResource.DeviceID>
</cim:Pole>
<cim:Pole rdf:ID="10200001_1520973784">
<cim:IdentifiedObject.name>10kV月牙湾酒店专线#001杆</cim:IdentifiedObject.name>
<cim:IdentifiedObject.bianhao></cim:IdentifiedObject.bianhao>
<cim:PowerSystemResource.Circuit rdf:resource="#10000100_40087" />
<cim:ConductingEquipment.BaseVoltage rdf:resource="#BaseVoltage_5"/>
<iescim:PowerSystemResource.DeviceType>43</iescim:PowerSystemResource.DeviceType>
<iescim:PowerSystemResource.SubType>1</iescim:PowerSystemResource.SubType>
<iescim:PowerSystemResource.DeviceID>12103423998638043</iescim:PowerSystemResource.DeviceID>
</cim:Pole>
<cim:ConnectivityNode rdf:ID="0">
<iescim:PowerSystemResource.SubType>0</iescim:PowerSystemResource.SubType>
<iescim:PowerSystemResource.DeviceID>0</iescim:PowerSystemResource.DeviceID>
<iescim:PowerSystemResource.DeviceType>33</iescim:PowerSystemResource.DeviceType>
</cim:ConnectivityNode>
<cim:ConnectivityNode rdf:ID="9288674231453304">
<iescim:PowerSystemResource.SubType>0</iescim:PowerSystemResource.SubType>
<iescim:PowerSystemResource.DeviceID>9288674231453304</iescim:PowerSystemResource.DeviceID>
<iescim:PowerSystemResource.DeviceType>33</iescim:PowerSystemResource.DeviceType>
</cim:ConnectivityNode>
<cim:ConnectivityNode rdf:ID="9288674231453312">
<iescim:PowerSystemResource.SubType>0</iescim:PowerSystemResource.SubType>
<iescim:PowerSystemResource.DeviceID>9288674231453312</iescim:PowerSystemResource.DeviceID>
<iescim:PowerSystemResource.DeviceType>33</iescim:PowerSystemResource.DeviceType>
</cim:ConnectivityNode>
<cim:ConnectivityNode rdf:ID="9288674231453313">
<iescim:PowerSystemResource.SubType>0</iescim:PowerSystemResource.SubType>
<iescim:PowerSystemResource.DeviceID>9288674231453313</iescim:PowerSystemResource.DeviceID>
<iescim:PowerSystemResource.DeviceType>33</iescim:PowerSystemResource.DeviceType>
</cim:ConnectivityNode>
<cim:ConnectivityNode rdf:ID="9288674231454471">
<iescim:PowerSystemResource.SubType>0</iescim:PowerSystemResource.SubType>
<iescim:PowerSystemResource.DeviceID>9288674231454471</iescim:PowerSystemResource.DeviceID>
<iescim:PowerSystemResource.DeviceType>33</iescim:PowerSystemResource.DeviceType>
</cim:ConnectivityNode>
<cim:ConnectivityNode rdf:ID="9288674231456779">
<iescim:PowerSystemResource.SubType>0</iescim:PowerSystemResource.SubType>
<iescim:PowerSystemResource.DeviceID>9288674231456779</iescim:PowerSystemResource.DeviceID>
<iescim:PowerSystemResource.DeviceType>33</iescim:PowerSystemResource.DeviceType>
</cim:ConnectivityNode>
<cim:ConnectivityNode rdf:ID="9288674231456780">
<iescim:PowerSystemResource.SubType>0</iescim:PowerSystemResource.SubType>
<iescim:PowerSystemResource.DeviceID>9288674231456780</iescim:PowerSystemResource.DeviceID>
<iescim:PowerSystemResource.DeviceType>33</iescim:PowerSystemResource.DeviceType>
</cim:ConnectivityNode>
<cim:ConnectivityNode rdf:ID="9288674231456942">
<iescim:PowerSystemResource.SubType>0</iescim:PowerSystemResource.SubType>
<iescim:PowerSystemResource.DeviceID>9288674231456942</iescim:PowerSystemResource.DeviceID>
<iescim:PowerSystemResource.DeviceType>33</iescim:PowerSystemResource.DeviceType>
</cim:ConnectivityNode>
<cim:ConnectivityNode rdf:ID="9288674231484899">
<iescim:PowerSystemResource.SubType>0</iescim:PowerSystemResource.SubType>
<iescim:PowerSystemResource.DeviceID>9288674231484899</iescim:PowerSystemResource.DeviceID>
<iescim:PowerSystemResource.DeviceType>33</iescim:PowerSystemResource.DeviceType>
</cim:ConnectivityNode>
<cim:ConnectivityNode rdf:ID="9288674231501117">
<iescim:PowerSystemResource.SubType>0</iescim:PowerSystemResource.SubType>
<iescim:PowerSystemResource.DeviceID>9288674231501117</iescim:PowerSystemResource.DeviceID>
<iescim:PowerSystemResource.DeviceType>33</iescim:PowerSystemResource.DeviceType>
</cim:ConnectivityNode>
<cim:ConnectivityNode rdf:ID="9288674231501944">
<iescim:PowerSystemResource.SubType>0</iescim:PowerSystemResource.SubType>
<iescim:PowerSystemResource.DeviceID>9288674231501944</iescim:PowerSystemResource.DeviceID>
<iescim:PowerSystemResource.DeviceType>33</iescim:PowerSystemResource.DeviceType>
</cim:ConnectivityNode>
<cim:ConnectivityNode rdf:ID="9288674231529488">
<iescim:PowerSystemResource.SubType>0</iescim:PowerSystemResource.SubType>
<iescim:PowerSystemResource.DeviceID>9288674231529488</iescim:PowerSystemResource.DeviceID>
<iescim:PowerSystemResource.DeviceType>33</iescim:PowerSystemResource.DeviceType>
</cim:ConnectivityNode>
<cim:ConnectivityNode rdf:ID="9288674231545897">
<iescim:PowerSystemResource.SubType>0</iescim:PowerSystemResource.SubType>
<iescim:PowerSystemResource.DeviceID>9288674231545897</iescim:PowerSystemResource.DeviceID>
<iescim:PowerSystemResource.DeviceType>33</iescim:PowerSystemResource.DeviceType>
</cim:ConnectivityNode>
<cim:ConnectivityNode rdf:ID="9288674231546723">
<iescim:PowerSystemResource.SubType>0</iescim:PowerSystemResource.SubType>
<iescim:PowerSystemResource.DeviceID>9288674231546723</iescim:PowerSystemResource.DeviceID>
<iescim:PowerSystemResource.DeviceType>33</iescim:PowerSystemResource.DeviceType>
</cim:ConnectivityNode>
<cim:ConnectivityNode rdf:ID="9288674231615638">
<iescim:PowerSystemResource.SubType>0</iescim:PowerSystemResource.SubType>
<iescim:PowerSystemResource.DeviceID>9288674231615638</iescim:PowerSystemResource.DeviceID>
<iescim:PowerSystemResource.DeviceType>33</iescim:PowerSystemResource.DeviceType>
</cim:ConnectivityNode>
<cim:ConnectivityNode rdf:ID="9288674231615639">
<iescim:PowerSystemResource.SubType>0</iescim:PowerSystemResource.SubType>
<iescim:PowerSystemResource.DeviceID>9288674231615639</iescim:PowerSystemResource.DeviceID>
<iescim:PowerSystemResource.DeviceType>33</iescim:PowerSystemResource.DeviceType>
</cim:ConnectivityNode>
<cim:ConnectivityNode rdf:ID="9288674231615640">
<iescim:PowerSystemResource.SubType>0</iescim:PowerSystemResource.SubType>
<iescim:PowerSystemResource.DeviceID>9288674231615640</iescim:PowerSystemResource.DeviceID>
<iescim:PowerSystemResource.DeviceType>33</iescim:PowerSystemResource.DeviceType>
</cim:ConnectivityNode>
<cim:ConnectivityNode rdf:ID="9288674231615641">
<iescim:PowerSystemResource.SubType>0</iescim:PowerSystemResource.SubType>
<iescim:PowerSystemResource.DeviceID>9288674231615641</iescim:PowerSystemResource.DeviceID>
<iescim:PowerSystemResource.DeviceType>33</iescim:PowerSystemResource.DeviceType>
</cim:ConnectivityNode>
<cim:ConnectivityNode rdf:ID="9288674231615644">
<iescim:PowerSystemResource.SubType>0</iescim:PowerSystemResource.SubType>
<iescim:PowerSystemResource.DeviceID>9288674231615644</iescim:PowerSystemResource.DeviceID>
<iescim:PowerSystemResource.DeviceType>33</iescim:PowerSystemResource.DeviceType>
</cim:ConnectivityNode>
<cim:ConnectivityNode rdf:ID="9288674231617427">
<iescim:PowerSystemResource.SubType>0</iescim:PowerSystemResource.SubType>
<iescim:PowerSystemResource.DeviceID>9288674231617427</iescim:PowerSystemResource.DeviceID>
<iescim:PowerSystemResource.DeviceType>33</iescim:PowerSystemResource.DeviceType>
</cim:ConnectivityNode>
<cim:ConnectivityNode rdf:ID="9288674231617429">
<iescim:PowerSystemResource.SubType>0</iescim:PowerSystemResource.SubType>
<iescim:PowerSystemResource.DeviceID>9288674231617429</iescim:PowerSystemResource.DeviceID>
<iescim:PowerSystemResource.DeviceType>33</iescim:PowerSystemResource.DeviceType>
</cim:ConnectivityNode>
<cim:ConnectivityNode rdf:ID="9288674231617431">
<iescim:PowerSystemResource.SubType>0</iescim:PowerSystemResource.SubType>
<iescim:PowerSystemResource.DeviceID>9288674231617431</iescim:PowerSystemResource.DeviceID>
<iescim:PowerSystemResource.DeviceType>33</iescim:PowerSystemResource.DeviceType>
</cim:ConnectivityNode>
<cim:ConnectivityNode rdf:ID="9288674231648568">
<iescim:PowerSystemResource.SubType>0</iescim:PowerSystemResource.SubType>
<iescim:PowerSystemResource.DeviceID>9288674231648568</iescim:PowerSystemResource.DeviceID>
<iescim:PowerSystemResource.DeviceType>33</iescim:PowerSystemResource.DeviceType>
</cim:ConnectivityNode>
<cim:ConnectivityNode rdf:ID="9288674231648569">
<iescim:PowerSystemResource.SubType>0</iescim:PowerSystemResource.SubType>
<iescim:PowerSystemResource.DeviceID>9288674231648569</iescim:PowerSystemResource.DeviceID>
<iescim:PowerSystemResource.DeviceType>33</iescim:PowerSystemResource.DeviceType>
</cim:ConnectivityNode>
<cim:ConnectivityNode rdf:ID="9288674231709299">
<iescim:PowerSystemResource.SubType>0</iescim:PowerSystemResource.SubType>
<iescim:PowerSystemResource.DeviceID>9288674231709299</iescim:PowerSystemResource.DeviceID>
<iescim:PowerSystemResource.DeviceType>33</iescim:PowerSystemResource.DeviceType>
</cim:ConnectivityNode>
<cim:ConnectivityNode rdf:ID="9288674231709300">
<iescim:PowerSystemResource.SubType>0</iescim:PowerSystemResource.SubType>
<iescim:PowerSystemResource.DeviceID>9288674231709300</iescim:PowerSystemResource.DeviceID>
<iescim:PowerSystemResource.DeviceType>33</iescim:PowerSystemResource.DeviceType>
</cim:ConnectivityNode>
<cim:ConnectivityNode rdf:ID="9288674231709303">
<iescim:PowerSystemResource.SubType>0</iescim:PowerSystemResource.SubType>
<iescim:PowerSystemResource.DeviceID>9288674231709303</iescim:PowerSystemResource.DeviceID>
<iescim:PowerSystemResource.DeviceType>33</iescim:PowerSystemResource.DeviceType>
</cim:ConnectivityNode>
<cim:ConnectivityNode rdf:ID="9288674231710504">
<iescim:PowerSystemResource.SubType>0</iescim:PowerSystemResource.SubType>
<iescim:PowerSystemResource.DeviceID>9288674231710504</iescim:PowerSystemResource.DeviceID>
<iescim:PowerSystemResource.DeviceType>33</iescim:PowerSystemResource.DeviceType>
</cim:ConnectivityNode>
<cim:ConnectivityNode rdf:ID="9288674231710506">
<iescim:PowerSystemResource.SubType>0</iescim:PowerSystemResource.SubType>
<iescim:PowerSystemResource.DeviceID>9288674231710506</iescim:PowerSystemResource.DeviceID>
<iescim:PowerSystemResource.DeviceType>33</iescim:PowerSystemResource.DeviceType>
</cim:ConnectivityNode>
<cim:ConnectivityNode rdf:ID="9288674231710508">
<iescim:PowerSystemResource.SubType>0</iescim:PowerSystemResource.SubType>
<iescim:PowerSystemResource.DeviceID>9288674231710508</iescim:PowerSystemResource.DeviceID>
<iescim:PowerSystemResource.DeviceType>33</iescim:PowerSystemResource.DeviceType>
</cim:ConnectivityNode>
<cim:ConnectivityNode rdf:ID="9288674231730903">
<iescim:PowerSystemResource.SubType>0</iescim:PowerSystemResource.SubType>
<iescim:PowerSystemResource.DeviceID>9288674231730903</iescim:PowerSystemResource.DeviceID>
<iescim:PowerSystemResource.DeviceType>33</iescim:PowerSystemResource.DeviceType>
</cim:ConnectivityNode>
<cim:ConnectivityNode rdf:ID="9288674231730904">
<iescim:PowerSystemResource.SubType>0</iescim:PowerSystemResource.SubType>
<iescim:PowerSystemResource.DeviceID>9288674231730904</iescim:PowerSystemResource.DeviceID>
<iescim:PowerSystemResource.DeviceType>33</iescim:PowerSystemResource.DeviceType>
</cim:ConnectivityNode>
<cim:ConnectivityNode rdf:ID="9288674231755781">
<iescim:PowerSystemResource.SubType>0</iescim:PowerSystemResource.SubType>
<iescim:PowerSystemResource.DeviceID>9288674231755781</iescim:PowerSystemResource.DeviceID>
<iescim:PowerSystemResource.DeviceType>33</iescim:PowerSystemResource.DeviceType>
</cim:ConnectivityNode>
<cim:ConnectivityNode rdf:ID="9288674231848551">
<iescim:PowerSystemResource.SubType>0</iescim:PowerSystemResource.SubType>
<iescim:PowerSystemResource.DeviceID>9288674231848551</iescim:PowerSystemResource.DeviceID>
<iescim:PowerSystemResource.DeviceType>33</iescim:PowerSystemResource.DeviceType>
</cim:ConnectivityNode>
<cim:ConnectivityNode rdf:ID="9288674231848552">
<iescim:PowerSystemResource.SubType>0</iescim:PowerSystemResource.SubType>
<iescim:PowerSystemResource.DeviceID>9288674231848552</iescim:PowerSystemResource.DeviceID>
<iescim:PowerSystemResource.DeviceType>33</iescim:PowerSystemResource.DeviceType>
</cim:ConnectivityNode>
<cim:ConnectivityNode rdf:ID="9288674231848555">
<iescim:PowerSystemResource.SubType>0</iescim:PowerSystemResource.SubType>
<iescim:PowerSystemResource.DeviceID>9288674231848555</iescim:PowerSystemResource.DeviceID>
<iescim:PowerSystemResource.DeviceType>33</iescim:PowerSystemResource.DeviceType>
</cim:ConnectivityNode>
<cim:ConnectivityNode rdf:ID="9288674231848557">
<iescim:PowerSystemResource.SubType>0</iescim:PowerSystemResource.SubType>
<iescim:PowerSystemResource.DeviceID>9288674231848557</iescim:PowerSystemResource.DeviceID>
<iescim:PowerSystemResource.DeviceType>33</iescim:PowerSystemResource.DeviceType>
</cim:ConnectivityNode>
<cim:ConnectivityNode rdf:ID="9288674231848558">
<iescim:PowerSystemResource.SubType>0</iescim:PowerSystemResource.SubType>
<iescim:PowerSystemResource.DeviceID>9288674231848558</iescim:PowerSystemResource.DeviceID>
<iescim:PowerSystemResource.DeviceType>33</iescim:PowerSystemResource.DeviceType>
</cim:ConnectivityNode>
<cim:ConnectivityNode rdf:ID="9288674231892423">
<iescim:PowerSystemResource.SubType>0</iescim:PowerSystemResource.SubType>
<iescim:PowerSystemResource.DeviceID>9288674231892423</iescim:PowerSystemResource.DeviceID>
<iescim:PowerSystemResource.DeviceType>33</iescim:PowerSystemResource.DeviceType>
</cim:ConnectivityNode>
<cim:ConnectivityNode rdf:ID="9288674231892424">
<iescim:PowerSystemResource.SubType>0</iescim:PowerSystemResource.SubType>
<iescim:PowerSystemResource.DeviceID>9288674231892424</iescim:PowerSystemResource.DeviceID>
<iescim:PowerSystemResource.DeviceType>33</iescim:PowerSystemResource.DeviceType>
</cim:ConnectivityNode>
<cim:ConnectivityNode rdf:ID="9288674231892425">
<iescim:PowerSystemResource.SubType>0</iescim:PowerSystemResource.SubType>
<iescim:PowerSystemResource.DeviceID>9288674231892425</iescim:PowerSystemResource.DeviceID>
<iescim:PowerSystemResource.DeviceType>33</iescim:PowerSystemResource.DeviceType>
</cim:ConnectivityNode>
<cim:ConnectivityNode rdf:ID="9288674231892426">
<iescim:PowerSystemResource.SubType>0</iescim:PowerSystemResource.SubType>
<iescim:PowerSystemResource.DeviceID>9288674231892426</iescim:PowerSystemResource.DeviceID>
<iescim:PowerSystemResource.DeviceType>33</iescim:PowerSystemResource.DeviceType>
</cim:ConnectivityNode>
<cim:ConnectivityNode rdf:ID="9288674231892427">
<iescim:PowerSystemResource.SubType>0</iescim:PowerSystemResource.SubType>
<iescim:PowerSystemResource.DeviceID>9288674231892427</iescim:PowerSystemResource.DeviceID>
<iescim:PowerSystemResource.DeviceType>33</iescim:PowerSystemResource.DeviceType>
</cim:ConnectivityNode>
<cim:ConnectivityNode rdf:ID="9288674231916603">
<iescim:PowerSystemResource.SubType>0</iescim:PowerSystemResource.SubType>
<iescim:PowerSystemResource.DeviceID>9288674231916603</iescim:PowerSystemResource.DeviceID>
<iescim:PowerSystemResource.DeviceType>33</iescim:PowerSystemResource.DeviceType>
</cim:ConnectivityNode>
<cim:ConnectivityNode rdf:ID="9288674231928649">
<iescim:PowerSystemResource.SubType>0</iescim:PowerSystemResource.SubType>
<iescim:PowerSystemResource.DeviceID>9288674231928649</iescim:PowerSystemResource.DeviceID>
<iescim:PowerSystemResource.DeviceType>33</iescim:PowerSystemResource.DeviceType>
</cim:ConnectivityNode>
<cim:ConnectivityNode rdf:ID="9288674246371221">
<iescim:PowerSystemResource.SubType>0</iescim:PowerSystemResource.SubType>
<iescim:PowerSystemResource.DeviceID>9288674246371221</iescim:PowerSystemResource.DeviceID>
<iescim:PowerSystemResource.DeviceType>33</iescim:PowerSystemResource.DeviceType>
</cim:ConnectivityNode>
<cim:ConnectivityNode rdf:ID="9288674254074779">
<iescim:PowerSystemResource.SubType>0</iescim:PowerSystemResource.SubType>
<iescim:PowerSystemResource.DeviceID>9288674254074779</iescim:PowerSystemResource.DeviceID>
<iescim:PowerSystemResource.DeviceType>33</iescim:PowerSystemResource.DeviceType>
</cim:ConnectivityNode>
<cim:ConnectivityNode rdf:ID="9288674254074780">
<iescim:PowerSystemResource.SubType>0</iescim:PowerSystemResource.SubType>
<iescim:PowerSystemResource.DeviceID>9288674254074780</iescim:PowerSystemResource.DeviceID>
<iescim:PowerSystemResource.DeviceType>33</iescim:PowerSystemResource.DeviceType>
</cim:ConnectivityNode>
<cim:Terminal rdf:ID="2673706">
<cim:Terminal.ConductingEquipment rdf:resource="#2673704"/>
<cim:Terminal.ConnectivityNode rdf:resource="#9288674231456942"/>
</cim:Terminal>
<cim:Terminal rdf:ID="2673707">
<cim:Terminal.ConductingEquipment rdf:resource="#2673704"/>
<cim:Terminal.ConnectivityNode rdf:resource="#9288674231484899"/>
</cim:Terminal>
<cim:Terminal rdf:ID="30900002_609982_1">
<cim:Terminal.ConductingEquipment rdf:resource="#30900002_609982"/>
<cim:Terminal.ConnectivityNode rdf:resource="#9288674231615638"/>
</cim:Terminal>
<cim:Terminal rdf:ID="30900002_609982_2">
<cim:Terminal.ConductingEquipment rdf:resource="#30900002_609982"/>
<cim:Terminal.ConnectivityNode rdf:resource="#9288674231709299"/>
</cim:Terminal>
<cim:Terminal rdf:ID="30900002_609981_1">
<cim:Terminal.ConductingEquipment rdf:resource="#30900002_609981"/>
<cim:Terminal.ConnectivityNode rdf:resource="#9288674231615639"/>
</cim:Terminal>
<cim:Terminal rdf:ID="30900002_609981_2">
<cim:Terminal.ConductingEquipment rdf:resource="#30900002_609981"/>
<cim:Terminal.ConnectivityNode rdf:resource="#9288674231709300"/>
</cim:Terminal>
<cim:Terminal rdf:ID="30600001_3145080_1">
<cim:Terminal.ConductingEquipment rdf:resource="#30600001_3145080"/>
<cim:Terminal.ConnectivityNode rdf:resource="#9288674231615640"/>
</cim:Terminal>
<cim:Terminal rdf:ID="30600001_3145076_1">
<cim:Terminal.ConductingEquipment rdf:resource="#30600001_3145076"/>
<cim:Terminal.ConnectivityNode rdf:resource="#9288674231615641"/>
</cim:Terminal>
<cim:Terminal rdf:ID="30600000_3145068_1">
<cim:Terminal.ConductingEquipment rdf:resource="#30600000_3145068"/>
<cim:Terminal.ConnectivityNode rdf:resource="#9288674231615644"/>
</cim:Terminal>
<cim:Terminal rdf:ID="30600000_3145068_2">
<cim:Terminal.ConductingEquipment rdf:resource="#30600000_3145068"/>
<cim:Terminal.ConnectivityNode rdf:resource="#9288674231709303"/>
</cim:Terminal>
<cim:Terminal rdf:ID="14000000_7542130_1">
<cim:Terminal.ConductingEquipment rdf:resource="#14000000_7542130"/>
<cim:Terminal.ConnectivityNode rdf:resource="#9288674231529488"/>
</cim:Terminal>
<cim:Terminal rdf:ID="14000000_7542130_2">
<cim:Terminal.ConductingEquipment rdf:resource="#14000000_7542130"/>
<cim:Terminal.ConnectivityNode rdf:resource="#9288674231848552"/>
</cim:Terminal>
<cim:Terminal rdf:ID="20100000_1489034_1">
<cim:Terminal.ConductingEquipment rdf:resource="#20100000_1489034"/>
<cim:Terminal.ConnectivityNode rdf:resource="#9288674231848551"/>
</cim:Terminal>
<cim:Terminal rdf:ID="20100000_1489034_2">
<cim:Terminal.ConductingEquipment rdf:resource="#20100000_1489034"/>
<cim:Terminal.ConnectivityNode rdf:resource="#9288674231916603"/>
</cim:Terminal>
<cim:Terminal rdf:ID="20100000_1489030_1">
<cim:Terminal.ConductingEquipment rdf:resource="#20100000_1489030"/>
<cim:Terminal.ConnectivityNode rdf:resource="#9288674231848552"/>
</cim:Terminal>
<cim:Terminal rdf:ID="20100000_1489030_2">
<cim:Terminal.ConductingEquipment rdf:resource="#20100000_1489030"/>
<cim:Terminal.ConnectivityNode rdf:resource="#9288674231848558"/>
</cim:Terminal>
<cim:Terminal rdf:ID="13000000_16292154_1">
<cim:Terminal.ConductingEquipment rdf:resource="#13000000_16292154"/>
<cim:Terminal.ConnectivityNode rdf:resource="#9288674231848555"/>
</cim:Terminal>
<cim:Terminal rdf:ID="13000000_16292154_2">
<cim:Terminal.ConductingEquipment rdf:resource="#13000000_16292154"/>
<cim:Terminal.ConnectivityNode rdf:resource="#9288674231617427"/>
</cim:Terminal>
<cim:Terminal rdf:ID="13000000_16292152_1">
<cim:Terminal.ConductingEquipment rdf:resource="#13000000_16292152"/>
<cim:Terminal.ConnectivityNode rdf:resource="#9288674231710506"/>
</cim:Terminal>
<cim:Terminal rdf:ID="13000000_16292152_2">
<cim:Terminal.ConductingEquipment rdf:resource="#13000000_16292152"/>
<cim:Terminal.ConnectivityNode rdf:resource="#9288674231916603"/>
</cim:Terminal>
<cim:Terminal rdf:ID="13000000_16292143_1">
<cim:Terminal.ConductingEquipment rdf:resource="#13000000_16292143"/>
<cim:Terminal.ConnectivityNode rdf:resource="#9288674231710508"/>
</cim:Terminal>
<cim:Terminal rdf:ID="13000000_16292143_2">
<cim:Terminal.ConductingEquipment rdf:resource="#13000000_16292143"/>
<cim:Terminal.ConnectivityNode rdf:resource="#9288674231848551"/>
</cim:Terminal>
<cim:Terminal rdf:ID="13000000_16292141_1">
<cim:Terminal.ConductingEquipment rdf:resource="#13000000_16292141"/>
<cim:Terminal.ConnectivityNode rdf:resource="#9288674231848557"/>
</cim:Terminal>
<cim:Terminal rdf:ID="13000000_16292141_2">
<cim:Terminal.ConductingEquipment rdf:resource="#13000000_16292141"/>
<cim:Terminal.ConnectivityNode rdf:resource="#9288674231617431"/>
</cim:Terminal>
<cim:Terminal rdf:ID="13000000_16292118_1">
<cim:Terminal.ConductingEquipment rdf:resource="#13000000_16292118"/>
<cim:Terminal.ConnectivityNode rdf:resource="#9288674231848558"/>
</cim:Terminal>
<cim:Terminal rdf:ID="13000000_16292118_2">
<cim:Terminal.ConductingEquipment rdf:resource="#13000000_16292118"/>
<cim:Terminal.ConnectivityNode rdf:resource="#9288674231848555"/>
</cim:Terminal>
<cim:Terminal rdf:ID="10100000_12658350_1">
<cim:Terminal.ConductingEquipment rdf:resource="#10100000_12658350"/>
<cim:Terminal.ConnectivityNode rdf:resource="#9288674231710504"/>
</cim:Terminal>
<cim:Terminal rdf:ID="10100000_12658350_2">
<cim:Terminal.ConductingEquipment rdf:resource="#10100000_12658350"/>
<cim:Terminal.ConnectivityNode rdf:resource="#9288674231848557"/>
</cim:Terminal>
<cim:Terminal rdf:ID="32000000_5194339_1">
<cim:Terminal.ConductingEquipment rdf:resource="#32000000_5194339"/>
<cim:Terminal.ConnectivityNode rdf:resource="#9288674231529488"/>
</cim:Terminal>
<cim:Terminal rdf:ID="20200000_2238728_1">
<cim:Terminal.ConductingEquipment rdf:resource="#20200000_2238728"/>
<cim:Terminal.ConnectivityNode rdf:resource="#9288674231916603"/>
</cim:Terminal>
<cim:Terminal rdf:ID="20200000_2238726_1">
<cim:Terminal.ConductingEquipment rdf:resource="#20200000_2238726"/>
<cim:Terminal.ConnectivityNode rdf:resource="#9288674231848551"/>
</cim:Terminal>
<cim:Terminal rdf:ID="20200000_2238720_1">
<cim:Terminal.ConductingEquipment rdf:resource="#20200000_2238720"/>
<cim:Terminal.ConnectivityNode rdf:resource="#9288674231848558"/>
</cim:Terminal>
<cim:Terminal rdf:ID="20200000_2238719_1">
<cim:Terminal.ConductingEquipment rdf:resource="#20200000_2238719"/>
<cim:Terminal.ConnectivityNode rdf:resource="#9288674231848552"/>
</cim:Terminal>
<cim:Terminal rdf:ID="2673710">
<cim:Terminal.ConductingEquipment rdf:resource="#30600001_2150640"/>
<cim:Terminal.ConnectivityNode rdf:resource="#9288674231529488"/>
</cim:Terminal>
<cim:Terminal rdf:ID="11300000_3542701_1">
<cim:Terminal.ConductingEquipment rdf:resource="#11300000_3542701"/>
<cim:Terminal.ConnectivityNode rdf:resource="#9288674231617427"/>
</cim:Terminal>
<cim:Terminal rdf:ID="11300000_3542701_2">
<cim:Terminal.ConductingEquipment rdf:resource="#11300000_3542701"/>
<cim:Terminal.ConnectivityNode rdf:resource="#9288674231710504"/>
</cim:Terminal>
<cim:Terminal rdf:ID="11300000_3542699_1">
<cim:Terminal.ConductingEquipment rdf:resource="#11300000_3542699"/>
<cim:Terminal.ConnectivityNode rdf:resource="#9288674231617429"/>
</cim:Terminal>
<cim:Terminal rdf:ID="11300000_3542699_2">
<cim:Terminal.ConductingEquipment rdf:resource="#11300000_3542699"/>
<cim:Terminal.ConnectivityNode rdf:resource="#9288674231710506"/>
</cim:Terminal>
<cim:Terminal rdf:ID="11300000_3542696_1">
<cim:Terminal.ConductingEquipment rdf:resource="#11300000_3542696"/>
<cim:Terminal.ConnectivityNode rdf:resource="#9288674231617431"/>
</cim:Terminal>
<cim:Terminal rdf:ID="11300000_3542696_2">
<cim:Terminal.ConductingEquipment rdf:resource="#11300000_3542696"/>
<cim:Terminal.ConnectivityNode rdf:resource="#9288674231710508"/>
</cim:Terminal>
<cim:Terminal rdf:ID="31100000_1079948_1">
<cim:Terminal.ConductingEquipment rdf:resource="#31100000_1079948"/>
<cim:Terminal.ConnectivityNode rdf:resource="#9288674231456779"/>
</cim:Terminal>
<cim:Terminal rdf:ID="31100000_1079947_1">
<cim:Terminal.ConductingEquipment rdf:resource="#31100000_1079947"/>
<cim:Terminal.ConnectivityNode rdf:resource="#9288674231456780"/>
</cim:Terminal>
<cim:Terminal rdf:ID="11300000_1520977836_1">
<cim:Terminal.ConductingEquipment rdf:resource="#11300000_1520977836"/>
<cim:Terminal.ConnectivityNode rdf:resource="#9288674231648568"/>
</cim:Terminal>
<cim:Terminal rdf:ID="11300000_1520977836_2">
<cim:Terminal.ConductingEquipment rdf:resource="#11300000_1520977836"/>
<cim:Terminal.ConnectivityNode rdf:resource="#9288674231730903"/>
</cim:Terminal>
<cim:Terminal rdf:ID="11300000_1520977835_1">
<cim:Terminal.ConductingEquipment rdf:resource="#11300000_1520977835"/>
<cim:Terminal.ConnectivityNode rdf:resource="#9288674231648569"/>
</cim:Terminal>
<cim:Terminal rdf:ID="11300000_1520977835_2">
<cim:Terminal.ConductingEquipment rdf:resource="#11300000_1520977835"/>
<cim:Terminal.ConnectivityNode rdf:resource="#9288674231730904"/>
</cim:Terminal>
<cim:Terminal rdf:ID="11100000_1520960529_1">
<cim:Terminal.ConductingEquipment rdf:resource="#11100000_1520960529"/>
<cim:Terminal.ConnectivityNode rdf:resource="#9288674231501117"/>
</cim:Terminal>
<cim:Terminal rdf:ID="11100000_1520960529_2">
<cim:Terminal.ConductingEquipment rdf:resource="#11100000_1520960529"/>
<cim:Terminal.ConnectivityNode rdf:resource="#9288674231545897"/>
</cim:Terminal>
<cim:Terminal rdf:ID="11100000_1523595573_1">
<cim:Terminal.ConductingEquipment rdf:resource="#11100000_1523595573"/>
<cim:Terminal.ConnectivityNode rdf:resource="#9288674231501944"/>
</cim:Terminal>
<cim:Terminal rdf:ID="11100000_1523595573_2">
<cim:Terminal.ConductingEquipment rdf:resource="#11100000_1523595573"/>
<cim:Terminal.ConnectivityNode rdf:resource="#9288674231546723"/>
</cim:Terminal>
<cim:Terminal rdf:ID="30500000_1551645033_1">
<cim:Terminal.ConductingEquipment rdf:resource="#30500000_1551645033"/>
<cim:Terminal.ConnectivityNode rdf:resource="#9288674254074779"/>
</cim:Terminal>
<cim:Terminal rdf:ID="30500000_1551645033_2">
<cim:Terminal.ConductingEquipment rdf:resource="#30500000_1551645033"/>
<cim:Terminal.ConnectivityNode rdf:resource="#9288674254074780"/>
</cim:Terminal>
<cim:Terminal rdf:ID="20200000_1520975918_1">
<cim:Terminal.ConductingEquipment rdf:resource="#20200000_1520975918"/>
<cim:Terminal.ConnectivityNode rdf:resource="#9288674231928649"/>
</cim:Terminal>
<cim:Terminal rdf:ID="20200000_1520975917_1">
<cim:Terminal.ConductingEquipment rdf:resource="#20200000_1520975917"/>
<cim:Terminal.ConnectivityNode rdf:resource="#9288674231892423"/>
</cim:Terminal>
<cim:Terminal rdf:ID="2670090">
<cim:Terminal.ConductingEquipment rdf:resource="#31100000_745795"/>
<cim:Terminal.ConnectivityNode rdf:resource="#9288674231456942"/>
</cim:Terminal>
<cim:Terminal rdf:ID="20100000_1520968389_1">
<cim:Terminal.ConductingEquipment rdf:resource="#20100000_1520968389"/>
<cim:Terminal.ConnectivityNode rdf:resource="#9288674231892423"/>
</cim:Terminal>
<cim:Terminal rdf:ID="20100000_1520968389_2">
<cim:Terminal.ConductingEquipment rdf:resource="#20100000_1520968389"/>
<cim:Terminal.ConnectivityNode rdf:resource="#9288674231928649"/>
</cim:Terminal>
<cim:Terminal rdf:ID="14000000_1520975758_1">
<cim:Terminal.ConductingEquipment rdf:resource="#14000000_1520975758"/>
<cim:Terminal.ConnectivityNode rdf:resource="#9288674231892424"/>
</cim:Terminal>
<cim:Terminal rdf:ID="14000000_1520975758_2">
<cim:Terminal.ConductingEquipment rdf:resource="#14000000_1520975758"/>
<cim:Terminal.ConnectivityNode rdf:resource="#9288674231928649"/>
</cim:Terminal>
<cim:Terminal rdf:ID="13000000_16292150_1">
<cim:Terminal.ConductingEquipment rdf:resource="#13000000_16292150"/>
<cim:Terminal.ConnectivityNode rdf:resource="#9288674231892425"/>
</cim:Terminal>
<cim:Terminal rdf:ID="13000000_16292150_2">
<cim:Terminal.ConductingEquipment rdf:resource="#13000000_16292150"/>
<cim:Terminal.ConnectivityNode rdf:resource="#9288674231617429"/>
</cim:Terminal>
<cim:Terminal rdf:ID="13000000_1520976530_1">
<cim:Terminal.ConductingEquipment rdf:resource="#13000000_1520976530"/>
<cim:Terminal.ConnectivityNode rdf:resource="#9288674231730903"/>
</cim:Terminal>
<cim:Terminal rdf:ID="13000000_1520976530_2">
<cim:Terminal.ConductingEquipment rdf:resource="#13000000_1520976530"/>
<cim:Terminal.ConnectivityNode rdf:resource="#9288674231892423"/>
</cim:Terminal>
<cim:Terminal rdf:ID="13000000_1520976528_1">
<cim:Terminal.ConductingEquipment rdf:resource="#13000000_1520976528"/>
<cim:Terminal.ConnectivityNode rdf:resource="#9288674231892426"/>
</cim:Terminal>
<cim:Terminal rdf:ID="13000000_1520976528_2">
<cim:Terminal.ConductingEquipment rdf:resource="#13000000_1520976528"/>
<cim:Terminal.ConnectivityNode rdf:resource="#9288674231648568"/>
</cim:Terminal>
<cim:Terminal rdf:ID="13000000_1520976527_1">
<cim:Terminal.ConductingEquipment rdf:resource="#13000000_1520976527"/>
<cim:Terminal.ConnectivityNode rdf:resource="#9288674231730904"/>
</cim:Terminal>
<cim:Terminal rdf:ID="13000000_1520976527_2">
<cim:Terminal.ConductingEquipment rdf:resource="#13000000_1520976527"/>
<cim:Terminal.ConnectivityNode rdf:resource="#9288674231501117"/>
</cim:Terminal>
<cim:Terminal rdf:ID="13000000_1520976526_1">
<cim:Terminal.ConductingEquipment rdf:resource="#13000000_1520976526"/>
<cim:Terminal.ConnectivityNode rdf:resource="#9288674231892427"/>
</cim:Terminal>
<cim:Terminal rdf:ID="13000000_1520976526_2">
<cim:Terminal.ConductingEquipment rdf:resource="#13000000_1520976526"/>
<cim:Terminal.ConnectivityNode rdf:resource="#9288674231648569"/>
</cim:Terminal>
<cim:Terminal rdf:ID="10100000_1520978093_1">
<cim:Terminal.ConductingEquipment rdf:resource="#10100000_1520978093"/>
<cim:Terminal.ConnectivityNode rdf:resource="#9288674231545897"/>
</cim:Terminal>
<cim:Terminal rdf:ID="10100000_1520978093_2">
<cim:Terminal.ConductingEquipment rdf:resource="#10100000_1520978093"/>
<cim:Terminal.ConnectivityNode rdf:resource="#9288674231892426"/>
</cim:Terminal>
<cim:Terminal rdf:ID="10100000_12658417_1">
<cim:Terminal.ConductingEquipment rdf:resource="#10100000_12658417"/>
<cim:Terminal.ConnectivityNode rdf:resource="#9288674231892425"/>
</cim:Terminal>
<cim:Terminal rdf:ID="10100000_12658417_2">
<cim:Terminal.ConductingEquipment rdf:resource="#10100000_12658417"/>
<cim:Terminal.ConnectivityNode rdf:resource="#9288674231892427"/>
</cim:Terminal>
<cim:Terminal rdf:ID="13000000_1523615799_1">
<cim:Terminal.ConductingEquipment rdf:resource="#13000000_1523615799"/>
<cim:Terminal.ConnectivityNode rdf:resource="#9288674231892426"/>
</cim:Terminal>
<cim:Terminal rdf:ID="13000000_1523615799_2">
<cim:Terminal.ConductingEquipment rdf:resource="#13000000_1523615799"/>
<cim:Terminal.ConnectivityNode rdf:resource="#9288674231501944"/>
</cim:Terminal>
<cim:Terminal rdf:ID="30200003_1277451_1">
<cim:Terminal.ConductingEquipment rdf:resource="#30200003_1277451"/>
<cim:Terminal.ConnectivityNode rdf:resource="#9288674231755781"/>
</cim:Terminal>
<cim:Terminal rdf:ID="36000000_1551651672_1">
<cim:Terminal.ConductingEquipment rdf:resource="#36000000_1551651672"/>
<cim:Terminal.ConnectivityNode rdf:resource="#9288674254074779"/>
</cim:Terminal>
<cim:Terminal rdf:ID="36000000_1551651672_2">
<cim:Terminal.ConductingEquipment rdf:resource="#36000000_1551651672"/>
<cim:Terminal.ConnectivityNode rdf:resource="#9288674231892424"/>
</cim:Terminal>
<cim:Terminal rdf:ID="32000000_5103021_1">
<cim:Terminal.ConductingEquipment rdf:resource="#32000000_5103021"/>
<cim:Terminal.ConnectivityNode rdf:resource="#9288674231892424"/>
</cim:Terminal>
<cim:Terminal rdf:ID="10200001_12695485_1">
<cim:Terminal.ConductingEquipment rdf:resource="#10200001_12695485"/>
<cim:Terminal.ConnectivityNode rdf:resource="#0"/>
</cim:Terminal>
<cim:Terminal rdf:ID="10200001_12695472_1">
<cim:Terminal.ConductingEquipment rdf:resource="#10200001_12695472"/>
<cim:Terminal.ConnectivityNode rdf:resource="#0"/>
</cim:Terminal>
<cim:Terminal rdf:ID="10200001_12695429_1">
<cim:Terminal.ConductingEquipment rdf:resource="#10200001_12695429"/>
<cim:Terminal.ConnectivityNode rdf:resource="#0"/>
</cim:Terminal>
<cim:Terminal rdf:ID="982849">
<cim:Terminal.ConductingEquipment rdf:resource="#31100000_88967"/>
<cim:Terminal.ConnectivityNode rdf:resource="#9288674231453304"/>
</cim:Terminal>
<cim:Terminal rdf:ID="997411">
<cim:Terminal.ConductingEquipment rdf:resource="#31100000_89246"/>
<cim:Terminal.ConnectivityNode rdf:resource="#9288674231453312"/>
</cim:Terminal>
<cim:Terminal rdf:ID="997404">
<cim:Terminal.ConductingEquipment rdf:resource="#31100000_89255"/>
<cim:Terminal.ConnectivityNode rdf:resource="#9288674231453313"/>
</cim:Terminal>
<cim:Terminal rdf:ID="982857">
<cim:Terminal.ConductingEquipment rdf:resource="#31100000_88968"/>
<cim:Terminal.ConnectivityNode rdf:resource="#9288674246371221"/>
</cim:Terminal>
<cim:Terminal rdf:ID="10200001_1520973787_1">
<cim:Terminal.ConductingEquipment rdf:resource="#10200001_1520973787"/>
<cim:Terminal.ConnectivityNode rdf:resource="#0"/>
</cim:Terminal>
<cim:Terminal rdf:ID="10200001_1520973784_1">
<cim:Terminal.ConductingEquipment rdf:resource="#10200001_1520973784"/>
<cim:Terminal.ConnectivityNode rdf:resource="#0"/>
</cim:Terminal>
<cim:Terminal rdf:ID="1445376">
<cim:Terminal.ConductingEquipment rdf:resource="#31100000_90175"/>
<cim:Terminal.ConnectivityNode rdf:resource="#9288674231454471"/>
</cim:Terminal>
<cim:Terminal rdf:ID="2673702">
<cim:Terminal.ConductingEquipment rdf:resource="#30500000_1537583"/>
<cim:Terminal.ConnectivityNode rdf:resource="#9288674231484899"/>
</cim:Terminal>
<cim:Terminal rdf:ID="2673703">
<cim:Terminal.ConductingEquipment rdf:resource="#30500000_1537583"/>
<cim:Terminal.ConnectivityNode rdf:resource="#9288674231529488"/>
</cim:Terminal>
</rdf:RDF>
