<?xml version="1.0" encoding="UTF-8"?>

<rdf:RDF xmlns:rdf="http://www.w3.org/1999/02/22-rdf-syntax-ns#" xmlns:cim="http://www.sgcc.com.cn/SG-CIM/2010MAY#" xmlns:iescim="http://www.ieslab.com.cn">

<cim:BaseVoltage rdf:ID="BaseVoltage_5">
<cim:IdentifiedObject.name>10kV</cim:IdentifiedObject.name>
<cim:BaseVoltage.isDC>false</cim:BaseVoltage.isDC>
<cim:BaseVoltage.nominalVoltage>10.00</cim:BaseVoltage.nominalVoltage>
<iescim:PowerSystemResource.DeviceID>5</iescim:PowerSystemResource.DeviceID>
</cim:BaseVoltage>
<cim:SubGeographicalRegion rdf:ID="8a0f688f46db11f00146db13630f0e96">
<cim:IdentifiedObject.name>国网寿宁县供电公司</cim:IdentifiedObject.name>
<cim:SubGeographicalRegion.Region rdf:resource="#_"/>
</cim:SubGeographicalRegion>
<cim:Circuit rdf:ID="10000100_21388">
<cim:IdentifiedObject.name>10kV大安线916线路</cim:IdentifiedObject.name>
<cim:Circuit.BelongtoHVSubstation rdf:resource="#30000000_2836534"/>
<cim:PowerSystemResource.SubGeographicalRegion rdf:resource="#8a0f688f46db11f00146db13630f0e96"/>
<cim:iscurrentfeeder>1</cim:iscurrentfeeder>
</cim:Circuit>
<cim:Substation rdf:ID="30000000_2836534">
<cim:IdentifiedObject.name>大安变电站</cim:IdentifiedObject.name>
<iescim:PowerSystemResource.DeviceType>13</iescim:PowerSystemResource.DeviceType>
<iescim:PowerSystemResource.SubType>1</iescim:PowerSystemResource.SubType>
<cim:PowerSystemResource.PSRType rdf:resource="#30000000"/>
<iescim:PowerSystemResource.DeviceID>3659174697245219</iescim:PowerSystemResource.DeviceID>
<cim:PowerSystemResource.SubGeographicalRegion rdf:resource="#8a0f688f46db11f00146db13630f0e96"/>
</cim:Substation>
<cim:Breaker rdf:ID="11100000_437998">
<cim:IdentifiedObject.name>10kV大安线916线路#001杆001开关</cim:IdentifiedObject.name>
<cim:IdentifiedObject.bianhao>001</cim:IdentifiedObject.bianhao>
<cim:PowerSystemResource.Circuit rdf:resource="#10000100_21388" />
<cim:ConductingEquipment.BaseVoltage rdf:resource="#BaseVoltage_5"/>
<iescim:PowerSystemResource.SubType>2</iescim:PowerSystemResource.SubType>
<iescim:PowerSystemResource.DeviceID>4503599627396421</iescim:PowerSystemResource.DeviceID>
<iescim:PowerSystemResource.DeviceType>16</iescim:PowerSystemResource.DeviceType>
<iescim:PowerSystemResource.Cxmc></iescim:PowerSystemResource.Cxmc>
</cim:Breaker>
<cim:Breaker rdf:ID="30500000_1552679">
<cim:IdentifiedObject.name>大安变电站.10kV.大安线间隔.916开关</cim:IdentifiedObject.name>
<cim:IdentifiedObject.bianhao>_</cim:IdentifiedObject.bianhao>
<cim:Equipment.EquipmentContainer rdf:resource="#30000000_2836534"/>
<cim:PowerSystemResource.Circuit rdf:resource="#10000100_21388" />
<cim:ConductingEquipment.BaseVoltage rdf:resource="#BaseVoltage_5"/>
<iescim:PowerSystemResource.SubType>1</iescim:PowerSystemResource.SubType>
<iescim:PowerSystemResource.DeviceID>4503599627398692</iescim:PowerSystemResource.DeviceID>
<iescim:PowerSystemResource.DeviceType>16</iescim:PowerSystemResource.DeviceType>
<iescim:PowerSystemResource.Cxmc></iescim:PowerSystemResource.Cxmc>
</cim:Breaker>
<cim:Breaker rdf:ID="11100000_1543899075">
<cim:IdentifiedObject.name>10kV大安线916线路#015杆015开关</cim:IdentifiedObject.name>
<cim:IdentifiedObject.bianhao>015</cim:IdentifiedObject.bianhao>
<cim:PowerSystemResource.Circuit rdf:resource="#10000100_21388" />
<cim:ConductingEquipment.BaseVoltage rdf:resource="#BaseVoltage_5"/>
<iescim:PowerSystemResource.SubType>2</iescim:PowerSystemResource.SubType>
<iescim:PowerSystemResource.DeviceID>4503599627634640</iescim:PowerSystemResource.DeviceID>
<iescim:PowerSystemResource.DeviceType>16</iescim:PowerSystemResource.DeviceType>
<iescim:PowerSystemResource.Cxmc></iescim:PowerSystemResource.Cxmc>
</cim:Breaker>
<cim:Disconnector rdf:ID="11300000_1276733">
<cim:IdentifiedObject.name>10kV大安线916线路#002杆0021刀闸</cim:IdentifiedObject.name>
<cim:IdentifiedObject.bianhao>0021</cim:IdentifiedObject.bianhao>
<cim:PowerSystemResource.Circuit rdf:resource="#10000100_21388" />
<cim:ConductingEquipment.BaseVoltage rdf:resource="#BaseVoltage_5"/>
<iescim:PowerSystemResource.SubType>6</iescim:PowerSystemResource.SubType>
<iescim:PowerSystemResource.DeviceID>4785074604137799</iescim:PowerSystemResource.DeviceID>
<iescim:PowerSystemResource.DeviceType>17</iescim:PowerSystemResource.DeviceType>
<iescim:PowerSystemResource.Cxmc></iescim:PowerSystemResource.Cxmc>
</cim:Disconnector>
<cim:Disconnector rdf:ID="11300000_1261560">
<cim:IdentifiedObject.name>10kV大安线916线路#012-1杆012-1M1刀闸</cim:IdentifiedObject.name>
<cim:IdentifiedObject.bianhao>012-1M1</cim:IdentifiedObject.bianhao>
<cim:PowerSystemResource.Circuit rdf:resource="#10000100_21388" />
<cim:ConductingEquipment.BaseVoltage rdf:resource="#BaseVoltage_5"/>
<iescim:PowerSystemResource.SubType>6</iescim:PowerSystemResource.SubType>
<iescim:PowerSystemResource.DeviceID>4785074604137820</iescim:PowerSystemResource.DeviceID>
<iescim:PowerSystemResource.DeviceType>17</iescim:PowerSystemResource.DeviceType>
<iescim:PowerSystemResource.Cxmc></iescim:PowerSystemResource.Cxmc>
</cim:Disconnector>
<cim:Disconnector rdf:ID="11300000_1270311">
<cim:IdentifiedObject.name>10kV大安线916线路#009杆0091刀闸</cim:IdentifiedObject.name>
<cim:IdentifiedObject.bianhao>0091</cim:IdentifiedObject.bianhao>
<cim:PowerSystemResource.Circuit rdf:resource="#10000100_21388" />
<cim:ConductingEquipment.BaseVoltage rdf:resource="#BaseVoltage_5"/>
<iescim:PowerSystemResource.SubType>6</iescim:PowerSystemResource.SubType>
<iescim:PowerSystemResource.DeviceID>4785074604137846</iescim:PowerSystemResource.DeviceID>
<iescim:PowerSystemResource.DeviceType>17</iescim:PowerSystemResource.DeviceType>
<iescim:PowerSystemResource.Cxmc></iescim:PowerSystemResource.Cxmc>
</cim:Disconnector>
<cim:Disconnector rdf:ID="11300000_1273221">
<cim:IdentifiedObject.name>10kV大安线916线路#001杆0011刀闸</cim:IdentifiedObject.name>
<cim:IdentifiedObject.bianhao>0011</cim:IdentifiedObject.bianhao>
<cim:PowerSystemResource.Circuit rdf:resource="#10000100_21388" />
<cim:ConductingEquipment.BaseVoltage rdf:resource="#BaseVoltage_5"/>
<iescim:PowerSystemResource.SubType>6</iescim:PowerSystemResource.SubType>
<iescim:PowerSystemResource.DeviceID>4785074604154381</iescim:PowerSystemResource.DeviceID>
<iescim:PowerSystemResource.DeviceType>17</iescim:PowerSystemResource.DeviceType>
<iescim:PowerSystemResource.Cxmc></iescim:PowerSystemResource.Cxmc>
</cim:Disconnector>
<cim:Disconnector rdf:ID="30600001_2178139">
<cim:IdentifiedObject.name>大安变电站.10kV.大安线间隔.9166接地刀闸</cim:IdentifiedObject.name>
<cim:IdentifiedObject.bianhao>_</cim:IdentifiedObject.bianhao>
<cim:Equipment.EquipmentContainer rdf:resource="#30000000_2836534"/>
<cim:PowerSystemResource.Circuit rdf:resource="#10000100_21388" />
<cim:ConductingEquipment.BaseVoltage rdf:resource="#BaseVoltage_5"/>
<iescim:PowerSystemResource.SubType>9</iescim:PowerSystemResource.SubType>
<iescim:PowerSystemResource.DeviceID>4785074604159399</iescim:PowerSystemResource.DeviceID>
<iescim:PowerSystemResource.DeviceType>17</iescim:PowerSystemResource.DeviceType>
<iescim:PowerSystemResource.Cxmc></iescim:PowerSystemResource.Cxmc>
</cim:Disconnector>
<cim:Disconnector rdf:ID="11300000_2933928">
<cim:IdentifiedObject.name>10kV大安线916线路#013杆0131刀闸</cim:IdentifiedObject.name>
<cim:IdentifiedObject.bianhao>0131</cim:IdentifiedObject.bianhao>
<cim:PowerSystemResource.Circuit rdf:resource="#10000100_21388" />
<cim:ConductingEquipment.BaseVoltage rdf:resource="#BaseVoltage_5"/>
<iescim:PowerSystemResource.SubType>6</iescim:PowerSystemResource.SubType>
<iescim:PowerSystemResource.DeviceID>4785074604170993</iescim:PowerSystemResource.DeviceID>
<iescim:PowerSystemResource.DeviceType>17</iescim:PowerSystemResource.DeviceType>
<iescim:PowerSystemResource.Cxmc></iescim:PowerSystemResource.Cxmc>
</cim:Disconnector>
<cim:Disconnector rdf:ID="2672210">
<cim:IdentifiedObject.name>大安变电站.10kV.大安线间隔.916手车刀闸</cim:IdentifiedObject.name>
<cim:IdentifiedObject.bianhao>_</cim:IdentifiedObject.bianhao>
<cim:Equipment.EquipmentContainer rdf:resource="#30000000_2836534"/>
<cim:PowerSystemResource.Circuit rdf:resource="#10000100_21388" />
<cim:ConductingEquipment.BaseVoltage rdf:resource="#BaseVoltage_5"/>
<iescim:PowerSystemResource.SubType>5</iescim:PowerSystemResource.SubType>
<iescim:PowerSystemResource.DeviceID>4785074604190949</iescim:PowerSystemResource.DeviceID>
<iescim:PowerSystemResource.DeviceType>17</iescim:PowerSystemResource.DeviceType>
<iescim:PowerSystemResource.Cxmc></iescim:PowerSystemResource.Cxmc>
</cim:Disconnector>
<cim:Disconnector rdf:ID="11300000_1536613119">
<cim:IdentifiedObject.name>10kV大安线916线路#002-2杆002-21刀闸</cim:IdentifiedObject.name>
<cim:IdentifiedObject.bianhao>002-21</cim:IdentifiedObject.bianhao>
<cim:PowerSystemResource.Circuit rdf:resource="#10000100_21388" />
<cim:ConductingEquipment.BaseVoltage rdf:resource="#BaseVoltage_5"/>
<iescim:PowerSystemResource.SubType>6</iescim:PowerSystemResource.SubType>
<iescim:PowerSystemResource.DeviceID>4785074604323101</iescim:PowerSystemResource.DeviceID>
<iescim:PowerSystemResource.DeviceType>17</iescim:PowerSystemResource.DeviceType>
<iescim:PowerSystemResource.Cxmc></iescim:PowerSystemResource.Cxmc>
</cim:Disconnector>
<cim:Disconnector rdf:ID="11300000_1543907864">
<cim:IdentifiedObject.name>10kV大安线916线路#015杆0151刀闸</cim:IdentifiedObject.name>
<cim:IdentifiedObject.bianhao>0151</cim:IdentifiedObject.bianhao>
<cim:PowerSystemResource.Circuit rdf:resource="#10000100_21388" />
<cim:ConductingEquipment.BaseVoltage rdf:resource="#BaseVoltage_5"/>
<iescim:PowerSystemResource.SubType>6</iescim:PowerSystemResource.SubType>
<iescim:PowerSystemResource.DeviceID>4785074604335005</iescim:PowerSystemResource.DeviceID>
<iescim:PowerSystemResource.DeviceType>17</iescim:PowerSystemResource.DeviceType>
<iescim:PowerSystemResource.Cxmc></iescim:PowerSystemResource.Cxmc>
</cim:Disconnector>
<cim:Fuse rdf:ID="11500000_679159">
<cim:IdentifiedObject.name>10kV大安线916线路#002-5A杆002-5AM2跌落式熔断器</cim:IdentifiedObject.name>
<cim:IdentifiedObject.bianhao>002-5AM2</cim:IdentifiedObject.bianhao>
<cim:PowerSystemResource.Circuit rdf:resource="#10000100_21388" />
<cim:ConductingEquipment.BaseVoltage rdf:resource="#BaseVoltage_5"/>
<iescim:PowerSystemResource.SubType>1</iescim:PowerSystemResource.SubType>
<iescim:PowerSystemResource.DeviceID>8162774324665730</iescim:PowerSystemResource.DeviceID>
<iescim:PowerSystemResource.DeviceType>29</iescim:PowerSystemResource.DeviceType>
<iescim:PowerSystemResource.Cxmc></iescim:PowerSystemResource.Cxmc>
</cim:Fuse>
<cim:Fuse rdf:ID="11500000_682267">
<cim:IdentifiedObject.name>10kV大安线916线路#012-1杆012-1M2跌落式熔断器</cim:IdentifiedObject.name>
<cim:IdentifiedObject.bianhao>012-1M2</cim:IdentifiedObject.bianhao>
<cim:PowerSystemResource.Circuit rdf:resource="#10000100_21388" />
<cim:ConductingEquipment.BaseVoltage rdf:resource="#BaseVoltage_5"/>
<iescim:PowerSystemResource.SubType>1</iescim:PowerSystemResource.SubType>
<iescim:PowerSystemResource.DeviceID>8162774324665741</iescim:PowerSystemResource.DeviceID>
<iescim:PowerSystemResource.DeviceType>29</iescim:PowerSystemResource.DeviceType>
<iescim:PowerSystemResource.Cxmc></iescim:PowerSystemResource.Cxmc>
</cim:Fuse>
<cim:PowerTransformer rdf:ID="11000000_647612">
<cim:IdentifiedObject.name>大安供销社门口G2079变</cim:IdentifiedObject.name>
<cim:IdentifiedObject.bianhao></cim:IdentifiedObject.bianhao>
<cim:PowerSystemResource.Circuit rdf:resource="#10000100_21388" />
<cim:ConductingEquipment.BaseVoltage rdf:resource="#BaseVoltage_5"/>
<iescim:PowerSystemResource.SubType>1</iescim:PowerSystemResource.SubType>
<iescim:PowerSystemResource.DeviceID>12384898975288534</iescim:PowerSystemResource.DeviceID>
<iescim:PowerSystemResource.DeviceType>44</iescim:PowerSystemResource.DeviceType>
<iescim:PowerSystemResource.UserType>4</iescim:PowerSystemResource.UserType>
<iescim:PowerSystemResource.TaiQuHao>_</iescim:PowerSystemResource.TaiQuHao>
</cim:PowerTransformer>
<cim:PowerTransformer rdf:ID="11000000_652144">
<cim:IdentifiedObject.name>大安G2078变</cim:IdentifiedObject.name>
<cim:IdentifiedObject.bianhao></cim:IdentifiedObject.bianhao>
<cim:PowerSystemResource.Circuit rdf:resource="#10000100_21388" />
<cim:ConductingEquipment.BaseVoltage rdf:resource="#BaseVoltage_5"/>
<iescim:PowerSystemResource.SubType>1</iescim:PowerSystemResource.SubType>
<iescim:PowerSystemResource.DeviceID>12384898975288535</iescim:PowerSystemResource.DeviceID>
<iescim:PowerSystemResource.DeviceType>44</iescim:PowerSystemResource.DeviceType>
<iescim:PowerSystemResource.UserType>4</iescim:PowerSystemResource.UserType>
<iescim:PowerSystemResource.TaiQuHao>_</iescim:PowerSystemResource.TaiQuHao>
</cim:PowerTransformer>
<cim:BusbarSection rdf:ID="31100000_751890">
<cim:IdentifiedObject.name>大安变电站.10kV.Ⅰ段母线</cim:IdentifiedObject.name>
<cim:IdentifiedObject.bianhao></cim:IdentifiedObject.bianhao>
<cim:Equipment.EquipmentContainer rdf:resource="#30000000_2836534"/>
<cim:PowerSystemResource.Circuit rdf:resource="#_" />
<cim:ConductingEquipment.BaseVoltage rdf:resource="#BaseVoltage_5"/>
<iescim:PowerSystemResource.SubType>0</iescim:PowerSystemResource.SubType>
<iescim:PowerSystemResource.DeviceID>5348024557511252</iescim:PowerSystemResource.DeviceID>
<iescim:PowerSystemResource.DeviceType>19</iescim:PowerSystemResource.DeviceType>
</cim:BusbarSection>
<cim:BusbarSection rdf:ID="31100000_1176143">
<cim:IdentifiedObject.name>大安变电站.10kV.Ⅱ段母线</cim:IdentifiedObject.name>
<cim:IdentifiedObject.bianhao></cim:IdentifiedObject.bianhao>
<cim:Equipment.EquipmentContainer rdf:resource="#30000000_2836534"/>
<cim:PowerSystemResource.Circuit rdf:resource="#_" />
<cim:ConductingEquipment.BaseVoltage rdf:resource="#BaseVoltage_5"/>
<iescim:PowerSystemResource.SubType>0</iescim:PowerSystemResource.SubType>
<iescim:PowerSystemResource.DeviceID>5348024557541811</iescim:PowerSystemResource.DeviceID>
<iescim:PowerSystemResource.DeviceType>19</iescim:PowerSystemResource.DeviceType>
</cim:BusbarSection>
<cim:ACLineSegment rdf:ID="13000000_12423348">
<cim:IdentifiedObject.name>-连接线-</cim:IdentifiedObject.name>
<cim:IdentifiedObject.bianhao></cim:IdentifiedObject.bianhao>
<cim:PowerSystemResource.Circuit rdf:resource="#10000100_21388" />
<cim:ConductingEquipment.BaseVoltage rdf:resource="#BaseVoltage_5"/>
<iescim:PowerSystemResource.SubType>3</iescim:PowerSystemResource.SubType>
<iescim:PowerSystemResource.DeviceID>5629499534382093</iescim:PowerSystemResource.DeviceID>
<iescim:PowerSystemResource.DeviceType>20</iescim:PowerSystemResource.DeviceType>
</cim:ACLineSegment>
<cim:ACLineSegment rdf:ID="13000000_9202068">
<cim:IdentifiedObject.name>未命名</cim:IdentifiedObject.name>
<cim:IdentifiedObject.bianhao></cim:IdentifiedObject.bianhao>
<cim:PowerSystemResource.Circuit rdf:resource="#10000100_21388" />
<cim:ConductingEquipment.BaseVoltage rdf:resource="#BaseVoltage_5"/>
<iescim:PowerSystemResource.SubType>3</iescim:PowerSystemResource.SubType>
<iescim:PowerSystemResource.DeviceID>5629499534382121</iescim:PowerSystemResource.DeviceID>
<iescim:PowerSystemResource.DeviceType>20</iescim:PowerSystemResource.DeviceType>
</cim:ACLineSegment>
<cim:ACLineSegment rdf:ID="13000000_9220113">
<cim:IdentifiedObject.name>站外-连接线</cim:IdentifiedObject.name>
<cim:IdentifiedObject.bianhao></cim:IdentifiedObject.bianhao>
<cim:PowerSystemResource.Circuit rdf:resource="#10000100_21388" />
<cim:ConductingEquipment.BaseVoltage rdf:resource="#BaseVoltage_5"/>
<iescim:PowerSystemResource.SubType>3</iescim:PowerSystemResource.SubType>
<iescim:PowerSystemResource.DeviceID>5629499534382155</iescim:PowerSystemResource.DeviceID>
<iescim:PowerSystemResource.DeviceType>20</iescim:PowerSystemResource.DeviceType>
</cim:ACLineSegment>
<cim:ACLineSegment rdf:ID="13000000_9235829">
<cim:IdentifiedObject.name>站外-连接线</cim:IdentifiedObject.name>
<cim:IdentifiedObject.bianhao></cim:IdentifiedObject.bianhao>
<cim:PowerSystemResource.Circuit rdf:resource="#10000100_21388" />
<cim:ConductingEquipment.BaseVoltage rdf:resource="#BaseVoltage_5"/>
<iescim:PowerSystemResource.SubType>3</iescim:PowerSystemResource.SubType>
<iescim:PowerSystemResource.DeviceID>5629499534382188</iescim:PowerSystemResource.DeviceID>
<iescim:PowerSystemResource.DeviceType>20</iescim:PowerSystemResource.DeviceType>
</cim:ACLineSegment>
<cim:ACLineSegment rdf:ID="13000000_9242219">
<cim:IdentifiedObject.name>站外-连接线</cim:IdentifiedObject.name>
<cim:IdentifiedObject.bianhao></cim:IdentifiedObject.bianhao>
<cim:PowerSystemResource.Circuit rdf:resource="#10000100_21388" />
<cim:ConductingEquipment.BaseVoltage rdf:resource="#BaseVoltage_5"/>
<iescim:PowerSystemResource.SubType>3</iescim:PowerSystemResource.SubType>
<iescim:PowerSystemResource.DeviceID>5629499534382203</iescim:PowerSystemResource.DeviceID>
<iescim:PowerSystemResource.DeviceType>20</iescim:PowerSystemResource.DeviceType>
</cim:ACLineSegment>
<cim:ACLineSegment rdf:ID="13000000_9254429">
<cim:IdentifiedObject.name>未命名</cim:IdentifiedObject.name>
<cim:IdentifiedObject.bianhao></cim:IdentifiedObject.bianhao>
<cim:PowerSystemResource.Circuit rdf:resource="#10000100_21388" />
<cim:ConductingEquipment.BaseVoltage rdf:resource="#BaseVoltage_5"/>
<iescim:PowerSystemResource.SubType>3</iescim:PowerSystemResource.SubType>
<iescim:PowerSystemResource.DeviceID>5629499534382227</iescim:PowerSystemResource.DeviceID>
<iescim:PowerSystemResource.DeviceType>20</iescim:PowerSystemResource.DeviceType>
</cim:ACLineSegment>
<cim:ACLineSegment rdf:ID="10100000_10168895">
<cim:IdentifiedObject.name>10kV大安线916线路#001A杆-#001杆导线</cim:IdentifiedObject.name>
<cim:IdentifiedObject.bianhao></cim:IdentifiedObject.bianhao>
<cim:PowerSystemResource.Circuit rdf:resource="#10000100_21388" />
<cim:ConductingEquipment.BaseVoltage rdf:resource="#BaseVoltage_5"/>
<iescim:PowerSystemResource.SubType>2</iescim:PowerSystemResource.SubType>
<iescim:PowerSystemResource.DeviceID>5629499534448576</iescim:PowerSystemResource.DeviceID>
<iescim:PowerSystemResource.DeviceType>20</iescim:PowerSystemResource.DeviceType>
</cim:ACLineSegment>
<cim:ACLineSegment rdf:ID="10100000_10192262">
<cim:IdentifiedObject.name>10kV大安线916线路#002-1-10kV大安线916线路#002-2</cim:IdentifiedObject.name>
<cim:IdentifiedObject.bianhao></cim:IdentifiedObject.bianhao>
<cim:PowerSystemResource.Circuit rdf:resource="#10000100_21388" />
<cim:ConductingEquipment.BaseVoltage rdf:resource="#BaseVoltage_5"/>
<iescim:PowerSystemResource.SubType>2</iescim:PowerSystemResource.SubType>
<iescim:PowerSystemResource.DeviceID>5629499534448577</iescim:PowerSystemResource.DeviceID>
<iescim:PowerSystemResource.DeviceType>20</iescim:PowerSystemResource.DeviceType>
</cim:ACLineSegment>
<cim:ACLineSegment rdf:ID="13000000_13223506">
<cim:IdentifiedObject.name>-连接线-</cim:IdentifiedObject.name>
<cim:IdentifiedObject.bianhao></cim:IdentifiedObject.bianhao>
<cim:PowerSystemResource.Circuit rdf:resource="#10000100_21388" />
<cim:ConductingEquipment.BaseVoltage rdf:resource="#BaseVoltage_5"/>
<iescim:PowerSystemResource.SubType>3</iescim:PowerSystemResource.SubType>
<iescim:PowerSystemResource.DeviceID>5629499534448578</iescim:PowerSystemResource.DeviceID>
<iescim:PowerSystemResource.DeviceType>20</iescim:PowerSystemResource.DeviceType>
</cim:ACLineSegment>
<cim:ACLineSegment rdf:ID="13000000_13224982">
<cim:IdentifiedObject.name>站外-连接线</cim:IdentifiedObject.name>
<cim:IdentifiedObject.bianhao></cim:IdentifiedObject.bianhao>
<cim:PowerSystemResource.Circuit rdf:resource="#10000100_21388" />
<cim:ConductingEquipment.BaseVoltage rdf:resource="#BaseVoltage_5"/>
<iescim:PowerSystemResource.SubType>3</iescim:PowerSystemResource.SubType>
<iescim:PowerSystemResource.DeviceID>5629499534448579</iescim:PowerSystemResource.DeviceID>
<iescim:PowerSystemResource.DeviceType>20</iescim:PowerSystemResource.DeviceType>
</cim:ACLineSegment>
<cim:ACLineSegment rdf:ID="14000000_6973519">
<cim:IdentifiedObject.name>站外-超连接线</cim:IdentifiedObject.name>
<cim:IdentifiedObject.bianhao></cim:IdentifiedObject.bianhao>
<cim:PowerSystemResource.Circuit rdf:resource="#10000100_21388" />
<cim:ConductingEquipment.BaseVoltage rdf:resource="#BaseVoltage_5"/>
<iescim:PowerSystemResource.SubType>1</iescim:PowerSystemResource.SubType>
<iescim:PowerSystemResource.DeviceID>5629499534448580</iescim:PowerSystemResource.DeviceID>
<iescim:PowerSystemResource.DeviceType>20</iescim:PowerSystemResource.DeviceType>
</cim:ACLineSegment>
<cim:ACLineSegment rdf:ID="20100000_1043218">
<cim:IdentifiedObject.name>10kV大安线916线电缆端头1508593</cim:IdentifiedObject.name>
<cim:IdentifiedObject.bianhao></cim:IdentifiedObject.bianhao>
<cim:PowerSystemResource.Circuit rdf:resource="#10000100_21388" />
<cim:ConductingEquipment.BaseVoltage rdf:resource="#BaseVoltage_5"/>
<iescim:PowerSystemResource.SubType>1</iescim:PowerSystemResource.SubType>
<iescim:PowerSystemResource.DeviceID>5629499534448581</iescim:PowerSystemResource.DeviceID>
<iescim:PowerSystemResource.DeviceType>20</iescim:PowerSystemResource.DeviceType>
</cim:ACLineSegment>
<cim:ACLineSegment rdf:ID="10100000_10715991">
<cim:IdentifiedObject.name>10kV大安线916线路#019-10kV大安线916线路#020</cim:IdentifiedObject.name>
<cim:IdentifiedObject.bianhao></cim:IdentifiedObject.bianhao>
<cim:PowerSystemResource.Circuit rdf:resource="#10000100_21388" />
<cim:ConductingEquipment.BaseVoltage rdf:resource="#BaseVoltage_5"/>
<iescim:PowerSystemResource.SubType>2</iescim:PowerSystemResource.SubType>
<iescim:PowerSystemResource.DeviceID>5629499534487273</iescim:PowerSystemResource.DeviceID>
<iescim:PowerSystemResource.DeviceType>20</iescim:PowerSystemResource.DeviceType>
</cim:ACLineSegment>
<cim:ACLineSegment rdf:ID="13000000_9209085">
<cim:IdentifiedObject.name>站外-连接线</cim:IdentifiedObject.name>
<cim:IdentifiedObject.bianhao></cim:IdentifiedObject.bianhao>
<cim:PowerSystemResource.Circuit rdf:resource="#10000100_21388" />
<cim:ConductingEquipment.BaseVoltage rdf:resource="#BaseVoltage_5"/>
<iescim:PowerSystemResource.SubType>3</iescim:PowerSystemResource.SubType>
<iescim:PowerSystemResource.DeviceID>5629499534487328</iescim:PowerSystemResource.DeviceID>
<iescim:PowerSystemResource.DeviceType>20</iescim:PowerSystemResource.DeviceType>
</cim:ACLineSegment>
<cim:ACLineSegment rdf:ID="10100000_11211670">
<cim:IdentifiedObject.name>10kV大安线916线路#003-10kV大安线916线路#004导线</cim:IdentifiedObject.name>
<cim:IdentifiedObject.bianhao></cim:IdentifiedObject.bianhao>
<cim:PowerSystemResource.Circuit rdf:resource="#10000100_21388" />
<cim:ConductingEquipment.BaseVoltage rdf:resource="#BaseVoltage_5"/>
<iescim:PowerSystemResource.SubType>2</iescim:PowerSystemResource.SubType>
<iescim:PowerSystemResource.DeviceID>5629499534524882</iescim:PowerSystemResource.DeviceID>
<iescim:PowerSystemResource.DeviceType>20</iescim:PowerSystemResource.DeviceType>
</cim:ACLineSegment>
<cim:ACLineSegment rdf:ID="10100000_11224365">
<cim:IdentifiedObject.name>10kV大安线916线路#012-10kV大安线916线路#012-1杆导线</cim:IdentifiedObject.name>
<cim:IdentifiedObject.bianhao></cim:IdentifiedObject.bianhao>
<cim:PowerSystemResource.Circuit rdf:resource="#10000100_21388" />
<cim:ConductingEquipment.BaseVoltage rdf:resource="#BaseVoltage_5"/>
<iescim:PowerSystemResource.SubType>2</iescim:PowerSystemResource.SubType>
<iescim:PowerSystemResource.DeviceID>5629499534524884</iescim:PowerSystemResource.DeviceID>
<iescim:PowerSystemResource.DeviceType>20</iescim:PowerSystemResource.DeviceType>
</cim:ACLineSegment>
<cim:ACLineSegment rdf:ID="10100000_6298314">
<cim:IdentifiedObject.name>10kV大安线916线路#012-10kV大安线916线路#013</cim:IdentifiedObject.name>
<cim:IdentifiedObject.bianhao></cim:IdentifiedObject.bianhao>
<cim:PowerSystemResource.Circuit rdf:resource="#10000100_21388" />
<cim:ConductingEquipment.BaseVoltage rdf:resource="#BaseVoltage_5"/>
<iescim:PowerSystemResource.SubType>2</iescim:PowerSystemResource.SubType>
<iescim:PowerSystemResource.DeviceID>5629499534524887</iescim:PowerSystemResource.DeviceID>
<iescim:PowerSystemResource.DeviceType>20</iescim:PowerSystemResource.DeviceType>
</cim:ACLineSegment>
<cim:ACLineSegment rdf:ID="10100000_9557760">
<cim:IdentifiedObject.name>10kV大安线916线路#009-10kV大安线916线路#010</cim:IdentifiedObject.name>
<cim:IdentifiedObject.bianhao></cim:IdentifiedObject.bianhao>
<cim:PowerSystemResource.Circuit rdf:resource="#10000100_21388" />
<cim:ConductingEquipment.BaseVoltage rdf:resource="#BaseVoltage_5"/>
<iescim:PowerSystemResource.SubType>2</iescim:PowerSystemResource.SubType>
<iescim:PowerSystemResource.DeviceID>5629499534524889</iescim:PowerSystemResource.DeviceID>
<iescim:PowerSystemResource.DeviceType>20</iescim:PowerSystemResource.DeviceType>
</cim:ACLineSegment>
<cim:ACLineSegment rdf:ID="13000000_14469755">
<cim:IdentifiedObject.name>-连接线-</cim:IdentifiedObject.name>
<cim:IdentifiedObject.bianhao></cim:IdentifiedObject.bianhao>
<cim:PowerSystemResource.Circuit rdf:resource="#10000100_21388" />
<cim:ConductingEquipment.BaseVoltage rdf:resource="#BaseVoltage_5"/>
<iescim:PowerSystemResource.SubType>3</iescim:PowerSystemResource.SubType>
<iescim:PowerSystemResource.DeviceID>5629499534524895</iescim:PowerSystemResource.DeviceID>
<iescim:PowerSystemResource.DeviceType>20</iescim:PowerSystemResource.DeviceType>
</cim:ACLineSegment>
<cim:ACLineSegment rdf:ID="13000000_14469785">
<cim:IdentifiedObject.name>-连接线-</cim:IdentifiedObject.name>
<cim:IdentifiedObject.bianhao></cim:IdentifiedObject.bianhao>
<cim:PowerSystemResource.Circuit rdf:resource="#10000100_21388" />
<cim:ConductingEquipment.BaseVoltage rdf:resource="#BaseVoltage_5"/>
<iescim:PowerSystemResource.SubType>3</iescim:PowerSystemResource.SubType>
<iescim:PowerSystemResource.DeviceID>5629499534524897</iescim:PowerSystemResource.DeviceID>
<iescim:PowerSystemResource.DeviceType>20</iescim:PowerSystemResource.DeviceType>
</cim:ACLineSegment>
<cim:ACLineSegment rdf:ID="10100000_10192263">
<cim:IdentifiedObject.name>10kV大安线916线路#002-2-10kV大安线916线路#002-3</cim:IdentifiedObject.name>
<cim:IdentifiedObject.bianhao></cim:IdentifiedObject.bianhao>
<cim:PowerSystemResource.Circuit rdf:resource="#10000100_21388" />
<cim:ConductingEquipment.BaseVoltage rdf:resource="#BaseVoltage_5"/>
<iescim:PowerSystemResource.SubType>2</iescim:PowerSystemResource.SubType>
<iescim:PowerSystemResource.DeviceID>5629499537832220</iescim:PowerSystemResource.DeviceID>
<iescim:PowerSystemResource.DeviceType>20</iescim:PowerSystemResource.DeviceType>
</cim:ACLineSegment>
<cim:ACLineSegment rdf:ID="13000000_1536624956">
<cim:IdentifiedObject.name>站外-连接线</cim:IdentifiedObject.name>
<cim:IdentifiedObject.bianhao></cim:IdentifiedObject.bianhao>
<cim:PowerSystemResource.Circuit rdf:resource="#10000100_21388" />
<cim:ConductingEquipment.BaseVoltage rdf:resource="#BaseVoltage_5"/>
<iescim:PowerSystemResource.SubType>3</iescim:PowerSystemResource.SubType>
<iescim:PowerSystemResource.DeviceID>5629499537832221</iescim:PowerSystemResource.DeviceID>
<iescim:PowerSystemResource.DeviceType>20</iescim:PowerSystemResource.DeviceType>
</cim:ACLineSegment>
<cim:ACLineSegment rdf:ID="13000000_1543906276">
<cim:IdentifiedObject.name>站外-连接线</cim:IdentifiedObject.name>
<cim:IdentifiedObject.bianhao></cim:IdentifiedObject.bianhao>
<cim:PowerSystemResource.Circuit rdf:resource="#10000100_21388" />
<cim:ConductingEquipment.BaseVoltage rdf:resource="#BaseVoltage_5"/>
<iescim:PowerSystemResource.SubType>3</iescim:PowerSystemResource.SubType>
<iescim:PowerSystemResource.DeviceID>5629499538015846</iescim:PowerSystemResource.DeviceID>
<iescim:PowerSystemResource.DeviceType>20</iescim:PowerSystemResource.DeviceType>
</cim:ACLineSegment>
<cim:ACLineSegment rdf:ID="13000000_1543906296">
<cim:IdentifiedObject.name>站外-连接线</cim:IdentifiedObject.name>
<cim:IdentifiedObject.bianhao></cim:IdentifiedObject.bianhao>
<cim:PowerSystemResource.Circuit rdf:resource="#10000100_21388" />
<cim:ConductingEquipment.BaseVoltage rdf:resource="#BaseVoltage_5"/>
<iescim:PowerSystemResource.SubType>3</iescim:PowerSystemResource.SubType>
<iescim:PowerSystemResource.DeviceID>5629499538015850</iescim:PowerSystemResource.DeviceID>
<iescim:PowerSystemResource.DeviceType>20</iescim:PowerSystemResource.DeviceType>
</cim:ACLineSegment>
<cim:Pole rdf:ID="10200001_6355872">
<cim:IdentifiedObject.name>10kV大安线916线路#009杆</cim:IdentifiedObject.name>
<cim:IdentifiedObject.bianhao></cim:IdentifiedObject.bianhao>
<cim:PowerSystemResource.Circuit rdf:resource="#10000100_21388" />
<cim:ConductingEquipment.BaseVoltage rdf:resource="#BaseVoltage_5"/>
<iescim:PowerSystemResource.DeviceType>43</iescim:PowerSystemResource.DeviceType>
<iescim:PowerSystemResource.SubType>1</iescim:PowerSystemResource.SubType>
<iescim:PowerSystemResource.DeviceID>12103423998599749</iescim:PowerSystemResource.DeviceID>
</cim:Pole>
<cim:Pole rdf:ID="10200001_6376911">
<cim:IdentifiedObject.name>10kV大安线916线路#002杆</cim:IdentifiedObject.name>
<cim:IdentifiedObject.bianhao></cim:IdentifiedObject.bianhao>
<cim:PowerSystemResource.Circuit rdf:resource="#10000100_21388" />
<cim:ConductingEquipment.BaseVoltage rdf:resource="#BaseVoltage_5"/>
<iescim:PowerSystemResource.DeviceType>43</iescim:PowerSystemResource.DeviceType>
<iescim:PowerSystemResource.SubType>1</iescim:PowerSystemResource.SubType>
<iescim:PowerSystemResource.DeviceID>12103423998599768</iescim:PowerSystemResource.DeviceID>
</cim:Pole>
<cim:Pole rdf:ID="10200001_6400384">
<cim:IdentifiedObject.name>10kV大安线916线路#012-1杆</cim:IdentifiedObject.name>
<cim:IdentifiedObject.bianhao></cim:IdentifiedObject.bianhao>
<cim:PowerSystemResource.Circuit rdf:resource="#10000100_21388" />
<cim:ConductingEquipment.BaseVoltage rdf:resource="#BaseVoltage_5"/>
<iescim:PowerSystemResource.DeviceType>43</iescim:PowerSystemResource.DeviceType>
<iescim:PowerSystemResource.SubType>1</iescim:PowerSystemResource.SubType>
<iescim:PowerSystemResource.DeviceID>12103423998599789</iescim:PowerSystemResource.DeviceID>
</cim:Pole>
<cim:Pole rdf:ID="10200001_6416616">
<cim:IdentifiedObject.name>10kV大安线916线路#002-5A杆</cim:IdentifiedObject.name>
<cim:IdentifiedObject.bianhao></cim:IdentifiedObject.bianhao>
<cim:PowerSystemResource.Circuit rdf:resource="#10000100_21388" />
<cim:ConductingEquipment.BaseVoltage rdf:resource="#BaseVoltage_5"/>
<iescim:PowerSystemResource.DeviceType>43</iescim:PowerSystemResource.DeviceType>
<iescim:PowerSystemResource.SubType>1</iescim:PowerSystemResource.SubType>
<iescim:PowerSystemResource.DeviceID>12103423998599797</iescim:PowerSystemResource.DeviceID>
</cim:Pole>
<cim:Pole rdf:ID="10200001_10261676">
<cim:IdentifiedObject.name>10kV大安线916线路#001杆</cim:IdentifiedObject.name>
<cim:IdentifiedObject.bianhao></cim:IdentifiedObject.bianhao>
<cim:PowerSystemResource.Circuit rdf:resource="#10000100_21388" />
<cim:ConductingEquipment.BaseVoltage rdf:resource="#BaseVoltage_5"/>
<iescim:PowerSystemResource.DeviceType>43</iescim:PowerSystemResource.DeviceType>
<iescim:PowerSystemResource.SubType>1</iescim:PowerSystemResource.SubType>
<iescim:PowerSystemResource.DeviceID>12103423998609115</iescim:PowerSystemResource.DeviceID>
</cim:Pole>
<cim:Pole rdf:ID="10200001_6264108">
<cim:IdentifiedObject.name>10kV大安线916线路#013杆</cim:IdentifiedObject.name>
<cim:IdentifiedObject.bianhao></cim:IdentifiedObject.bianhao>
<cim:PowerSystemResource.Circuit rdf:resource="#10000100_21388" />
<cim:ConductingEquipment.BaseVoltage rdf:resource="#BaseVoltage_5"/>
<iescim:PowerSystemResource.DeviceType>43</iescim:PowerSystemResource.DeviceType>
<iescim:PowerSystemResource.SubType>1</iescim:PowerSystemResource.SubType>
<iescim:PowerSystemResource.DeviceID>12103423998615394</iescim:PowerSystemResource.DeviceID>
</cim:Pole>
<cim:Pole rdf:ID="10200001_6357313">
<cim:IdentifiedObject.name>10kV大安线916线路#012杆</cim:IdentifiedObject.name>
<cim:IdentifiedObject.bianhao></cim:IdentifiedObject.bianhao>
<cim:PowerSystemResource.Circuit rdf:resource="#10000100_21388" />
<cim:ConductingEquipment.BaseVoltage rdf:resource="#BaseVoltage_5"/>
<iescim:PowerSystemResource.DeviceType>43</iescim:PowerSystemResource.DeviceType>
<iescim:PowerSystemResource.SubType>1</iescim:PowerSystemResource.SubType>
<iescim:PowerSystemResource.DeviceID>12103423998615395</iescim:PowerSystemResource.DeviceID>
</cim:Pole>
<cim:Pole rdf:ID="10200001_6413738">
<cim:IdentifiedObject.name>10kV大安线916线路#002-2杆</cim:IdentifiedObject.name>
<cim:IdentifiedObject.bianhao></cim:IdentifiedObject.bianhao>
<cim:PowerSystemResource.Circuit rdf:resource="#10000100_21388" />
<cim:ConductingEquipment.BaseVoltage rdf:resource="#BaseVoltage_5"/>
<iescim:PowerSystemResource.DeviceType>43</iescim:PowerSystemResource.DeviceType>
<iescim:PowerSystemResource.SubType>1</iescim:PowerSystemResource.SubType>
<iescim:PowerSystemResource.DeviceID>12103423998646669</iescim:PowerSystemResource.DeviceID>
</cim:Pole>
<cim:Pole rdf:ID="10200001_10789563">
<cim:IdentifiedObject.name>10kV大安线916线路#015杆</cim:IdentifiedObject.name>
<cim:IdentifiedObject.bianhao></cim:IdentifiedObject.bianhao>
<cim:PowerSystemResource.Circuit rdf:resource="#10000100_21388" />
<cim:ConductingEquipment.BaseVoltage rdf:resource="#BaseVoltage_5"/>
<iescim:PowerSystemResource.DeviceType>43</iescim:PowerSystemResource.DeviceType>
<iescim:PowerSystemResource.SubType>1</iescim:PowerSystemResource.SubType>
<iescim:PowerSystemResource.DeviceID>12103423998651261</iescim:PowerSystemResource.DeviceID>
</cim:Pole>
<cim:ConnectivityNode rdf:ID="9288674231457348">
<iescim:PowerSystemResource.SubType>0</iescim:PowerSystemResource.SubType>
<iescim:PowerSystemResource.DeviceID>9288674231457348</iescim:PowerSystemResource.DeviceID>
<iescim:PowerSystemResource.DeviceType>33</iescim:PowerSystemResource.DeviceType>
</cim:ConnectivityNode>
<cim:ConnectivityNode rdf:ID="9288674231469628">
<iescim:PowerSystemResource.SubType>0</iescim:PowerSystemResource.SubType>
<iescim:PowerSystemResource.DeviceID>9288674231469628</iescim:PowerSystemResource.DeviceID>
<iescim:PowerSystemResource.DeviceType>33</iescim:PowerSystemResource.DeviceType>
</cim:ConnectivityNode>
<cim:ConnectivityNode rdf:ID="9288674231470945">
<iescim:PowerSystemResource.SubType>0</iescim:PowerSystemResource.SubType>
<iescim:PowerSystemResource.DeviceID>9288674231470945</iescim:PowerSystemResource.DeviceID>
<iescim:PowerSystemResource.DeviceType>33</iescim:PowerSystemResource.DeviceType>
</cim:ConnectivityNode>
<cim:ConnectivityNode rdf:ID="9288674231513529">
<iescim:PowerSystemResource.SubType>0</iescim:PowerSystemResource.SubType>
<iescim:PowerSystemResource.DeviceID>9288674231513529</iescim:PowerSystemResource.DeviceID>
<iescim:PowerSystemResource.DeviceType>33</iescim:PowerSystemResource.DeviceType>
</cim:ConnectivityNode>
<cim:ConnectivityNode rdf:ID="9288674231514885">
<iescim:PowerSystemResource.SubType>0</iescim:PowerSystemResource.SubType>
<iescim:PowerSystemResource.DeviceID>9288674231514885</iescim:PowerSystemResource.DeviceID>
<iescim:PowerSystemResource.DeviceType>33</iescim:PowerSystemResource.DeviceType>
</cim:ConnectivityNode>
<cim:ConnectivityNode rdf:ID="9288674231578532">
<iescim:PowerSystemResource.SubType>0</iescim:PowerSystemResource.SubType>
<iescim:PowerSystemResource.DeviceID>9288674231578532</iescim:PowerSystemResource.DeviceID>
<iescim:PowerSystemResource.DeviceType>33</iescim:PowerSystemResource.DeviceType>
</cim:ConnectivityNode>
<cim:ConnectivityNode rdf:ID="9288674231578544">
<iescim:PowerSystemResource.SubType>0</iescim:PowerSystemResource.SubType>
<iescim:PowerSystemResource.DeviceID>9288674231578544</iescim:PowerSystemResource.DeviceID>
<iescim:PowerSystemResource.DeviceType>33</iescim:PowerSystemResource.DeviceType>
</cim:ConnectivityNode>
<cim:ConnectivityNode rdf:ID="9288674231578555">
<iescim:PowerSystemResource.SubType>0</iescim:PowerSystemResource.SubType>
<iescim:PowerSystemResource.DeviceID>9288674231578555</iescim:PowerSystemResource.DeviceID>
<iescim:PowerSystemResource.DeviceType>33</iescim:PowerSystemResource.DeviceType>
</cim:ConnectivityNode>
<cim:ConnectivityNode rdf:ID="9288674231578565">
<iescim:PowerSystemResource.SubType>0</iescim:PowerSystemResource.SubType>
<iescim:PowerSystemResource.DeviceID>9288674231578565</iescim:PowerSystemResource.DeviceID>
<iescim:PowerSystemResource.DeviceType>33</iescim:PowerSystemResource.DeviceType>
</cim:ConnectivityNode>
<cim:ConnectivityNode rdf:ID="9288674231578573">
<iescim:PowerSystemResource.SubType>0</iescim:PowerSystemResource.SubType>
<iescim:PowerSystemResource.DeviceID>9288674231578573</iescim:PowerSystemResource.DeviceID>
<iescim:PowerSystemResource.DeviceType>33</iescim:PowerSystemResource.DeviceType>
</cim:ConnectivityNode>
<cim:ConnectivityNode rdf:ID="9288674231588621">
<iescim:PowerSystemResource.SubType>0</iescim:PowerSystemResource.SubType>
<iescim:PowerSystemResource.DeviceID>9288674231588621</iescim:PowerSystemResource.DeviceID>
<iescim:PowerSystemResource.DeviceType>33</iescim:PowerSystemResource.DeviceType>
</cim:ConnectivityNode>
<cim:ConnectivityNode rdf:ID="9288674231599432">
<iescim:PowerSystemResource.SubType>0</iescim:PowerSystemResource.SubType>
<iescim:PowerSystemResource.DeviceID>9288674231599432</iescim:PowerSystemResource.DeviceID>
<iescim:PowerSystemResource.DeviceType>33</iescim:PowerSystemResource.DeviceType>
</cim:ConnectivityNode>
<cim:ConnectivityNode rdf:ID="9288674231681396">
<iescim:PowerSystemResource.SubType>0</iescim:PowerSystemResource.SubType>
<iescim:PowerSystemResource.DeviceID>9288674231681396</iescim:PowerSystemResource.DeviceID>
<iescim:PowerSystemResource.DeviceType>33</iescim:PowerSystemResource.DeviceType>
</cim:ConnectivityNode>
<cim:ConnectivityNode rdf:ID="9288674231681408">
<iescim:PowerSystemResource.SubType>0</iescim:PowerSystemResource.SubType>
<iescim:PowerSystemResource.DeviceID>9288674231681408</iescim:PowerSystemResource.DeviceID>
<iescim:PowerSystemResource.DeviceType>33</iescim:PowerSystemResource.DeviceType>
</cim:ConnectivityNode>
<cim:ConnectivityNode rdf:ID="9288674231681419">
<iescim:PowerSystemResource.SubType>0</iescim:PowerSystemResource.SubType>
<iescim:PowerSystemResource.DeviceID>9288674231681419</iescim:PowerSystemResource.DeviceID>
<iescim:PowerSystemResource.DeviceType>33</iescim:PowerSystemResource.DeviceType>
</cim:ConnectivityNode>
<cim:ConnectivityNode rdf:ID="9288674231681429">
<iescim:PowerSystemResource.SubType>0</iescim:PowerSystemResource.SubType>
<iescim:PowerSystemResource.DeviceID>9288674231681429</iescim:PowerSystemResource.DeviceID>
<iescim:PowerSystemResource.DeviceType>33</iescim:PowerSystemResource.DeviceType>
</cim:ConnectivityNode>
<cim:ConnectivityNode rdf:ID="9288674231681437">
<iescim:PowerSystemResource.SubType>0</iescim:PowerSystemResource.SubType>
<iescim:PowerSystemResource.DeviceID>9288674231681437</iescim:PowerSystemResource.DeviceID>
<iescim:PowerSystemResource.DeviceType>33</iescim:PowerSystemResource.DeviceType>
</cim:ConnectivityNode>
<cim:ConnectivityNode rdf:ID="9288674231689948">
<iescim:PowerSystemResource.SubType>0</iescim:PowerSystemResource.SubType>
<iescim:PowerSystemResource.DeviceID>9288674231689948</iescim:PowerSystemResource.DeviceID>
<iescim:PowerSystemResource.DeviceType>33</iescim:PowerSystemResource.DeviceType>
</cim:ConnectivityNode>
<cim:ConnectivityNode rdf:ID="9288674231698505">
<iescim:PowerSystemResource.SubType>0</iescim:PowerSystemResource.SubType>
<iescim:PowerSystemResource.DeviceID>9288674231698505</iescim:PowerSystemResource.DeviceID>
<iescim:PowerSystemResource.DeviceType>33</iescim:PowerSystemResource.DeviceType>
</cim:ConnectivityNode>
<cim:ConnectivityNode rdf:ID="9288674231745762">
<iescim:PowerSystemResource.SubType>0</iescim:PowerSystemResource.SubType>
<iescim:PowerSystemResource.DeviceID>9288674231745762</iescim:PowerSystemResource.DeviceID>
<iescim:PowerSystemResource.DeviceType>33</iescim:PowerSystemResource.DeviceType>
</cim:ConnectivityNode>
<cim:ConnectivityNode rdf:ID="9288674231745763">
<iescim:PowerSystemResource.SubType>0</iescim:PowerSystemResource.SubType>
<iescim:PowerSystemResource.DeviceID>9288674231745763</iescim:PowerSystemResource.DeviceID>
<iescim:PowerSystemResource.DeviceType>33</iescim:PowerSystemResource.DeviceType>
</cim:ConnectivityNode>
<cim:ConnectivityNode rdf:ID="9288674231800729">
<iescim:PowerSystemResource.SubType>0</iescim:PowerSystemResource.SubType>
<iescim:PowerSystemResource.DeviceID>9288674231800729</iescim:PowerSystemResource.DeviceID>
<iescim:PowerSystemResource.DeviceType>33</iescim:PowerSystemResource.DeviceType>
</cim:ConnectivityNode>
<cim:ConnectivityNode rdf:ID="9288674231800735">
<iescim:PowerSystemResource.SubType>0</iescim:PowerSystemResource.SubType>
<iescim:PowerSystemResource.DeviceID>9288674231800735</iescim:PowerSystemResource.DeviceID>
<iescim:PowerSystemResource.DeviceType>33</iescim:PowerSystemResource.DeviceType>
</cim:ConnectivityNode>
<cim:ConnectivityNode rdf:ID="9288674231800742">
<iescim:PowerSystemResource.SubType>0</iescim:PowerSystemResource.SubType>
<iescim:PowerSystemResource.DeviceID>9288674231800742</iescim:PowerSystemResource.DeviceID>
<iescim:PowerSystemResource.DeviceType>33</iescim:PowerSystemResource.DeviceType>
</cim:ConnectivityNode>
<cim:ConnectivityNode rdf:ID="9288674231800754">
<iescim:PowerSystemResource.SubType>0</iescim:PowerSystemResource.SubType>
<iescim:PowerSystemResource.DeviceID>9288674231800754</iescim:PowerSystemResource.DeviceID>
<iescim:PowerSystemResource.DeviceType>33</iescim:PowerSystemResource.DeviceType>
</cim:ConnectivityNode>
<cim:ConnectivityNode rdf:ID="9288674231810858">
<iescim:PowerSystemResource.SubType>0</iescim:PowerSystemResource.SubType>
<iescim:PowerSystemResource.DeviceID>9288674231810858</iescim:PowerSystemResource.DeviceID>
<iescim:PowerSystemResource.DeviceType>33</iescim:PowerSystemResource.DeviceType>
</cim:ConnectivityNode>
<cim:ConnectivityNode rdf:ID="9288674231810859">
<iescim:PowerSystemResource.SubType>0</iescim:PowerSystemResource.SubType>
<iescim:PowerSystemResource.DeviceID>9288674231810859</iescim:PowerSystemResource.DeviceID>
<iescim:PowerSystemResource.DeviceType>33</iescim:PowerSystemResource.DeviceType>
</cim:ConnectivityNode>
<cim:ConnectivityNode rdf:ID="9288674231823692">
<iescim:PowerSystemResource.SubType>0</iescim:PowerSystemResource.SubType>
<iescim:PowerSystemResource.DeviceID>9288674231823692</iescim:PowerSystemResource.DeviceID>
<iescim:PowerSystemResource.DeviceType>33</iescim:PowerSystemResource.DeviceType>
</cim:ConnectivityNode>
<cim:ConnectivityNode rdf:ID="9288674231823694">
<iescim:PowerSystemResource.SubType>0</iescim:PowerSystemResource.SubType>
<iescim:PowerSystemResource.DeviceID>9288674231823694</iescim:PowerSystemResource.DeviceID>
<iescim:PowerSystemResource.DeviceType>33</iescim:PowerSystemResource.DeviceType>
</cim:ConnectivityNode>
<cim:ConnectivityNode rdf:ID="9288674231823695">
<iescim:PowerSystemResource.SubType>0</iescim:PowerSystemResource.SubType>
<iescim:PowerSystemResource.DeviceID>9288674231823695</iescim:PowerSystemResource.DeviceID>
<iescim:PowerSystemResource.DeviceType>33</iescim:PowerSystemResource.DeviceType>
</cim:ConnectivityNode>
<cim:ConnectivityNode rdf:ID="9288674247978516">
<iescim:PowerSystemResource.SubType>0</iescim:PowerSystemResource.SubType>
<iescim:PowerSystemResource.DeviceID>9288674247978516</iescim:PowerSystemResource.DeviceID>
<iescim:PowerSystemResource.DeviceType>33</iescim:PowerSystemResource.DeviceType>
</cim:ConnectivityNode>
<cim:ConnectivityNode rdf:ID="9288674247978517">
<iescim:PowerSystemResource.SubType>0</iescim:PowerSystemResource.SubType>
<iescim:PowerSystemResource.DeviceID>9288674247978517</iescim:PowerSystemResource.DeviceID>
<iescim:PowerSystemResource.DeviceType>33</iescim:PowerSystemResource.DeviceType>
</cim:ConnectivityNode>
<cim:ConnectivityNode rdf:ID="9288674247978518">
<iescim:PowerSystemResource.SubType>0</iescim:PowerSystemResource.SubType>
<iescim:PowerSystemResource.DeviceID>9288674247978518</iescim:PowerSystemResource.DeviceID>
<iescim:PowerSystemResource.DeviceType>33</iescim:PowerSystemResource.DeviceType>
</cim:ConnectivityNode>
<cim:ConnectivityNode rdf:ID="9288674250309928">
<iescim:PowerSystemResource.SubType>0</iescim:PowerSystemResource.SubType>
<iescim:PowerSystemResource.DeviceID>9288674250309928</iescim:PowerSystemResource.DeviceID>
<iescim:PowerSystemResource.DeviceType>33</iescim:PowerSystemResource.DeviceType>
</cim:ConnectivityNode>
<cim:ConnectivityNode rdf:ID="9288674250309929">
<iescim:PowerSystemResource.SubType>0</iescim:PowerSystemResource.SubType>
<iescim:PowerSystemResource.DeviceID>9288674250309929</iescim:PowerSystemResource.DeviceID>
<iescim:PowerSystemResource.DeviceType>33</iescim:PowerSystemResource.DeviceType>
</cim:ConnectivityNode>
<cim:ConnectivityNode rdf:ID="9288674250309932">
<iescim:PowerSystemResource.SubType>0</iescim:PowerSystemResource.SubType>
<iescim:PowerSystemResource.DeviceID>9288674250309932</iescim:PowerSystemResource.DeviceID>
<iescim:PowerSystemResource.DeviceType>33</iescim:PowerSystemResource.DeviceType>
</cim:ConnectivityNode>
<cim:ConnectivityNode rdf:ID="9288674250309933">
<iescim:PowerSystemResource.SubType>0</iescim:PowerSystemResource.SubType>
<iescim:PowerSystemResource.DeviceID>9288674250309933</iescim:PowerSystemResource.DeviceID>
<iescim:PowerSystemResource.DeviceType>33</iescim:PowerSystemResource.DeviceType>
</cim:ConnectivityNode>
<cim:ConnectivityNode rdf:ID="9288674250309934">
<iescim:PowerSystemResource.SubType>0</iescim:PowerSystemResource.SubType>
<iescim:PowerSystemResource.DeviceID>9288674250309934</iescim:PowerSystemResource.DeviceID>
<iescim:PowerSystemResource.DeviceType>33</iescim:PowerSystemResource.DeviceType>
</cim:ConnectivityNode>
<cim:ConnectivityNode rdf:ID="9288674254151745">
<iescim:PowerSystemResource.SubType>0</iescim:PowerSystemResource.SubType>
<iescim:PowerSystemResource.DeviceID>9288674254151745</iescim:PowerSystemResource.DeviceID>
<iescim:PowerSystemResource.DeviceType>33</iescim:PowerSystemResource.DeviceType>
</cim:ConnectivityNode>
<cim:Terminal rdf:ID="2672212">
<cim:Terminal.ConductingEquipment rdf:resource="#2672210"/>
<cim:Terminal.ConnectivityNode rdf:resource="#9288674231514885"/>
</cim:Terminal>
<cim:Terminal rdf:ID="2672213">
<cim:Terminal.ConductingEquipment rdf:resource="#2672210"/>
<cim:Terminal.ConnectivityNode rdf:resource="#9288674254151745"/>
</cim:Terminal>
<cim:Terminal rdf:ID="13000000_12423348_1">
<cim:Terminal.ConductingEquipment rdf:resource="#13000000_12423348"/>
<cim:Terminal.ConnectivityNode rdf:resource="#9288674231800729"/>
</cim:Terminal>
<cim:Terminal rdf:ID="13000000_12423348_2">
<cim:Terminal.ConductingEquipment rdf:resource="#13000000_12423348"/>
<cim:Terminal.ConnectivityNode rdf:resource="#9288674231469628"/>
</cim:Terminal>
<cim:Terminal rdf:ID="13000000_9202068_1">
<cim:Terminal.ConductingEquipment rdf:resource="#13000000_9202068"/>
<cim:Terminal.ConnectivityNode rdf:resource="#9288674231800735"/>
</cim:Terminal>
<cim:Terminal rdf:ID="13000000_9202068_2">
<cim:Terminal.ConductingEquipment rdf:resource="#13000000_9202068"/>
<cim:Terminal.ConnectivityNode rdf:resource="#9288674231578532"/>
</cim:Terminal>
<cim:Terminal rdf:ID="13000000_9220113_1">
<cim:Terminal.ConductingEquipment rdf:resource="#13000000_9220113"/>
<cim:Terminal.ConnectivityNode rdf:resource="#9288674231800742"/>
</cim:Terminal>
<cim:Terminal rdf:ID="13000000_9220113_2">
<cim:Terminal.ConductingEquipment rdf:resource="#13000000_9220113"/>
<cim:Terminal.ConnectivityNode rdf:resource="#9288674231578565"/>
</cim:Terminal>
<cim:Terminal rdf:ID="13000000_9235829_1">
<cim:Terminal.ConductingEquipment rdf:resource="#13000000_9235829"/>
<cim:Terminal.ConnectivityNode rdf:resource="#9288674231681408"/>
</cim:Terminal>
<cim:Terminal rdf:ID="13000000_9235829_2">
<cim:Terminal.ConductingEquipment rdf:resource="#13000000_9235829"/>
<cim:Terminal.ConnectivityNode rdf:resource="#9288674231578573"/>
</cim:Terminal>
<cim:Terminal rdf:ID="13000000_9242219_1">
<cim:Terminal.ConductingEquipment rdf:resource="#13000000_9242219"/>
<cim:Terminal.ConnectivityNode rdf:resource="#9288674231800754"/>
</cim:Terminal>
<cim:Terminal rdf:ID="13000000_9242219_2">
<cim:Terminal.ConductingEquipment rdf:resource="#13000000_9242219"/>
<cim:Terminal.ConnectivityNode rdf:resource="#9288674231578544"/>
</cim:Terminal>
<cim:Terminal rdf:ID="13000000_9254429_1">
<cim:Terminal.ConductingEquipment rdf:resource="#13000000_9254429"/>
<cim:Terminal.ConnectivityNode rdf:resource="#9288674231681429"/>
</cim:Terminal>
<cim:Terminal rdf:ID="13000000_9254429_2">
<cim:Terminal.ConductingEquipment rdf:resource="#13000000_9254429"/>
<cim:Terminal.ConnectivityNode rdf:resource="#9288674231745762"/>
</cim:Terminal>
<cim:Terminal rdf:ID="11000000_647612_1">
<cim:Terminal.ConductingEquipment rdf:resource="#11000000_647612"/>
<cim:Terminal.ConnectivityNode rdf:resource="#9288674231745762"/>
</cim:Terminal>
<cim:Terminal rdf:ID="11000000_652144_1">
<cim:Terminal.ConductingEquipment rdf:resource="#11000000_652144"/>
<cim:Terminal.ConnectivityNode rdf:resource="#9288674231745763"/>
</cim:Terminal>
<cim:Terminal rdf:ID="10100000_10168895_1">
<cim:Terminal.ConductingEquipment rdf:resource="#10100000_10168895"/>
<cim:Terminal.ConnectivityNode rdf:resource="#9288674231800735"/>
</cim:Terminal>
<cim:Terminal rdf:ID="10100000_10168895_2">
<cim:Terminal.ConductingEquipment rdf:resource="#10100000_10168895"/>
<cim:Terminal.ConnectivityNode rdf:resource="#9288674231689948"/>
</cim:Terminal>
<cim:Terminal rdf:ID="10100000_10192262_1">
<cim:Terminal.ConductingEquipment rdf:resource="#10100000_10192262"/>
<cim:Terminal.ConnectivityNode rdf:resource="#9288674231681396"/>
</cim:Terminal>
<cim:Terminal rdf:ID="10100000_10192262_2">
<cim:Terminal.ConductingEquipment rdf:resource="#10100000_10192262"/>
<cim:Terminal.ConnectivityNode rdf:resource="#9288674247978518"/>
</cim:Terminal>
<cim:Terminal rdf:ID="13000000_13223506_1">
<cim:Terminal.ConductingEquipment rdf:resource="#13000000_13223506"/>
<cim:Terminal.ConnectivityNode rdf:resource="#9288674231513529"/>
</cim:Terminal>
<cim:Terminal rdf:ID="13000000_13223506_2">
<cim:Terminal.ConductingEquipment rdf:resource="#13000000_13223506"/>
<cim:Terminal.ConnectivityNode rdf:resource="#9288674231588621"/>
</cim:Terminal>
<cim:Terminal rdf:ID="13000000_13224982_1">
<cim:Terminal.ConductingEquipment rdf:resource="#13000000_13224982"/>
<cim:Terminal.ConnectivityNode rdf:resource="#9288674231800729"/>
</cim:Terminal>
<cim:Terminal rdf:ID="13000000_13224982_2">
<cim:Terminal.ConductingEquipment rdf:resource="#13000000_13224982"/>
<cim:Terminal.ConnectivityNode rdf:resource="#9288674231810859"/>
</cim:Terminal>
<cim:Terminal rdf:ID="14000000_6973519_1">
<cim:Terminal.ConductingEquipment rdf:resource="#14000000_6973519"/>
<cim:Terminal.ConnectivityNode rdf:resource="#9288674231810858"/>
</cim:Terminal>
<cim:Terminal rdf:ID="14000000_6973519_2">
<cim:Terminal.ConductingEquipment rdf:resource="#14000000_6973519"/>
<cim:Terminal.ConnectivityNode rdf:resource="#9288674231470945"/>
</cim:Terminal>
<cim:Terminal rdf:ID="20100000_1043218_1">
<cim:Terminal.ConductingEquipment rdf:resource="#20100000_1043218"/>
<cim:Terminal.ConnectivityNode rdf:resource="#9288674231810859"/>
</cim:Terminal>
<cim:Terminal rdf:ID="20100000_1043218_2">
<cim:Terminal.ConductingEquipment rdf:resource="#20100000_1043218"/>
<cim:Terminal.ConnectivityNode rdf:resource="#9288674231810858"/>
</cim:Terminal>
<cim:Terminal rdf:ID="11300000_1536613119_1">
<cim:Terminal.ConductingEquipment rdf:resource="#11300000_1536613119"/>
<cim:Terminal.ConnectivityNode rdf:resource="#9288674247978517"/>
</cim:Terminal>
<cim:Terminal rdf:ID="11300000_1536613119_2">
<cim:Terminal.ConductingEquipment rdf:resource="#11300000_1536613119"/>
<cim:Terminal.ConnectivityNode rdf:resource="#9288674247978516"/>
</cim:Terminal>
<cim:Terminal rdf:ID="11300000_1543907864_1">
<cim:Terminal.ConductingEquipment rdf:resource="#11300000_1543907864"/>
<cim:Terminal.ConnectivityNode rdf:resource="#9288674250309929"/>
</cim:Terminal>
<cim:Terminal rdf:ID="11300000_1543907864_2">
<cim:Terminal.ConductingEquipment rdf:resource="#11300000_1543907864"/>
<cim:Terminal.ConnectivityNode rdf:resource="#9288674250309928"/>
</cim:Terminal>
<cim:Terminal rdf:ID="11100000_437998_1">
<cim:Terminal.ConductingEquipment rdf:resource="#11100000_437998"/>
<cim:Terminal.ConnectivityNode rdf:resource="#9288674231469628"/>
</cim:Terminal>
<cim:Terminal rdf:ID="11100000_437998_2">
<cim:Terminal.ConductingEquipment rdf:resource="#11100000_437998"/>
<cim:Terminal.ConnectivityNode rdf:resource="#9288674231513529"/>
</cim:Terminal>
<cim:Terminal rdf:ID="11100000_1543899075_1">
<cim:Terminal.ConductingEquipment rdf:resource="#11100000_1543899075"/>
<cim:Terminal.ConnectivityNode rdf:resource="#9288674250309933"/>
</cim:Terminal>
<cim:Terminal rdf:ID="11100000_1543899075_2">
<cim:Terminal.ConductingEquipment rdf:resource="#11100000_1543899075"/>
<cim:Terminal.ConnectivityNode rdf:resource="#9288674250309932"/>
</cim:Terminal>
<cim:Terminal rdf:ID="10100000_10715991_1">
<cim:Terminal.ConductingEquipment rdf:resource="#10100000_10715991"/>
<cim:Terminal.ConnectivityNode rdf:resource="#9288674231698505"/>
</cim:Terminal>
<cim:Terminal rdf:ID="10100000_10715991_2">
<cim:Terminal.ConductingEquipment rdf:resource="#10100000_10715991"/>
<cim:Terminal.ConnectivityNode rdf:resource="#9288674250309934"/>
</cim:Terminal>
<cim:Terminal rdf:ID="13000000_9209085_1">
<cim:Terminal.ConductingEquipment rdf:resource="#13000000_9209085"/>
<cim:Terminal.ConnectivityNode rdf:resource="#9288674231681437"/>
</cim:Terminal>
<cim:Terminal rdf:ID="13000000_9209085_2">
<cim:Terminal.ConductingEquipment rdf:resource="#13000000_9209085"/>
<cim:Terminal.ConnectivityNode rdf:resource="#9288674231745763"/>
</cim:Terminal>
<cim:Terminal rdf:ID="2672208">
<cim:Terminal.ConductingEquipment rdf:resource="#30500000_1552679"/>
<cim:Terminal.ConnectivityNode rdf:resource="#9288674231470945"/>
</cim:Terminal>
<cim:Terminal rdf:ID="2672209">
<cim:Terminal.ConductingEquipment rdf:resource="#30500000_1552679"/>
<cim:Terminal.ConnectivityNode rdf:resource="#9288674231514885"/>
</cim:Terminal>
<cim:Terminal rdf:ID="10100000_11211670_1">
<cim:Terminal.ConductingEquipment rdf:resource="#10100000_11211670"/>
<cim:Terminal.ConnectivityNode rdf:resource="#9288674231800735"/>
</cim:Terminal>
<cim:Terminal rdf:ID="10100000_11211670_2">
<cim:Terminal.ConductingEquipment rdf:resource="#10100000_11211670"/>
<cim:Terminal.ConnectivityNode rdf:resource="#9288674231823694"/>
</cim:Terminal>
<cim:Terminal rdf:ID="10100000_11224365_1">
<cim:Terminal.ConductingEquipment rdf:resource="#10100000_11224365"/>
<cim:Terminal.ConnectivityNode rdf:resource="#9288674231823692"/>
</cim:Terminal>
<cim:Terminal rdf:ID="10100000_11224365_2">
<cim:Terminal.ConductingEquipment rdf:resource="#10100000_11224365"/>
<cim:Terminal.ConnectivityNode rdf:resource="#9288674231800754"/>
</cim:Terminal>
<cim:Terminal rdf:ID="10100000_6298314_1">
<cim:Terminal.ConductingEquipment rdf:resource="#10100000_6298314"/>
<cim:Terminal.ConnectivityNode rdf:resource="#9288674231823692"/>
</cim:Terminal>
<cim:Terminal rdf:ID="10100000_6298314_2">
<cim:Terminal.ConductingEquipment rdf:resource="#10100000_6298314"/>
<cim:Terminal.ConnectivityNode rdf:resource="#9288674231823695"/>
</cim:Terminal>
<cim:Terminal rdf:ID="10100000_9557760_1">
<cim:Terminal.ConductingEquipment rdf:resource="#10100000_9557760"/>
<cim:Terminal.ConnectivityNode rdf:resource="#9288674231681419"/>
</cim:Terminal>
<cim:Terminal rdf:ID="10100000_9557760_2">
<cim:Terminal.ConductingEquipment rdf:resource="#10100000_9557760"/>
<cim:Terminal.ConnectivityNode rdf:resource="#9288674231823692"/>
</cim:Terminal>
<cim:Terminal rdf:ID="13000000_14469755_1">
<cim:Terminal.ConductingEquipment rdf:resource="#13000000_14469755"/>
<cim:Terminal.ConnectivityNode rdf:resource="#9288674231823694"/>
</cim:Terminal>
<cim:Terminal rdf:ID="13000000_14469755_2">
<cim:Terminal.ConductingEquipment rdf:resource="#13000000_14469755"/>
<cim:Terminal.ConnectivityNode rdf:resource="#9288674231578555"/>
</cim:Terminal>
<cim:Terminal rdf:ID="13000000_14469785_1">
<cim:Terminal.ConductingEquipment rdf:resource="#13000000_14469785"/>
<cim:Terminal.ConnectivityNode rdf:resource="#9288674231823695"/>
</cim:Terminal>
<cim:Terminal rdf:ID="13000000_14469785_2">
<cim:Terminal.ConductingEquipment rdf:resource="#13000000_14469785"/>
<cim:Terminal.ConnectivityNode rdf:resource="#9288674231599432"/>
</cim:Terminal>
<cim:Terminal rdf:ID="32000000_3870100_1">
<cim:Terminal.ConductingEquipment rdf:resource="#32000000_3870100"/>
<cim:Terminal.ConnectivityNode rdf:resource="#9288674231470945"/>
</cim:Terminal>
<cim:Terminal rdf:ID="20200000_1508570_1">
<cim:Terminal.ConductingEquipment rdf:resource="#20200000_1508570"/>
<cim:Terminal.ConnectivityNode rdf:resource="#9288674231810859"/>
</cim:Terminal>
<cim:Terminal rdf:ID="20200000_1508593_1">
<cim:Terminal.ConductingEquipment rdf:resource="#20200000_1508593"/>
<cim:Terminal.ConnectivityNode rdf:resource="#9288674231810858"/>
</cim:Terminal>
<cim:Terminal rdf:ID="10100000_10192263_1">
<cim:Terminal.ConductingEquipment rdf:resource="#10100000_10192263"/>
<cim:Terminal.ConnectivityNode rdf:resource="#9288674247978516"/>
</cim:Terminal>
<cim:Terminal rdf:ID="10100000_10192263_2">
<cim:Terminal.ConductingEquipment rdf:resource="#10100000_10192263"/>
<cim:Terminal.ConnectivityNode rdf:resource="#9288674231800742"/>
</cim:Terminal>
<cim:Terminal rdf:ID="13000000_1536624956_1">
<cim:Terminal.ConductingEquipment rdf:resource="#13000000_1536624956"/>
<cim:Terminal.ConnectivityNode rdf:resource="#9288674247978518"/>
</cim:Terminal>
<cim:Terminal rdf:ID="13000000_1536624956_2">
<cim:Terminal.ConductingEquipment rdf:resource="#13000000_1536624956"/>
<cim:Terminal.ConnectivityNode rdf:resource="#9288674247978517"/>
</cim:Terminal>
<cim:Terminal rdf:ID="13000000_1543906276_1">
<cim:Terminal.ConductingEquipment rdf:resource="#13000000_1543906276"/>
<cim:Terminal.ConnectivityNode rdf:resource="#9288674250309928"/>
</cim:Terminal>
<cim:Terminal rdf:ID="13000000_1543906276_2">
<cim:Terminal.ConductingEquipment rdf:resource="#13000000_1543906276"/>
<cim:Terminal.ConnectivityNode rdf:resource="#9288674250309933"/>
</cim:Terminal>
<cim:Terminal rdf:ID="13000000_1543906296_1">
<cim:Terminal.ConductingEquipment rdf:resource="#13000000_1543906296"/>
<cim:Terminal.ConnectivityNode rdf:resource="#9288674250309934"/>
</cim:Terminal>
<cim:Terminal rdf:ID="13000000_1543906296_2">
<cim:Terminal.ConductingEquipment rdf:resource="#13000000_1543906296"/>
<cim:Terminal.ConnectivityNode rdf:resource="#9288674250309929"/>
</cim:Terminal>
<cim:Terminal rdf:ID="4080773">
<cim:Terminal.ConductingEquipment rdf:resource="#31100000_1176143"/>
<cim:Terminal.ConnectivityNode rdf:resource="#9288674231457348"/>
</cim:Terminal>
<cim:Terminal rdf:ID="10200001_6355872_1">
<cim:Terminal.ConductingEquipment rdf:resource="#10200001_6355872"/>
<cim:Terminal.ConnectivityNode rdf:resource="#9288674231823694"/>
</cim:Terminal>
<cim:Terminal rdf:ID="10200001_6376911_1">
<cim:Terminal.ConductingEquipment rdf:resource="#10200001_6376911"/>
<cim:Terminal.ConnectivityNode rdf:resource="#9288674231800735"/>
</cim:Terminal>
<cim:Terminal rdf:ID="10200001_6400384_1">
<cim:Terminal.ConductingEquipment rdf:resource="#10200001_6400384"/>
<cim:Terminal.ConnectivityNode rdf:resource="#9288674231800754"/>
</cim:Terminal>
<cim:Terminal rdf:ID="10200001_6416616_1">
<cim:Terminal.ConductingEquipment rdf:resource="#10200001_6416616"/>
<cim:Terminal.ConnectivityNode rdf:resource="#9288674231800742"/>
</cim:Terminal>
<cim:Terminal rdf:ID="10200001_10261676_1">
<cim:Terminal.ConductingEquipment rdf:resource="#10200001_10261676"/>
<cim:Terminal.ConnectivityNode rdf:resource="#9288674231800729"/>
</cim:Terminal>
<cim:Terminal rdf:ID="11300000_1276733_1">
<cim:Terminal.ConductingEquipment rdf:resource="#11300000_1276733"/>
<cim:Terminal.ConnectivityNode rdf:resource="#9288674231578532"/>
</cim:Terminal>
<cim:Terminal rdf:ID="11300000_1276733_2">
<cim:Terminal.ConductingEquipment rdf:resource="#11300000_1276733"/>
<cim:Terminal.ConnectivityNode rdf:resource="#9288674231681396"/>
</cim:Terminal>
<cim:Terminal rdf:ID="11300000_1261560_1">
<cim:Terminal.ConductingEquipment rdf:resource="#11300000_1261560"/>
<cim:Terminal.ConnectivityNode rdf:resource="#9288674231578544"/>
</cim:Terminal>
<cim:Terminal rdf:ID="11300000_1261560_2">
<cim:Terminal.ConductingEquipment rdf:resource="#11300000_1261560"/>
<cim:Terminal.ConnectivityNode rdf:resource="#9288674231681408"/>
</cim:Terminal>
<cim:Terminal rdf:ID="11300000_1270311_1">
<cim:Terminal.ConductingEquipment rdf:resource="#11300000_1270311"/>
<cim:Terminal.ConnectivityNode rdf:resource="#9288674231578555"/>
</cim:Terminal>
<cim:Terminal rdf:ID="11300000_1270311_2">
<cim:Terminal.ConductingEquipment rdf:resource="#11300000_1270311"/>
<cim:Terminal.ConnectivityNode rdf:resource="#9288674231681419"/>
</cim:Terminal>
<cim:Terminal rdf:ID="11500000_679159_1">
<cim:Terminal.ConductingEquipment rdf:resource="#11500000_679159"/>
<cim:Terminal.ConnectivityNode rdf:resource="#9288674231578565"/>
</cim:Terminal>
<cim:Terminal rdf:ID="11500000_679159_2">
<cim:Terminal.ConductingEquipment rdf:resource="#11500000_679159"/>
<cim:Terminal.ConnectivityNode rdf:resource="#9288674231681429"/>
</cim:Terminal>
<cim:Terminal rdf:ID="11500000_682267_1">
<cim:Terminal.ConductingEquipment rdf:resource="#11500000_682267"/>
<cim:Terminal.ConnectivityNode rdf:resource="#9288674231578573"/>
</cim:Terminal>
<cim:Terminal rdf:ID="11500000_682267_2">
<cim:Terminal.ConductingEquipment rdf:resource="#11500000_682267"/>
<cim:Terminal.ConnectivityNode rdf:resource="#9288674231681437"/>
</cim:Terminal>
<cim:Terminal rdf:ID="10200001_6264108_1">
<cim:Terminal.ConductingEquipment rdf:resource="#10200001_6264108"/>
<cim:Terminal.ConnectivityNode rdf:resource="#9288674231823695"/>
</cim:Terminal>
<cim:Terminal rdf:ID="10200001_6357313_1">
<cim:Terminal.ConductingEquipment rdf:resource="#10200001_6357313"/>
<cim:Terminal.ConnectivityNode rdf:resource="#9288674231823692"/>
</cim:Terminal>
<cim:Terminal rdf:ID="11300000_1273221_1">
<cim:Terminal.ConductingEquipment rdf:resource="#11300000_1273221"/>
<cim:Terminal.ConnectivityNode rdf:resource="#9288674231588621"/>
</cim:Terminal>
<cim:Terminal rdf:ID="11300000_1273221_2">
<cim:Terminal.ConductingEquipment rdf:resource="#11300000_1273221"/>
<cim:Terminal.ConnectivityNode rdf:resource="#9288674231689948"/>
</cim:Terminal>
<cim:Terminal rdf:ID="2672216">
<cim:Terminal.ConductingEquipment rdf:resource="#30600001_2178139"/>
<cim:Terminal.ConnectivityNode rdf:resource="#9288674231470945"/>
</cim:Terminal>
<cim:Terminal rdf:ID="2671899">
<cim:Terminal.ConductingEquipment rdf:resource="#31100000_751890"/>
<cim:Terminal.ConnectivityNode rdf:resource="#9288674254151745"/>
</cim:Terminal>
<cim:Terminal rdf:ID="10200001_6413738_1">
<cim:Terminal.ConductingEquipment rdf:resource="#10200001_6413738"/>
<cim:Terminal.ConnectivityNode rdf:resource="#9288674247978518"/>
</cim:Terminal>
<cim:Terminal rdf:ID="11300000_2933928_1">
<cim:Terminal.ConductingEquipment rdf:resource="#11300000_2933928"/>
<cim:Terminal.ConnectivityNode rdf:resource="#9288674231599432"/>
</cim:Terminal>
<cim:Terminal rdf:ID="11300000_2933928_2">
<cim:Terminal.ConductingEquipment rdf:resource="#11300000_2933928"/>
<cim:Terminal.ConnectivityNode rdf:resource="#9288674231698505"/>
</cim:Terminal>
<cim:Terminal rdf:ID="10200001_10789563_1">
<cim:Terminal.ConductingEquipment rdf:resource="#10200001_10789563"/>
<cim:Terminal.ConnectivityNode rdf:resource="#9288674250309934"/>
</cim:Terminal>
</rdf:RDF>
