<?xml version="1.0" encoding="UTF-8"?>

<rdf:RDF xmlns:rdf="http://www.w3.org/1999/02/22-rdf-syntax-ns#" xmlns:cim="http://www.sgcc.com.cn/SG-CIM/2010MAY#" xmlns:iescim="http://www.ieslab.com.cn">

<cim:BaseVoltage rdf:ID="BaseVoltage_5">
<cim:IdentifiedObject.name>10kV</cim:IdentifiedObject.name>
<cim:BaseVoltage.isDC>false</cim:BaseVoltage.isDC>
<cim:BaseVoltage.nominalVoltage>10.00</cim:BaseVoltage.nominalVoltage>
<iescim:PowerSystemResource.DeviceID>5</iescim:PowerSystemResource.DeviceID>
</cim:BaseVoltage>
<cim:SubGeographicalRegion rdf:ID="8a0f688f46db11f00146db1363fa0ee0">
<cim:IdentifiedObject.name>城区供电服务中心</cim:IdentifiedObject.name>
<cim:SubGeographicalRegion.Region rdf:resource="#_"/>
</cim:SubGeographicalRegion>
<cim:Circuit rdf:ID="10000100_1549810972">
<cim:IdentifiedObject.name>10kV洋中乙线925线路</cim:IdentifiedObject.name>
<cim:Circuit.BelongtoHVSubstation rdf:resource="#30000000_1546444251"/>
<cim:PowerSystemResource.SubGeographicalRegion rdf:resource="#8a0f688f46db11f00146db1363fa0ee0"/>
<cim:iscurrentfeeder>1</cim:iscurrentfeeder>
</cim:Circuit>
<cim:Substation rdf:ID="30000000_1546444251">
<cim:IdentifiedObject.name>西乡变电站</cim:IdentifiedObject.name>
<iescim:PowerSystemResource.DeviceType>13</iescim:PowerSystemResource.DeviceType>
<iescim:PowerSystemResource.SubType>1</iescim:PowerSystemResource.SubType>
<cim:PowerSystemResource.PSRType rdf:resource="#30000000"/>
<iescim:PowerSystemResource.DeviceID>3659174697330203</iescim:PowerSystemResource.DeviceID>
<cim:PowerSystemResource.SubGeographicalRegion rdf:resource="#8a0f688f46db11f00146db1363fa0ee0"/>
</cim:Substation>
<cim:Breaker rdf:ID="30500000_1547121130">
<cim:IdentifiedObject.name>10kV洋中乙线925开关</cim:IdentifiedObject.name>
<cim:IdentifiedObject.bianhao>925</cim:IdentifiedObject.bianhao>
<cim:Equipment.EquipmentContainer rdf:resource="#30000000_1546444251"/>
<cim:PowerSystemResource.Circuit rdf:resource="#10000100_1549810972" />
<cim:ConductingEquipment.BaseVoltage rdf:resource="#BaseVoltage_5"/>
<iescim:PowerSystemResource.SubType>5</iescim:PowerSystemResource.SubType>
<iescim:PowerSystemResource.DeviceID>4503599627639849</iescim:PowerSystemResource.DeviceID>
<iescim:PowerSystemResource.DeviceType>16</iescim:PowerSystemResource.DeviceType>
<iescim:PowerSystemResource.Cxmc></iescim:PowerSystemResource.Cxmc>
</cim:Breaker>
<cim:Disconnector rdf:ID="30600001_1547121728">
<cim:IdentifiedObject.name>10kV洋中乙线9256接地刀闸</cim:IdentifiedObject.name>
<cim:IdentifiedObject.bianhao>_</cim:IdentifiedObject.bianhao>
<cim:Equipment.EquipmentContainer rdf:resource="#30000000_1546444251"/>
<cim:PowerSystemResource.Circuit rdf:resource="#10000100_1549810972" />
<cim:ConductingEquipment.BaseVoltage rdf:resource="#BaseVoltage_5"/>
<iescim:PowerSystemResource.SubType>9</iescim:PowerSystemResource.SubType>
<iescim:PowerSystemResource.DeviceID>4785074604339391</iescim:PowerSystemResource.DeviceID>
<iescim:PowerSystemResource.DeviceType>17</iescim:PowerSystemResource.DeviceType>
<iescim:PowerSystemResource.Cxmc></iescim:PowerSystemResource.Cxmc>
</cim:Disconnector>
<cim:Disconnector rdf:ID="11300000_1550547015">
<cim:IdentifiedObject.name>10kV洋中II线006线#049杆0491刀闸</cim:IdentifiedObject.name>
<cim:IdentifiedObject.bianhao>0491</cim:IdentifiedObject.bianhao>
<cim:PowerSystemResource.Circuit rdf:resource="#10000100_1549810972" />
<cim:ConductingEquipment.BaseVoltage rdf:resource="#BaseVoltage_5"/>
<iescim:PowerSystemResource.SubType>6</iescim:PowerSystemResource.SubType>
<iescim:PowerSystemResource.DeviceID>4785074604339504</iescim:PowerSystemResource.DeviceID>
<iescim:PowerSystemResource.DeviceType>17</iescim:PowerSystemResource.DeviceType>
<iescim:PowerSystemResource.Cxmc></iescim:PowerSystemResource.Cxmc>
</cim:Disconnector>
<cim:BusbarSection rdf:ID="31100000_1547121760">
<cim:IdentifiedObject.name>西乡变电站.10kV.Ⅱ段母线</cim:IdentifiedObject.name>
<cim:IdentifiedObject.bianhao></cim:IdentifiedObject.bianhao>
<cim:Equipment.EquipmentContainer rdf:resource="#30000000_1546444251"/>
<cim:PowerSystemResource.Circuit rdf:resource="#_" />
<cim:ConductingEquipment.BaseVoltage rdf:resource="#BaseVoltage_5"/>
<iescim:PowerSystemResource.SubType>0</iescim:PowerSystemResource.SubType>
<iescim:PowerSystemResource.DeviceID>5348024557561229</iescim:PowerSystemResource.DeviceID>
<iescim:PowerSystemResource.DeviceType>19</iescim:PowerSystemResource.DeviceType>
</cim:BusbarSection>
<cim:BusbarSection rdf:ID="6944469">
<cim:IdentifiedObject.name>西乡变电站.10kV.Ⅰ段母线</cim:IdentifiedObject.name>
<cim:IdentifiedObject.bianhao></cim:IdentifiedObject.bianhao>
<cim:Equipment.EquipmentContainer rdf:resource="#30000000_1546444251"/>
<cim:PowerSystemResource.Circuit rdf:resource="#_" />
<cim:ConductingEquipment.BaseVoltage rdf:resource="#BaseVoltage_5"/>
<iescim:PowerSystemResource.SubType>0</iescim:PowerSystemResource.SubType>
<iescim:PowerSystemResource.DeviceID>5348024557561230</iescim:PowerSystemResource.DeviceID>
<iescim:PowerSystemResource.DeviceType>19</iescim:PowerSystemResource.DeviceType>
</cim:BusbarSection>
<cim:BusbarSection rdf:ID="31100000_1547121775">
<cim:IdentifiedObject.name>Ⅰ段母线</cim:IdentifiedObject.name>
<cim:IdentifiedObject.bianhao></cim:IdentifiedObject.bianhao>
<cim:Equipment.EquipmentContainer rdf:resource="#30000000_1546444251"/>
<cim:PowerSystemResource.Circuit rdf:resource="#_" />
<cim:ConductingEquipment.BaseVoltage rdf:resource="#BaseVoltage_5"/>
<iescim:PowerSystemResource.SubType>0</iescim:PowerSystemResource.SubType>
<iescim:PowerSystemResource.DeviceID>5348024557561922</iescim:PowerSystemResource.DeviceID>
<iescim:PowerSystemResource.DeviceType>19</iescim:PowerSystemResource.DeviceType>
</cim:BusbarSection>
<cim:ACLineSegment rdf:ID="36000000_1547121003">
<cim:IdentifiedObject.name>_</cim:IdentifiedObject.name>
<cim:IdentifiedObject.bianhao></cim:IdentifiedObject.bianhao>
<cim:Equipment.EquipmentContainer rdf:resource="#30000000_1546444251"/>
<cim:PowerSystemResource.Circuit rdf:resource="#10000100_1549810972" />
<cim:ConductingEquipment.BaseVoltage rdf:resource="#BaseVoltage_5"/>
<iescim:PowerSystemResource.SubType>3</iescim:PowerSystemResource.SubType>
<iescim:PowerSystemResource.DeviceID>5629499538129948</iescim:PowerSystemResource.DeviceID>
<iescim:PowerSystemResource.DeviceType>20</iescim:PowerSystemResource.DeviceType>
</cim:ACLineSegment>
<cim:ACLineSegment rdf:ID="36000000_1547121062">
<cim:IdentifiedObject.name>_</cim:IdentifiedObject.name>
<cim:IdentifiedObject.bianhao></cim:IdentifiedObject.bianhao>
<cim:Equipment.EquipmentContainer rdf:resource="#30000000_1546444251"/>
<cim:PowerSystemResource.Circuit rdf:resource="#10000100_1549810972" />
<cim:ConductingEquipment.BaseVoltage rdf:resource="#BaseVoltage_5"/>
<iescim:PowerSystemResource.SubType>3</iescim:PowerSystemResource.SubType>
<iescim:PowerSystemResource.DeviceID>5629499538129949</iescim:PowerSystemResource.DeviceID>
<iescim:PowerSystemResource.DeviceType>20</iescim:PowerSystemResource.DeviceType>
</cim:ACLineSegment>
<cim:ACLineSegment rdf:ID="36000000_1547121081">
<cim:IdentifiedObject.name>_</cim:IdentifiedObject.name>
<cim:IdentifiedObject.bianhao></cim:IdentifiedObject.bianhao>
<cim:Equipment.EquipmentContainer rdf:resource="#30000000_1546444251"/>
<cim:PowerSystemResource.Circuit rdf:resource="#10000100_1549810972" />
<cim:ConductingEquipment.BaseVoltage rdf:resource="#BaseVoltage_5"/>
<iescim:PowerSystemResource.SubType>3</iescim:PowerSystemResource.SubType>
<iescim:PowerSystemResource.DeviceID>5629499538129950</iescim:PowerSystemResource.DeviceID>
<iescim:PowerSystemResource.DeviceType>20</iescim:PowerSystemResource.DeviceType>
</cim:ACLineSegment>
<cim:ACLineSegment rdf:ID="36000000_1547121814">
<cim:IdentifiedObject.name>_</cim:IdentifiedObject.name>
<cim:IdentifiedObject.bianhao></cim:IdentifiedObject.bianhao>
<cim:Equipment.EquipmentContainer rdf:resource="#30000000_1546444251"/>
<cim:PowerSystemResource.Circuit rdf:resource="#10000100_1549810972" />
<cim:ConductingEquipment.BaseVoltage rdf:resource="#BaseVoltage_5"/>
<iescim:PowerSystemResource.SubType>3</iescim:PowerSystemResource.SubType>
<iescim:PowerSystemResource.DeviceID>5629499538129951</iescim:PowerSystemResource.DeviceID>
<iescim:PowerSystemResource.DeviceType>20</iescim:PowerSystemResource.DeviceType>
</cim:ACLineSegment>
<cim:ACLineSegment rdf:ID="13000000_1550549263">
<cim:IdentifiedObject.name>10kV洋中II线006线#049杆0491刀闸电缆终端头连接线</cim:IdentifiedObject.name>
<cim:IdentifiedObject.bianhao></cim:IdentifiedObject.bianhao>
<cim:PowerSystemResource.Circuit rdf:resource="#10000100_1549810972" />
<cim:ConductingEquipment.BaseVoltage rdf:resource="#BaseVoltage_5"/>
<iescim:PowerSystemResource.SubType>3</iescim:PowerSystemResource.SubType>
<iescim:PowerSystemResource.DeviceID>5629499538131436</iescim:PowerSystemResource.DeviceID>
<iescim:PowerSystemResource.DeviceType>20</iescim:PowerSystemResource.DeviceType>
</cim:ACLineSegment>
<cim:ACLineSegment rdf:ID="14000000_1550462238">
<cim:IdentifiedObject.name>站外-超连接线</cim:IdentifiedObject.name>
<cim:IdentifiedObject.bianhao></cim:IdentifiedObject.bianhao>
<cim:PowerSystemResource.Circuit rdf:resource="#10000100_1549810972" />
<cim:ConductingEquipment.BaseVoltage rdf:resource="#BaseVoltage_5"/>
<iescim:PowerSystemResource.SubType>1</iescim:PowerSystemResource.SubType>
<iescim:PowerSystemResource.DeviceID>5629499538131438</iescim:PowerSystemResource.DeviceID>
<iescim:PowerSystemResource.DeviceType>20</iescim:PowerSystemResource.DeviceType>
</cim:ACLineSegment>
<cim:ACLineSegment rdf:ID="20100000_1550548692">
<cim:IdentifiedObject.name>110kV西乡变洋中乙线925电缆终端头-10kV洋中II线006线#049杆0491刀闸电缆终端头</cim:IdentifiedObject.name>
<cim:IdentifiedObject.bianhao></cim:IdentifiedObject.bianhao>
<cim:PowerSystemResource.Circuit rdf:resource="#10000100_1549810972" />
<cim:ConductingEquipment.BaseVoltage rdf:resource="#BaseVoltage_5"/>
<iescim:PowerSystemResource.SubType>1</iescim:PowerSystemResource.SubType>
<iescim:PowerSystemResource.DeviceID>5629499538131440</iescim:PowerSystemResource.DeviceID>
<iescim:PowerSystemResource.DeviceType>20</iescim:PowerSystemResource.DeviceType>
</cim:ACLineSegment>
<cim:ConnectivityNode rdf:ID="9288674251800255">
<iescim:PowerSystemResource.SubType>0</iescim:PowerSystemResource.SubType>
<iescim:PowerSystemResource.DeviceID>9288674251800255</iescim:PowerSystemResource.DeviceID>
<iescim:PowerSystemResource.DeviceType>33</iescim:PowerSystemResource.DeviceType>
</cim:ConnectivityNode>
<cim:ConnectivityNode rdf:ID="9288674253643292">
<iescim:PowerSystemResource.SubType>0</iescim:PowerSystemResource.SubType>
<iescim:PowerSystemResource.DeviceID>9288674253643292</iescim:PowerSystemResource.DeviceID>
<iescim:PowerSystemResource.DeviceType>33</iescim:PowerSystemResource.DeviceType>
</cim:ConnectivityNode>
<cim:ConnectivityNode rdf:ID="9288674253643407">
<iescim:PowerSystemResource.SubType>0</iescim:PowerSystemResource.SubType>
<iescim:PowerSystemResource.DeviceID>9288674253643407</iescim:PowerSystemResource.DeviceID>
<iescim:PowerSystemResource.DeviceType>33</iescim:PowerSystemResource.DeviceType>
</cim:ConnectivityNode>
<cim:ConnectivityNode rdf:ID="9288674253643408">
<iescim:PowerSystemResource.SubType>0</iescim:PowerSystemResource.SubType>
<iescim:PowerSystemResource.DeviceID>9288674253643408</iescim:PowerSystemResource.DeviceID>
<iescim:PowerSystemResource.DeviceType>33</iescim:PowerSystemResource.DeviceType>
</cim:ConnectivityNode>
<cim:ConnectivityNode rdf:ID="9288674253643409">
<iescim:PowerSystemResource.SubType>0</iescim:PowerSystemResource.SubType>
<iescim:PowerSystemResource.DeviceID>9288674253643409</iescim:PowerSystemResource.DeviceID>
<iescim:PowerSystemResource.DeviceType>33</iescim:PowerSystemResource.DeviceType>
</cim:ConnectivityNode>
<cim:ConnectivityNode rdf:ID="9288674253643410">
<iescim:PowerSystemResource.SubType>0</iescim:PowerSystemResource.SubType>
<iescim:PowerSystemResource.DeviceID>9288674253643410</iescim:PowerSystemResource.DeviceID>
<iescim:PowerSystemResource.DeviceType>33</iescim:PowerSystemResource.DeviceType>
</cim:ConnectivityNode>
<cim:ConnectivityNode rdf:ID="9288674253643411">
<iescim:PowerSystemResource.SubType>0</iescim:PowerSystemResource.SubType>
<iescim:PowerSystemResource.DeviceID>9288674253643411</iescim:PowerSystemResource.DeviceID>
<iescim:PowerSystemResource.DeviceType>33</iescim:PowerSystemResource.DeviceType>
</cim:ConnectivityNode>
<cim:ConnectivityNode rdf:ID="9288674253669953">
<iescim:PowerSystemResource.SubType>0</iescim:PowerSystemResource.SubType>
<iescim:PowerSystemResource.DeviceID>9288674253669953</iescim:PowerSystemResource.DeviceID>
<iescim:PowerSystemResource.DeviceType>33</iescim:PowerSystemResource.DeviceType>
</cim:ConnectivityNode>
<cim:ConnectivityNode rdf:ID="9288674253669954">
<iescim:PowerSystemResource.SubType>0</iescim:PowerSystemResource.SubType>
<iescim:PowerSystemResource.DeviceID>9288674253669954</iescim:PowerSystemResource.DeviceID>
<iescim:PowerSystemResource.DeviceType>33</iescim:PowerSystemResource.DeviceType>
</cim:ConnectivityNode>
<cim:ConnectivityNode rdf:ID="9288674253669955">
<iescim:PowerSystemResource.SubType>0</iescim:PowerSystemResource.SubType>
<iescim:PowerSystemResource.DeviceID>9288674253669955</iescim:PowerSystemResource.DeviceID>
<iescim:PowerSystemResource.DeviceType>33</iescim:PowerSystemResource.DeviceType>
</cim:ConnectivityNode>
<cim:ConnectivityNode rdf:ID="9288674253669956">
<iescim:PowerSystemResource.SubType>0</iescim:PowerSystemResource.SubType>
<iescim:PowerSystemResource.DeviceID>9288674253669956</iescim:PowerSystemResource.DeviceID>
<iescim:PowerSystemResource.DeviceType>33</iescim:PowerSystemResource.DeviceType>
</cim:ConnectivityNode>
<cim:ConnectivityNode rdf:ID="9288674253708932">
<iescim:PowerSystemResource.SubType>0</iescim:PowerSystemResource.SubType>
<iescim:PowerSystemResource.DeviceID>9288674253708932</iescim:PowerSystemResource.DeviceID>
<iescim:PowerSystemResource.DeviceType>33</iescim:PowerSystemResource.DeviceType>
</cim:ConnectivityNode>
<cim:ConnectivityNode rdf:ID="9288674253708936">
<iescim:PowerSystemResource.SubType>0</iescim:PowerSystemResource.SubType>
<iescim:PowerSystemResource.DeviceID>9288674253708936</iescim:PowerSystemResource.DeviceID>
<iescim:PowerSystemResource.DeviceType>33</iescim:PowerSystemResource.DeviceType>
</cim:ConnectivityNode>
<cim:Terminal rdf:ID="30600001_1547121728_1">
<cim:Terminal.ConductingEquipment rdf:resource="#30600001_1547121728"/>
<cim:Terminal.ConnectivityNode rdf:resource="#9288674253643409"/>
</cim:Terminal>
<cim:Terminal rdf:ID="11300000_1550547015_1">
<cim:Terminal.ConductingEquipment rdf:resource="#11300000_1550547015"/>
<cim:Terminal.ConnectivityNode rdf:resource="#9288674253669954"/>
</cim:Terminal>
<cim:Terminal rdf:ID="11300000_1550547015_2">
<cim:Terminal.ConductingEquipment rdf:resource="#11300000_1550547015"/>
<cim:Terminal.ConnectivityNode rdf:resource="#9288674253669955"/>
</cim:Terminal>
<cim:Terminal rdf:ID="30500000_1547121130_1">
<cim:Terminal.ConductingEquipment rdf:resource="#30500000_1547121130"/>
<cim:Terminal.ConnectivityNode rdf:resource="#9288674253643410"/>
</cim:Terminal>
<cim:Terminal rdf:ID="30500000_1547121130_2">
<cim:Terminal.ConductingEquipment rdf:resource="#30500000_1547121130"/>
<cim:Terminal.ConnectivityNode rdf:resource="#9288674253643411"/>
</cim:Terminal>
<cim:Terminal rdf:ID="32000000_1546746143_1">
<cim:Terminal.ConductingEquipment rdf:resource="#32000000_1546746143"/>
<cim:Terminal.ConnectivityNode rdf:resource="#9288674253643408"/>
</cim:Terminal>
<cim:Terminal rdf:ID="20200000_1550543380_1">
<cim:Terminal.ConductingEquipment rdf:resource="#20200000_1550543380"/>
<cim:Terminal.ConnectivityNode rdf:resource="#9288674253669953"/>
</cim:Terminal>
<cim:Terminal rdf:ID="20200000_1550543381_1">
<cim:Terminal.ConductingEquipment rdf:resource="#20200000_1550543381"/>
<cim:Terminal.ConnectivityNode rdf:resource="#9288674253669956"/>
</cim:Terminal>
<cim:Terminal rdf:ID="36000000_1547121003_1">
<cim:Terminal.ConductingEquipment rdf:resource="#36000000_1547121003"/>
<cim:Terminal.ConnectivityNode rdf:resource="#9288674253643409"/>
</cim:Terminal>
<cim:Terminal rdf:ID="36000000_1547121003_2">
<cim:Terminal.ConductingEquipment rdf:resource="#36000000_1547121003"/>
<cim:Terminal.ConnectivityNode rdf:resource="#9288674253643407"/>
</cim:Terminal>
<cim:Terminal rdf:ID="36000000_1547121062_1">
<cim:Terminal.ConductingEquipment rdf:resource="#36000000_1547121062"/>
<cim:Terminal.ConnectivityNode rdf:resource="#9288674253643411"/>
</cim:Terminal>
<cim:Terminal rdf:ID="36000000_1547121062_2">
<cim:Terminal.ConductingEquipment rdf:resource="#36000000_1547121062"/>
<cim:Terminal.ConnectivityNode rdf:resource="#9288674253643407"/>
</cim:Terminal>
<cim:Terminal rdf:ID="36000000_1547121081_1">
<cim:Terminal.ConductingEquipment rdf:resource="#36000000_1547121081"/>
<cim:Terminal.ConnectivityNode rdf:resource="#9288674253643410"/>
</cim:Terminal>
<cim:Terminal rdf:ID="36000000_1547121081_2">
<cim:Terminal.ConductingEquipment rdf:resource="#36000000_1547121081"/>
<cim:Terminal.ConnectivityNode rdf:resource="#9288674251800255"/>
</cim:Terminal>
<cim:Terminal rdf:ID="36000000_1547121814_1">
<cim:Terminal.ConductingEquipment rdf:resource="#36000000_1547121814"/>
<cim:Terminal.ConnectivityNode rdf:resource="#9288674253643407"/>
</cim:Terminal>
<cim:Terminal rdf:ID="36000000_1547121814_2">
<cim:Terminal.ConductingEquipment rdf:resource="#36000000_1547121814"/>
<cim:Terminal.ConnectivityNode rdf:resource="#9288674253643408"/>
</cim:Terminal>
<cim:Terminal rdf:ID="13000000_1550549263_1">
<cim:Terminal.ConductingEquipment rdf:resource="#13000000_1550549263"/>
<cim:Terminal.ConnectivityNode rdf:resource="#9288674253669956"/>
</cim:Terminal>
<cim:Terminal rdf:ID="13000000_1550549263_2">
<cim:Terminal.ConductingEquipment rdf:resource="#13000000_1550549263"/>
<cim:Terminal.ConnectivityNode rdf:resource="#9288674253669955"/>
</cim:Terminal>
<cim:Terminal rdf:ID="14000000_1550462238_1">
<cim:Terminal.ConductingEquipment rdf:resource="#14000000_1550462238"/>
<cim:Terminal.ConnectivityNode rdf:resource="#9288674253643408"/>
</cim:Terminal>
<cim:Terminal rdf:ID="14000000_1550462238_2">
<cim:Terminal.ConductingEquipment rdf:resource="#14000000_1550462238"/>
<cim:Terminal.ConnectivityNode rdf:resource="#9288674253669953"/>
</cim:Terminal>
<cim:Terminal rdf:ID="20100000_1550548692_1">
<cim:Terminal.ConductingEquipment rdf:resource="#20100000_1550548692"/>
<cim:Terminal.ConnectivityNode rdf:resource="#9288674253669953"/>
</cim:Terminal>
<cim:Terminal rdf:ID="20100000_1550548692_2">
<cim:Terminal.ConductingEquipment rdf:resource="#20100000_1550548692"/>
<cim:Terminal.ConnectivityNode rdf:resource="#9288674253669956"/>
</cim:Terminal>
<cim:Terminal rdf:ID="6944460">
<cim:Terminal.ConductingEquipment rdf:resource="#31100000_1547121760"/>
<cim:Terminal.ConnectivityNode rdf:resource="#9288674253708936"/>
</cim:Terminal>
<cim:Terminal rdf:ID="6944470">
<cim:Terminal.ConductingEquipment rdf:resource="#6944469"/>
<cim:Terminal.ConnectivityNode rdf:resource="#9288674253708932"/>
</cim:Terminal>
<cim:Terminal rdf:ID="31100000_1547121775_1">
<cim:Terminal.ConductingEquipment rdf:resource="#31100000_1547121775"/>
<cim:Terminal.ConnectivityNode rdf:resource="#9288674253643292"/>
</cim:Terminal>
</rdf:RDF>
