<?xml version="1.0" encoding="UTF-8"?>

<rdf:RDF xmlns:rdf="http://www.w3.org/1999/02/22-rdf-syntax-ns#" xmlns:cim="http://www.sgcc.com.cn/SG-CIM/2010MAY#" xmlns:iescim="http://www.ieslab.com.cn">

<cim:BaseVoltage rdf:ID="BaseVoltage_5">
<cim:IdentifiedObject.name>10kV</cim:IdentifiedObject.name>
<cim:BaseVoltage.isDC>false</cim:BaseVoltage.isDC>
<cim:BaseVoltage.nominalVoltage>10.00</cim:BaseVoltage.nominalVoltage>
<iescim:PowerSystemResource.DeviceID>5</iescim:PowerSystemResource.DeviceID>
</cim:BaseVoltage>
<cim:SubGeographicalRegion rdf:ID="8a0f688f46db11f00146db13630f0e96">
<cim:IdentifiedObject.name>国网寿宁县供电公司</cim:IdentifiedObject.name>
<cim:SubGeographicalRegion.Region rdf:resource="#_"/>
</cim:SubGeographicalRegion>
<cim:Circuit rdf:ID="10000100_1549810963">
<cim:IdentifiedObject.name>10kV坪岩线925线路</cim:IdentifiedObject.name>
<cim:Circuit.BelongtoHVSubstation rdf:resource="#30000000_2907917"/>
<cim:PowerSystemResource.SubGeographicalRegion rdf:resource="#8a0f688f46db11f00146db13630f0e96"/>
<cim:iscurrentfeeder>1</cim:iscurrentfeeder>
</cim:Circuit>
<cim:Substation rdf:ID="30000000_2907917">
<cim:IdentifiedObject.name>清竹变电站</cim:IdentifiedObject.name>
<iescim:PowerSystemResource.DeviceType>13</iescim:PowerSystemResource.DeviceType>
<iescim:PowerSystemResource.SubType>1</iescim:PowerSystemResource.SubType>
<cim:PowerSystemResource.PSRType rdf:resource="#30000000"/>
<iescim:PowerSystemResource.DeviceID>3659174697245369</iescim:PowerSystemResource.DeviceID>
<cim:PowerSystemResource.SubGeographicalRegion rdf:resource="#8a0f688f46db11f00146db13630f0e96"/>
</cim:Substation>
<cim:Breaker rdf:ID="30500000_2355260">
<cim:IdentifiedObject.name>清竹变电站.10kV.坪岩线间隔.925开关</cim:IdentifiedObject.name>
<cim:IdentifiedObject.bianhao>_</cim:IdentifiedObject.bianhao>
<cim:Equipment.EquipmentContainer rdf:resource="#30000000_2907917"/>
<cim:PowerSystemResource.Circuit rdf:resource="#10000100_1549810963" />
<cim:ConductingEquipment.BaseVoltage rdf:resource="#BaseVoltage_5"/>
<iescim:PowerSystemResource.SubType>1</iescim:PowerSystemResource.SubType>
<iescim:PowerSystemResource.DeviceID>4503599627509152</iescim:PowerSystemResource.DeviceID>
<iescim:PowerSystemResource.DeviceType>16</iescim:PowerSystemResource.DeviceType>
<iescim:PowerSystemResource.Cxmc></iescim:PowerSystemResource.Cxmc>
</cim:Breaker>
<cim:Disconnector rdf:ID="30600001_3697442">
<cim:IdentifiedObject.name>清竹变电站.10kV.坪岩线间隔.9256接地刀闸</cim:IdentifiedObject.name>
<cim:IdentifiedObject.bianhao>_</cim:IdentifiedObject.bianhao>
<cim:Equipment.EquipmentContainer rdf:resource="#30000000_2907917"/>
<cim:PowerSystemResource.Circuit rdf:resource="#10000100_1549810963" />
<cim:ConductingEquipment.BaseVoltage rdf:resource="#BaseVoltage_5"/>
<iescim:PowerSystemResource.SubType>9</iescim:PowerSystemResource.SubType>
<iescim:PowerSystemResource.DeviceID>4785074604269863</iescim:PowerSystemResource.DeviceID>
<iescim:PowerSystemResource.DeviceType>17</iescim:PowerSystemResource.DeviceType>
<iescim:PowerSystemResource.Cxmc></iescim:PowerSystemResource.Cxmc>
</cim:Disconnector>
<cim:Disconnector rdf:ID="4155787">
<cim:IdentifiedObject.name>清竹变电站.10kV.坪岩线间隔.925刀闸</cim:IdentifiedObject.name>
<cim:IdentifiedObject.bianhao>_</cim:IdentifiedObject.bianhao>
<cim:Equipment.EquipmentContainer rdf:resource="#30000000_2907917"/>
<cim:PowerSystemResource.Circuit rdf:resource="#10000100_1549810963" />
<cim:ConductingEquipment.BaseVoltage rdf:resource="#BaseVoltage_5"/>
<iescim:PowerSystemResource.SubType>5</iescim:PowerSystemResource.SubType>
<iescim:PowerSystemResource.DeviceID>4785074604269873</iescim:PowerSystemResource.DeviceID>
<iescim:PowerSystemResource.DeviceType>17</iescim:PowerSystemResource.DeviceType>
<iescim:PowerSystemResource.Cxmc></iescim:PowerSystemResource.Cxmc>
</cim:Disconnector>
<cim:Disconnector rdf:ID="11300000_1550565304">
<cim:IdentifiedObject.name>10kV坪岩线925线路#001杆0011刀闸</cim:IdentifiedObject.name>
<cim:IdentifiedObject.bianhao>0011</cim:IdentifiedObject.bianhao>
<cim:PowerSystemResource.Circuit rdf:resource="#10000100_1549810963" />
<cim:ConductingEquipment.BaseVoltage rdf:resource="#BaseVoltage_5"/>
<iescim:PowerSystemResource.SubType>6</iescim:PowerSystemResource.SubType>
<iescim:PowerSystemResource.DeviceID>4785074604339536</iescim:PowerSystemResource.DeviceID>
<iescim:PowerSystemResource.DeviceType>17</iescim:PowerSystemResource.DeviceType>
<iescim:PowerSystemResource.Cxmc></iescim:PowerSystemResource.Cxmc>
</cim:Disconnector>
<cim:BusbarSection rdf:ID="31100000_797404">
<cim:IdentifiedObject.name>清竹变电站.10kV.Ⅰ段母线</cim:IdentifiedObject.name>
<cim:IdentifiedObject.bianhao></cim:IdentifiedObject.bianhao>
<cim:Equipment.EquipmentContainer rdf:resource="#30000000_2907917"/>
<cim:PowerSystemResource.Circuit rdf:resource="#_" />
<cim:ConductingEquipment.BaseVoltage rdf:resource="#BaseVoltage_5"/>
<iescim:PowerSystemResource.SubType>0</iescim:PowerSystemResource.SubType>
<iescim:PowerSystemResource.DeviceID>5348024557511566</iescim:PowerSystemResource.DeviceID>
<iescim:PowerSystemResource.DeviceType>19</iescim:PowerSystemResource.DeviceType>
</cim:BusbarSection>
<cim:BusbarSection rdf:ID="31100000_1223365">
<cim:IdentifiedObject.name>清竹变电站.10kV.Ⅱ段母线</cim:IdentifiedObject.name>
<cim:IdentifiedObject.bianhao></cim:IdentifiedObject.bianhao>
<cim:Equipment.EquipmentContainer rdf:resource="#30000000_2907917"/>
<cim:PowerSystemResource.Circuit rdf:resource="#_" />
<cim:ConductingEquipment.BaseVoltage rdf:resource="#BaseVoltage_5"/>
<iescim:PowerSystemResource.SubType>0</iescim:PowerSystemResource.SubType>
<iescim:PowerSystemResource.DeviceID>5348024557545953</iescim:PowerSystemResource.DeviceID>
<iescim:PowerSystemResource.DeviceType>19</iescim:PowerSystemResource.DeviceType>
</cim:BusbarSection>
<cim:ACLineSegment rdf:ID="13000000_1550575720">
<cim:IdentifiedObject.name>电缆终端头连接线</cim:IdentifiedObject.name>
<cim:IdentifiedObject.bianhao></cim:IdentifiedObject.bianhao>
<cim:PowerSystemResource.Circuit rdf:resource="#10000100_1549810963" />
<cim:ConductingEquipment.BaseVoltage rdf:resource="#BaseVoltage_5"/>
<iescim:PowerSystemResource.SubType>3</iescim:PowerSystemResource.SubType>
<iescim:PowerSystemResource.DeviceID>5629499538131741</iescim:PowerSystemResource.DeviceID>
<iescim:PowerSystemResource.DeviceType>20</iescim:PowerSystemResource.DeviceType>
</cim:ACLineSegment>
<cim:ACLineSegment rdf:ID="13000000_1550576644">
<cim:IdentifiedObject.name>站外-连接线</cim:IdentifiedObject.name>
<cim:IdentifiedObject.bianhao></cim:IdentifiedObject.bianhao>
<cim:PowerSystemResource.Circuit rdf:resource="#10000100_1549810963" />
<cim:ConductingEquipment.BaseVoltage rdf:resource="#BaseVoltage_5"/>
<iescim:PowerSystemResource.SubType>3</iescim:PowerSystemResource.SubType>
<iescim:PowerSystemResource.DeviceID>5629499538131742</iescim:PowerSystemResource.DeviceID>
<iescim:PowerSystemResource.DeviceType>20</iescim:PowerSystemResource.DeviceType>
</cim:ACLineSegment>
<cim:ACLineSegment rdf:ID="14000000_1550123617">
<cim:IdentifiedObject.name>10kV备用Ⅴ线925间隔站外-超连接线</cim:IdentifiedObject.name>
<cim:IdentifiedObject.bianhao></cim:IdentifiedObject.bianhao>
<cim:PowerSystemResource.Circuit rdf:resource="#10000100_1549810963" />
<cim:ConductingEquipment.BaseVoltage rdf:resource="#BaseVoltage_5"/>
<iescim:PowerSystemResource.SubType>1</iescim:PowerSystemResource.SubType>
<iescim:PowerSystemResource.DeviceID>5629499538131743</iescim:PowerSystemResource.DeviceID>
<iescim:PowerSystemResource.DeviceType>20</iescim:PowerSystemResource.DeviceType>
</cim:ACLineSegment>
<cim:ACLineSegment rdf:ID="20100000_1550578468">
<cim:IdentifiedObject.name>10kV备用Ⅴ线925间隔站外-超连接线-10kV坪岩线925线路</cim:IdentifiedObject.name>
<cim:IdentifiedObject.bianhao></cim:IdentifiedObject.bianhao>
<cim:PowerSystemResource.Circuit rdf:resource="#10000100_1549810963" />
<cim:ConductingEquipment.BaseVoltage rdf:resource="#BaseVoltage_5"/>
<iescim:PowerSystemResource.SubType>1</iescim:PowerSystemResource.SubType>
<iescim:PowerSystemResource.DeviceID>5629499538131744</iescim:PowerSystemResource.DeviceID>
<iescim:PowerSystemResource.DeviceType>20</iescim:PowerSystemResource.DeviceType>
</cim:ACLineSegment>
<cim:Pole rdf:ID="10200001_1550561148">
<cim:IdentifiedObject.name>10kV坪岩线925线路#001杆</cim:IdentifiedObject.name>
<cim:IdentifiedObject.bianhao></cim:IdentifiedObject.bianhao>
<cim:PowerSystemResource.Circuit rdf:resource="#10000100_1549810963" />
<cim:ConductingEquipment.BaseVoltage rdf:resource="#BaseVoltage_5"/>
<iescim:PowerSystemResource.DeviceType>43</iescim:PowerSystemResource.DeviceType>
<iescim:PowerSystemResource.SubType>1</iescim:PowerSystemResource.SubType>
<iescim:PowerSystemResource.DeviceID>12103423998653529</iescim:PowerSystemResource.DeviceID>
</cim:Pole>
<cim:ConnectivityNode rdf:ID="9288674231454396">
<iescim:PowerSystemResource.SubType>0</iescim:PowerSystemResource.SubType>
<iescim:PowerSystemResource.DeviceID>9288674231454396</iescim:PowerSystemResource.DeviceID>
<iescim:PowerSystemResource.DeviceType>33</iescim:PowerSystemResource.DeviceType>
</cim:ConnectivityNode>
<cim:ConnectivityNode rdf:ID="9288674231491148">
<iescim:PowerSystemResource.SubType>0</iescim:PowerSystemResource.SubType>
<iescim:PowerSystemResource.DeviceID>9288674231491148</iescim:PowerSystemResource.DeviceID>
<iescim:PowerSystemResource.DeviceType>33</iescim:PowerSystemResource.DeviceType>
</cim:ConnectivityNode>
<cim:ConnectivityNode rdf:ID="9288674231535856">
<iescim:PowerSystemResource.SubType>0</iescim:PowerSystemResource.SubType>
<iescim:PowerSystemResource.DeviceID>9288674231535856</iescim:PowerSystemResource.DeviceID>
<iescim:PowerSystemResource.DeviceType>33</iescim:PowerSystemResource.DeviceType>
</cim:ConnectivityNode>
<cim:ConnectivityNode rdf:ID="9288674253504153">
<iescim:PowerSystemResource.SubType>0</iescim:PowerSystemResource.SubType>
<iescim:PowerSystemResource.DeviceID>9288674253504153</iescim:PowerSystemResource.DeviceID>
<iescim:PowerSystemResource.DeviceType>33</iescim:PowerSystemResource.DeviceType>
</cim:ConnectivityNode>
<cim:ConnectivityNode rdf:ID="9288674253504154">
<iescim:PowerSystemResource.SubType>0</iescim:PowerSystemResource.SubType>
<iescim:PowerSystemResource.DeviceID>9288674253504154</iescim:PowerSystemResource.DeviceID>
<iescim:PowerSystemResource.DeviceType>33</iescim:PowerSystemResource.DeviceType>
</cim:ConnectivityNode>
<cim:ConnectivityNode rdf:ID="9288674253672660">
<iescim:PowerSystemResource.SubType>0</iescim:PowerSystemResource.SubType>
<iescim:PowerSystemResource.DeviceID>9288674253672660</iescim:PowerSystemResource.DeviceID>
<iescim:PowerSystemResource.DeviceType>33</iescim:PowerSystemResource.DeviceType>
</cim:ConnectivityNode>
<cim:ConnectivityNode rdf:ID="9288674253672661">
<iescim:PowerSystemResource.SubType>0</iescim:PowerSystemResource.SubType>
<iescim:PowerSystemResource.DeviceID>9288674253672661</iescim:PowerSystemResource.DeviceID>
<iescim:PowerSystemResource.DeviceType>33</iescim:PowerSystemResource.DeviceType>
</cim:ConnectivityNode>
<cim:ConnectivityNode rdf:ID="9288674253672662">
<iescim:PowerSystemResource.SubType>0</iescim:PowerSystemResource.SubType>
<iescim:PowerSystemResource.DeviceID>9288674253672662</iescim:PowerSystemResource.DeviceID>
<iescim:PowerSystemResource.DeviceType>33</iescim:PowerSystemResource.DeviceType>
</cim:ConnectivityNode>
<cim:ConnectivityNode rdf:ID="9288674253893700">
<iescim:PowerSystemResource.SubType>0</iescim:PowerSystemResource.SubType>
<iescim:PowerSystemResource.DeviceID>9288674253893700</iescim:PowerSystemResource.DeviceID>
<iescim:PowerSystemResource.DeviceType>33</iescim:PowerSystemResource.DeviceType>
</cim:ConnectivityNode>
<cim:Terminal rdf:ID="4155785">
<cim:Terminal.ConductingEquipment rdf:resource="#30500000_2355260"/>
<cim:Terminal.ConnectivityNode rdf:resource="#9288674231491148"/>
</cim:Terminal>
<cim:Terminal rdf:ID="4155786">
<cim:Terminal.ConductingEquipment rdf:resource="#30500000_2355260"/>
<cim:Terminal.ConnectivityNode rdf:resource="#9288674231535856"/>
</cim:Terminal>
<cim:Terminal rdf:ID="4155793">
<cim:Terminal.ConductingEquipment rdf:resource="#30600001_3697442"/>
<cim:Terminal.ConnectivityNode rdf:resource="#9288674231491148"/>
</cim:Terminal>
<cim:Terminal rdf:ID="4155789">
<cim:Terminal.ConductingEquipment rdf:resource="#4155787"/>
<cim:Terminal.ConnectivityNode rdf:resource="#9288674231535856"/>
</cim:Terminal>
<cim:Terminal rdf:ID="4155790">
<cim:Terminal.ConductingEquipment rdf:resource="#4155787"/>
<cim:Terminal.ConnectivityNode rdf:resource="#9288674253893700"/>
</cim:Terminal>
<cim:Terminal rdf:ID="11300000_1550565304_1">
<cim:Terminal.ConductingEquipment rdf:resource="#11300000_1550565304"/>
<cim:Terminal.ConnectivityNode rdf:resource="#9288674253672660"/>
</cim:Terminal>
<cim:Terminal rdf:ID="11300000_1550565304_2">
<cim:Terminal.ConductingEquipment rdf:resource="#11300000_1550565304"/>
<cim:Terminal.ConnectivityNode rdf:resource="#9288674253672661"/>
</cim:Terminal>
<cim:Terminal rdf:ID="20200000_1550579166_1">
<cim:Terminal.ConductingEquipment rdf:resource="#20200000_1550579166"/>
<cim:Terminal.ConnectivityNode rdf:resource="#9288674253504153"/>
</cim:Terminal>
<cim:Terminal rdf:ID="20200000_1550579167_1">
<cim:Terminal.ConductingEquipment rdf:resource="#20200000_1550579167"/>
<cim:Terminal.ConnectivityNode rdf:resource="#9288674253672662"/>
</cim:Terminal>
<cim:Terminal rdf:ID="32000000_5658152_1">
<cim:Terminal.ConductingEquipment rdf:resource="#32000000_5658152"/>
<cim:Terminal.ConnectivityNode rdf:resource="#9288674231491148"/>
</cim:Terminal>
<cim:Terminal rdf:ID="13000000_1550575720_1">
<cim:Terminal.ConductingEquipment rdf:resource="#13000000_1550575720"/>
<cim:Terminal.ConnectivityNode rdf:resource="#9288674253672662"/>
</cim:Terminal>
<cim:Terminal rdf:ID="13000000_1550575720_2">
<cim:Terminal.ConductingEquipment rdf:resource="#13000000_1550575720"/>
<cim:Terminal.ConnectivityNode rdf:resource="#9288674253672661"/>
</cim:Terminal>
<cim:Terminal rdf:ID="13000000_1550576644_1">
<cim:Terminal.ConductingEquipment rdf:resource="#13000000_1550576644"/>
<cim:Terminal.ConnectivityNode rdf:resource="#9288674253504154"/>
</cim:Terminal>
<cim:Terminal rdf:ID="13000000_1550576644_2">
<cim:Terminal.ConductingEquipment rdf:resource="#13000000_1550576644"/>
<cim:Terminal.ConnectivityNode rdf:resource="#9288674253672660"/>
</cim:Terminal>
<cim:Terminal rdf:ID="14000000_1550123617_1">
<cim:Terminal.ConductingEquipment rdf:resource="#14000000_1550123617"/>
<cim:Terminal.ConnectivityNode rdf:resource="#9288674231491148"/>
</cim:Terminal>
<cim:Terminal rdf:ID="14000000_1550123617_2">
<cim:Terminal.ConductingEquipment rdf:resource="#14000000_1550123617"/>
<cim:Terminal.ConnectivityNode rdf:resource="#9288674253504153"/>
</cim:Terminal>
<cim:Terminal rdf:ID="20100000_1550578468_1">
<cim:Terminal.ConductingEquipment rdf:resource="#20100000_1550578468"/>
<cim:Terminal.ConnectivityNode rdf:resource="#9288674253504153"/>
</cim:Terminal>
<cim:Terminal rdf:ID="20100000_1550578468_2">
<cim:Terminal.ConductingEquipment rdf:resource="#20100000_1550578468"/>
<cim:Terminal.ConnectivityNode rdf:resource="#9288674253672662"/>
</cim:Terminal>
<cim:Terminal rdf:ID="4155509">
<cim:Terminal.ConductingEquipment rdf:resource="#31100000_1223365"/>
<cim:Terminal.ConnectivityNode rdf:resource="#9288674253893700"/>
</cim:Terminal>
<cim:Terminal rdf:ID="2672497">
<cim:Terminal.ConductingEquipment rdf:resource="#31100000_797404"/>
<cim:Terminal.ConnectivityNode rdf:resource="#9288674231454396"/>
</cim:Terminal>
<cim:Terminal rdf:ID="10200001_1550561148_1">
<cim:Terminal.ConductingEquipment rdf:resource="#10200001_1550561148"/>
<cim:Terminal.ConnectivityNode rdf:resource="#9288674253504154"/>
</cim:Terminal>
</rdf:RDF>
