<?xml version="1.0" encoding="UTF-8"?>

<rdf:RDF xmlns:rdf="http://www.w3.org/1999/02/22-rdf-syntax-ns#" xmlns:cim="http://www.sgcc.com.cn/SG-CIM/2010MAY#" xmlns:iescim="http://www.ieslab.com.cn">

<cim:BaseVoltage rdf:ID="BaseVoltage_5">
<cim:IdentifiedObject.name>10kV</cim:IdentifiedObject.name>
<cim:BaseVoltage.isDC>false</cim:BaseVoltage.isDC>
<cim:BaseVoltage.nominalVoltage>10.00</cim:BaseVoltage.nominalVoltage>
<iescim:PowerSystemResource.DeviceID>5</iescim:PowerSystemResource.DeviceID>
</cim:BaseVoltage>
<cim:SubGeographicalRegion rdf:ID="8a0f688f46db11f00146db13630f0e96">
<cim:IdentifiedObject.name>国网寿宁县供电公司</cim:IdentifiedObject.name>
<cim:SubGeographicalRegion.Region rdf:resource="#_"/>
</cim:SubGeographicalRegion>
<cim:Circuit rdf:ID="10000100_7872">
<cim:IdentifiedObject.name>工业Ⅱ线016线路</cim:IdentifiedObject.name>
<cim:Circuit.BelongtoHVSubstation rdf:resource="#30000000_74465"/>
<cim:PowerSystemResource.SubGeographicalRegion rdf:resource="#8a0f688f46db11f00146db13630f0e96"/>
<cim:iscurrentfeeder>0</cim:iscurrentfeeder>
</cim:Circuit>
<cim:Circuit rdf:ID="10000100_1536011881">
<cim:IdentifiedObject.name>10kV武建Ⅱ线934线路</cim:IdentifiedObject.name>
<cim:Circuit.BelongtoHVSubstation rdf:resource="#30000000_74465"/>
<cim:PowerSystemResource.SubGeographicalRegion rdf:resource="#8a0f688f46db11f00146db13630f0e96"/>
<cim:iscurrentfeeder>1</cim:iscurrentfeeder>
</cim:Circuit>
<cim:Substation rdf:ID="30000000_74465">
<cim:IdentifiedObject.name>武曲变电站</cim:IdentifiedObject.name>
<iescim:PowerSystemResource.DeviceType>13</iescim:PowerSystemResource.DeviceType>
<iescim:PowerSystemResource.SubType>1</iescim:PowerSystemResource.SubType>
<cim:PowerSystemResource.PSRType rdf:resource="#30000000"/>
<iescim:PowerSystemResource.DeviceID>3659174697243385</iescim:PowerSystemResource.DeviceID>
<cim:PowerSystemResource.SubGeographicalRegion rdf:resource="#8a0f688f46db11f00146db13630f0e96"/>
</cim:Substation>
<cim:Substation rdf:ID="30000006_1527782272">
<cim:IdentifiedObject.name>寿宁县金源机电制造有限公司10kV电缆分支箱</cim:IdentifiedObject.name>
<iescim:PowerSystemResource.DeviceType>153</iescim:PowerSystemResource.DeviceType>
<iescim:PowerSystemResource.SubType>18</iescim:PowerSystemResource.SubType>
<cim:PowerSystemResource.PSRType rdf:resource="#30000006"/>
<iescim:PowerSystemResource.DeviceID>43065671436821899</iescim:PowerSystemResource.DeviceID>
<cim:PowerSystemResource.SubGeographicalRegion rdf:resource="#8a0f688f46db11f00146db13630f0e96"/>
</cim:Substation>
<cim:Breaker rdf:ID="11100000_213511">
<cim:IdentifiedObject.name>10kV武建Ⅱ线#011-2杆011-2开关</cim:IdentifiedObject.name>
<cim:IdentifiedObject.bianhao>011-2</cim:IdentifiedObject.bianhao>
<cim:PowerSystemResource.Circuit rdf:resource="#10000100_1536011881" />
<cim:ConductingEquipment.BaseVoltage rdf:resource="#BaseVoltage_5"/>
<iescim:PowerSystemResource.SubType>2</iescim:PowerSystemResource.SubType>
<iescim:PowerSystemResource.DeviceID>4503599627390062</iescim:PowerSystemResource.DeviceID>
<iescim:PowerSystemResource.DeviceType>16</iescim:PowerSystemResource.DeviceType>
<iescim:PowerSystemResource.Cxmc></iescim:PowerSystemResource.Cxmc>
</cim:Breaker>
<cim:Breaker rdf:ID="11100000_217337">
<cim:IdentifiedObject.name>10kV武建Ⅱ线#011-1杆011-1开关</cim:IdentifiedObject.name>
<cim:IdentifiedObject.bianhao>011-1</cim:IdentifiedObject.bianhao>
<cim:PowerSystemResource.Circuit rdf:resource="#10000100_1536011881" />
<cim:ConductingEquipment.BaseVoltage rdf:resource="#BaseVoltage_5"/>
<iescim:PowerSystemResource.SubType>2</iescim:PowerSystemResource.SubType>
<iescim:PowerSystemResource.DeviceID>4503599627390449</iescim:PowerSystemResource.DeviceID>
<iescim:PowerSystemResource.DeviceType>16</iescim:PowerSystemResource.DeviceType>
<iescim:PowerSystemResource.Cxmc></iescim:PowerSystemResource.Cxmc>
</cim:Breaker>
<cim:Breaker rdf:ID="30500000_1349694">
<cim:IdentifiedObject.name>武曲变电站.10kV.武建Ⅱ线间隔.934开关</cim:IdentifiedObject.name>
<cim:IdentifiedObject.bianhao>_</cim:IdentifiedObject.bianhao>
<cim:Equipment.EquipmentContainer rdf:resource="#30000000_74465"/>
<cim:PowerSystemResource.Circuit rdf:resource="#10000100_1536011881" />
<cim:ConductingEquipment.BaseVoltage rdf:resource="#BaseVoltage_5"/>
<iescim:PowerSystemResource.SubType>1</iescim:PowerSystemResource.SubType>
<iescim:PowerSystemResource.DeviceID>4503599627415653</iescim:PowerSystemResource.DeviceID>
<iescim:PowerSystemResource.DeviceType>16</iescim:PowerSystemResource.DeviceType>
<iescim:PowerSystemResource.Cxmc></iescim:PowerSystemResource.Cxmc>
</cim:Breaker>
<cim:Breaker rdf:ID="11100000_1503911060">
<cim:IdentifiedObject.name>10kV武建Ⅱ线#008杆008开关</cim:IdentifiedObject.name>
<cim:IdentifiedObject.bianhao>008</cim:IdentifiedObject.bianhao>
<cim:PowerSystemResource.Circuit rdf:resource="#10000100_1536011881" />
<cim:ConductingEquipment.BaseVoltage rdf:resource="#BaseVoltage_5"/>
<iescim:PowerSystemResource.SubType>2</iescim:PowerSystemResource.SubType>
<iescim:PowerSystemResource.DeviceID>4503599627580109</iescim:PowerSystemResource.DeviceID>
<iescim:PowerSystemResource.DeviceType>16</iescim:PowerSystemResource.DeviceType>
<iescim:PowerSystemResource.Cxmc></iescim:PowerSystemResource.Cxmc>
</cim:Breaker>
<cim:Breaker rdf:ID="30700000_1527805959">
<cim:IdentifiedObject.name>寿宁县金源机电制造有限公司10kV电缆分支箱 901开关</cim:IdentifiedObject.name>
<cim:IdentifiedObject.bianhao>901</cim:IdentifiedObject.bianhao>
<cim:Equipment.EquipmentContainer rdf:resource="#30000006_1527782272"/>
<cim:PowerSystemResource.Circuit rdf:resource="#10000100_1536011881" />
<cim:ConductingEquipment.BaseVoltage rdf:resource="#BaseVoltage_5"/>
<iescim:PowerSystemResource.SubType>4</iescim:PowerSystemResource.SubType>
<iescim:PowerSystemResource.DeviceID>4503599627609314</iescim:PowerSystemResource.DeviceID>
<iescim:PowerSystemResource.DeviceType>16</iescim:PowerSystemResource.DeviceType>
<iescim:PowerSystemResource.Cxmc></iescim:PowerSystemResource.Cxmc>
</cim:Breaker>
<cim:Breaker rdf:ID="11100000_1538148320">
<cim:IdentifiedObject.name>10kV武建Ⅱ线#006杆006开关</cim:IdentifiedObject.name>
<cim:IdentifiedObject.bianhao>006</cim:IdentifiedObject.bianhao>
<cim:PowerSystemResource.Circuit rdf:resource="#10000100_1536011881" />
<cim:ConductingEquipment.BaseVoltage rdf:resource="#BaseVoltage_5"/>
<iescim:PowerSystemResource.SubType>2</iescim:PowerSystemResource.SubType>
<iescim:PowerSystemResource.DeviceID>4503599627624173</iescim:PowerSystemResource.DeviceID>
<iescim:PowerSystemResource.DeviceType>16</iescim:PowerSystemResource.DeviceType>
<iescim:PowerSystemResource.Cxmc></iescim:PowerSystemResource.Cxmc>
</cim:Breaker>
<cim:Disconnector rdf:ID="11300000_1277519">
<cim:IdentifiedObject.name>10kV武建Ⅱ线#011-2杆011-2M1刀闸</cim:IdentifiedObject.name>
<cim:IdentifiedObject.bianhao>011-2M1</cim:IdentifiedObject.bianhao>
<cim:PowerSystemResource.Circuit rdf:resource="#10000100_1536011881" />
<cim:ConductingEquipment.BaseVoltage rdf:resource="#BaseVoltage_5"/>
<iescim:PowerSystemResource.SubType>6</iescim:PowerSystemResource.SubType>
<iescim:PowerSystemResource.DeviceID>4785074604138349</iescim:PowerSystemResource.DeviceID>
<iescim:PowerSystemResource.DeviceType>17</iescim:PowerSystemResource.DeviceType>
<iescim:PowerSystemResource.Cxmc></iescim:PowerSystemResource.Cxmc>
</cim:Disconnector>
<cim:Disconnector rdf:ID="11300000_3095625">
<cim:IdentifiedObject.name>10kV武建Ⅱ线#008杆0081刀闸</cim:IdentifiedObject.name>
<cim:IdentifiedObject.bianhao>0081</cim:IdentifiedObject.bianhao>
<cim:PowerSystemResource.Circuit rdf:resource="#10000100_1536011881" />
<cim:ConductingEquipment.BaseVoltage rdf:resource="#BaseVoltage_5"/>
<iescim:PowerSystemResource.SubType>6</iescim:PowerSystemResource.SubType>
<iescim:PowerSystemResource.DeviceID>4785074604177829</iescim:PowerSystemResource.DeviceID>
<iescim:PowerSystemResource.DeviceType>17</iescim:PowerSystemResource.DeviceType>
<iescim:PowerSystemResource.Cxmc></iescim:PowerSystemResource.Cxmc>
</cim:Disconnector>
<cim:Disconnector rdf:ID="11300000_3095628">
<cim:IdentifiedObject.name>10kV武建Ⅱ线#011杆0111刀闸</cim:IdentifiedObject.name>
<cim:IdentifiedObject.bianhao>0111</cim:IdentifiedObject.bianhao>
<cim:PowerSystemResource.Circuit rdf:resource="#10000100_1536011881" />
<cim:ConductingEquipment.BaseVoltage rdf:resource="#BaseVoltage_5"/>
<iescim:PowerSystemResource.SubType>6</iescim:PowerSystemResource.SubType>
<iescim:PowerSystemResource.DeviceID>4785074604177830</iescim:PowerSystemResource.DeviceID>
<iescim:PowerSystemResource.DeviceType>17</iescim:PowerSystemResource.DeviceType>
<iescim:PowerSystemResource.Cxmc></iescim:PowerSystemResource.Cxmc>
</cim:Disconnector>
<cim:Disconnector rdf:ID="11300000_3095654">
<cim:IdentifiedObject.name>10kV武建Ⅱ线#006A杆006A1刀闸</cim:IdentifiedObject.name>
<cim:IdentifiedObject.bianhao>006A1</cim:IdentifiedObject.bianhao>
<cim:PowerSystemResource.Circuit rdf:resource="#10000100_1536011881" />
<cim:ConductingEquipment.BaseVoltage rdf:resource="#BaseVoltage_5"/>
<iescim:PowerSystemResource.SubType>6</iescim:PowerSystemResource.SubType>
<iescim:PowerSystemResource.DeviceID>4785074604177831</iescim:PowerSystemResource.DeviceID>
<iescim:PowerSystemResource.DeviceType>17</iescim:PowerSystemResource.DeviceType>
<iescim:PowerSystemResource.Cxmc></iescim:PowerSystemResource.Cxmc>
</cim:Disconnector>
<cim:Disconnector rdf:ID="2542584">
<cim:IdentifiedObject.name>武曲变电站.10kV.武建Ⅱ线间隔.934手车刀闸</cim:IdentifiedObject.name>
<cim:IdentifiedObject.bianhao>_</cim:IdentifiedObject.bianhao>
<cim:Equipment.EquipmentContainer rdf:resource="#30000000_74465"/>
<cim:PowerSystemResource.Circuit rdf:resource="#10000100_1536011881" />
<cim:ConductingEquipment.BaseVoltage rdf:resource="#BaseVoltage_5"/>
<iescim:PowerSystemResource.SubType>5</iescim:PowerSystemResource.SubType>
<iescim:PowerSystemResource.DeviceID>4785074604190756</iescim:PowerSystemResource.DeviceID>
<iescim:PowerSystemResource.DeviceType>17</iescim:PowerSystemResource.DeviceType>
<iescim:PowerSystemResource.Cxmc></iescim:PowerSystemResource.Cxmc>
</cim:Disconnector>
<cim:Disconnector rdf:ID="30600001_1826288">
<cim:IdentifiedObject.name>武曲变电站.10kV.武建Ⅱ线间隔.9346接地刀闸</cim:IdentifiedObject.name>
<cim:IdentifiedObject.bianhao>_</cim:IdentifiedObject.bianhao>
<cim:Equipment.EquipmentContainer rdf:resource="#30000000_74465"/>
<cim:PowerSystemResource.Circuit rdf:resource="#10000100_1536011881" />
<cim:ConductingEquipment.BaseVoltage rdf:resource="#BaseVoltage_5"/>
<iescim:PowerSystemResource.SubType>9</iescim:PowerSystemResource.SubType>
<iescim:PowerSystemResource.DeviceID>4785074604198626</iescim:PowerSystemResource.DeviceID>
<iescim:PowerSystemResource.DeviceType>17</iescim:PowerSystemResource.DeviceType>
<iescim:PowerSystemResource.Cxmc></iescim:PowerSystemResource.Cxmc>
</cim:Disconnector>
<cim:Disconnector rdf:ID="11300000_1536162317">
<cim:IdentifiedObject.name>10kV武建Ⅱ线#001杆0011刀闸</cim:IdentifiedObject.name>
<cim:IdentifiedObject.bianhao>0011</cim:IdentifiedObject.bianhao>
<cim:PowerSystemResource.Circuit rdf:resource="#10000100_1536011881" />
<cim:ConductingEquipment.BaseVoltage rdf:resource="#BaseVoltage_5"/>
<iescim:PowerSystemResource.SubType>6</iescim:PowerSystemResource.SubType>
<iescim:PowerSystemResource.DeviceID>4785074604323346</iescim:PowerSystemResource.DeviceID>
<iescim:PowerSystemResource.DeviceType>17</iescim:PowerSystemResource.DeviceType>
<iescim:PowerSystemResource.Cxmc></iescim:PowerSystemResource.Cxmc>
</cim:Disconnector>
<cim:Disconnector rdf:ID="11300000_1538176973">
<cim:IdentifiedObject.name>10kV武建Ⅱ线#006杆0061刀闸</cim:IdentifiedObject.name>
<cim:IdentifiedObject.bianhao>0061</cim:IdentifiedObject.bianhao>
<cim:PowerSystemResource.Circuit rdf:resource="#10000100_1536011881" />
<cim:ConductingEquipment.BaseVoltage rdf:resource="#BaseVoltage_5"/>
<iescim:PowerSystemResource.SubType>6</iescim:PowerSystemResource.SubType>
<iescim:PowerSystemResource.DeviceID>4785074604324440</iescim:PowerSystemResource.DeviceID>
<iescim:PowerSystemResource.DeviceType>17</iescim:PowerSystemResource.DeviceType>
<iescim:PowerSystemResource.Cxmc></iescim:PowerSystemResource.Cxmc>
</cim:Disconnector>
<cim:Fuse rdf:ID="11500000_687333">
<cim:IdentifiedObject.name>10kV武建Ⅱ线#011-2杆011-2M2跌落式熔断器</cim:IdentifiedObject.name>
<cim:IdentifiedObject.bianhao>031-2M2</cim:IdentifiedObject.bianhao>
<cim:PowerSystemResource.Circuit rdf:resource="#10000100_1536011881" />
<cim:ConductingEquipment.BaseVoltage rdf:resource="#BaseVoltage_5"/>
<iescim:PowerSystemResource.SubType>1</iescim:PowerSystemResource.SubType>
<iescim:PowerSystemResource.DeviceID>8162774324666245</iescim:PowerSystemResource.DeviceID>
<iescim:PowerSystemResource.DeviceType>29</iescim:PowerSystemResource.DeviceType>
<iescim:PowerSystemResource.Cxmc></iescim:PowerSystemResource.Cxmc>
</cim:Fuse>
<cim:Fuse rdf:ID="11500000_687334">
<cim:IdentifiedObject.name>10kV武建Ⅱ线#011-2杆011-2AM2跌落式熔断器</cim:IdentifiedObject.name>
<cim:IdentifiedObject.bianhao>031-2AM2</cim:IdentifiedObject.bianhao>
<cim:PowerSystemResource.Circuit rdf:resource="#10000100_1536011881" />
<cim:ConductingEquipment.BaseVoltage rdf:resource="#BaseVoltage_5"/>
<iescim:PowerSystemResource.SubType>1</iescim:PowerSystemResource.SubType>
<iescim:PowerSystemResource.DeviceID>8162774324666246</iescim:PowerSystemResource.DeviceID>
<iescim:PowerSystemResource.DeviceType>29</iescim:PowerSystemResource.DeviceType>
<iescim:PowerSystemResource.Cxmc></iescim:PowerSystemResource.Cxmc>
</cim:Fuse>
<cim:Fuse rdf:ID="11500000_1604065">
<cim:IdentifiedObject.name>10kV武建Ⅱ线#006A-1杆006A-1M2跌落式熔断器</cim:IdentifiedObject.name>
<cim:IdentifiedObject.bianhao>026-1M2</cim:IdentifiedObject.bianhao>
<cim:PowerSystemResource.Circuit rdf:resource="#10000100_1536011881" />
<cim:ConductingEquipment.BaseVoltage rdf:resource="#BaseVoltage_5"/>
<iescim:PowerSystemResource.SubType>1</iescim:PowerSystemResource.SubType>
<iescim:PowerSystemResource.DeviceID>8162774324705710</iescim:PowerSystemResource.DeviceID>
<iescim:PowerSystemResource.DeviceType>29</iescim:PowerSystemResource.DeviceType>
<iescim:PowerSystemResource.Cxmc></iescim:PowerSystemResource.Cxmc>
</cim:Fuse>
<cim:PowerTransformer rdf:ID="11000001_645077">
<cim:IdentifiedObject.name>寿宁县金源机电制造有限公司#1变</cim:IdentifiedObject.name>
<cim:IdentifiedObject.bianhao></cim:IdentifiedObject.bianhao>
<cim:PowerSystemResource.Circuit rdf:resource="#10000100_1536011881" />
<cim:ConductingEquipment.BaseVoltage rdf:resource="#BaseVoltage_5"/>
<iescim:PowerSystemResource.SubType>1</iescim:PowerSystemResource.SubType>
<iescim:PowerSystemResource.DeviceID>12384898975288745</iescim:PowerSystemResource.DeviceID>
<iescim:PowerSystemResource.DeviceType>44</iescim:PowerSystemResource.DeviceType>
<iescim:PowerSystemResource.UserType>0</iescim:PowerSystemResource.UserType>
<iescim:PowerSystemResource.TaiQuHao>_</iescim:PowerSystemResource.TaiQuHao>
</cim:PowerTransformer>
<cim:PowerTransformer rdf:ID="11000000_1530901">
<cim:IdentifiedObject.name>余坑村G5032变</cim:IdentifiedObject.name>
<cim:IdentifiedObject.bianhao></cim:IdentifiedObject.bianhao>
<cim:PowerSystemResource.Circuit rdf:resource="#10000100_1536011881" />
<cim:ConductingEquipment.BaseVoltage rdf:resource="#BaseVoltage_5"/>
<iescim:PowerSystemResource.SubType>1</iescim:PowerSystemResource.SubType>
<iescim:PowerSystemResource.DeviceID>12384898975299578</iescim:PowerSystemResource.DeviceID>
<iescim:PowerSystemResource.DeviceType>44</iescim:PowerSystemResource.DeviceType>
<iescim:PowerSystemResource.UserType>0</iescim:PowerSystemResource.UserType>
<iescim:PowerSystemResource.TaiQuHao>_</iescim:PowerSystemResource.TaiQuHao>
</cim:PowerTransformer>
<cim:PowerTransformer rdf:ID="11000001_1514786589">
<cim:IdentifiedObject.name>寿宁县金源机电制造有限公司#2变</cim:IdentifiedObject.name>
<cim:IdentifiedObject.bianhao></cim:IdentifiedObject.bianhao>
<cim:PowerSystemResource.Circuit rdf:resource="#10000100_1536011881" />
<cim:ConductingEquipment.BaseVoltage rdf:resource="#BaseVoltage_5"/>
<iescim:PowerSystemResource.SubType>1</iescim:PowerSystemResource.SubType>
<iescim:PowerSystemResource.DeviceID>12384898975311203</iescim:PowerSystemResource.DeviceID>
<iescim:PowerSystemResource.DeviceType>44</iescim:PowerSystemResource.DeviceType>
<iescim:PowerSystemResource.UserType>0</iescim:PowerSystemResource.UserType>
<iescim:PowerSystemResource.TaiQuHao>_</iescim:PowerSystemResource.TaiQuHao>
</cim:PowerTransformer>
<cim:BusbarSection rdf:ID="31100000_88909">
<cim:IdentifiedObject.name>武曲变电站.10kV.Ⅰ段母线</cim:IdentifiedObject.name>
<cim:IdentifiedObject.bianhao></cim:IdentifiedObject.bianhao>
<cim:Equipment.EquipmentContainer rdf:resource="#30000000_74465"/>
<cim:PowerSystemResource.Circuit rdf:resource="#_" />
<cim:ConductingEquipment.BaseVoltage rdf:resource="#BaseVoltage_5"/>
<iescim:PowerSystemResource.SubType>0</iescim:PowerSystemResource.SubType>
<iescim:PowerSystemResource.DeviceID>5348024557509261</iescim:PowerSystemResource.DeviceID>
<iescim:PowerSystemResource.DeviceType>19</iescim:PowerSystemResource.DeviceType>
</cim:BusbarSection>
<cim:BusbarSection rdf:ID="31100000_89624">
<cim:IdentifiedObject.name>武曲变电站.10kV.Ⅱ段母线</cim:IdentifiedObject.name>
<cim:IdentifiedObject.bianhao></cim:IdentifiedObject.bianhao>
<cim:Equipment.EquipmentContainer rdf:resource="#30000000_74465"/>
<cim:PowerSystemResource.Circuit rdf:resource="#_" />
<cim:ConductingEquipment.BaseVoltage rdf:resource="#BaseVoltage_5"/>
<iescim:PowerSystemResource.SubType>0</iescim:PowerSystemResource.SubType>
<iescim:PowerSystemResource.DeviceID>5348024557509286</iescim:PowerSystemResource.DeviceID>
<iescim:PowerSystemResource.DeviceType>19</iescim:PowerSystemResource.DeviceType>
</cim:BusbarSection>
<cim:BusbarSection rdf:ID="31100000_615897">
<cim:IdentifiedObject.name>武曲变电站.10kV.Ⅲ段母线</cim:IdentifiedObject.name>
<cim:IdentifiedObject.bianhao></cim:IdentifiedObject.bianhao>
<cim:Equipment.EquipmentContainer rdf:resource="#30000000_74465"/>
<cim:PowerSystemResource.Circuit rdf:resource="#_" />
<cim:ConductingEquipment.BaseVoltage rdf:resource="#BaseVoltage_5"/>
<iescim:PowerSystemResource.SubType>0</iescim:PowerSystemResource.SubType>
<iescim:PowerSystemResource.DeviceID>5348024557539173</iescim:PowerSystemResource.DeviceID>
<iescim:PowerSystemResource.DeviceType>19</iescim:PowerSystemResource.DeviceType>
</cim:BusbarSection>
<cim:BusbarSection rdf:ID="31100000_1527775350">
<cim:IdentifiedObject.name>寿宁县金源机电制造有限公司10kV电缆分支箱 10kVI段母线</cim:IdentifiedObject.name>
<cim:IdentifiedObject.bianhao></cim:IdentifiedObject.bianhao>
<cim:Equipment.EquipmentContainer rdf:resource="#30000006_1527782272"/>
<cim:PowerSystemResource.Circuit rdf:resource="#10000100_1536011881" />
<cim:ConductingEquipment.BaseVoltage rdf:resource="#BaseVoltage_5"/>
<iescim:PowerSystemResource.SubType>0</iescim:PowerSystemResource.SubType>
<iescim:PowerSystemResource.DeviceID>5348024557555841</iescim:PowerSystemResource.DeviceID>
<iescim:PowerSystemResource.DeviceType>19</iescim:PowerSystemResource.DeviceType>
</cim:BusbarSection>
<cim:ACLineSegment rdf:ID="13000000_9201765">
<cim:IdentifiedObject.name>未命名</cim:IdentifiedObject.name>
<cim:IdentifiedObject.bianhao></cim:IdentifiedObject.bianhao>
<cim:PowerSystemResource.Circuit rdf:resource="#10000100_1536011881" />
<cim:ConductingEquipment.BaseVoltage rdf:resource="#BaseVoltage_5"/>
<iescim:PowerSystemResource.SubType>3</iescim:PowerSystemResource.SubType>
<iescim:PowerSystemResource.DeviceID>5629499534384022</iescim:PowerSystemResource.DeviceID>
<iescim:PowerSystemResource.DeviceType>20</iescim:PowerSystemResource.DeviceType>
</cim:ACLineSegment>
<cim:ACLineSegment rdf:ID="13000000_9237539">
<cim:IdentifiedObject.name>站外-连接线</cim:IdentifiedObject.name>
<cim:IdentifiedObject.bianhao></cim:IdentifiedObject.bianhao>
<cim:PowerSystemResource.Circuit rdf:resource="#10000100_1536011881" />
<cim:ConductingEquipment.BaseVoltage rdf:resource="#BaseVoltage_5"/>
<iescim:PowerSystemResource.SubType>3</iescim:PowerSystemResource.SubType>
<iescim:PowerSystemResource.DeviceID>5629499534384047</iescim:PowerSystemResource.DeviceID>
<iescim:PowerSystemResource.DeviceType>20</iescim:PowerSystemResource.DeviceType>
</cim:ACLineSegment>
<cim:ACLineSegment rdf:ID="13000000_9239976">
<cim:IdentifiedObject.name>未命名</cim:IdentifiedObject.name>
<cim:IdentifiedObject.bianhao></cim:IdentifiedObject.bianhao>
<cim:PowerSystemResource.Circuit rdf:resource="#10000100_1536011881" />
<cim:ConductingEquipment.BaseVoltage rdf:resource="#BaseVoltage_5"/>
<iescim:PowerSystemResource.SubType>3</iescim:PowerSystemResource.SubType>
<iescim:PowerSystemResource.DeviceID>5629499534384049</iescim:PowerSystemResource.DeviceID>
<iescim:PowerSystemResource.DeviceType>20</iescim:PowerSystemResource.DeviceType>
</cim:ACLineSegment>
<cim:ACLineSegment rdf:ID="13000000_9274822">
<cim:IdentifiedObject.name>站外-连接线</cim:IdentifiedObject.name>
<cim:IdentifiedObject.bianhao></cim:IdentifiedObject.bianhao>
<cim:PowerSystemResource.Circuit rdf:resource="#10000100_1536011881" />
<cim:ConductingEquipment.BaseVoltage rdf:resource="#BaseVoltage_5"/>
<iescim:PowerSystemResource.SubType>3</iescim:PowerSystemResource.SubType>
<iescim:PowerSystemResource.DeviceID>5629499534384079</iescim:PowerSystemResource.DeviceID>
<iescim:PowerSystemResource.DeviceType>20</iescim:PowerSystemResource.DeviceType>
</cim:ACLineSegment>
<cim:ACLineSegment rdf:ID="10100000_11614379">
<cim:IdentifiedObject.name>10kV武建Ⅱ线#011杆-10kV武建Ⅱ线#011-1杆</cim:IdentifiedObject.name>
<cim:IdentifiedObject.bianhao></cim:IdentifiedObject.bianhao>
<cim:PowerSystemResource.Circuit rdf:resource="#10000100_1536011881" />
<cim:ConductingEquipment.BaseVoltage rdf:resource="#BaseVoltage_5"/>
<iescim:PowerSystemResource.SubType>2</iescim:PowerSystemResource.SubType>
<iescim:PowerSystemResource.DeviceID>5629499534559271</iescim:PowerSystemResource.DeviceID>
<iescim:PowerSystemResource.DeviceType>20</iescim:PowerSystemResource.DeviceType>
</cim:ACLineSegment>
<cim:ACLineSegment rdf:ID="10100000_11614421">
<cim:IdentifiedObject.name>10kV武建Ⅱ线#006A杆-10kV武建Ⅱ线#006A-1杆</cim:IdentifiedObject.name>
<cim:IdentifiedObject.bianhao></cim:IdentifiedObject.bianhao>
<cim:PowerSystemResource.Circuit rdf:resource="#10000100_1536011881" />
<cim:ConductingEquipment.BaseVoltage rdf:resource="#BaseVoltage_5"/>
<iescim:PowerSystemResource.SubType>2</iescim:PowerSystemResource.SubType>
<iescim:PowerSystemResource.DeviceID>5629499534559272</iescim:PowerSystemResource.DeviceID>
<iescim:PowerSystemResource.DeviceType>20</iescim:PowerSystemResource.DeviceType>
</cim:ACLineSegment>
<cim:ACLineSegment rdf:ID="13000000_14949252">
<cim:IdentifiedObject.name>-连接线-</cim:IdentifiedObject.name>
<cim:IdentifiedObject.bianhao></cim:IdentifiedObject.bianhao>
<cim:PowerSystemResource.Circuit rdf:resource="#10000100_1536011881" />
<cim:ConductingEquipment.BaseVoltage rdf:resource="#BaseVoltage_5"/>
<iescim:PowerSystemResource.SubType>3</iescim:PowerSystemResource.SubType>
<iescim:PowerSystemResource.DeviceID>5629499534559292</iescim:PowerSystemResource.DeviceID>
<iescim:PowerSystemResource.DeviceType>20</iescim:PowerSystemResource.DeviceType>
</cim:ACLineSegment>
<cim:ACLineSegment rdf:ID="13000000_14949262">
<cim:IdentifiedObject.name>-连接线-</cim:IdentifiedObject.name>
<cim:IdentifiedObject.bianhao></cim:IdentifiedObject.bianhao>
<cim:PowerSystemResource.Circuit rdf:resource="#10000100_1536011881" />
<cim:ConductingEquipment.BaseVoltage rdf:resource="#BaseVoltage_5"/>
<iescim:PowerSystemResource.SubType>3</iescim:PowerSystemResource.SubType>
<iescim:PowerSystemResource.DeviceID>5629499534559294</iescim:PowerSystemResource.DeviceID>
<iescim:PowerSystemResource.DeviceType>20</iescim:PowerSystemResource.DeviceType>
</cim:ACLineSegment>
<cim:ACLineSegment rdf:ID="13000000_14949342">
<cim:IdentifiedObject.name>-连接线-</cim:IdentifiedObject.name>
<cim:IdentifiedObject.bianhao></cim:IdentifiedObject.bianhao>
<cim:PowerSystemResource.Circuit rdf:resource="#10000100_7872" />
<cim:ConductingEquipment.BaseVoltage rdf:resource="#BaseVoltage_5"/>
<iescim:PowerSystemResource.SubType>3</iescim:PowerSystemResource.SubType>
<iescim:PowerSystemResource.DeviceID>5629499534559295</iescim:PowerSystemResource.DeviceID>
<iescim:PowerSystemResource.DeviceType>20</iescim:PowerSystemResource.DeviceType>
</cim:ACLineSegment>
<cim:ACLineSegment rdf:ID="13000000_14949353">
<cim:IdentifiedObject.name>-连接线-</cim:IdentifiedObject.name>
<cim:IdentifiedObject.bianhao></cim:IdentifiedObject.bianhao>
<cim:PowerSystemResource.Circuit rdf:resource="#10000100_7872" />
<cim:ConductingEquipment.BaseVoltage rdf:resource="#BaseVoltage_5"/>
<iescim:PowerSystemResource.SubType>3</iescim:PowerSystemResource.SubType>
<iescim:PowerSystemResource.DeviceID>5629499534559296</iescim:PowerSystemResource.DeviceID>
<iescim:PowerSystemResource.DeviceType>20</iescim:PowerSystemResource.DeviceType>
</cim:ACLineSegment>
<cim:ACLineSegment rdf:ID="13000000_15035659">
<cim:IdentifiedObject.name>站外-连接线</cim:IdentifiedObject.name>
<cim:IdentifiedObject.bianhao></cim:IdentifiedObject.bianhao>
<cim:PowerSystemResource.Circuit rdf:resource="#10000100_7872" />
<cim:ConductingEquipment.BaseVoltage rdf:resource="#BaseVoltage_5"/>
<iescim:PowerSystemResource.SubType>3</iescim:PowerSystemResource.SubType>
<iescim:PowerSystemResource.DeviceID>5629499534562966</iescim:PowerSystemResource.DeviceID>
<iescim:PowerSystemResource.DeviceType>20</iescim:PowerSystemResource.DeviceType>
</cim:ACLineSegment>
<cim:ACLineSegment rdf:ID="10100000_11596486">
<cim:IdentifiedObject.name>10kV武建Ⅱ线#009杆-10kV武建Ⅱ线#010杆</cim:IdentifiedObject.name>
<cim:IdentifiedObject.bianhao></cim:IdentifiedObject.bianhao>
<cim:PowerSystemResource.Circuit rdf:resource="#10000100_1536011881" />
<cim:ConductingEquipment.BaseVoltage rdf:resource="#BaseVoltage_5"/>
<iescim:PowerSystemResource.SubType>2</iescim:PowerSystemResource.SubType>
<iescim:PowerSystemResource.DeviceID>5629499537332071</iescim:PowerSystemResource.DeviceID>
<iescim:PowerSystemResource.DeviceType>20</iescim:PowerSystemResource.DeviceType>
</cim:ACLineSegment>
<cim:ACLineSegment rdf:ID="13000000_1514818821">
<cim:IdentifiedObject.name>站外-连接线</cim:IdentifiedObject.name>
<cim:IdentifiedObject.bianhao></cim:IdentifiedObject.bianhao>
<cim:PowerSystemResource.Circuit rdf:resource="#10000100_1536011881" />
<cim:ConductingEquipment.BaseVoltage rdf:resource="#BaseVoltage_5"/>
<iescim:PowerSystemResource.SubType>3</iescim:PowerSystemResource.SubType>
<iescim:PowerSystemResource.DeviceID>5629499537487921</iescim:PowerSystemResource.DeviceID>
<iescim:PowerSystemResource.DeviceType>20</iescim:PowerSystemResource.DeviceType>
</cim:ACLineSegment>
<cim:ACLineSegment rdf:ID="36000000_1527788470">
<cim:IdentifiedObject.name>站内-连接线</cim:IdentifiedObject.name>
<cim:IdentifiedObject.bianhao></cim:IdentifiedObject.bianhao>
<cim:Equipment.EquipmentContainer rdf:resource="#30000006_1527782272"/>
<cim:PowerSystemResource.Circuit rdf:resource="#10000100_1536011881" />
<cim:ConductingEquipment.BaseVoltage rdf:resource="#BaseVoltage_5"/>
<iescim:PowerSystemResource.SubType>3</iescim:PowerSystemResource.SubType>
<iescim:PowerSystemResource.DeviceID>5629499537635446</iescim:PowerSystemResource.DeviceID>
<iescim:PowerSystemResource.DeviceType>20</iescim:PowerSystemResource.DeviceType>
</cim:ACLineSegment>
<cim:ACLineSegment rdf:ID="20100000_1527780718">
<cim:IdentifiedObject.name>10kV工业Ⅱ线016线路#110kV工业Ⅱ线016线路-电缆终端头</cim:IdentifiedObject.name>
<cim:IdentifiedObject.bianhao></cim:IdentifiedObject.bianhao>
<cim:PowerSystemResource.Circuit rdf:resource="#10000100_1536011881" />
<cim:ConductingEquipment.BaseVoltage rdf:resource="#BaseVoltage_5"/>
<iescim:PowerSystemResource.SubType>1</iescim:PowerSystemResource.SubType>
<iescim:PowerSystemResource.DeviceID>5629499537635448</iescim:PowerSystemResource.DeviceID>
<iescim:PowerSystemResource.DeviceType>20</iescim:PowerSystemResource.DeviceType>
</cim:ACLineSegment>
<cim:ACLineSegment rdf:ID="20100000_1527775618">
<cim:IdentifiedObject.name>10kV工业Ⅱ线016线路#031-1杆031-1开关-电缆终端头</cim:IdentifiedObject.name>
<cim:IdentifiedObject.bianhao></cim:IdentifiedObject.bianhao>
<cim:PowerSystemResource.Circuit rdf:resource="#10000100_1536011881" />
<cim:ConductingEquipment.BaseVoltage rdf:resource="#BaseVoltage_5"/>
<iescim:PowerSystemResource.SubType>1</iescim:PowerSystemResource.SubType>
<iescim:PowerSystemResource.DeviceID>5629499537635449</iescim:PowerSystemResource.DeviceID>
<iescim:PowerSystemResource.DeviceType>20</iescim:PowerSystemResource.DeviceType>
</cim:ACLineSegment>
<cim:ACLineSegment rdf:ID="14000000_1527786027">
<cim:IdentifiedObject.name>寿宁县金源机电制造有限公司10kV电缆分支箱 10kVI段母线站内终端头站外-超连接线</cim:IdentifiedObject.name>
<cim:IdentifiedObject.bianhao></cim:IdentifiedObject.bianhao>
<cim:PowerSystemResource.Circuit rdf:resource="#10000100_1536011881" />
<cim:ConductingEquipment.BaseVoltage rdf:resource="#BaseVoltage_5"/>
<iescim:PowerSystemResource.SubType>1</iescim:PowerSystemResource.SubType>
<iescim:PowerSystemResource.DeviceID>5629499537635450</iescim:PowerSystemResource.DeviceID>
<iescim:PowerSystemResource.DeviceType>20</iescim:PowerSystemResource.DeviceType>
</cim:ACLineSegment>
<cim:ACLineSegment rdf:ID="13000000_1527788987">
<cim:IdentifiedObject.name>站外-连接线</cim:IdentifiedObject.name>
<cim:IdentifiedObject.bianhao></cim:IdentifiedObject.bianhao>
<cim:PowerSystemResource.Circuit rdf:resource="#10000100_1536011881" />
<cim:ConductingEquipment.BaseVoltage rdf:resource="#BaseVoltage_5"/>
<iescim:PowerSystemResource.SubType>3</iescim:PowerSystemResource.SubType>
<iescim:PowerSystemResource.DeviceID>5629499537635452</iescim:PowerSystemResource.DeviceID>
<iescim:PowerSystemResource.DeviceType>20</iescim:PowerSystemResource.DeviceType>
</cim:ACLineSegment>
<cim:ACLineSegment rdf:ID="13000000_1527786256">
<cim:IdentifiedObject.name>站外-连接线</cim:IdentifiedObject.name>
<cim:IdentifiedObject.bianhao></cim:IdentifiedObject.bianhao>
<cim:PowerSystemResource.Circuit rdf:resource="#10000100_1536011881" />
<cim:ConductingEquipment.BaseVoltage rdf:resource="#BaseVoltage_5"/>
<iescim:PowerSystemResource.SubType>3</iescim:PowerSystemResource.SubType>
<iescim:PowerSystemResource.DeviceID>5629499537635453</iescim:PowerSystemResource.DeviceID>
<iescim:PowerSystemResource.DeviceType>20</iescim:PowerSystemResource.DeviceType>
</cim:ACLineSegment>
<cim:ACLineSegment rdf:ID="10100000_1527784898">
<cim:IdentifiedObject.name>10kV武建Ⅱ线#011-2杆-10kV武建线#011-1A杆</cim:IdentifiedObject.name>
<cim:IdentifiedObject.bianhao></cim:IdentifiedObject.bianhao>
<cim:PowerSystemResource.Circuit rdf:resource="#10000100_1536011881" />
<cim:ConductingEquipment.BaseVoltage rdf:resource="#BaseVoltage_5"/>
<iescim:PowerSystemResource.SubType>2</iescim:PowerSystemResource.SubType>
<iescim:PowerSystemResource.DeviceID>5629499537635454</iescim:PowerSystemResource.DeviceID>
<iescim:PowerSystemResource.DeviceType>20</iescim:PowerSystemResource.DeviceType>
</cim:ACLineSegment>
<cim:ACLineSegment rdf:ID="13000000_1528482900">
<cim:IdentifiedObject.name>10kV工业Ⅱ线016线路#028杆028开关连接线</cim:IdentifiedObject.name>
<cim:IdentifiedObject.bianhao></cim:IdentifiedObject.bianhao>
<cim:PowerSystemResource.Circuit rdf:resource="#10000100_1536011881" />
<cim:ConductingEquipment.BaseVoltage rdf:resource="#BaseVoltage_5"/>
<iescim:PowerSystemResource.SubType>3</iescim:PowerSystemResource.SubType>
<iescim:PowerSystemResource.DeviceID>5629499537648473</iescim:PowerSystemResource.DeviceID>
<iescim:PowerSystemResource.DeviceType>20</iescim:PowerSystemResource.DeviceType>
</cim:ACLineSegment>
<cim:ACLineSegment rdf:ID="13000000_1536071732">
<cim:IdentifiedObject.name>10kV武建Ⅱ线934线路#001杆001开关连接线</cim:IdentifiedObject.name>
<cim:IdentifiedObject.bianhao></cim:IdentifiedObject.bianhao>
<cim:PowerSystemResource.Circuit rdf:resource="#10000100_1536011881" />
<cim:ConductingEquipment.BaseVoltage rdf:resource="#BaseVoltage_5"/>
<iescim:PowerSystemResource.SubType>3</iescim:PowerSystemResource.SubType>
<iescim:PowerSystemResource.DeviceID>5629499537836895</iescim:PowerSystemResource.DeviceID>
<iescim:PowerSystemResource.DeviceType>20</iescim:PowerSystemResource.DeviceType>
</cim:ACLineSegment>
<cim:ACLineSegment rdf:ID="13000000_1536164962">
<cim:IdentifiedObject.name>站外-连接线</cim:IdentifiedObject.name>
<cim:IdentifiedObject.bianhao></cim:IdentifiedObject.bianhao>
<cim:PowerSystemResource.Circuit rdf:resource="#10000100_1536011881" />
<cim:ConductingEquipment.BaseVoltage rdf:resource="#BaseVoltage_5"/>
<iescim:PowerSystemResource.SubType>3</iescim:PowerSystemResource.SubType>
<iescim:PowerSystemResource.DeviceID>5629499537836897</iescim:PowerSystemResource.DeviceID>
<iescim:PowerSystemResource.DeviceType>20</iescim:PowerSystemResource.DeviceType>
</cim:ACLineSegment>
<cim:ACLineSegment rdf:ID="14000000_1536057601">
<cim:IdentifiedObject.name>电缆终端头站外-超连接线</cim:IdentifiedObject.name>
<cim:IdentifiedObject.bianhao></cim:IdentifiedObject.bianhao>
<cim:PowerSystemResource.Circuit rdf:resource="#10000100_1536011881" />
<cim:ConductingEquipment.BaseVoltage rdf:resource="#BaseVoltage_5"/>
<iescim:PowerSystemResource.SubType>1</iescim:PowerSystemResource.SubType>
<iescim:PowerSystemResource.DeviceID>5629499537836899</iescim:PowerSystemResource.DeviceID>
<iescim:PowerSystemResource.DeviceType>20</iescim:PowerSystemResource.DeviceType>
</cim:ACLineSegment>
<cim:ACLineSegment rdf:ID="20100000_1536064015">
<cim:IdentifiedObject.name>10kV武建Ⅱ线934线路#001杆001开关连接线电缆终端头-电缆终端头</cim:IdentifiedObject.name>
<cim:IdentifiedObject.bianhao></cim:IdentifiedObject.bianhao>
<cim:PowerSystemResource.Circuit rdf:resource="#10000100_1536011881" />
<cim:ConductingEquipment.BaseVoltage rdf:resource="#BaseVoltage_5"/>
<iescim:PowerSystemResource.SubType>1</iescim:PowerSystemResource.SubType>
<iescim:PowerSystemResource.DeviceID>5629499537836900</iescim:PowerSystemResource.DeviceID>
<iescim:PowerSystemResource.DeviceType>20</iescim:PowerSystemResource.DeviceType>
</cim:ACLineSegment>
<cim:ACLineSegment rdf:ID="10100000_11596482">
<cim:IdentifiedObject.name>10kV武建Ⅱ线#006杆-10kV武建Ⅱ线#006A杆</cim:IdentifiedObject.name>
<cim:IdentifiedObject.bianhao></cim:IdentifiedObject.bianhao>
<cim:PowerSystemResource.Circuit rdf:resource="#10000100_1536011881" />
<cim:ConductingEquipment.BaseVoltage rdf:resource="#BaseVoltage_5"/>
<iescim:PowerSystemResource.SubType>2</iescim:PowerSystemResource.SubType>
<iescim:PowerSystemResource.DeviceID>5629499537879036</iescim:PowerSystemResource.DeviceID>
<iescim:PowerSystemResource.DeviceType>20</iescim:PowerSystemResource.DeviceType>
</cim:ACLineSegment>
<cim:ACLineSegment rdf:ID="10100000_11596484">
<cim:IdentifiedObject.name>10kV武建Ⅱ线#007杆-10kV武建Ⅱ线#008杆</cim:IdentifiedObject.name>
<cim:IdentifiedObject.bianhao></cim:IdentifiedObject.bianhao>
<cim:PowerSystemResource.Circuit rdf:resource="#10000100_1536011881" />
<cim:ConductingEquipment.BaseVoltage rdf:resource="#BaseVoltage_5"/>
<iescim:PowerSystemResource.SubType>2</iescim:PowerSystemResource.SubType>
<iescim:PowerSystemResource.DeviceID>5629499537879037</iescim:PowerSystemResource.DeviceID>
<iescim:PowerSystemResource.DeviceType>20</iescim:PowerSystemResource.DeviceType>
</cim:ACLineSegment>
<cim:ACLineSegment rdf:ID="10100000_1536071642">
<cim:IdentifiedObject.name>10kV武建Ⅱ线#001杆-10kV武建Ⅱ线#002杆</cim:IdentifiedObject.name>
<cim:IdentifiedObject.bianhao></cim:IdentifiedObject.bianhao>
<cim:PowerSystemResource.Circuit rdf:resource="#10000100_1536011881" />
<cim:ConductingEquipment.BaseVoltage rdf:resource="#BaseVoltage_5"/>
<iescim:PowerSystemResource.SubType>2</iescim:PowerSystemResource.SubType>
<iescim:PowerSystemResource.DeviceID>5629499537879040</iescim:PowerSystemResource.DeviceID>
<iescim:PowerSystemResource.DeviceType>20</iescim:PowerSystemResource.DeviceType>
</cim:ACLineSegment>
<cim:ACLineSegment rdf:ID="10100000_1538252099">
<cim:IdentifiedObject.name>10kV武建Ⅱ线#006A杆-10kV武建Ⅱ线#007杆</cim:IdentifiedObject.name>
<cim:IdentifiedObject.bianhao></cim:IdentifiedObject.bianhao>
<cim:PowerSystemResource.Circuit rdf:resource="#10000100_1536011881" />
<cim:ConductingEquipment.BaseVoltage rdf:resource="#BaseVoltage_5"/>
<iescim:PowerSystemResource.SubType>2</iescim:PowerSystemResource.SubType>
<iescim:PowerSystemResource.DeviceID>5629499537879048</iescim:PowerSystemResource.DeviceID>
<iescim:PowerSystemResource.DeviceType>20</iescim:PowerSystemResource.DeviceType>
</cim:ACLineSegment>
<cim:ACLineSegment rdf:ID="13000000_1538176998">
<cim:IdentifiedObject.name>站外-连接线</cim:IdentifiedObject.name>
<cim:IdentifiedObject.bianhao></cim:IdentifiedObject.bianhao>
<cim:PowerSystemResource.Circuit rdf:resource="#10000100_1536011881" />
<cim:ConductingEquipment.BaseVoltage rdf:resource="#BaseVoltage_5"/>
<iescim:PowerSystemResource.SubType>3</iescim:PowerSystemResource.SubType>
<iescim:PowerSystemResource.DeviceID>5629499537879052</iescim:PowerSystemResource.DeviceID>
<iescim:PowerSystemResource.DeviceType>20</iescim:PowerSystemResource.DeviceType>
</cim:ACLineSegment>
<cim:ACLineSegment rdf:ID="13000000_1538176999">
<cim:IdentifiedObject.name>站外-连接线</cim:IdentifiedObject.name>
<cim:IdentifiedObject.bianhao></cim:IdentifiedObject.bianhao>
<cim:PowerSystemResource.Circuit rdf:resource="#10000100_1536011881" />
<cim:ConductingEquipment.BaseVoltage rdf:resource="#BaseVoltage_5"/>
<iescim:PowerSystemResource.SubType>3</iescim:PowerSystemResource.SubType>
<iescim:PowerSystemResource.DeviceID>5629499537879053</iescim:PowerSystemResource.DeviceID>
<iescim:PowerSystemResource.DeviceType>20</iescim:PowerSystemResource.DeviceType>
</cim:ACLineSegment>
<cim:ACLineSegment rdf:ID="14000000_1527800264">
<cim:IdentifiedObject.name>寿宁县金源机电制造有限公司10kV电缆分支箱 901开关连接线开关站内终端头站外-超连接线</cim:IdentifiedObject.name>
<cim:IdentifiedObject.bianhao></cim:IdentifiedObject.bianhao>
<cim:PowerSystemResource.Circuit rdf:resource="#10000100_1536011881" />
<cim:ConductingEquipment.BaseVoltage rdf:resource="#BaseVoltage_5"/>
<iescim:PowerSystemResource.SubType>1</iescim:PowerSystemResource.SubType>
<iescim:PowerSystemResource.DeviceID>5629499537879055</iescim:PowerSystemResource.DeviceID>
<iescim:PowerSystemResource.DeviceType>20</iescim:PowerSystemResource.DeviceType>
</cim:ACLineSegment>
<cim:ACLineSegment rdf:ID="36000000_1527800817">
<cim:IdentifiedObject.name>站内-连接线</cim:IdentifiedObject.name>
<cim:IdentifiedObject.bianhao></cim:IdentifiedObject.bianhao>
<cim:Equipment.EquipmentContainer rdf:resource="#30000006_1527782272"/>
<cim:PowerSystemResource.Circuit rdf:resource="#10000100_1536011881" />
<cim:ConductingEquipment.BaseVoltage rdf:resource="#BaseVoltage_5"/>
<iescim:PowerSystemResource.SubType>3</iescim:PowerSystemResource.SubType>
<iescim:PowerSystemResource.DeviceID>5629499537879056</iescim:PowerSystemResource.DeviceID>
<iescim:PowerSystemResource.DeviceType>20</iescim:PowerSystemResource.DeviceType>
</cim:ACLineSegment>
<cim:ACLineSegment rdf:ID="13000000_1538251585">
<cim:IdentifiedObject.name>10kV武建Ⅱ线#011-2杆011-2AM2跌落式熔断器连接线</cim:IdentifiedObject.name>
<cim:IdentifiedObject.bianhao></cim:IdentifiedObject.bianhao>
<cim:PowerSystemResource.Circuit rdf:resource="#10000100_1536011881" />
<cim:ConductingEquipment.BaseVoltage rdf:resource="#BaseVoltage_5"/>
<iescim:PowerSystemResource.SubType>3</iescim:PowerSystemResource.SubType>
<iescim:PowerSystemResource.DeviceID>5629499538099196</iescim:PowerSystemResource.DeviceID>
<iescim:PowerSystemResource.DeviceType>20</iescim:PowerSystemResource.DeviceType>
</cim:ACLineSegment>
<cim:ACLineSegment rdf:ID="13000000_1538252912">
<cim:IdentifiedObject.name>10kV武建Ⅱ线#011-2杆011-2开关连接线</cim:IdentifiedObject.name>
<cim:IdentifiedObject.bianhao></cim:IdentifiedObject.bianhao>
<cim:PowerSystemResource.Circuit rdf:resource="#10000100_1536011881" />
<cim:ConductingEquipment.BaseVoltage rdf:resource="#BaseVoltage_5"/>
<iescim:PowerSystemResource.SubType>3</iescim:PowerSystemResource.SubType>
<iescim:PowerSystemResource.DeviceID>5629499538099197</iescim:PowerSystemResource.DeviceID>
<iescim:PowerSystemResource.DeviceType>20</iescim:PowerSystemResource.DeviceType>
</cim:ACLineSegment>
<cim:Pole rdf:ID="10200001_6346081">
<cim:IdentifiedObject.name>10kV武建Ⅱ线#011-1杆</cim:IdentifiedObject.name>
<cim:IdentifiedObject.bianhao></cim:IdentifiedObject.bianhao>
<cim:PowerSystemResource.Circuit rdf:resource="#10000100_1536011881" />
<cim:ConductingEquipment.BaseVoltage rdf:resource="#BaseVoltage_5"/>
<iescim:PowerSystemResource.DeviceType>43</iescim:PowerSystemResource.DeviceType>
<iescim:PowerSystemResource.SubType>1</iescim:PowerSystemResource.SubType>
<iescim:PowerSystemResource.DeviceID>12103423998600475</iescim:PowerSystemResource.DeviceID>
</cim:Pole>
<cim:Pole rdf:ID="10200001_6385883">
<cim:IdentifiedObject.name>10kV武建Ⅱ线#011-2杆</cim:IdentifiedObject.name>
<cim:IdentifiedObject.bianhao></cim:IdentifiedObject.bianhao>
<cim:PowerSystemResource.Circuit rdf:resource="#10000100_1536011881" />
<cim:ConductingEquipment.BaseVoltage rdf:resource="#BaseVoltage_5"/>
<iescim:PowerSystemResource.DeviceType>43</iescim:PowerSystemResource.DeviceType>
<iescim:PowerSystemResource.SubType>1</iescim:PowerSystemResource.SubType>
<iescim:PowerSystemResource.DeviceID>12103423998600485</iescim:PowerSystemResource.DeviceID>
</cim:Pole>
<cim:Pole rdf:ID="10200001_11639352">
<cim:IdentifiedObject.name>10kV武建Ⅱ线#006A杆</cim:IdentifiedObject.name>
<cim:IdentifiedObject.bianhao></cim:IdentifiedObject.bianhao>
<cim:PowerSystemResource.Circuit rdf:resource="#10000100_1536011881" />
<cim:ConductingEquipment.BaseVoltage rdf:resource="#BaseVoltage_5"/>
<iescim:PowerSystemResource.DeviceType>43</iescim:PowerSystemResource.DeviceType>
<iescim:PowerSystemResource.SubType>1</iescim:PowerSystemResource.SubType>
<iescim:PowerSystemResource.DeviceID>12103423998617690</iescim:PowerSystemResource.DeviceID>
</cim:Pole>
<cim:Pole rdf:ID="10200001_11639354">
<cim:IdentifiedObject.name>10kV武建Ⅱ线#008杆</cim:IdentifiedObject.name>
<cim:IdentifiedObject.bianhao></cim:IdentifiedObject.bianhao>
<cim:PowerSystemResource.Circuit rdf:resource="#10000100_1536011881" />
<cim:ConductingEquipment.BaseVoltage rdf:resource="#BaseVoltage_5"/>
<iescim:PowerSystemResource.DeviceType>43</iescim:PowerSystemResource.DeviceType>
<iescim:PowerSystemResource.SubType>1</iescim:PowerSystemResource.SubType>
<iescim:PowerSystemResource.DeviceID>12103423998617691</iescim:PowerSystemResource.DeviceID>
</cim:Pole>
<cim:Pole rdf:ID="10200001_11639357">
<cim:IdentifiedObject.name>10kV武建Ⅱ线#011杆</cim:IdentifiedObject.name>
<cim:IdentifiedObject.bianhao></cim:IdentifiedObject.bianhao>
<cim:PowerSystemResource.Circuit rdf:resource="#10000100_1536011881" />
<cim:ConductingEquipment.BaseVoltage rdf:resource="#BaseVoltage_5"/>
<iescim:PowerSystemResource.DeviceType>43</iescim:PowerSystemResource.DeviceType>
<iescim:PowerSystemResource.SubType>1</iescim:PowerSystemResource.SubType>
<iescim:PowerSystemResource.DeviceID>12103423998617692</iescim:PowerSystemResource.DeviceID>
</cim:Pole>
<cim:Pole rdf:ID="10200001_11657030">
<cim:IdentifiedObject.name>10kV武建Ⅱ线#006A-1杆</cim:IdentifiedObject.name>
<cim:IdentifiedObject.bianhao></cim:IdentifiedObject.bianhao>
<cim:PowerSystemResource.Circuit rdf:resource="#10000100_1536011881" />
<cim:ConductingEquipment.BaseVoltage rdf:resource="#BaseVoltage_5"/>
<iescim:PowerSystemResource.DeviceType>43</iescim:PowerSystemResource.DeviceType>
<iescim:PowerSystemResource.SubType>1</iescim:PowerSystemResource.SubType>
<iescim:PowerSystemResource.DeviceID>12103423998617706</iescim:PowerSystemResource.DeviceID>
</cim:Pole>
<cim:Pole rdf:ID="10200001_1527784874">
<cim:IdentifiedObject.name>10kV武建线#011-1A杆</cim:IdentifiedObject.name>
<cim:IdentifiedObject.bianhao></cim:IdentifiedObject.bianhao>
<cim:PowerSystemResource.Circuit rdf:resource="#10000100_1536011881" />
<cim:ConductingEquipment.BaseVoltage rdf:resource="#BaseVoltage_5"/>
<iescim:PowerSystemResource.DeviceType>43</iescim:PowerSystemResource.DeviceType>
<iescim:PowerSystemResource.SubType>1</iescim:PowerSystemResource.SubType>
<iescim:PowerSystemResource.DeviceID>12103423998639690</iescim:PowerSystemResource.DeviceID>
</cim:Pole>
<cim:Pole rdf:ID="10200001_1536071807">
<cim:IdentifiedObject.name>10kV武建Ⅱ线#001杆</cim:IdentifiedObject.name>
<cim:IdentifiedObject.bianhao></cim:IdentifiedObject.bianhao>
<cim:PowerSystemResource.Circuit rdf:resource="#10000100_1536011881" />
<cim:ConductingEquipment.BaseVoltage rdf:resource="#BaseVoltage_5"/>
<iescim:PowerSystemResource.DeviceType>43</iescim:PowerSystemResource.DeviceType>
<iescim:PowerSystemResource.SubType>1</iescim:PowerSystemResource.SubType>
<iescim:PowerSystemResource.DeviceID>12103423998646727</iescim:PowerSystemResource.DeviceID>
</cim:Pole>
<cim:Pole rdf:ID="10200001_11639351">
<cim:IdentifiedObject.name>10kV武建Ⅱ线#006杆</cim:IdentifiedObject.name>
<cim:IdentifiedObject.bianhao></cim:IdentifiedObject.bianhao>
<cim:PowerSystemResource.Circuit rdf:resource="#10000100_1536011881" />
<cim:ConductingEquipment.BaseVoltage rdf:resource="#BaseVoltage_5"/>
<iescim:PowerSystemResource.DeviceType>43</iescim:PowerSystemResource.DeviceType>
<iescim:PowerSystemResource.SubType>1</iescim:PowerSystemResource.SubType>
<iescim:PowerSystemResource.DeviceID>12103423998647144</iescim:PowerSystemResource.DeviceID>
</cim:Pole>
<cim:Pole rdf:ID="10200001_11639353">
<cim:IdentifiedObject.name>10kV武建Ⅱ线#007杆</cim:IdentifiedObject.name>
<cim:IdentifiedObject.bianhao></cim:IdentifiedObject.bianhao>
<cim:PowerSystemResource.Circuit rdf:resource="#10000100_1536011881" />
<cim:ConductingEquipment.BaseVoltage rdf:resource="#BaseVoltage_5"/>
<iescim:PowerSystemResource.DeviceType>43</iescim:PowerSystemResource.DeviceType>
<iescim:PowerSystemResource.SubType>1</iescim:PowerSystemResource.SubType>
<iescim:PowerSystemResource.DeviceID>12103423998647145</iescim:PowerSystemResource.DeviceID>
</cim:Pole>
<cim:ConnectivityNode rdf:ID="0">
<iescim:PowerSystemResource.SubType>0</iescim:PowerSystemResource.SubType>
<iescim:PowerSystemResource.DeviceID>0</iescim:PowerSystemResource.DeviceID>
<iescim:PowerSystemResource.DeviceType>33</iescim:PowerSystemResource.DeviceType>
</cim:ConnectivityNode>
<cim:ConnectivityNode rdf:ID="9288674231453250">
<iescim:PowerSystemResource.SubType>0</iescim:PowerSystemResource.SubType>
<iescim:PowerSystemResource.DeviceID>9288674231453250</iescim:PowerSystemResource.DeviceID>
<iescim:PowerSystemResource.DeviceType>33</iescim:PowerSystemResource.DeviceType>
</cim:ConnectivityNode>
<cim:ConnectivityNode rdf:ID="9288674231453268">
<iescim:PowerSystemResource.SubType>0</iescim:PowerSystemResource.SubType>
<iescim:PowerSystemResource.DeviceID>9288674231453268</iescim:PowerSystemResource.DeviceID>
<iescim:PowerSystemResource.DeviceType>33</iescim:PowerSystemResource.DeviceType>
</cim:ConnectivityNode>
<cim:ConnectivityNode rdf:ID="9288674231457073">
<iescim:PowerSystemResource.SubType>0</iescim:PowerSystemResource.SubType>
<iescim:PowerSystemResource.DeviceID>9288674231457073</iescim:PowerSystemResource.DeviceID>
<iescim:PowerSystemResource.DeviceType>33</iescim:PowerSystemResource.DeviceType>
</cim:ConnectivityNode>
<cim:ConnectivityNode rdf:ID="9288674231466112">
<iescim:PowerSystemResource.SubType>0</iescim:PowerSystemResource.SubType>
<iescim:PowerSystemResource.DeviceID>9288674231466112</iescim:PowerSystemResource.DeviceID>
<iescim:PowerSystemResource.DeviceType>33</iescim:PowerSystemResource.DeviceType>
</cim:ConnectivityNode>
<cim:ConnectivityNode rdf:ID="9288674231466316">
<iescim:PowerSystemResource.SubType>0</iescim:PowerSystemResource.SubType>
<iescim:PowerSystemResource.DeviceID>9288674231466316</iescim:PowerSystemResource.DeviceID>
<iescim:PowerSystemResource.DeviceType>33</iescim:PowerSystemResource.DeviceType>
</cim:ConnectivityNode>
<cim:ConnectivityNode rdf:ID="9288674231479957">
<iescim:PowerSystemResource.SubType>0</iescim:PowerSystemResource.SubType>
<iescim:PowerSystemResource.DeviceID>9288674231479957</iescim:PowerSystemResource.DeviceID>
<iescim:PowerSystemResource.DeviceType>33</iescim:PowerSystemResource.DeviceType>
</cim:ConnectivityNode>
<cim:ConnectivityNode rdf:ID="9288674231494043">
<iescim:PowerSystemResource.SubType>0</iescim:PowerSystemResource.SubType>
<iescim:PowerSystemResource.DeviceID>9288674231494043</iescim:PowerSystemResource.DeviceID>
<iescim:PowerSystemResource.DeviceType>33</iescim:PowerSystemResource.DeviceType>
</cim:ConnectivityNode>
<cim:ConnectivityNode rdf:ID="9288674231509948">
<iescim:PowerSystemResource.SubType>0</iescim:PowerSystemResource.SubType>
<iescim:PowerSystemResource.DeviceID>9288674231509948</iescim:PowerSystemResource.DeviceID>
<iescim:PowerSystemResource.DeviceType>33</iescim:PowerSystemResource.DeviceType>
</cim:ConnectivityNode>
<cim:ConnectivityNode rdf:ID="9288674231510156">
<iescim:PowerSystemResource.SubType>0</iescim:PowerSystemResource.SubType>
<iescim:PowerSystemResource.DeviceID>9288674231510156</iescim:PowerSystemResource.DeviceID>
<iescim:PowerSystemResource.DeviceType>33</iescim:PowerSystemResource.DeviceType>
</cim:ConnectivityNode>
<cim:ConnectivityNode rdf:ID="9288674231524274">
<iescim:PowerSystemResource.SubType>0</iescim:PowerSystemResource.SubType>
<iescim:PowerSystemResource.DeviceID>9288674231524274</iescim:PowerSystemResource.DeviceID>
<iescim:PowerSystemResource.DeviceType>33</iescim:PowerSystemResource.DeviceType>
</cim:ConnectivityNode>
<cim:ConnectivityNode rdf:ID="9288674231538770">
<iescim:PowerSystemResource.SubType>0</iescim:PowerSystemResource.SubType>
<iescim:PowerSystemResource.DeviceID>9288674231538770</iescim:PowerSystemResource.DeviceID>
<iescim:PowerSystemResource.DeviceType>33</iescim:PowerSystemResource.DeviceType>
</cim:ConnectivityNode>
<cim:ConnectivityNode rdf:ID="9288674231578819">
<iescim:PowerSystemResource.SubType>0</iescim:PowerSystemResource.SubType>
<iescim:PowerSystemResource.DeviceID>9288674231578819</iescim:PowerSystemResource.DeviceID>
<iescim:PowerSystemResource.DeviceType>33</iescim:PowerSystemResource.DeviceType>
</cim:ConnectivityNode>
<cim:ConnectivityNode rdf:ID="9288674231578827">
<iescim:PowerSystemResource.SubType>0</iescim:PowerSystemResource.SubType>
<iescim:PowerSystemResource.DeviceID>9288674231578827</iescim:PowerSystemResource.DeviceID>
<iescim:PowerSystemResource.DeviceType>33</iescim:PowerSystemResource.DeviceType>
</cim:ConnectivityNode>
<cim:ConnectivityNode rdf:ID="9288674231578828">
<iescim:PowerSystemResource.SubType>0</iescim:PowerSystemResource.SubType>
<iescim:PowerSystemResource.DeviceID>9288674231578828</iescim:PowerSystemResource.DeviceID>
<iescim:PowerSystemResource.DeviceType>33</iescim:PowerSystemResource.DeviceType>
</cim:ConnectivityNode>
<cim:ConnectivityNode rdf:ID="9288674231602943">
<iescim:PowerSystemResource.SubType>0</iescim:PowerSystemResource.SubType>
<iescim:PowerSystemResource.DeviceID>9288674231602943</iescim:PowerSystemResource.DeviceID>
<iescim:PowerSystemResource.DeviceType>33</iescim:PowerSystemResource.DeviceType>
</cim:ConnectivityNode>
<cim:ConnectivityNode rdf:ID="9288674231602944">
<iescim:PowerSystemResource.SubType>0</iescim:PowerSystemResource.SubType>
<iescim:PowerSystemResource.DeviceID>9288674231602944</iescim:PowerSystemResource.DeviceID>
<iescim:PowerSystemResource.DeviceType>33</iescim:PowerSystemResource.DeviceType>
</cim:ConnectivityNode>
<cim:ConnectivityNode rdf:ID="9288674231602945">
<iescim:PowerSystemResource.SubType>0</iescim:PowerSystemResource.SubType>
<iescim:PowerSystemResource.DeviceID>9288674231602945</iescim:PowerSystemResource.DeviceID>
<iescim:PowerSystemResource.DeviceType>33</iescim:PowerSystemResource.DeviceType>
</cim:ConnectivityNode>
<cim:ConnectivityNode rdf:ID="9288674231602950">
<iescim:PowerSystemResource.SubType>0</iescim:PowerSystemResource.SubType>
<iescim:PowerSystemResource.DeviceID>9288674231602950</iescim:PowerSystemResource.DeviceID>
<iescim:PowerSystemResource.DeviceType>33</iescim:PowerSystemResource.DeviceType>
</cim:ConnectivityNode>
<cim:ConnectivityNode rdf:ID="9288674231681682">
<iescim:PowerSystemResource.SubType>0</iescim:PowerSystemResource.SubType>
<iescim:PowerSystemResource.DeviceID>9288674231681682</iescim:PowerSystemResource.DeviceID>
<iescim:PowerSystemResource.DeviceType>33</iescim:PowerSystemResource.DeviceType>
</cim:ConnectivityNode>
<cim:ConnectivityNode rdf:ID="9288674231681690">
<iescim:PowerSystemResource.SubType>0</iescim:PowerSystemResource.SubType>
<iescim:PowerSystemResource.DeviceID>9288674231681690</iescim:PowerSystemResource.DeviceID>
<iescim:PowerSystemResource.DeviceType>33</iescim:PowerSystemResource.DeviceType>
</cim:ConnectivityNode>
<cim:ConnectivityNode rdf:ID="9288674231681691">
<iescim:PowerSystemResource.SubType>0</iescim:PowerSystemResource.SubType>
<iescim:PowerSystemResource.DeviceID>9288674231681691</iescim:PowerSystemResource.DeviceID>
<iescim:PowerSystemResource.DeviceType>33</iescim:PowerSystemResource.DeviceType>
</cim:ConnectivityNode>
<cim:ConnectivityNode rdf:ID="9288674231701078">
<iescim:PowerSystemResource.SubType>0</iescim:PowerSystemResource.SubType>
<iescim:PowerSystemResource.DeviceID>9288674231701078</iescim:PowerSystemResource.DeviceID>
<iescim:PowerSystemResource.DeviceType>33</iescim:PowerSystemResource.DeviceType>
</cim:ConnectivityNode>
<cim:ConnectivityNode rdf:ID="9288674231701079">
<iescim:PowerSystemResource.SubType>0</iescim:PowerSystemResource.SubType>
<iescim:PowerSystemResource.DeviceID>9288674231701079</iescim:PowerSystemResource.DeviceID>
<iescim:PowerSystemResource.DeviceType>33</iescim:PowerSystemResource.DeviceType>
</cim:ConnectivityNode>
<cim:ConnectivityNode rdf:ID="9288674231701080">
<iescim:PowerSystemResource.SubType>0</iescim:PowerSystemResource.SubType>
<iescim:PowerSystemResource.DeviceID>9288674231701080</iescim:PowerSystemResource.DeviceID>
<iescim:PowerSystemResource.DeviceType>33</iescim:PowerSystemResource.DeviceType>
</cim:ConnectivityNode>
<cim:ConnectivityNode rdf:ID="9288674231701085">
<iescim:PowerSystemResource.SubType>0</iescim:PowerSystemResource.SubType>
<iescim:PowerSystemResource.DeviceID>9288674231701085</iescim:PowerSystemResource.DeviceID>
<iescim:PowerSystemResource.DeviceType>33</iescim:PowerSystemResource.DeviceType>
</cim:ConnectivityNode>
<cim:ConnectivityNode rdf:ID="9288674231745865">
<iescim:PowerSystemResource.SubType>0</iescim:PowerSystemResource.SubType>
<iescim:PowerSystemResource.DeviceID>9288674231745865</iescim:PowerSystemResource.DeviceID>
<iescim:PowerSystemResource.DeviceType>33</iescim:PowerSystemResource.DeviceType>
</cim:ConnectivityNode>
<cim:ConnectivityNode rdf:ID="9288674231753379">
<iescim:PowerSystemResource.SubType>0</iescim:PowerSystemResource.SubType>
<iescim:PowerSystemResource.DeviceID>9288674231753379</iescim:PowerSystemResource.DeviceID>
<iescim:PowerSystemResource.DeviceType>33</iescim:PowerSystemResource.DeviceType>
</cim:ConnectivityNode>
<cim:ConnectivityNode rdf:ID="9288674231762072">
<iescim:PowerSystemResource.SubType>0</iescim:PowerSystemResource.SubType>
<iescim:PowerSystemResource.DeviceID>9288674231762072</iescim:PowerSystemResource.DeviceID>
<iescim:PowerSystemResource.DeviceType>33</iescim:PowerSystemResource.DeviceType>
</cim:ConnectivityNode>
<cim:ConnectivityNode rdf:ID="9288674231801093">
<iescim:PowerSystemResource.SubType>0</iescim:PowerSystemResource.SubType>
<iescim:PowerSystemResource.DeviceID>9288674231801093</iescim:PowerSystemResource.DeviceID>
<iescim:PowerSystemResource.DeviceType>33</iescim:PowerSystemResource.DeviceType>
</cim:ConnectivityNode>
<cim:ConnectivityNode rdf:ID="9288674231801094">
<iescim:PowerSystemResource.SubType>0</iescim:PowerSystemResource.SubType>
<iescim:PowerSystemResource.DeviceID>9288674231801094</iescim:PowerSystemResource.DeviceID>
<iescim:PowerSystemResource.DeviceType>33</iescim:PowerSystemResource.DeviceType>
</cim:ConnectivityNode>
<cim:ConnectivityNode rdf:ID="9288674231829129">
<iescim:PowerSystemResource.SubType>0</iescim:PowerSystemResource.SubType>
<iescim:PowerSystemResource.DeviceID>9288674231829129</iescim:PowerSystemResource.DeviceID>
<iescim:PowerSystemResource.DeviceType>33</iescim:PowerSystemResource.DeviceType>
</cim:ConnectivityNode>
<cim:ConnectivityNode rdf:ID="9288674231829130">
<iescim:PowerSystemResource.SubType>0</iescim:PowerSystemResource.SubType>
<iescim:PowerSystemResource.DeviceID>9288674231829130</iescim:PowerSystemResource.DeviceID>
<iescim:PowerSystemResource.DeviceType>33</iescim:PowerSystemResource.DeviceType>
</cim:ConnectivityNode>
<cim:ConnectivityNode rdf:ID="9288674231829143">
<iescim:PowerSystemResource.SubType>0</iescim:PowerSystemResource.SubType>
<iescim:PowerSystemResource.DeviceID>9288674231829143</iescim:PowerSystemResource.DeviceID>
<iescim:PowerSystemResource.DeviceType>33</iescim:PowerSystemResource.DeviceType>
</cim:ConnectivityNode>
<cim:ConnectivityNode rdf:ID="9288674231829144">
<iescim:PowerSystemResource.SubType>0</iescim:PowerSystemResource.SubType>
<iescim:PowerSystemResource.DeviceID>9288674231829144</iescim:PowerSystemResource.DeviceID>
<iescim:PowerSystemResource.DeviceType>33</iescim:PowerSystemResource.DeviceType>
</cim:ConnectivityNode>
<cim:ConnectivityNode rdf:ID="9288674231897685">
<iescim:PowerSystemResource.SubType>0</iescim:PowerSystemResource.SubType>
<iescim:PowerSystemResource.DeviceID>9288674231897685</iescim:PowerSystemResource.DeviceID>
<iescim:PowerSystemResource.DeviceType>33</iescim:PowerSystemResource.DeviceType>
</cim:ConnectivityNode>
<cim:ConnectivityNode rdf:ID="9288674231897686">
<iescim:PowerSystemResource.SubType>0</iescim:PowerSystemResource.SubType>
<iescim:PowerSystemResource.DeviceID>9288674231897686</iescim:PowerSystemResource.DeviceID>
<iescim:PowerSystemResource.DeviceType>33</iescim:PowerSystemResource.DeviceType>
</cim:ConnectivityNode>
<cim:ConnectivityNode rdf:ID="9288674231897687">
<iescim:PowerSystemResource.SubType>0</iescim:PowerSystemResource.SubType>
<iescim:PowerSystemResource.DeviceID>9288674231897687</iescim:PowerSystemResource.DeviceID>
<iescim:PowerSystemResource.DeviceType>33</iescim:PowerSystemResource.DeviceType>
</cim:ConnectivityNode>
<cim:ConnectivityNode rdf:ID="9288674231897688">
<iescim:PowerSystemResource.SubType>0</iescim:PowerSystemResource.SubType>
<iescim:PowerSystemResource.DeviceID>9288674231897688</iescim:PowerSystemResource.DeviceID>
<iescim:PowerSystemResource.DeviceType>33</iescim:PowerSystemResource.DeviceType>
</cim:ConnectivityNode>
<cim:ConnectivityNode rdf:ID="9288674231897690">
<iescim:PowerSystemResource.SubType>0</iescim:PowerSystemResource.SubType>
<iescim:PowerSystemResource.DeviceID>9288674231897690</iescim:PowerSystemResource.DeviceID>
<iescim:PowerSystemResource.DeviceType>33</iescim:PowerSystemResource.DeviceType>
</cim:ConnectivityNode>
<cim:ConnectivityNode rdf:ID="9288674231930120">
<iescim:PowerSystemResource.SubType>0</iescim:PowerSystemResource.SubType>
<iescim:PowerSystemResource.DeviceID>9288674231930120</iescim:PowerSystemResource.DeviceID>
<iescim:PowerSystemResource.DeviceType>33</iescim:PowerSystemResource.DeviceType>
</cim:ConnectivityNode>
<cim:ConnectivityNode rdf:ID="9288674231930121">
<iescim:PowerSystemResource.SubType>0</iescim:PowerSystemResource.SubType>
<iescim:PowerSystemResource.DeviceID>9288674231930121</iescim:PowerSystemResource.DeviceID>
<iescim:PowerSystemResource.DeviceType>33</iescim:PowerSystemResource.DeviceType>
</cim:ConnectivityNode>
<cim:ConnectivityNode rdf:ID="9288674246696296">
<iescim:PowerSystemResource.SubType>0</iescim:PowerSystemResource.SubType>
<iescim:PowerSystemResource.DeviceID>9288674246696296</iescim:PowerSystemResource.DeviceID>
<iescim:PowerSystemResource.DeviceType>33</iescim:PowerSystemResource.DeviceType>
</cim:ConnectivityNode>
<cim:ConnectivityNode rdf:ID="9288674247901319">
<iescim:PowerSystemResource.SubType>0</iescim:PowerSystemResource.SubType>
<iescim:PowerSystemResource.DeviceID>9288674247901319</iescim:PowerSystemResource.DeviceID>
<iescim:PowerSystemResource.DeviceType>33</iescim:PowerSystemResource.DeviceType>
</cim:ConnectivityNode>
<cim:ConnectivityNode rdf:ID="9288674247901320">
<iescim:PowerSystemResource.SubType>0</iescim:PowerSystemResource.SubType>
<iescim:PowerSystemResource.DeviceID>9288674247901320</iescim:PowerSystemResource.DeviceID>
<iescim:PowerSystemResource.DeviceType>33</iescim:PowerSystemResource.DeviceType>
</cim:ConnectivityNode>
<cim:ConnectivityNode rdf:ID="9288674247901322">
<iescim:PowerSystemResource.SubType>0</iescim:PowerSystemResource.SubType>
<iescim:PowerSystemResource.DeviceID>9288674247901322</iescim:PowerSystemResource.DeviceID>
<iescim:PowerSystemResource.DeviceType>33</iescim:PowerSystemResource.DeviceType>
</cim:ConnectivityNode>
<cim:ConnectivityNode rdf:ID="9288674247901326">
<iescim:PowerSystemResource.SubType>0</iescim:PowerSystemResource.SubType>
<iescim:PowerSystemResource.DeviceID>9288674247901326</iescim:PowerSystemResource.DeviceID>
<iescim:PowerSystemResource.DeviceType>33</iescim:PowerSystemResource.DeviceType>
</cim:ConnectivityNode>
<cim:ConnectivityNode rdf:ID="9288674247901327">
<iescim:PowerSystemResource.SubType>0</iescim:PowerSystemResource.SubType>
<iescim:PowerSystemResource.DeviceID>9288674247901327</iescim:PowerSystemResource.DeviceID>
<iescim:PowerSystemResource.DeviceType>33</iescim:PowerSystemResource.DeviceType>
</cim:ConnectivityNode>
<cim:ConnectivityNode rdf:ID="9288674248430389">
<iescim:PowerSystemResource.SubType>0</iescim:PowerSystemResource.SubType>
<iescim:PowerSystemResource.DeviceID>9288674248430389</iescim:PowerSystemResource.DeviceID>
<iescim:PowerSystemResource.DeviceType>33</iescim:PowerSystemResource.DeviceType>
</cim:ConnectivityNode>
<cim:ConnectivityNode rdf:ID="9288674248430390">
<iescim:PowerSystemResource.SubType>0</iescim:PowerSystemResource.SubType>
<iescim:PowerSystemResource.DeviceID>9288674248430390</iescim:PowerSystemResource.DeviceID>
<iescim:PowerSystemResource.DeviceType>33</iescim:PowerSystemResource.DeviceType>
</cim:ConnectivityNode>
<cim:ConnectivityNode rdf:ID="9288674248430391">
<iescim:PowerSystemResource.SubType>0</iescim:PowerSystemResource.SubType>
<iescim:PowerSystemResource.DeviceID>9288674248430391</iescim:PowerSystemResource.DeviceID>
<iescim:PowerSystemResource.DeviceType>33</iescim:PowerSystemResource.DeviceType>
</cim:ConnectivityNode>
<cim:ConnectivityNode rdf:ID="9288674248430392">
<iescim:PowerSystemResource.SubType>0</iescim:PowerSystemResource.SubType>
<iescim:PowerSystemResource.DeviceID>9288674248430392</iescim:PowerSystemResource.DeviceID>
<iescim:PowerSystemResource.DeviceType>33</iescim:PowerSystemResource.DeviceType>
</cim:ConnectivityNode>
<cim:ConnectivityNode rdf:ID="9288674248430395">
<iescim:PowerSystemResource.SubType>0</iescim:PowerSystemResource.SubType>
<iescim:PowerSystemResource.DeviceID>9288674248430395</iescim:PowerSystemResource.DeviceID>
<iescim:PowerSystemResource.DeviceType>33</iescim:PowerSystemResource.DeviceType>
</cim:ConnectivityNode>
<cim:ConnectivityNode rdf:ID="9288674248484698">
<iescim:PowerSystemResource.SubType>0</iescim:PowerSystemResource.SubType>
<iescim:PowerSystemResource.DeviceID>9288674248484698</iescim:PowerSystemResource.DeviceID>
<iescim:PowerSystemResource.DeviceType>33</iescim:PowerSystemResource.DeviceType>
</cim:ConnectivityNode>
<cim:Terminal rdf:ID="2542586">
<cim:Terminal.ConductingEquipment rdf:resource="#2542584"/>
<cim:Terminal.ConnectivityNode rdf:resource="#9288674231457073"/>
</cim:Terminal>
<cim:Terminal rdf:ID="2542587">
<cim:Terminal.ConductingEquipment rdf:resource="#2542584"/>
<cim:Terminal.ConnectivityNode rdf:resource="#9288674231479957"/>
</cim:Terminal>
<cim:Terminal rdf:ID="2542590">
<cim:Terminal.ConductingEquipment rdf:resource="#30600001_1826288"/>
<cim:Terminal.ConnectivityNode rdf:resource="#9288674231524274"/>
</cim:Terminal>
<cim:Terminal rdf:ID="13000000_9201765_1">
<cim:Terminal.ConductingEquipment rdf:resource="#13000000_9201765"/>
<cim:Terminal.ConnectivityNode rdf:resource="#9288674231681682"/>
</cim:Terminal>
<cim:Terminal rdf:ID="13000000_9201765_2">
<cim:Terminal.ConductingEquipment rdf:resource="#13000000_9201765"/>
<cim:Terminal.ConnectivityNode rdf:resource="#9288674231466112"/>
</cim:Terminal>
<cim:Terminal rdf:ID="13000000_9237539_1">
<cim:Terminal.ConductingEquipment rdf:resource="#13000000_9237539"/>
<cim:Terminal.ConnectivityNode rdf:resource="#9288674231801093"/>
</cim:Terminal>
<cim:Terminal rdf:ID="13000000_9237539_2">
<cim:Terminal.ConductingEquipment rdf:resource="#13000000_9237539"/>
<cim:Terminal.ConnectivityNode rdf:resource="#9288674231466316"/>
</cim:Terminal>
<cim:Terminal rdf:ID="13000000_9239976_1">
<cim:Terminal.ConductingEquipment rdf:resource="#13000000_9239976"/>
<cim:Terminal.ConnectivityNode rdf:resource="#9288674231801094"/>
</cim:Terminal>
<cim:Terminal rdf:ID="13000000_9239976_2">
<cim:Terminal.ConductingEquipment rdf:resource="#13000000_9239976"/>
<cim:Terminal.ConnectivityNode rdf:resource="#9288674231578819"/>
</cim:Terminal>
<cim:Terminal rdf:ID="13000000_9274822_1">
<cim:Terminal.ConductingEquipment rdf:resource="#13000000_9274822"/>
<cim:Terminal.ConnectivityNode rdf:resource="#9288674231681690"/>
</cim:Terminal>
<cim:Terminal rdf:ID="13000000_9274822_2">
<cim:Terminal.ConductingEquipment rdf:resource="#13000000_9274822"/>
<cim:Terminal.ConnectivityNode rdf:resource="#9288674231745865"/>
</cim:Terminal>
<cim:Terminal rdf:ID="11100000_213511_1">
<cim:Terminal.ConductingEquipment rdf:resource="#11100000_213511"/>
<cim:Terminal.ConnectivityNode rdf:resource="#9288674231466112"/>
</cim:Terminal>
<cim:Terminal rdf:ID="11100000_213511_2">
<cim:Terminal.ConductingEquipment rdf:resource="#11100000_213511"/>
<cim:Terminal.ConnectivityNode rdf:resource="#9288674231509948"/>
</cim:Terminal>
<cim:Terminal rdf:ID="11000001_645077_1">
<cim:Terminal.ConductingEquipment rdf:resource="#11000001_645077"/>
<cim:Terminal.ConnectivityNode rdf:resource="#9288674231745865"/>
</cim:Terminal>
<cim:Terminal rdf:ID="11100000_217337_1">
<cim:Terminal.ConductingEquipment rdf:resource="#11100000_217337"/>
<cim:Terminal.ConnectivityNode rdf:resource="#9288674231466316"/>
</cim:Terminal>
<cim:Terminal rdf:ID="11100000_217337_2">
<cim:Terminal.ConductingEquipment rdf:resource="#11100000_217337"/>
<cim:Terminal.ConnectivityNode rdf:resource="#9288674231510156"/>
</cim:Terminal>
<cim:Terminal rdf:ID="11100000_1503911060_1">
<cim:Terminal.ConductingEquipment rdf:resource="#11100000_1503911060"/>
<cim:Terminal.ConnectivityNode rdf:resource="#9288674231494043"/>
</cim:Terminal>
<cim:Terminal rdf:ID="11100000_1503911060_2">
<cim:Terminal.ConductingEquipment rdf:resource="#11100000_1503911060"/>
<cim:Terminal.ConnectivityNode rdf:resource="#9288674231538770"/>
</cim:Terminal>
<cim:Terminal rdf:ID="11300000_1536162317_1">
<cim:Terminal.ConductingEquipment rdf:resource="#11300000_1536162317"/>
<cim:Terminal.ConnectivityNode rdf:resource="#9288674247901327"/>
</cim:Terminal>
<cim:Terminal rdf:ID="11300000_1536162317_2">
<cim:Terminal.ConductingEquipment rdf:resource="#11300000_1536162317"/>
<cim:Terminal.ConnectivityNode rdf:resource="#9288674247901326"/>
</cim:Terminal>
<cim:Terminal rdf:ID="11300000_1538176973_1">
<cim:Terminal.ConductingEquipment rdf:resource="#11300000_1538176973"/>
<cim:Terminal.ConnectivityNode rdf:resource="#9288674248430390"/>
</cim:Terminal>
<cim:Terminal rdf:ID="11300000_1538176973_2">
<cim:Terminal.ConductingEquipment rdf:resource="#11300000_1538176973"/>
<cim:Terminal.ConnectivityNode rdf:resource="#9288674248430389"/>
</cim:Terminal>
<cim:Terminal rdf:ID="11100000_1538148320_1">
<cim:Terminal.ConductingEquipment rdf:resource="#11100000_1538148320"/>
<cim:Terminal.ConnectivityNode rdf:resource="#9288674248430392"/>
</cim:Terminal>
<cim:Terminal rdf:ID="11100000_1538148320_2">
<cim:Terminal.ConductingEquipment rdf:resource="#11100000_1538148320"/>
<cim:Terminal.ConnectivityNode rdf:resource="#9288674248430391"/>
</cim:Terminal>
<cim:Terminal rdf:ID="11000000_1530901_1">
<cim:Terminal.ConductingEquipment rdf:resource="#11000000_1530901"/>
<cim:Terminal.ConnectivityNode rdf:resource="#9288674231753379"/>
</cim:Terminal>
<cim:Terminal rdf:ID="10100000_11596486_1">
<cim:Terminal.ConductingEquipment rdf:resource="#10100000_11596486"/>
<cim:Terminal.ConnectivityNode rdf:resource="#9288674231538770"/>
</cim:Terminal>
<cim:Terminal rdf:ID="10100000_11596486_2">
<cim:Terminal.ConductingEquipment rdf:resource="#10100000_11596486"/>
<cim:Terminal.ConnectivityNode rdf:resource="#9288674231829130"/>
</cim:Terminal>
<cim:Terminal rdf:ID="32000000_1527799371_1">
<cim:Terminal.ConductingEquipment rdf:resource="#32000000_1527799371"/>
<cim:Terminal.ConnectivityNode rdf:resource="#9288674246696296"/>
</cim:Terminal>
<cim:Terminal rdf:ID="32000000_1527786291_1">
<cim:Terminal.ConductingEquipment rdf:resource="#32000000_1527786291"/>
<cim:Terminal.ConnectivityNode rdf:resource="#9288674231897688"/>
</cim:Terminal>
<cim:Terminal rdf:ID="20200000_1527786870_1">
<cim:Terminal.ConductingEquipment rdf:resource="#20200000_1527786870"/>
<cim:Terminal.ConnectivityNode rdf:resource="#9288674231930120"/>
</cim:Terminal>
<cim:Terminal rdf:ID="20200000_1527786869_1">
<cim:Terminal.ConductingEquipment rdf:resource="#20200000_1527786869"/>
<cim:Terminal.ConnectivityNode rdf:resource="#9288674231897686"/>
</cim:Terminal>
<cim:Terminal rdf:ID="20200000_1527781373_1">
<cim:Terminal.ConductingEquipment rdf:resource="#20200000_1527781373"/>
<cim:Terminal.ConnectivityNode rdf:resource="#9288674231930121"/>
</cim:Terminal>
<cim:Terminal rdf:ID="20200000_1527781372_1">
<cim:Terminal.ConductingEquipment rdf:resource="#20200000_1527781372"/>
<cim:Terminal.ConnectivityNode rdf:resource="#9288674231897687"/>
</cim:Terminal>
<cim:Terminal rdf:ID="13000000_1514818821_1">
<cim:Terminal.ConductingEquipment rdf:resource="#13000000_1514818821"/>
<cim:Terminal.ConnectivityNode rdf:resource="#9288674231681691"/>
</cim:Terminal>
<cim:Terminal rdf:ID="13000000_1514818821_2">
<cim:Terminal.ConductingEquipment rdf:resource="#13000000_1514818821"/>
<cim:Terminal.ConnectivityNode rdf:resource="#9288674231762072"/>
</cim:Terminal>
<cim:Terminal rdf:ID="20200000_1536058668_1">
<cim:Terminal.ConductingEquipment rdf:resource="#20200000_1536058668"/>
<cim:Terminal.ConnectivityNode rdf:resource="#9288674247901319"/>
</cim:Terminal>
<cim:Terminal rdf:ID="20200000_1536058674_1">
<cim:Terminal.ConductingEquipment rdf:resource="#20200000_1536058674"/>
<cim:Terminal.ConnectivityNode rdf:resource="#9288674247901322"/>
</cim:Terminal>
<cim:Terminal rdf:ID="32000000_3248756_1">
<cim:Terminal.ConductingEquipment rdf:resource="#32000000_3248756"/>
<cim:Terminal.ConnectivityNode rdf:resource="#9288674231524274"/>
</cim:Terminal>
<cim:Terminal rdf:ID="36000000_1527788470_1">
<cim:Terminal.ConductingEquipment rdf:resource="#36000000_1527788470"/>
<cim:Terminal.ConnectivityNode rdf:resource="#9288674231897685"/>
</cim:Terminal>
<cim:Terminal rdf:ID="36000000_1527788470_2">
<cim:Terminal.ConductingEquipment rdf:resource="#36000000_1527788470"/>
<cim:Terminal.ConnectivityNode rdf:resource="#9288674231897688"/>
</cim:Terminal>
<cim:Terminal rdf:ID="20100000_1527780718_1">
<cim:Terminal.ConductingEquipment rdf:resource="#20100000_1527780718"/>
<cim:Terminal.ConnectivityNode rdf:resource="#9288674231897686"/>
</cim:Terminal>
<cim:Terminal rdf:ID="20100000_1527780718_2">
<cim:Terminal.ConductingEquipment rdf:resource="#20100000_1527780718"/>
<cim:Terminal.ConnectivityNode rdf:resource="#9288674231930120"/>
</cim:Terminal>
<cim:Terminal rdf:ID="20100000_1527775618_1">
<cim:Terminal.ConductingEquipment rdf:resource="#20100000_1527775618"/>
<cim:Terminal.ConnectivityNode rdf:resource="#9288674231897687"/>
</cim:Terminal>
<cim:Terminal rdf:ID="20100000_1527775618_2">
<cim:Terminal.ConductingEquipment rdf:resource="#20100000_1527775618"/>
<cim:Terminal.ConnectivityNode rdf:resource="#9288674231930121"/>
</cim:Terminal>
<cim:Terminal rdf:ID="14000000_1527786027_1">
<cim:Terminal.ConductingEquipment rdf:resource="#14000000_1527786027"/>
<cim:Terminal.ConnectivityNode rdf:resource="#9288674231897688"/>
</cim:Terminal>
<cim:Terminal rdf:ID="14000000_1527786027_2">
<cim:Terminal.ConductingEquipment rdf:resource="#14000000_1527786027"/>
<cim:Terminal.ConnectivityNode rdf:resource="#9288674231930120"/>
</cim:Terminal>
<cim:Terminal rdf:ID="13000000_1527788987_1">
<cim:Terminal.ConductingEquipment rdf:resource="#13000000_1527788987"/>
<cim:Terminal.ConnectivityNode rdf:resource="#9288674231510156"/>
</cim:Terminal>
<cim:Terminal rdf:ID="13000000_1527788987_2">
<cim:Terminal.ConductingEquipment rdf:resource="#13000000_1527788987"/>
<cim:Terminal.ConnectivityNode rdf:resource="#9288674231897687"/>
</cim:Terminal>
<cim:Terminal rdf:ID="13000000_1527786256_1">
<cim:Terminal.ConductingEquipment rdf:resource="#13000000_1527786256"/>
<cim:Terminal.ConnectivityNode rdf:resource="#9288674231897690"/>
</cim:Terminal>
<cim:Terminal rdf:ID="13000000_1527786256_2">
<cim:Terminal.ConductingEquipment rdf:resource="#13000000_1527786256"/>
<cim:Terminal.ConnectivityNode rdf:resource="#9288674231897686"/>
</cim:Terminal>
<cim:Terminal rdf:ID="10100000_1527784898_1">
<cim:Terminal.ConductingEquipment rdf:resource="#10100000_1527784898"/>
<cim:Terminal.ConnectivityNode rdf:resource="#9288674231801094"/>
</cim:Terminal>
<cim:Terminal rdf:ID="10100000_1527784898_2">
<cim:Terminal.ConductingEquipment rdf:resource="#10100000_1527784898"/>
<cim:Terminal.ConnectivityNode rdf:resource="#9288674231897690"/>
</cim:Terminal>
<cim:Terminal rdf:ID="13000000_1528482900_1">
<cim:Terminal.ConductingEquipment rdf:resource="#13000000_1528482900"/>
<cim:Terminal.ConnectivityNode rdf:resource="#9288674231494043"/>
</cim:Terminal>
<cim:Terminal rdf:ID="13000000_1528482900_2">
<cim:Terminal.ConductingEquipment rdf:resource="#13000000_1528482900"/>
<cim:Terminal.ConnectivityNode rdf:resource="#9288674231701078"/>
</cim:Terminal>
<cim:Terminal rdf:ID="10100000_11614379_1">
<cim:Terminal.ConductingEquipment rdf:resource="#10100000_11614379"/>
<cim:Terminal.ConnectivityNode rdf:resource="#9288674231701079"/>
</cim:Terminal>
<cim:Terminal rdf:ID="10100000_11614379_2">
<cim:Terminal.ConductingEquipment rdf:resource="#10100000_11614379"/>
<cim:Terminal.ConnectivityNode rdf:resource="#9288674231801093"/>
</cim:Terminal>
<cim:Terminal rdf:ID="10100000_11614421_1">
<cim:Terminal.ConductingEquipment rdf:resource="#10100000_11614421"/>
<cim:Terminal.ConnectivityNode rdf:resource="#9288674231701080"/>
</cim:Terminal>
<cim:Terminal rdf:ID="10100000_11614421_2">
<cim:Terminal.ConductingEquipment rdf:resource="#10100000_11614421"/>
<cim:Terminal.ConnectivityNode rdf:resource="#9288674231829144"/>
</cim:Terminal>
<cim:Terminal rdf:ID="13000000_14949252_1">
<cim:Terminal.ConductingEquipment rdf:resource="#13000000_14949252"/>
<cim:Terminal.ConnectivityNode rdf:resource="#9288674231829143"/>
</cim:Terminal>
<cim:Terminal rdf:ID="13000000_14949252_2">
<cim:Terminal.ConductingEquipment rdf:resource="#13000000_14949252"/>
<cim:Terminal.ConnectivityNode rdf:resource="#9288674231602943"/>
</cim:Terminal>
<cim:Terminal rdf:ID="13000000_14949262_1">
<cim:Terminal.ConductingEquipment rdf:resource="#13000000_14949262"/>
<cim:Terminal.ConnectivityNode rdf:resource="#9288674231829130"/>
</cim:Terminal>
<cim:Terminal rdf:ID="13000000_14949262_2">
<cim:Terminal.ConductingEquipment rdf:resource="#13000000_14949262"/>
<cim:Terminal.ConnectivityNode rdf:resource="#9288674231602944"/>
</cim:Terminal>
<cim:Terminal rdf:ID="13000000_14949342_1">
<cim:Terminal.ConductingEquipment rdf:resource="#13000000_14949342"/>
<cim:Terminal.ConnectivityNode rdf:resource="#9288674231829129"/>
</cim:Terminal>
<cim:Terminal rdf:ID="13000000_14949342_2">
<cim:Terminal.ConductingEquipment rdf:resource="#13000000_14949342"/>
<cim:Terminal.ConnectivityNode rdf:resource="#9288674231602945"/>
</cim:Terminal>
<cim:Terminal rdf:ID="13000000_14949353_1">
<cim:Terminal.ConductingEquipment rdf:resource="#13000000_14949353"/>
<cim:Terminal.ConnectivityNode rdf:resource="#9288674231829144"/>
</cim:Terminal>
<cim:Terminal rdf:ID="13000000_14949353_2">
<cim:Terminal.ConductingEquipment rdf:resource="#13000000_14949353"/>
<cim:Terminal.ConnectivityNode rdf:resource="#9288674231602950"/>
</cim:Terminal>
<cim:Terminal rdf:ID="13000000_15035659_1">
<cim:Terminal.ConductingEquipment rdf:resource="#13000000_15035659"/>
<cim:Terminal.ConnectivityNode rdf:resource="#9288674231701085"/>
</cim:Terminal>
<cim:Terminal rdf:ID="13000000_15035659_2">
<cim:Terminal.ConductingEquipment rdf:resource="#13000000_15035659"/>
<cim:Terminal.ConnectivityNode rdf:resource="#9288674231753379"/>
</cim:Terminal>
<cim:Terminal rdf:ID="13000000_1536071732_1">
<cim:Terminal.ConductingEquipment rdf:resource="#13000000_1536071732"/>
<cim:Terminal.ConnectivityNode rdf:resource="#9288674247901320"/>
</cim:Terminal>
<cim:Terminal rdf:ID="13000000_1536071732_2">
<cim:Terminal.ConductingEquipment rdf:resource="#13000000_1536071732"/>
<cim:Terminal.ConnectivityNode rdf:resource="#9288674247901319"/>
</cim:Terminal>
<cim:Terminal rdf:ID="13000000_1536164962_1">
<cim:Terminal.ConductingEquipment rdf:resource="#13000000_1536164962"/>
<cim:Terminal.ConnectivityNode rdf:resource="#9288674247901320"/>
</cim:Terminal>
<cim:Terminal rdf:ID="13000000_1536164962_2">
<cim:Terminal.ConductingEquipment rdf:resource="#13000000_1536164962"/>
<cim:Terminal.ConnectivityNode rdf:resource="#9288674247901327"/>
</cim:Terminal>
<cim:Terminal rdf:ID="14000000_1536057601_1">
<cim:Terminal.ConductingEquipment rdf:resource="#14000000_1536057601"/>
<cim:Terminal.ConnectivityNode rdf:resource="#9288674247901322"/>
</cim:Terminal>
<cim:Terminal rdf:ID="14000000_1536057601_2">
<cim:Terminal.ConductingEquipment rdf:resource="#14000000_1536057601"/>
<cim:Terminal.ConnectivityNode rdf:resource="#9288674231524274"/>
</cim:Terminal>
<cim:Terminal rdf:ID="20100000_1536064015_1">
<cim:Terminal.ConductingEquipment rdf:resource="#20100000_1536064015"/>
<cim:Terminal.ConnectivityNode rdf:resource="#9288674247901319"/>
</cim:Terminal>
<cim:Terminal rdf:ID="20100000_1536064015_2">
<cim:Terminal.ConductingEquipment rdf:resource="#20100000_1536064015"/>
<cim:Terminal.ConnectivityNode rdf:resource="#9288674247901322"/>
</cim:Terminal>
<cim:Terminal rdf:ID="10100000_11596482_1">
<cim:Terminal.ConductingEquipment rdf:resource="#10100000_11596482"/>
<cim:Terminal.ConnectivityNode rdf:resource="#9288674248484698"/>
</cim:Terminal>
<cim:Terminal rdf:ID="10100000_11596482_2">
<cim:Terminal.ConductingEquipment rdf:resource="#10100000_11596482"/>
<cim:Terminal.ConnectivityNode rdf:resource="#9288674231829129"/>
</cim:Terminal>
<cim:Terminal rdf:ID="10100000_11596484_1">
<cim:Terminal.ConductingEquipment rdf:resource="#10100000_11596484"/>
<cim:Terminal.ConnectivityNode rdf:resource="#9288674248430395"/>
</cim:Terminal>
<cim:Terminal rdf:ID="10100000_11596484_2">
<cim:Terminal.ConductingEquipment rdf:resource="#10100000_11596484"/>
<cim:Terminal.ConnectivityNode rdf:resource="#9288674231829143"/>
</cim:Terminal>
<cim:Terminal rdf:ID="10100000_1536071642_1">
<cim:Terminal.ConductingEquipment rdf:resource="#10100000_1536071642"/>
<cim:Terminal.ConnectivityNode rdf:resource="#9288674247901326"/>
</cim:Terminal>
<cim:Terminal rdf:ID="10100000_1536071642_2">
<cim:Terminal.ConductingEquipment rdf:resource="#10100000_1536071642"/>
<cim:Terminal.ConnectivityNode rdf:resource="#9288674248484698"/>
</cim:Terminal>
<cim:Terminal rdf:ID="10100000_1538252099_1">
<cim:Terminal.ConductingEquipment rdf:resource="#10100000_1538252099"/>
<cim:Terminal.ConnectivityNode rdf:resource="#9288674231829129"/>
</cim:Terminal>
<cim:Terminal rdf:ID="10100000_1538252099_2">
<cim:Terminal.ConductingEquipment rdf:resource="#10100000_1538252099"/>
<cim:Terminal.ConnectivityNode rdf:resource="#9288674248430395"/>
</cim:Terminal>
<cim:Terminal rdf:ID="13000000_1538176998_1">
<cim:Terminal.ConductingEquipment rdf:resource="#13000000_1538176998"/>
<cim:Terminal.ConnectivityNode rdf:resource="#9288674248484698"/>
</cim:Terminal>
<cim:Terminal rdf:ID="13000000_1538176998_2">
<cim:Terminal.ConductingEquipment rdf:resource="#13000000_1538176998"/>
<cim:Terminal.ConnectivityNode rdf:resource="#9288674248430390"/>
</cim:Terminal>
<cim:Terminal rdf:ID="13000000_1538176999_1">
<cim:Terminal.ConductingEquipment rdf:resource="#13000000_1538176999"/>
<cim:Terminal.ConnectivityNode rdf:resource="#9288674248430389"/>
</cim:Terminal>
<cim:Terminal rdf:ID="13000000_1538176999_2">
<cim:Terminal.ConductingEquipment rdf:resource="#13000000_1538176999"/>
<cim:Terminal.ConnectivityNode rdf:resource="#9288674248430392"/>
</cim:Terminal>
<cim:Terminal rdf:ID="14000000_1527800264_1">
<cim:Terminal.ConductingEquipment rdf:resource="#14000000_1527800264"/>
<cim:Terminal.ConnectivityNode rdf:resource="#9288674246696296"/>
</cim:Terminal>
<cim:Terminal rdf:ID="14000000_1527800264_2">
<cim:Terminal.ConductingEquipment rdf:resource="#14000000_1527800264"/>
<cim:Terminal.ConnectivityNode rdf:resource="#9288674231930121"/>
</cim:Terminal>
<cim:Terminal rdf:ID="36000000_1527800817_1">
<cim:Terminal.ConductingEquipment rdf:resource="#36000000_1527800817"/>
<cim:Terminal.ConnectivityNode rdf:resource="#9288674231897685"/>
</cim:Terminal>
<cim:Terminal rdf:ID="36000000_1527800817_2">
<cim:Terminal.ConductingEquipment rdf:resource="#36000000_1527800817"/>
<cim:Terminal.ConnectivityNode rdf:resource="#9288674246696296"/>
</cim:Terminal>
<cim:Terminal rdf:ID="2542449">
<cim:Terminal.ConductingEquipment rdf:resource="#31100000_615897"/>
<cim:Terminal.ConnectivityNode rdf:resource="#9288674231457073"/>
</cim:Terminal>
<cim:Terminal rdf:ID="13000000_1538251585_1">
<cim:Terminal.ConductingEquipment rdf:resource="#13000000_1538251585"/>
<cim:Terminal.ConnectivityNode rdf:resource="#9288674231578828"/>
</cim:Terminal>
<cim:Terminal rdf:ID="13000000_1538251585_2">
<cim:Terminal.ConductingEquipment rdf:resource="#13000000_1538251585"/>
<cim:Terminal.ConnectivityNode rdf:resource="#9288674231509948"/>
</cim:Terminal>
<cim:Terminal rdf:ID="13000000_1538252912_1">
<cim:Terminal.ConductingEquipment rdf:resource="#13000000_1538252912"/>
<cim:Terminal.ConnectivityNode rdf:resource="#9288674231509948"/>
</cim:Terminal>
<cim:Terminal rdf:ID="13000000_1538252912_2">
<cim:Terminal.ConductingEquipment rdf:resource="#13000000_1538252912"/>
<cim:Terminal.ConnectivityNode rdf:resource="#9288674231578827"/>
</cim:Terminal>
<cim:Terminal rdf:ID="10200001_6346081_1">
<cim:Terminal.ConductingEquipment rdf:resource="#10200001_6346081"/>
<cim:Terminal.ConnectivityNode rdf:resource="#9288674231801093"/>
</cim:Terminal>
<cim:Terminal rdf:ID="10200001_6385883_1">
<cim:Terminal.ConductingEquipment rdf:resource="#10200001_6385883"/>
<cim:Terminal.ConnectivityNode rdf:resource="#9288674231801094"/>
</cim:Terminal>
<cim:Terminal rdf:ID="11000001_1514786589_1">
<cim:Terminal.ConductingEquipment rdf:resource="#11000001_1514786589"/>
<cim:Terminal.ConnectivityNode rdf:resource="#9288674231762072"/>
</cim:Terminal>
<cim:Terminal rdf:ID="2542582">
<cim:Terminal.ConductingEquipment rdf:resource="#30500000_1349694"/>
<cim:Terminal.ConnectivityNode rdf:resource="#9288674231479957"/>
</cim:Terminal>
<cim:Terminal rdf:ID="2542583">
<cim:Terminal.ConductingEquipment rdf:resource="#30500000_1349694"/>
<cim:Terminal.ConnectivityNode rdf:resource="#9288674231524274"/>
</cim:Terminal>
<cim:Terminal rdf:ID="11300000_1277519_1">
<cim:Terminal.ConductingEquipment rdf:resource="#11300000_1277519"/>
<cim:Terminal.ConnectivityNode rdf:resource="#9288674231578819"/>
</cim:Terminal>
<cim:Terminal rdf:ID="11300000_1277519_2">
<cim:Terminal.ConductingEquipment rdf:resource="#11300000_1277519"/>
<cim:Terminal.ConnectivityNode rdf:resource="#9288674231681682"/>
</cim:Terminal>
<cim:Terminal rdf:ID="11500000_687333_1">
<cim:Terminal.ConductingEquipment rdf:resource="#11500000_687333"/>
<cim:Terminal.ConnectivityNode rdf:resource="#9288674231578827"/>
</cim:Terminal>
<cim:Terminal rdf:ID="11500000_687333_2">
<cim:Terminal.ConductingEquipment rdf:resource="#11500000_687333"/>
<cim:Terminal.ConnectivityNode rdf:resource="#9288674231681690"/>
</cim:Terminal>
<cim:Terminal rdf:ID="11500000_687334_1">
<cim:Terminal.ConductingEquipment rdf:resource="#11500000_687334"/>
<cim:Terminal.ConnectivityNode rdf:resource="#9288674231578828"/>
</cim:Terminal>
<cim:Terminal rdf:ID="11500000_687334_2">
<cim:Terminal.ConductingEquipment rdf:resource="#11500000_687334"/>
<cim:Terminal.ConnectivityNode rdf:resource="#9288674231681691"/>
</cim:Terminal>
<cim:Terminal rdf:ID="10200001_11639352_1">
<cim:Terminal.ConductingEquipment rdf:resource="#10200001_11639352"/>
<cim:Terminal.ConnectivityNode rdf:resource="#9288674231829129"/>
</cim:Terminal>
<cim:Terminal rdf:ID="10200001_11639354_1">
<cim:Terminal.ConductingEquipment rdf:resource="#10200001_11639354"/>
<cim:Terminal.ConnectivityNode rdf:resource="#9288674231829143"/>
</cim:Terminal>
<cim:Terminal rdf:ID="10200001_11639357_1">
<cim:Terminal.ConductingEquipment rdf:resource="#10200001_11639357"/>
<cim:Terminal.ConnectivityNode rdf:resource="#9288674231829130"/>
</cim:Terminal>
<cim:Terminal rdf:ID="10200001_11657030_1">
<cim:Terminal.ConductingEquipment rdf:resource="#10200001_11657030"/>
<cim:Terminal.ConnectivityNode rdf:resource="#9288674231829144"/>
</cim:Terminal>
<cim:Terminal rdf:ID="432682">
<cim:Terminal.ConductingEquipment rdf:resource="#31100000_88909"/>
<cim:Terminal.ConnectivityNode rdf:resource="#9288674231453250"/>
</cim:Terminal>
<cim:Terminal rdf:ID="456645">
<cim:Terminal.ConductingEquipment rdf:resource="#31100000_89624"/>
<cim:Terminal.ConnectivityNode rdf:resource="#9288674231453268"/>
</cim:Terminal>
<cim:Terminal rdf:ID="10200001_1527784874_1">
<cim:Terminal.ConductingEquipment rdf:resource="#10200001_1527784874"/>
<cim:Terminal.ConnectivityNode rdf:resource="#0"/>
</cim:Terminal>
<cim:Terminal rdf:ID="10200001_1536071807_1">
<cim:Terminal.ConductingEquipment rdf:resource="#10200001_1536071807"/>
<cim:Terminal.ConnectivityNode rdf:resource="#9288674247901320"/>
</cim:Terminal>
<cim:Terminal rdf:ID="10200001_11639351_1">
<cim:Terminal.ConductingEquipment rdf:resource="#10200001_11639351"/>
<cim:Terminal.ConnectivityNode rdf:resource="#9288674248484698"/>
</cim:Terminal>
<cim:Terminal rdf:ID="10200001_11639353_1">
<cim:Terminal.ConductingEquipment rdf:resource="#10200001_11639353"/>
<cim:Terminal.ConnectivityNode rdf:resource="#9288674248430395"/>
</cim:Terminal>
<cim:Terminal rdf:ID="11300000_3095625_1">
<cim:Terminal.ConductingEquipment rdf:resource="#11300000_3095625"/>
<cim:Terminal.ConnectivityNode rdf:resource="#9288674231602943"/>
</cim:Terminal>
<cim:Terminal rdf:ID="11300000_3095625_2">
<cim:Terminal.ConductingEquipment rdf:resource="#11300000_3095625"/>
<cim:Terminal.ConnectivityNode rdf:resource="#9288674231701078"/>
</cim:Terminal>
<cim:Terminal rdf:ID="11300000_3095628_1">
<cim:Terminal.ConductingEquipment rdf:resource="#11300000_3095628"/>
<cim:Terminal.ConnectivityNode rdf:resource="#9288674231602944"/>
</cim:Terminal>
<cim:Terminal rdf:ID="11300000_3095628_2">
<cim:Terminal.ConductingEquipment rdf:resource="#11300000_3095628"/>
<cim:Terminal.ConnectivityNode rdf:resource="#9288674231701079"/>
</cim:Terminal>
<cim:Terminal rdf:ID="11300000_3095654_1">
<cim:Terminal.ConductingEquipment rdf:resource="#11300000_3095654"/>
<cim:Terminal.ConnectivityNode rdf:resource="#9288674231602945"/>
</cim:Terminal>
<cim:Terminal rdf:ID="11300000_3095654_2">
<cim:Terminal.ConductingEquipment rdf:resource="#11300000_3095654"/>
<cim:Terminal.ConnectivityNode rdf:resource="#9288674231701080"/>
</cim:Terminal>
<cim:Terminal rdf:ID="11500000_1604065_1">
<cim:Terminal.ConductingEquipment rdf:resource="#11500000_1604065"/>
<cim:Terminal.ConnectivityNode rdf:resource="#9288674231602950"/>
</cim:Terminal>
<cim:Terminal rdf:ID="11500000_1604065_2">
<cim:Terminal.ConductingEquipment rdf:resource="#11500000_1604065"/>
<cim:Terminal.ConnectivityNode rdf:resource="#9288674231701085"/>
</cim:Terminal>
</rdf:RDF>
