<?xml version="1.0" encoding="UTF-8"?>

<rdf:RDF xmlns:rdf="http://www.w3.org/1999/02/22-rdf-syntax-ns#" xmlns:cim="http://www.sgcc.com.cn/SG-CIM/2010MAY#" xmlns:iescim="http://www.ieslab.com.cn">

<cim:BaseVoltage rdf:ID="BaseVoltage_5">
<cim:IdentifiedObject.name>10kV</cim:IdentifiedObject.name>
<cim:BaseVoltage.isDC>false</cim:BaseVoltage.isDC>
<cim:BaseVoltage.nominalVoltage>10.00</cim:BaseVoltage.nominalVoltage>
<iescim:PowerSystemResource.DeviceID>5</iescim:PowerSystemResource.DeviceID>
</cim:BaseVoltage>
<cim:SubGeographicalRegion rdf:ID="8a0f688f46db11f00146db13630f0e96">
<cim:IdentifiedObject.name>国网寿宁县供电公司</cim:IdentifiedObject.name>
<cim:SubGeographicalRegion.Region rdf:resource="#_"/>
</cim:SubGeographicalRegion>
<cim:Circuit rdf:ID="10000100_21388">
<cim:IdentifiedObject.name>10kV大安线916线路</cim:IdentifiedObject.name>
<cim:Circuit.BelongtoHVSubstation rdf:resource="#30000000_2836534"/>
<cim:PowerSystemResource.SubGeographicalRegion rdf:resource="#8a0f688f46db11f00146db13630f0e96"/>
<cim:iscurrentfeeder>0</cim:iscurrentfeeder>
</cim:Circuit>
<cim:Circuit rdf:ID="10000100_1543661799">
<cim:IdentifiedObject.name>10kV交溪线924线路</cim:IdentifiedObject.name>
<cim:Circuit.BelongtoHVSubstation rdf:resource="#30000000_2836534"/>
<cim:PowerSystemResource.SubGeographicalRegion rdf:resource="#8a0f688f46db11f00146db13630f0e96"/>
<cim:iscurrentfeeder>1</cim:iscurrentfeeder>
</cim:Circuit>
<cim:Substation rdf:ID="30000000_2836534">
<cim:IdentifiedObject.name>大安变电站</cim:IdentifiedObject.name>
<iescim:PowerSystemResource.DeviceType>13</iescim:PowerSystemResource.DeviceType>
<iescim:PowerSystemResource.SubType>1</iescim:PowerSystemResource.SubType>
<cim:PowerSystemResource.PSRType rdf:resource="#30000000"/>
<iescim:PowerSystemResource.DeviceID>3659174697245219</iescim:PowerSystemResource.DeviceID>
<cim:PowerSystemResource.SubGeographicalRegion rdf:resource="#8a0f688f46db11f00146db13630f0e96"/>
</cim:Substation>
<cim:Breaker rdf:ID="30500000_2250995">
<cim:IdentifiedObject.name>大安变电站.10kV.交溪线间隔.924开关</cim:IdentifiedObject.name>
<cim:IdentifiedObject.bianhao>_</cim:IdentifiedObject.bianhao>
<cim:Equipment.EquipmentContainer rdf:resource="#30000000_2836534"/>
<cim:PowerSystemResource.Circuit rdf:resource="#10000100_1543661799" />
<cim:ConductingEquipment.BaseVoltage rdf:resource="#BaseVoltage_5"/>
<iescim:PowerSystemResource.SubType>1</iescim:PowerSystemResource.SubType>
<iescim:PowerSystemResource.DeviceID>4503599627491898</iescim:PowerSystemResource.DeviceID>
<iescim:PowerSystemResource.DeviceType>16</iescim:PowerSystemResource.DeviceType>
<iescim:PowerSystemResource.Cxmc></iescim:PowerSystemResource.Cxmc>
</cim:Breaker>
<cim:Breaker rdf:ID="11100000_1543896715">
<cim:IdentifiedObject.name>10kV交溪线924线路#006杆006开关</cim:IdentifiedObject.name>
<cim:IdentifiedObject.bianhao>006</cim:IdentifiedObject.bianhao>
<cim:PowerSystemResource.Circuit rdf:resource="#10000100_1543661799" />
<cim:ConductingEquipment.BaseVoltage rdf:resource="#BaseVoltage_5"/>
<iescim:PowerSystemResource.SubType>2</iescim:PowerSystemResource.SubType>
<iescim:PowerSystemResource.DeviceID>4503599627634639</iescim:PowerSystemResource.DeviceID>
<iescim:PowerSystemResource.DeviceType>16</iescim:PowerSystemResource.DeviceType>
<iescim:PowerSystemResource.Cxmc></iescim:PowerSystemResource.Cxmc>
</cim:Breaker>
<cim:Breaker rdf:ID="11100000_1543899075">
<cim:IdentifiedObject.name>10kV大安线916线路#015杆015开关</cim:IdentifiedObject.name>
<cim:IdentifiedObject.bianhao>015</cim:IdentifiedObject.bianhao>
<cim:PowerSystemResource.Circuit rdf:resource="#10000100_21388" />
<cim:ConductingEquipment.BaseVoltage rdf:resource="#BaseVoltage_5"/>
<iescim:PowerSystemResource.SubType>2</iescim:PowerSystemResource.SubType>
<iescim:PowerSystemResource.DeviceID>4503599627634640</iescim:PowerSystemResource.DeviceID>
<iescim:PowerSystemResource.DeviceType>16</iescim:PowerSystemResource.DeviceType>
<iescim:PowerSystemResource.Cxmc></iescim:PowerSystemResource.Cxmc>
</cim:Breaker>
<cim:Disconnector rdf:ID="11300000_2321080">
<cim:IdentifiedObject.name>10kV交溪线924线路#009杆0091刀闸</cim:IdentifiedObject.name>
<cim:IdentifiedObject.bianhao>0091</cim:IdentifiedObject.bianhao>
<cim:PowerSystemResource.Circuit rdf:resource="#10000100_1543661799" />
<cim:ConductingEquipment.BaseVoltage rdf:resource="#BaseVoltage_5"/>
<iescim:PowerSystemResource.SubType>6</iescim:PowerSystemResource.SubType>
<iescim:PowerSystemResource.DeviceID>4785074604154953</iescim:PowerSystemResource.DeviceID>
<iescim:PowerSystemResource.DeviceType>17</iescim:PowerSystemResource.DeviceType>
<iescim:PowerSystemResource.Cxmc></iescim:PowerSystemResource.Cxmc>
</cim:Disconnector>
<cim:Disconnector rdf:ID="11300000_2731799">
<cim:IdentifiedObject.name>10kV交溪线924线路#0170171刀闸</cim:IdentifiedObject.name>
<cim:IdentifiedObject.bianhao>0171</cim:IdentifiedObject.bianhao>
<cim:PowerSystemResource.Circuit rdf:resource="#10000100_1543661799" />
<cim:ConductingEquipment.BaseVoltage rdf:resource="#BaseVoltage_5"/>
<iescim:PowerSystemResource.SubType>6</iescim:PowerSystemResource.SubType>
<iescim:PowerSystemResource.DeviceID>4785074604165105</iescim:PowerSystemResource.DeviceID>
<iescim:PowerSystemResource.DeviceType>17</iescim:PowerSystemResource.DeviceType>
<iescim:PowerSystemResource.Cxmc></iescim:PowerSystemResource.Cxmc>
</cim:Disconnector>
<cim:Disconnector rdf:ID="30600001_3511844">
<cim:IdentifiedObject.name>大安变电站.10kV.交溪线间隔.9246接地刀闸</cim:IdentifiedObject.name>
<cim:IdentifiedObject.bianhao>_</cim:IdentifiedObject.bianhao>
<cim:Equipment.EquipmentContainer rdf:resource="#30000000_2836534"/>
<cim:PowerSystemResource.Circuit rdf:resource="#10000100_1543661799" />
<cim:ConductingEquipment.BaseVoltage rdf:resource="#BaseVoltage_5"/>
<iescim:PowerSystemResource.SubType>9</iescim:PowerSystemResource.SubType>
<iescim:PowerSystemResource.DeviceID>4785074604256469</iescim:PowerSystemResource.DeviceID>
<iescim:PowerSystemResource.DeviceType>17</iescim:PowerSystemResource.DeviceType>
<iescim:PowerSystemResource.Cxmc></iescim:PowerSystemResource.Cxmc>
</cim:Disconnector>
<cim:Disconnector rdf:ID="4080999">
<cim:IdentifiedObject.name>大安变电站.10kV.交溪线间隔.924手车刀闸</cim:IdentifiedObject.name>
<cim:IdentifiedObject.bianhao>_</cim:IdentifiedObject.bianhao>
<cim:Equipment.EquipmentContainer rdf:resource="#30000000_2836534"/>
<cim:PowerSystemResource.Circuit rdf:resource="#10000100_1543661799" />
<cim:ConductingEquipment.BaseVoltage rdf:resource="#BaseVoltage_5"/>
<iescim:PowerSystemResource.SubType>5</iescim:PowerSystemResource.SubType>
<iescim:PowerSystemResource.DeviceID>4785074604256477</iescim:PowerSystemResource.DeviceID>
<iescim:PowerSystemResource.DeviceType>17</iescim:PowerSystemResource.DeviceType>
<iescim:PowerSystemResource.Cxmc></iescim:PowerSystemResource.Cxmc>
</cim:Disconnector>
<cim:Disconnector rdf:ID="11300000_1543903452">
<cim:IdentifiedObject.name>10kV交溪线924线路#006杆0061刀闸</cim:IdentifiedObject.name>
<cim:IdentifiedObject.bianhao>0061</cim:IdentifiedObject.bianhao>
<cim:PowerSystemResource.Circuit rdf:resource="#10000100_1543661799" />
<cim:ConductingEquipment.BaseVoltage rdf:resource="#BaseVoltage_5"/>
<iescim:PowerSystemResource.SubType>6</iescim:PowerSystemResource.SubType>
<iescim:PowerSystemResource.DeviceID>4785074604335003</iescim:PowerSystemResource.DeviceID>
<iescim:PowerSystemResource.DeviceType>17</iescim:PowerSystemResource.DeviceType>
<iescim:PowerSystemResource.Cxmc></iescim:PowerSystemResource.Cxmc>
</cim:Disconnector>
<cim:Disconnector rdf:ID="11300000_1543907861">
<cim:IdentifiedObject.name>10kV交溪线924线路#001杆0011刀闸</cim:IdentifiedObject.name>
<cim:IdentifiedObject.bianhao>0011</cim:IdentifiedObject.bianhao>
<cim:PowerSystemResource.Circuit rdf:resource="#10000100_1543661799" />
<cim:ConductingEquipment.BaseVoltage rdf:resource="#BaseVoltage_5"/>
<iescim:PowerSystemResource.SubType>6</iescim:PowerSystemResource.SubType>
<iescim:PowerSystemResource.DeviceID>4785074604335004</iescim:PowerSystemResource.DeviceID>
<iescim:PowerSystemResource.DeviceType>17</iescim:PowerSystemResource.DeviceType>
<iescim:PowerSystemResource.Cxmc></iescim:PowerSystemResource.Cxmc>
</cim:Disconnector>
<cim:Fuse rdf:ID="11500000_679356">
<cim:IdentifiedObject.name>10kV交溪线924线路#017-1杆017-1M2跌落式熔断器</cim:IdentifiedObject.name>
<cim:IdentifiedObject.bianhao>019-1M2</cim:IdentifiedObject.bianhao>
<cim:PowerSystemResource.Circuit rdf:resource="#10000100_1543661799" />
<cim:ConductingEquipment.BaseVoltage rdf:resource="#BaseVoltage_5"/>
<iescim:PowerSystemResource.SubType>1</iescim:PowerSystemResource.SubType>
<iescim:PowerSystemResource.DeviceID>8162774324665743</iescim:PowerSystemResource.DeviceID>
<iescim:PowerSystemResource.DeviceType>29</iescim:PowerSystemResource.DeviceType>
<iescim:PowerSystemResource.Cxmc></iescim:PowerSystemResource.Cxmc>
</cim:Fuse>
<cim:Fuse rdf:ID="11500000_1236576">
<cim:IdentifiedObject.name>10kV交溪线924线路#009A杆009AM2跌落式熔断器</cim:IdentifiedObject.name>
<cim:IdentifiedObject.bianhao>027AM2</cim:IdentifiedObject.bianhao>
<cim:PowerSystemResource.Circuit rdf:resource="#10000100_1543661799" />
<cim:ConductingEquipment.BaseVoltage rdf:resource="#BaseVoltage_5"/>
<iescim:PowerSystemResource.SubType>1</iescim:PowerSystemResource.SubType>
<iescim:PowerSystemResource.DeviceID>8162774324682827</iescim:PowerSystemResource.DeviceID>
<iescim:PowerSystemResource.DeviceType>29</iescim:PowerSystemResource.DeviceType>
<iescim:PowerSystemResource.Cxmc></iescim:PowerSystemResource.Cxmc>
</cim:Fuse>
<cim:PowerTransformer rdf:ID="11000000_654311">
<cim:IdentifiedObject.name>交溪G2067变</cim:IdentifiedObject.name>
<cim:IdentifiedObject.bianhao></cim:IdentifiedObject.bianhao>
<cim:PowerSystemResource.Circuit rdf:resource="#10000100_1543661799" />
<cim:ConductingEquipment.BaseVoltage rdf:resource="#BaseVoltage_5"/>
<iescim:PowerSystemResource.SubType>1</iescim:PowerSystemResource.SubType>
<iescim:PowerSystemResource.DeviceID>12384898975288541</iescim:PowerSystemResource.DeviceID>
<iescim:PowerSystemResource.DeviceType>44</iescim:PowerSystemResource.DeviceType>
<iescim:PowerSystemResource.UserType>4</iescim:PowerSystemResource.UserType>
<iescim:PowerSystemResource.TaiQuHao>_</iescim:PowerSystemResource.TaiQuHao>
</cim:PowerTransformer>
<cim:PowerTransformer rdf:ID="11000000_1153483">
<cim:IdentifiedObject.name>大安政府门口G2156变</cim:IdentifiedObject.name>
<cim:IdentifiedObject.bianhao></cim:IdentifiedObject.bianhao>
<cim:PowerSystemResource.Circuit rdf:resource="#10000100_1543661799" />
<cim:ConductingEquipment.BaseVoltage rdf:resource="#BaseVoltage_5"/>
<iescim:PowerSystemResource.SubType>1</iescim:PowerSystemResource.SubType>
<iescim:PowerSystemResource.DeviceID>12384898975293336</iescim:PowerSystemResource.DeviceID>
<iescim:PowerSystemResource.DeviceType>44</iescim:PowerSystemResource.DeviceType>
<iescim:PowerSystemResource.UserType>0</iescim:PowerSystemResource.UserType>
<iescim:PowerSystemResource.TaiQuHao>_</iescim:PowerSystemResource.TaiQuHao>
</cim:PowerTransformer>
<cim:BusbarSection rdf:ID="31100000_751890">
<cim:IdentifiedObject.name>大安变电站.10kV.Ⅰ段母线</cim:IdentifiedObject.name>
<cim:IdentifiedObject.bianhao></cim:IdentifiedObject.bianhao>
<cim:Equipment.EquipmentContainer rdf:resource="#30000000_2836534"/>
<cim:PowerSystemResource.Circuit rdf:resource="#_" />
<cim:ConductingEquipment.BaseVoltage rdf:resource="#BaseVoltage_5"/>
<iescim:PowerSystemResource.SubType>0</iescim:PowerSystemResource.SubType>
<iescim:PowerSystemResource.DeviceID>5348024557511252</iescim:PowerSystemResource.DeviceID>
<iescim:PowerSystemResource.DeviceType>19</iescim:PowerSystemResource.DeviceType>
</cim:BusbarSection>
<cim:BusbarSection rdf:ID="31100000_1176143">
<cim:IdentifiedObject.name>大安变电站.10kV.Ⅱ段母线</cim:IdentifiedObject.name>
<cim:IdentifiedObject.bianhao></cim:IdentifiedObject.bianhao>
<cim:Equipment.EquipmentContainer rdf:resource="#30000000_2836534"/>
<cim:PowerSystemResource.Circuit rdf:resource="#_" />
<cim:ConductingEquipment.BaseVoltage rdf:resource="#BaseVoltage_5"/>
<iescim:PowerSystemResource.SubType>0</iescim:PowerSystemResource.SubType>
<iescim:PowerSystemResource.DeviceID>5348024557541811</iescim:PowerSystemResource.DeviceID>
<iescim:PowerSystemResource.DeviceType>19</iescim:PowerSystemResource.DeviceType>
</cim:BusbarSection>
<cim:ACLineSegment rdf:ID="13000000_12599486">
<cim:IdentifiedObject.name>-连接线-</cim:IdentifiedObject.name>
<cim:IdentifiedObject.bianhao></cim:IdentifiedObject.bianhao>
<cim:PowerSystemResource.Circuit rdf:resource="#10000100_1543661799" />
<cim:ConductingEquipment.BaseVoltage rdf:resource="#BaseVoltage_5"/>
<iescim:PowerSystemResource.SubType>3</iescim:PowerSystemResource.SubType>
<iescim:PowerSystemResource.DeviceID>5629499534382102</iescim:PowerSystemResource.DeviceID>
<iescim:PowerSystemResource.DeviceType>20</iescim:PowerSystemResource.DeviceType>
</cim:ACLineSegment>
<cim:ACLineSegment rdf:ID="13000000_12599493">
<cim:IdentifiedObject.name>-连接线-</cim:IdentifiedObject.name>
<cim:IdentifiedObject.bianhao></cim:IdentifiedObject.bianhao>
<cim:PowerSystemResource.Circuit rdf:resource="#10000100_1543661799" />
<cim:ConductingEquipment.BaseVoltage rdf:resource="#BaseVoltage_5"/>
<iescim:PowerSystemResource.SubType>3</iescim:PowerSystemResource.SubType>
<iescim:PowerSystemResource.DeviceID>5629499534382103</iescim:PowerSystemResource.DeviceID>
<iescim:PowerSystemResource.DeviceType>20</iescim:PowerSystemResource.DeviceType>
</cim:ACLineSegment>
<cim:ACLineSegment rdf:ID="13000000_9203357">
<cim:IdentifiedObject.name>站外-连接线</cim:IdentifiedObject.name>
<cim:IdentifiedObject.bianhao></cim:IdentifiedObject.bianhao>
<cim:PowerSystemResource.Circuit rdf:resource="#10000100_1543661799" />
<cim:ConductingEquipment.BaseVoltage rdf:resource="#BaseVoltage_5"/>
<iescim:PowerSystemResource.SubType>3</iescim:PowerSystemResource.SubType>
<iescim:PowerSystemResource.DeviceID>5629499534382123</iescim:PowerSystemResource.DeviceID>
<iescim:PowerSystemResource.DeviceType>20</iescim:PowerSystemResource.DeviceType>
</cim:ACLineSegment>
<cim:ACLineSegment rdf:ID="13000000_13863407">
<cim:IdentifiedObject.name>-连接线-</cim:IdentifiedObject.name>
<cim:IdentifiedObject.bianhao></cim:IdentifiedObject.bianhao>
<cim:PowerSystemResource.Circuit rdf:resource="#10000100_1543661799" />
<cim:ConductingEquipment.BaseVoltage rdf:resource="#BaseVoltage_5"/>
<iescim:PowerSystemResource.SubType>3</iescim:PowerSystemResource.SubType>
<iescim:PowerSystemResource.DeviceID>5629499534487276</iescim:PowerSystemResource.DeviceID>
<iescim:PowerSystemResource.DeviceType>20</iescim:PowerSystemResource.DeviceType>
</cim:ACLineSegment>
<cim:ACLineSegment rdf:ID="10100000_10715998">
<cim:IdentifiedObject.name>10kV交溪线924线路#016-10kV交溪线924线路#015</cim:IdentifiedObject.name>
<cim:IdentifiedObject.bianhao></cim:IdentifiedObject.bianhao>
<cim:PowerSystemResource.Circuit rdf:resource="#10000100_1543661799" />
<cim:ConductingEquipment.BaseVoltage rdf:resource="#BaseVoltage_5"/>
<iescim:PowerSystemResource.SubType>2</iescim:PowerSystemResource.SubType>
<iescim:PowerSystemResource.DeviceID>5629499534524880</iescim:PowerSystemResource.DeviceID>
<iescim:PowerSystemResource.DeviceType>20</iescim:PowerSystemResource.DeviceType>
</cim:ACLineSegment>
<cim:ACLineSegment rdf:ID="10100000_11224346">
<cim:IdentifiedObject.name>10kV交溪线924线路#017-10kV大安线916线路#019-1杆</cim:IdentifiedObject.name>
<cim:IdentifiedObject.bianhao></cim:IdentifiedObject.bianhao>
<cim:PowerSystemResource.Circuit rdf:resource="#10000100_1543661799" />
<cim:ConductingEquipment.BaseVoltage rdf:resource="#BaseVoltage_5"/>
<iescim:PowerSystemResource.SubType>2</iescim:PowerSystemResource.SubType>
<iescim:PowerSystemResource.DeviceID>5629499534524883</iescim:PowerSystemResource.DeviceID>
<iescim:PowerSystemResource.DeviceType>20</iescim:PowerSystemResource.DeviceType>
</cim:ACLineSegment>
<cim:ACLineSegment rdf:ID="13000000_14381872">
<cim:IdentifiedObject.name>站外-连接线</cim:IdentifiedObject.name>
<cim:IdentifiedObject.bianhao></cim:IdentifiedObject.bianhao>
<cim:PowerSystemResource.Circuit rdf:resource="#10000100_1543661799" />
<cim:ConductingEquipment.BaseVoltage rdf:resource="#BaseVoltage_5"/>
<iescim:PowerSystemResource.SubType>3</iescim:PowerSystemResource.SubType>
<iescim:PowerSystemResource.DeviceID>5629499534524893</iescim:PowerSystemResource.DeviceID>
<iescim:PowerSystemResource.DeviceType>20</iescim:PowerSystemResource.DeviceType>
</cim:ACLineSegment>
<cim:ACLineSegment rdf:ID="13000000_14485794">
<cim:IdentifiedObject.name>站外-连接线</cim:IdentifiedObject.name>
<cim:IdentifiedObject.bianhao></cim:IdentifiedObject.bianhao>
<cim:PowerSystemResource.Circuit rdf:resource="#10000100_1543661799" />
<cim:ConductingEquipment.BaseVoltage rdf:resource="#BaseVoltage_5"/>
<iescim:PowerSystemResource.SubType>3</iescim:PowerSystemResource.SubType>
<iescim:PowerSystemResource.DeviceID>5629499534524899</iescim:PowerSystemResource.DeviceID>
<iescim:PowerSystemResource.DeviceType>20</iescim:PowerSystemResource.DeviceType>
</cim:ACLineSegment>
<cim:ACLineSegment rdf:ID="10100000_9558109">
<cim:IdentifiedObject.name>10kV交溪线924线路#009-10kV交溪线924线路#008</cim:IdentifiedObject.name>
<cim:IdentifiedObject.bianhao></cim:IdentifiedObject.bianhao>
<cim:PowerSystemResource.Circuit rdf:resource="#10000100_1543661799" />
<cim:ConductingEquipment.BaseVoltage rdf:resource="#BaseVoltage_5"/>
<iescim:PowerSystemResource.SubType>2</iescim:PowerSystemResource.SubType>
<iescim:PowerSystemResource.DeviceID>5629499537547699</iescim:PowerSystemResource.DeviceID>
<iescim:PowerSystemResource.DeviceType>20</iescim:PowerSystemResource.DeviceType>
</cim:ACLineSegment>
<cim:ACLineSegment rdf:ID="10100000_1520493256">
<cim:IdentifiedObject.name>10kV交溪线924线路#009-10kV大安线916线路#027A杆</cim:IdentifiedObject.name>
<cim:IdentifiedObject.bianhao></cim:IdentifiedObject.bianhao>
<cim:PowerSystemResource.Circuit rdf:resource="#10000100_1543661799" />
<cim:ConductingEquipment.BaseVoltage rdf:resource="#BaseVoltage_5"/>
<iescim:PowerSystemResource.SubType>2</iescim:PowerSystemResource.SubType>
<iescim:PowerSystemResource.DeviceID>5629499537547701</iescim:PowerSystemResource.DeviceID>
<iescim:PowerSystemResource.DeviceType>20</iescim:PowerSystemResource.DeviceType>
</cim:ACLineSegment>
<cim:ACLineSegment rdf:ID="10100000_10715992">
<cim:IdentifiedObject.name>10kV大安线916线路#015杆-10kV交溪线924线路#020</cim:IdentifiedObject.name>
<cim:IdentifiedObject.bianhao></cim:IdentifiedObject.bianhao>
<cim:PowerSystemResource.Circuit rdf:resource="#10000100_1543661799" />
<cim:ConductingEquipment.BaseVoltage rdf:resource="#BaseVoltage_5"/>
<iescim:PowerSystemResource.SubType>2</iescim:PowerSystemResource.SubType>
<iescim:PowerSystemResource.DeviceID>5629499538015842</iescim:PowerSystemResource.DeviceID>
<iescim:PowerSystemResource.DeviceType>20</iescim:PowerSystemResource.DeviceType>
</cim:ACLineSegment>
<cim:ACLineSegment rdf:ID="10100000_1543902835">
<cim:IdentifiedObject.name>10kV交溪线924线路#004-10kV交溪线924线路#005</cim:IdentifiedObject.name>
<cim:IdentifiedObject.bianhao></cim:IdentifiedObject.bianhao>
<cim:PowerSystemResource.Circuit rdf:resource="#10000100_1543661799" />
<cim:ConductingEquipment.BaseVoltage rdf:resource="#BaseVoltage_5"/>
<iescim:PowerSystemResource.SubType>2</iescim:PowerSystemResource.SubType>
<iescim:PowerSystemResource.DeviceID>5629499538015843</iescim:PowerSystemResource.DeviceID>
<iescim:PowerSystemResource.DeviceType>20</iescim:PowerSystemResource.DeviceType>
</cim:ACLineSegment>
<cim:ACLineSegment rdf:ID="10100000_1543908099">
<cim:IdentifiedObject.name>10kV交溪线924线路#006杆-10kV交溪线924线路#007</cim:IdentifiedObject.name>
<cim:IdentifiedObject.bianhao></cim:IdentifiedObject.bianhao>
<cim:PowerSystemResource.Circuit rdf:resource="#10000100_1543661799" />
<cim:ConductingEquipment.BaseVoltage rdf:resource="#BaseVoltage_5"/>
<iescim:PowerSystemResource.SubType>2</iescim:PowerSystemResource.SubType>
<iescim:PowerSystemResource.DeviceID>5629499538015844</iescim:PowerSystemResource.DeviceID>
<iescim:PowerSystemResource.DeviceType>20</iescim:PowerSystemResource.DeviceType>
</cim:ACLineSegment>
<cim:ACLineSegment rdf:ID="13000000_1543906273">
<cim:IdentifiedObject.name>站外-连接线</cim:IdentifiedObject.name>
<cim:IdentifiedObject.bianhao></cim:IdentifiedObject.bianhao>
<cim:PowerSystemResource.Circuit rdf:resource="#10000100_1543661799" />
<cim:ConductingEquipment.BaseVoltage rdf:resource="#BaseVoltage_5"/>
<iescim:PowerSystemResource.SubType>3</iescim:PowerSystemResource.SubType>
<iescim:PowerSystemResource.DeviceID>5629499538015845</iescim:PowerSystemResource.DeviceID>
<iescim:PowerSystemResource.DeviceType>20</iescim:PowerSystemResource.DeviceType>
</cim:ACLineSegment>
<cim:ACLineSegment rdf:ID="13000000_1543906288">
<cim:IdentifiedObject.name>10kV交溪线924线路#001杆连接线</cim:IdentifiedObject.name>
<cim:IdentifiedObject.bianhao></cim:IdentifiedObject.bianhao>
<cim:PowerSystemResource.Circuit rdf:resource="#10000100_1543661799" />
<cim:ConductingEquipment.BaseVoltage rdf:resource="#BaseVoltage_5"/>
<iescim:PowerSystemResource.SubType>3</iescim:PowerSystemResource.SubType>
<iescim:PowerSystemResource.DeviceID>5629499538015847</iescim:PowerSystemResource.DeviceID>
<iescim:PowerSystemResource.DeviceType>20</iescim:PowerSystemResource.DeviceType>
</cim:ACLineSegment>
<cim:ACLineSegment rdf:ID="13000000_1543906290">
<cim:IdentifiedObject.name>站外-连接线</cim:IdentifiedObject.name>
<cim:IdentifiedObject.bianhao></cim:IdentifiedObject.bianhao>
<cim:PowerSystemResource.Circuit rdf:resource="#10000100_1543661799" />
<cim:ConductingEquipment.BaseVoltage rdf:resource="#BaseVoltage_5"/>
<iescim:PowerSystemResource.SubType>3</iescim:PowerSystemResource.SubType>
<iescim:PowerSystemResource.DeviceID>5629499538015848</iescim:PowerSystemResource.DeviceID>
<iescim:PowerSystemResource.DeviceType>20</iescim:PowerSystemResource.DeviceType>
</cim:ACLineSegment>
<cim:ACLineSegment rdf:ID="13000000_1543906293">
<cim:IdentifiedObject.name>站外-连接线</cim:IdentifiedObject.name>
<cim:IdentifiedObject.bianhao></cim:IdentifiedObject.bianhao>
<cim:PowerSystemResource.Circuit rdf:resource="#10000100_1543661799" />
<cim:ConductingEquipment.BaseVoltage rdf:resource="#BaseVoltage_5"/>
<iescim:PowerSystemResource.SubType>3</iescim:PowerSystemResource.SubType>
<iescim:PowerSystemResource.DeviceID>5629499538015849</iescim:PowerSystemResource.DeviceID>
<iescim:PowerSystemResource.DeviceType>20</iescim:PowerSystemResource.DeviceType>
</cim:ACLineSegment>
<cim:ACLineSegment rdf:ID="14000000_1543907579">
<cim:IdentifiedObject.name>10kV备用Ⅱ线924单元站外-超连接线</cim:IdentifiedObject.name>
<cim:IdentifiedObject.bianhao></cim:IdentifiedObject.bianhao>
<cim:PowerSystemResource.Circuit rdf:resource="#10000100_1543661799" />
<cim:ConductingEquipment.BaseVoltage rdf:resource="#BaseVoltage_5"/>
<iescim:PowerSystemResource.SubType>1</iescim:PowerSystemResource.SubType>
<iescim:PowerSystemResource.DeviceID>5629499538015851</iescim:PowerSystemResource.DeviceID>
<iescim:PowerSystemResource.DeviceType>20</iescim:PowerSystemResource.DeviceType>
</cim:ACLineSegment>
<cim:ACLineSegment rdf:ID="20100000_1543891348">
<cim:IdentifiedObject.name>10kV备用Ⅱ线924单元站外-超连接线-10kV交溪线924线路#001杆</cim:IdentifiedObject.name>
<cim:IdentifiedObject.bianhao></cim:IdentifiedObject.bianhao>
<cim:PowerSystemResource.Circuit rdf:resource="#10000100_1543661799" />
<cim:ConductingEquipment.BaseVoltage rdf:resource="#BaseVoltage_5"/>
<iescim:PowerSystemResource.SubType>1</iescim:PowerSystemResource.SubType>
<iescim:PowerSystemResource.DeviceID>5629499538015852</iescim:PowerSystemResource.DeviceID>
<iescim:PowerSystemResource.DeviceType>20</iescim:PowerSystemResource.DeviceType>
</cim:ACLineSegment>
<cim:Pole rdf:ID="10200001_6293091">
<cim:IdentifiedObject.name>10kV交溪线924线路#017-1杆</cim:IdentifiedObject.name>
<cim:IdentifiedObject.bianhao></cim:IdentifiedObject.bianhao>
<cim:PowerSystemResource.Circuit rdf:resource="#10000100_1543661799" />
<cim:ConductingEquipment.BaseVoltage rdf:resource="#BaseVoltage_5"/>
<iescim:PowerSystemResource.DeviceType>43</iescim:PowerSystemResource.DeviceType>
<iescim:PowerSystemResource.SubType>1</iescim:PowerSystemResource.SubType>
<iescim:PowerSystemResource.DeviceID>12103423998599711</iescim:PowerSystemResource.DeviceID>
</cim:Pole>
<cim:Pole rdf:ID="10200001_9669425">
<cim:IdentifiedObject.name>10kV交溪线924线路#009杆</cim:IdentifiedObject.name>
<cim:IdentifiedObject.bianhao></cim:IdentifiedObject.bianhao>
<cim:PowerSystemResource.Circuit rdf:resource="#10000100_1543661799" />
<cim:ConductingEquipment.BaseVoltage rdf:resource="#BaseVoltage_5"/>
<iescim:PowerSystemResource.DeviceType>43</iescim:PowerSystemResource.DeviceType>
<iescim:PowerSystemResource.SubType>1</iescim:PowerSystemResource.SubType>
<iescim:PowerSystemResource.DeviceID>12103423998599819</iescim:PowerSystemResource.DeviceID>
</cim:Pole>
<cim:Pole rdf:ID="10200001_9669428">
<cim:IdentifiedObject.name>10kV交溪线924线路#009A杆</cim:IdentifiedObject.name>
<cim:IdentifiedObject.bianhao></cim:IdentifiedObject.bianhao>
<cim:PowerSystemResource.Circuit rdf:resource="#10000100_1543661799" />
<cim:ConductingEquipment.BaseVoltage rdf:resource="#BaseVoltage_5"/>
<iescim:PowerSystemResource.DeviceType>43</iescim:PowerSystemResource.DeviceType>
<iescim:PowerSystemResource.SubType>1</iescim:PowerSystemResource.SubType>
<iescim:PowerSystemResource.DeviceID>12103423998599820</iescim:PowerSystemResource.DeviceID>
</cim:Pole>
<cim:Pole rdf:ID="10200001_10261694">
<cim:IdentifiedObject.name>10kV交溪线924线路#001杆</cim:IdentifiedObject.name>
<cim:IdentifiedObject.bianhao></cim:IdentifiedObject.bianhao>
<cim:PowerSystemResource.Circuit rdf:resource="#10000100_1543661799" />
<cim:ConductingEquipment.BaseVoltage rdf:resource="#BaseVoltage_5"/>
<iescim:PowerSystemResource.DeviceType>43</iescim:PowerSystemResource.DeviceType>
<iescim:PowerSystemResource.SubType>1</iescim:PowerSystemResource.SubType>
<iescim:PowerSystemResource.DeviceID>12103423998609118</iescim:PowerSystemResource.DeviceID>
</cim:Pole>
<cim:Pole rdf:ID="10200001_10789711">
<cim:IdentifiedObject.name>10kV交溪线924线路#017杆</cim:IdentifiedObject.name>
<cim:IdentifiedObject.bianhao></cim:IdentifiedObject.bianhao>
<cim:PowerSystemResource.Circuit rdf:resource="#10000100_1543661799" />
<cim:ConductingEquipment.BaseVoltage rdf:resource="#BaseVoltage_5"/>
<iescim:PowerSystemResource.DeviceType>43</iescim:PowerSystemResource.DeviceType>
<iescim:PowerSystemResource.SubType>1</iescim:PowerSystemResource.SubType>
<iescim:PowerSystemResource.DeviceID>12103423998615393</iescim:PowerSystemResource.DeviceID>
</cim:Pole>
<cim:Pole rdf:ID="10200001_9669429">
<cim:IdentifiedObject.name>10kV交溪线924线路#008</cim:IdentifiedObject.name>
<cim:IdentifiedObject.bianhao></cim:IdentifiedObject.bianhao>
<cim:PowerSystemResource.Circuit rdf:resource="#10000100_1543661799" />
<cim:ConductingEquipment.BaseVoltage rdf:resource="#BaseVoltage_5"/>
<iescim:PowerSystemResource.DeviceType>43</iescim:PowerSystemResource.DeviceType>
<iescim:PowerSystemResource.SubType>1</iescim:PowerSystemResource.SubType>
<iescim:PowerSystemResource.DeviceID>12103423998637958</iescim:PowerSystemResource.DeviceID>
</cim:Pole>
<cim:Pole rdf:ID="10200001_1543904005">
<cim:IdentifiedObject.name>10kV交溪线924线路#006杆</cim:IdentifiedObject.name>
<cim:IdentifiedObject.bianhao></cim:IdentifiedObject.bianhao>
<cim:PowerSystemResource.Circuit rdf:resource="#10000100_1543661799" />
<cim:ConductingEquipment.BaseVoltage rdf:resource="#BaseVoltage_5"/>
<iescim:PowerSystemResource.DeviceType>43</iescim:PowerSystemResource.DeviceType>
<iescim:PowerSystemResource.SubType>1</iescim:PowerSystemResource.SubType>
<iescim:PowerSystemResource.DeviceID>12103423998651262</iescim:PowerSystemResource.DeviceID>
</cim:Pole>
<cim:ConnectivityNode rdf:ID="0">
<iescim:PowerSystemResource.SubType>0</iescim:PowerSystemResource.SubType>
<iescim:PowerSystemResource.DeviceID>0</iescim:PowerSystemResource.DeviceID>
<iescim:PowerSystemResource.DeviceType>33</iescim:PowerSystemResource.DeviceType>
</cim:ConnectivityNode>
<cim:ConnectivityNode rdf:ID="9288674231454226">
<iescim:PowerSystemResource.SubType>0</iescim:PowerSystemResource.SubType>
<iescim:PowerSystemResource.DeviceID>9288674231454226</iescim:PowerSystemResource.DeviceID>
<iescim:PowerSystemResource.DeviceType>33</iescim:PowerSystemResource.DeviceType>
</cim:ConnectivityNode>
<cim:ConnectivityNode rdf:ID="9288674231457348">
<iescim:PowerSystemResource.SubType>0</iescim:PowerSystemResource.SubType>
<iescim:PowerSystemResource.DeviceID>9288674231457348</iescim:PowerSystemResource.DeviceID>
<iescim:PowerSystemResource.DeviceType>33</iescim:PowerSystemResource.DeviceType>
</cim:ConnectivityNode>
<cim:ConnectivityNode rdf:ID="9288674231487325">
<iescim:PowerSystemResource.SubType>0</iescim:PowerSystemResource.SubType>
<iescim:PowerSystemResource.DeviceID>9288674231487325</iescim:PowerSystemResource.DeviceID>
<iescim:PowerSystemResource.DeviceType>33</iescim:PowerSystemResource.DeviceType>
</cim:ConnectivityNode>
<cim:ConnectivityNode rdf:ID="9288674231531992">
<iescim:PowerSystemResource.SubType>0</iescim:PowerSystemResource.SubType>
<iescim:PowerSystemResource.DeviceID>9288674231531992</iescim:PowerSystemResource.DeviceID>
<iescim:PowerSystemResource.DeviceType>33</iescim:PowerSystemResource.DeviceType>
</cim:ConnectivityNode>
<cim:ConnectivityNode rdf:ID="9288674231578574">
<iescim:PowerSystemResource.SubType>0</iescim:PowerSystemResource.SubType>
<iescim:PowerSystemResource.DeviceID>9288674231578574</iescim:PowerSystemResource.DeviceID>
<iescim:PowerSystemResource.DeviceType>33</iescim:PowerSystemResource.DeviceType>
</cim:ConnectivityNode>
<cim:ConnectivityNode rdf:ID="9288674231589045">
<iescim:PowerSystemResource.SubType>0</iescim:PowerSystemResource.SubType>
<iescim:PowerSystemResource.DeviceID>9288674231589045</iescim:PowerSystemResource.DeviceID>
<iescim:PowerSystemResource.DeviceType>33</iescim:PowerSystemResource.DeviceType>
</cim:ConnectivityNode>
<cim:ConnectivityNode rdf:ID="9288674231589047">
<iescim:PowerSystemResource.SubType>0</iescim:PowerSystemResource.SubType>
<iescim:PowerSystemResource.DeviceID>9288674231589047</iescim:PowerSystemResource.DeviceID>
<iescim:PowerSystemResource.DeviceType>33</iescim:PowerSystemResource.DeviceType>
</cim:ConnectivityNode>
<cim:ConnectivityNode rdf:ID="9288674231595698">
<iescim:PowerSystemResource.SubType>0</iescim:PowerSystemResource.SubType>
<iescim:PowerSystemResource.DeviceID>9288674231595698</iescim:PowerSystemResource.DeviceID>
<iescim:PowerSystemResource.DeviceType>33</iescim:PowerSystemResource.DeviceType>
</cim:ConnectivityNode>
<cim:ConnectivityNode rdf:ID="9288674231681438">
<iescim:PowerSystemResource.SubType>0</iescim:PowerSystemResource.SubType>
<iescim:PowerSystemResource.DeviceID>9288674231681438</iescim:PowerSystemResource.DeviceID>
<iescim:PowerSystemResource.DeviceType>33</iescim:PowerSystemResource.DeviceType>
</cim:ConnectivityNode>
<cim:ConnectivityNode rdf:ID="9288674231690298">
<iescim:PowerSystemResource.SubType>0</iescim:PowerSystemResource.SubType>
<iescim:PowerSystemResource.DeviceID>9288674231690298</iescim:PowerSystemResource.DeviceID>
<iescim:PowerSystemResource.DeviceType>33</iescim:PowerSystemResource.DeviceType>
</cim:ConnectivityNode>
<cim:ConnectivityNode rdf:ID="9288674231690300">
<iescim:PowerSystemResource.SubType>0</iescim:PowerSystemResource.SubType>
<iescim:PowerSystemResource.DeviceID>9288674231690300</iescim:PowerSystemResource.DeviceID>
<iescim:PowerSystemResource.DeviceType>33</iescim:PowerSystemResource.DeviceType>
</cim:ConnectivityNode>
<cim:ConnectivityNode rdf:ID="9288674231695780">
<iescim:PowerSystemResource.SubType>0</iescim:PowerSystemResource.SubType>
<iescim:PowerSystemResource.DeviceID>9288674231695780</iescim:PowerSystemResource.DeviceID>
<iescim:PowerSystemResource.DeviceType>33</iescim:PowerSystemResource.DeviceType>
</cim:ConnectivityNode>
<cim:ConnectivityNode rdf:ID="9288674231745768">
<iescim:PowerSystemResource.SubType>0</iescim:PowerSystemResource.SubType>
<iescim:PowerSystemResource.DeviceID>9288674231745768</iescim:PowerSystemResource.DeviceID>
<iescim:PowerSystemResource.DeviceType>33</iescim:PowerSystemResource.DeviceType>
</cim:ConnectivityNode>
<cim:ConnectivityNode rdf:ID="9288674231748659">
<iescim:PowerSystemResource.SubType>0</iescim:PowerSystemResource.SubType>
<iescim:PowerSystemResource.DeviceID>9288674231748659</iescim:PowerSystemResource.DeviceID>
<iescim:PowerSystemResource.DeviceType>33</iescim:PowerSystemResource.DeviceType>
</cim:ConnectivityNode>
<cim:ConnectivityNode rdf:ID="9288674231800730">
<iescim:PowerSystemResource.SubType>0</iescim:PowerSystemResource.SubType>
<iescim:PowerSystemResource.DeviceID>9288674231800730</iescim:PowerSystemResource.DeviceID>
<iescim:PowerSystemResource.DeviceType>33</iescim:PowerSystemResource.DeviceType>
</cim:ConnectivityNode>
<cim:ConnectivityNode rdf:ID="9288674231800731">
<iescim:PowerSystemResource.SubType>0</iescim:PowerSystemResource.SubType>
<iescim:PowerSystemResource.DeviceID>9288674231800731</iescim:PowerSystemResource.DeviceID>
<iescim:PowerSystemResource.DeviceType>33</iescim:PowerSystemResource.DeviceType>
</cim:ConnectivityNode>
<cim:ConnectivityNode rdf:ID="9288674231800736">
<iescim:PowerSystemResource.SubType>0</iescim:PowerSystemResource.SubType>
<iescim:PowerSystemResource.DeviceID>9288674231800736</iescim:PowerSystemResource.DeviceID>
<iescim:PowerSystemResource.DeviceType>33</iescim:PowerSystemResource.DeviceType>
</cim:ConnectivityNode>
<cim:ConnectivityNode rdf:ID="9288674231810865">
<iescim:PowerSystemResource.SubType>0</iescim:PowerSystemResource.SubType>
<iescim:PowerSystemResource.DeviceID>9288674231810865</iescim:PowerSystemResource.DeviceID>
<iescim:PowerSystemResource.DeviceType>33</iescim:PowerSystemResource.DeviceType>
</cim:ConnectivityNode>
<cim:ConnectivityNode rdf:ID="9288674231817490">
<iescim:PowerSystemResource.SubType>0</iescim:PowerSystemResource.SubType>
<iescim:PowerSystemResource.DeviceID>9288674231817490</iescim:PowerSystemResource.DeviceID>
<iescim:PowerSystemResource.DeviceType>33</iescim:PowerSystemResource.DeviceType>
</cim:ConnectivityNode>
<cim:ConnectivityNode rdf:ID="9288674231823696">
<iescim:PowerSystemResource.SubType>0</iescim:PowerSystemResource.SubType>
<iescim:PowerSystemResource.DeviceID>9288674231823696</iescim:PowerSystemResource.DeviceID>
<iescim:PowerSystemResource.DeviceType>33</iescim:PowerSystemResource.DeviceType>
</cim:ConnectivityNode>
<cim:ConnectivityNode rdf:ID="9288674250309921">
<iescim:PowerSystemResource.SubType>0</iescim:PowerSystemResource.SubType>
<iescim:PowerSystemResource.DeviceID>9288674250309921</iescim:PowerSystemResource.DeviceID>
<iescim:PowerSystemResource.DeviceType>33</iescim:PowerSystemResource.DeviceType>
</cim:ConnectivityNode>
<cim:ConnectivityNode rdf:ID="9288674250309922">
<iescim:PowerSystemResource.SubType>0</iescim:PowerSystemResource.SubType>
<iescim:PowerSystemResource.DeviceID>9288674250309922</iescim:PowerSystemResource.DeviceID>
<iescim:PowerSystemResource.DeviceType>33</iescim:PowerSystemResource.DeviceType>
</cim:ConnectivityNode>
<cim:ConnectivityNode rdf:ID="9288674250309923">
<iescim:PowerSystemResource.SubType>0</iescim:PowerSystemResource.SubType>
<iescim:PowerSystemResource.DeviceID>9288674250309923</iescim:PowerSystemResource.DeviceID>
<iescim:PowerSystemResource.DeviceType>33</iescim:PowerSystemResource.DeviceType>
</cim:ConnectivityNode>
<cim:ConnectivityNode rdf:ID="9288674250309924">
<iescim:PowerSystemResource.SubType>0</iescim:PowerSystemResource.SubType>
<iescim:PowerSystemResource.DeviceID>9288674250309924</iescim:PowerSystemResource.DeviceID>
<iescim:PowerSystemResource.DeviceType>33</iescim:PowerSystemResource.DeviceType>
</cim:ConnectivityNode>
<cim:ConnectivityNode rdf:ID="9288674250309925">
<iescim:PowerSystemResource.SubType>0</iescim:PowerSystemResource.SubType>
<iescim:PowerSystemResource.DeviceID>9288674250309925</iescim:PowerSystemResource.DeviceID>
<iescim:PowerSystemResource.DeviceType>33</iescim:PowerSystemResource.DeviceType>
</cim:ConnectivityNode>
<cim:ConnectivityNode rdf:ID="9288674250309926">
<iescim:PowerSystemResource.SubType>0</iescim:PowerSystemResource.SubType>
<iescim:PowerSystemResource.DeviceID>9288674250309926</iescim:PowerSystemResource.DeviceID>
<iescim:PowerSystemResource.DeviceType>33</iescim:PowerSystemResource.DeviceType>
</cim:ConnectivityNode>
<cim:ConnectivityNode rdf:ID="9288674250309927">
<iescim:PowerSystemResource.SubType>0</iescim:PowerSystemResource.SubType>
<iescim:PowerSystemResource.DeviceID>9288674250309927</iescim:PowerSystemResource.DeviceID>
<iescim:PowerSystemResource.DeviceType>33</iescim:PowerSystemResource.DeviceType>
</cim:ConnectivityNode>
<cim:ConnectivityNode rdf:ID="9288674250309930">
<iescim:PowerSystemResource.SubType>0</iescim:PowerSystemResource.SubType>
<iescim:PowerSystemResource.DeviceID>9288674250309930</iescim:PowerSystemResource.DeviceID>
<iescim:PowerSystemResource.DeviceType>33</iescim:PowerSystemResource.DeviceType>
</cim:ConnectivityNode>
<cim:ConnectivityNode rdf:ID="9288674250309931">
<iescim:PowerSystemResource.SubType>0</iescim:PowerSystemResource.SubType>
<iescim:PowerSystemResource.DeviceID>9288674250309931</iescim:PowerSystemResource.DeviceID>
<iescim:PowerSystemResource.DeviceType>33</iescim:PowerSystemResource.DeviceType>
</cim:ConnectivityNode>
<cim:ConnectivityNode rdf:ID="9288674250309932">
<iescim:PowerSystemResource.SubType>0</iescim:PowerSystemResource.SubType>
<iescim:PowerSystemResource.DeviceID>9288674250309932</iescim:PowerSystemResource.DeviceID>
<iescim:PowerSystemResource.DeviceType>33</iescim:PowerSystemResource.DeviceType>
</cim:ConnectivityNode>
<cim:ConnectivityNode rdf:ID="9288674250309933">
<iescim:PowerSystemResource.SubType>0</iescim:PowerSystemResource.SubType>
<iescim:PowerSystemResource.DeviceID>9288674250309933</iescim:PowerSystemResource.DeviceID>
<iescim:PowerSystemResource.DeviceType>33</iescim:PowerSystemResource.DeviceType>
</cim:ConnectivityNode>
<cim:Terminal rdf:ID="4080997">
<cim:Terminal.ConductingEquipment rdf:resource="#30500000_2250995"/>
<cim:Terminal.ConnectivityNode rdf:resource="#9288674231487325"/>
</cim:Terminal>
<cim:Terminal rdf:ID="4080998">
<cim:Terminal.ConductingEquipment rdf:resource="#30500000_2250995"/>
<cim:Terminal.ConnectivityNode rdf:resource="#9288674231531992"/>
</cim:Terminal>
<cim:Terminal rdf:ID="13000000_12599486_1">
<cim:Terminal.ConductingEquipment rdf:resource="#13000000_12599486"/>
<cim:Terminal.ConnectivityNode rdf:resource="#9288674231800731"/>
</cim:Terminal>
<cim:Terminal rdf:ID="13000000_12599486_2">
<cim:Terminal.ConductingEquipment rdf:resource="#13000000_12599486"/>
<cim:Terminal.ConnectivityNode rdf:resource="#9288674231589047"/>
</cim:Terminal>
<cim:Terminal rdf:ID="13000000_12599493_1">
<cim:Terminal.ConductingEquipment rdf:resource="#13000000_12599493"/>
<cim:Terminal.ConnectivityNode rdf:resource="#9288674231690300"/>
</cim:Terminal>
<cim:Terminal rdf:ID="13000000_12599493_2">
<cim:Terminal.ConductingEquipment rdf:resource="#13000000_12599493"/>
<cim:Terminal.ConnectivityNode rdf:resource="#9288674231748659"/>
</cim:Terminal>
<cim:Terminal rdf:ID="13000000_9203357_1">
<cim:Terminal.ConductingEquipment rdf:resource="#13000000_9203357"/>
<cim:Terminal.ConnectivityNode rdf:resource="#9288674231800736"/>
</cim:Terminal>
<cim:Terminal rdf:ID="13000000_9203357_2">
<cim:Terminal.ConductingEquipment rdf:resource="#13000000_9203357"/>
<cim:Terminal.ConnectivityNode rdf:resource="#9288674231578574"/>
</cim:Terminal>
<cim:Terminal rdf:ID="4081005">
<cim:Terminal.ConductingEquipment rdf:resource="#30600001_3511844"/>
<cim:Terminal.ConnectivityNode rdf:resource="#9288674231487325"/>
</cim:Terminal>
<cim:Terminal rdf:ID="4081001">
<cim:Terminal.ConductingEquipment rdf:resource="#4080999"/>
<cim:Terminal.ConnectivityNode rdf:resource="#9288674231531992"/>
</cim:Terminal>
<cim:Terminal rdf:ID="4081002">
<cim:Terminal.ConductingEquipment rdf:resource="#4080999"/>
<cim:Terminal.ConnectivityNode rdf:resource="#9288674231457348"/>
</cim:Terminal>
<cim:Terminal rdf:ID="11000000_654311_1">
<cim:Terminal.ConductingEquipment rdf:resource="#11000000_654311"/>
<cim:Terminal.ConnectivityNode rdf:resource="#9288674231745768"/>
</cim:Terminal>
<cim:Terminal rdf:ID="11000000_1153483_1">
<cim:Terminal.ConductingEquipment rdf:resource="#11000000_1153483"/>
<cim:Terminal.ConnectivityNode rdf:resource="#9288674231748659"/>
</cim:Terminal>
<cim:Terminal rdf:ID="11300000_1543903452_1">
<cim:Terminal.ConductingEquipment rdf:resource="#11300000_1543903452"/>
<cim:Terminal.ConnectivityNode rdf:resource="#9288674250309931"/>
</cim:Terminal>
<cim:Terminal rdf:ID="11300000_1543903452_2">
<cim:Terminal.ConductingEquipment rdf:resource="#11300000_1543903452"/>
<cim:Terminal.ConnectivityNode rdf:resource="#9288674250309930"/>
</cim:Terminal>
<cim:Terminal rdf:ID="11300000_1543907861_1">
<cim:Terminal.ConductingEquipment rdf:resource="#11300000_1543907861"/>
<cim:Terminal.ConnectivityNode rdf:resource="#9288674250309924"/>
</cim:Terminal>
<cim:Terminal rdf:ID="11300000_1543907861_2">
<cim:Terminal.ConductingEquipment rdf:resource="#11300000_1543907861"/>
<cim:Terminal.ConnectivityNode rdf:resource="#9288674250309923"/>
</cim:Terminal>
<cim:Terminal rdf:ID="11100000_1543896715_1">
<cim:Terminal.ConductingEquipment rdf:resource="#11100000_1543896715"/>
<cim:Terminal.ConnectivityNode rdf:resource="#9288674250309927"/>
</cim:Terminal>
<cim:Terminal rdf:ID="11100000_1543896715_2">
<cim:Terminal.ConductingEquipment rdf:resource="#11100000_1543896715"/>
<cim:Terminal.ConnectivityNode rdf:resource="#9288674250309926"/>
</cim:Terminal>
<cim:Terminal rdf:ID="11100000_1543899075_1">
<cim:Terminal.ConductingEquipment rdf:resource="#11100000_1543899075"/>
<cim:Terminal.ConnectivityNode rdf:resource="#9288674250309933"/>
</cim:Terminal>
<cim:Terminal rdf:ID="11100000_1543899075_2">
<cim:Terminal.ConductingEquipment rdf:resource="#11100000_1543899075"/>
<cim:Terminal.ConnectivityNode rdf:resource="#9288674250309932"/>
</cim:Terminal>
<cim:Terminal rdf:ID="13000000_13863407_1">
<cim:Terminal.ConductingEquipment rdf:resource="#13000000_13863407"/>
<cim:Terminal.ConnectivityNode rdf:resource="#9288674231817490"/>
</cim:Terminal>
<cim:Terminal rdf:ID="13000000_13863407_2">
<cim:Terminal.ConductingEquipment rdf:resource="#13000000_13863407"/>
<cim:Terminal.ConnectivityNode rdf:resource="#9288674231595698"/>
</cim:Terminal>
<cim:Terminal rdf:ID="10100000_10715998_1">
<cim:Terminal.ConductingEquipment rdf:resource="#10100000_10715998"/>
<cim:Terminal.ConnectivityNode rdf:resource="#9288674231817490"/>
</cim:Terminal>
<cim:Terminal rdf:ID="10100000_10715998_2">
<cim:Terminal.ConductingEquipment rdf:resource="#10100000_10715998"/>
<cim:Terminal.ConnectivityNode rdf:resource="#9288674231823696"/>
</cim:Terminal>
<cim:Terminal rdf:ID="10100000_11224346_1">
<cim:Terminal.ConductingEquipment rdf:resource="#10100000_11224346"/>
<cim:Terminal.ConnectivityNode rdf:resource="#9288674231695780"/>
</cim:Terminal>
<cim:Terminal rdf:ID="10100000_11224346_2">
<cim:Terminal.ConductingEquipment rdf:resource="#10100000_11224346"/>
<cim:Terminal.ConnectivityNode rdf:resource="#9288674231800736"/>
</cim:Terminal>
<cim:Terminal rdf:ID="13000000_14381872_1">
<cim:Terminal.ConductingEquipment rdf:resource="#13000000_14381872"/>
<cim:Terminal.ConnectivityNode rdf:resource="#9288674231681438"/>
</cim:Terminal>
<cim:Terminal rdf:ID="13000000_14381872_2">
<cim:Terminal.ConductingEquipment rdf:resource="#13000000_14381872"/>
<cim:Terminal.ConnectivityNode rdf:resource="#9288674231745768"/>
</cim:Terminal>
<cim:Terminal rdf:ID="13000000_14485794_1">
<cim:Terminal.ConductingEquipment rdf:resource="#13000000_14485794"/>
<cim:Terminal.ConnectivityNode rdf:resource="#9288674231823696"/>
</cim:Terminal>
<cim:Terminal rdf:ID="13000000_14485794_2">
<cim:Terminal.ConductingEquipment rdf:resource="#13000000_14485794"/>
<cim:Terminal.ConnectivityNode rdf:resource="#9288674231589045"/>
</cim:Terminal>
<cim:Terminal rdf:ID="10100000_9558109_1">
<cim:Terminal.ConductingEquipment rdf:resource="#10100000_9558109"/>
<cim:Terminal.ConnectivityNode rdf:resource="#9288674231823696"/>
</cim:Terminal>
<cim:Terminal rdf:ID="10100000_9558109_2">
<cim:Terminal.ConductingEquipment rdf:resource="#10100000_9558109"/>
<cim:Terminal.ConnectivityNode rdf:resource="#9288674231800730"/>
</cim:Terminal>
<cim:Terminal rdf:ID="10100000_1520493256_1">
<cim:Terminal.ConductingEquipment rdf:resource="#10100000_1520493256"/>
<cim:Terminal.ConnectivityNode rdf:resource="#9288674231690298"/>
</cim:Terminal>
<cim:Terminal rdf:ID="10100000_1520493256_2">
<cim:Terminal.ConductingEquipment rdf:resource="#10100000_1520493256"/>
<cim:Terminal.ConnectivityNode rdf:resource="#9288674231800731"/>
</cim:Terminal>
<cim:Terminal rdf:ID="20200000_1543890315_1">
<cim:Terminal.ConductingEquipment rdf:resource="#20200000_1543890315"/>
<cim:Terminal.ConnectivityNode rdf:resource="#9288674250309921"/>
</cim:Terminal>
<cim:Terminal rdf:ID="20200000_1543890316_1">
<cim:Terminal.ConductingEquipment rdf:resource="#20200000_1543890316"/>
<cim:Terminal.ConnectivityNode rdf:resource="#9288674250309922"/>
</cim:Terminal>
<cim:Terminal rdf:ID="32000000_5480006_1">
<cim:Terminal.ConductingEquipment rdf:resource="#32000000_5480006"/>
<cim:Terminal.ConnectivityNode rdf:resource="#9288674231487325"/>
</cim:Terminal>
<cim:Terminal rdf:ID="10100000_10715992_1">
<cim:Terminal.ConductingEquipment rdf:resource="#10100000_10715992"/>
<cim:Terminal.ConnectivityNode rdf:resource="#9288674250309932"/>
</cim:Terminal>
<cim:Terminal rdf:ID="10100000_10715992_2">
<cim:Terminal.ConductingEquipment rdf:resource="#10100000_10715992"/>
<cim:Terminal.ConnectivityNode rdf:resource="#9288674231817490"/>
</cim:Terminal>
<cim:Terminal rdf:ID="10100000_1543902835_1">
<cim:Terminal.ConductingEquipment rdf:resource="#10100000_1543902835"/>
<cim:Terminal.ConnectivityNode rdf:resource="#9288674231810865"/>
</cim:Terminal>
<cim:Terminal rdf:ID="10100000_1543902835_2">
<cim:Terminal.ConductingEquipment rdf:resource="#10100000_1543902835"/>
<cim:Terminal.ConnectivityNode rdf:resource="#9288674250309925"/>
</cim:Terminal>
<cim:Terminal rdf:ID="10100000_1543908099_1">
<cim:Terminal.ConductingEquipment rdf:resource="#10100000_1543908099"/>
<cim:Terminal.ConnectivityNode rdf:resource="#9288674250309926"/>
</cim:Terminal>
<cim:Terminal rdf:ID="10100000_1543908099_2">
<cim:Terminal.ConductingEquipment rdf:resource="#10100000_1543908099"/>
<cim:Terminal.ConnectivityNode rdf:resource="#9288674231800730"/>
</cim:Terminal>
<cim:Terminal rdf:ID="13000000_1543906273_1">
<cim:Terminal.ConductingEquipment rdf:resource="#13000000_1543906273"/>
<cim:Terminal.ConnectivityNode rdf:resource="#9288674250309925"/>
</cim:Terminal>
<cim:Terminal rdf:ID="13000000_1543906273_2">
<cim:Terminal.ConductingEquipment rdf:resource="#13000000_1543906273"/>
<cim:Terminal.ConnectivityNode rdf:resource="#9288674250309931"/>
</cim:Terminal>
<cim:Terminal rdf:ID="13000000_1543906288_1">
<cim:Terminal.ConductingEquipment rdf:resource="#13000000_1543906288"/>
<cim:Terminal.ConnectivityNode rdf:resource="#9288674250309922"/>
</cim:Terminal>
<cim:Terminal rdf:ID="13000000_1543906288_2">
<cim:Terminal.ConductingEquipment rdf:resource="#13000000_1543906288"/>
<cim:Terminal.ConnectivityNode rdf:resource="#9288674250309923"/>
</cim:Terminal>
<cim:Terminal rdf:ID="13000000_1543906290_1">
<cim:Terminal.ConductingEquipment rdf:resource="#13000000_1543906290"/>
<cim:Terminal.ConnectivityNode rdf:resource="#9288674231810865"/>
</cim:Terminal>
<cim:Terminal rdf:ID="13000000_1543906290_2">
<cim:Terminal.ConductingEquipment rdf:resource="#13000000_1543906290"/>
<cim:Terminal.ConnectivityNode rdf:resource="#9288674250309924"/>
</cim:Terminal>
<cim:Terminal rdf:ID="13000000_1543906293_1">
<cim:Terminal.ConductingEquipment rdf:resource="#13000000_1543906293"/>
<cim:Terminal.ConnectivityNode rdf:resource="#9288674250309930"/>
</cim:Terminal>
<cim:Terminal rdf:ID="13000000_1543906293_2">
<cim:Terminal.ConductingEquipment rdf:resource="#13000000_1543906293"/>
<cim:Terminal.ConnectivityNode rdf:resource="#9288674250309927"/>
</cim:Terminal>
<cim:Terminal rdf:ID="14000000_1543907579_1">
<cim:Terminal.ConductingEquipment rdf:resource="#14000000_1543907579"/>
<cim:Terminal.ConnectivityNode rdf:resource="#9288674231487325"/>
</cim:Terminal>
<cim:Terminal rdf:ID="14000000_1543907579_2">
<cim:Terminal.ConductingEquipment rdf:resource="#14000000_1543907579"/>
<cim:Terminal.ConnectivityNode rdf:resource="#9288674250309921"/>
</cim:Terminal>
<cim:Terminal rdf:ID="20100000_1543891348_1">
<cim:Terminal.ConductingEquipment rdf:resource="#20100000_1543891348"/>
<cim:Terminal.ConnectivityNode rdf:resource="#9288674250309921"/>
</cim:Terminal>
<cim:Terminal rdf:ID="20100000_1543891348_2">
<cim:Terminal.ConductingEquipment rdf:resource="#20100000_1543891348"/>
<cim:Terminal.ConnectivityNode rdf:resource="#9288674250309922"/>
</cim:Terminal>
<cim:Terminal rdf:ID="4080773">
<cim:Terminal.ConductingEquipment rdf:resource="#31100000_1176143"/>
<cim:Terminal.ConnectivityNode rdf:resource="#9288674231457348"/>
</cim:Terminal>
<cim:Terminal rdf:ID="10200001_6293091_1">
<cim:Terminal.ConductingEquipment rdf:resource="#10200001_6293091"/>
<cim:Terminal.ConnectivityNode rdf:resource="#9288674231800736"/>
</cim:Terminal>
<cim:Terminal rdf:ID="10200001_9669425_1">
<cim:Terminal.ConductingEquipment rdf:resource="#10200001_9669425"/>
<cim:Terminal.ConnectivityNode rdf:resource="#0"/>
</cim:Terminal>
<cim:Terminal rdf:ID="10200001_9669428_1">
<cim:Terminal.ConductingEquipment rdf:resource="#10200001_9669428"/>
<cim:Terminal.ConnectivityNode rdf:resource="#9288674231800731"/>
</cim:Terminal>
<cim:Terminal rdf:ID="10200001_10261694_1">
<cim:Terminal.ConductingEquipment rdf:resource="#10200001_10261694"/>
<cim:Terminal.ConnectivityNode rdf:resource="#9288674231810865"/>
</cim:Terminal>
<cim:Terminal rdf:ID="11500000_679356_1">
<cim:Terminal.ConductingEquipment rdf:resource="#11500000_679356"/>
<cim:Terminal.ConnectivityNode rdf:resource="#9288674231578574"/>
</cim:Terminal>
<cim:Terminal rdf:ID="11500000_679356_2">
<cim:Terminal.ConductingEquipment rdf:resource="#11500000_679356"/>
<cim:Terminal.ConnectivityNode rdf:resource="#9288674231681438"/>
</cim:Terminal>
<cim:Terminal rdf:ID="10200001_10789711_1">
<cim:Terminal.ConductingEquipment rdf:resource="#10200001_10789711"/>
<cim:Terminal.ConnectivityNode rdf:resource="#9288674231817490"/>
</cim:Terminal>
<cim:Terminal rdf:ID="11300000_2321080_1">
<cim:Terminal.ConductingEquipment rdf:resource="#11300000_2321080"/>
<cim:Terminal.ConnectivityNode rdf:resource="#9288674231589045"/>
</cim:Terminal>
<cim:Terminal rdf:ID="11300000_2321080_2">
<cim:Terminal.ConductingEquipment rdf:resource="#11300000_2321080"/>
<cim:Terminal.ConnectivityNode rdf:resource="#9288674231690298"/>
</cim:Terminal>
<cim:Terminal rdf:ID="11500000_1236576_1">
<cim:Terminal.ConductingEquipment rdf:resource="#11500000_1236576"/>
<cim:Terminal.ConnectivityNode rdf:resource="#9288674231589047"/>
</cim:Terminal>
<cim:Terminal rdf:ID="11500000_1236576_2">
<cim:Terminal.ConductingEquipment rdf:resource="#11500000_1236576"/>
<cim:Terminal.ConnectivityNode rdf:resource="#9288674231690300"/>
</cim:Terminal>
<cim:Terminal rdf:ID="10200001_9669429_1">
<cim:Terminal.ConductingEquipment rdf:resource="#10200001_9669429"/>
<cim:Terminal.ConnectivityNode rdf:resource="#0"/>
</cim:Terminal>
<cim:Terminal rdf:ID="11300000_2731799_1">
<cim:Terminal.ConductingEquipment rdf:resource="#11300000_2731799"/>
<cim:Terminal.ConnectivityNode rdf:resource="#9288674231595698"/>
</cim:Terminal>
<cim:Terminal rdf:ID="11300000_2731799_2">
<cim:Terminal.ConductingEquipment rdf:resource="#11300000_2731799"/>
<cim:Terminal.ConnectivityNode rdf:resource="#9288674231695780"/>
</cim:Terminal>
<cim:Terminal rdf:ID="2671899">
<cim:Terminal.ConductingEquipment rdf:resource="#31100000_751890"/>
<cim:Terminal.ConnectivityNode rdf:resource="#9288674231454226"/>
</cim:Terminal>
<cim:Terminal rdf:ID="10200001_1543904005_1">
<cim:Terminal.ConductingEquipment rdf:resource="#10200001_1543904005"/>
<cim:Terminal.ConnectivityNode rdf:resource="#9288674250309925"/>
</cim:Terminal>
</rdf:RDF>
