<?xml version="1.0" encoding="UTF-8"?>

<rdf:RDF xmlns:rdf="http://www.w3.org/1999/02/22-rdf-syntax-ns#" xmlns:cim="http://www.sgcc.com.cn/SG-CIM/2010MAY#" xmlns:iescim="http://www.ieslab.com.cn">

<cim:BaseVoltage rdf:ID="BaseVoltage_5">
<cim:IdentifiedObject.name>10kV</cim:IdentifiedObject.name>
<cim:BaseVoltage.isDC>false</cim:BaseVoltage.isDC>
<cim:BaseVoltage.nominalVoltage>10.00</cim:BaseVoltage.nominalVoltage>
<iescim:PowerSystemResource.DeviceID>5</iescim:PowerSystemResource.DeviceID>
</cim:BaseVoltage>
<cim:SubGeographicalRegion rdf:ID="8a0f688f46db11f00146db1368fb1070">
<cim:IdentifiedObject.name>国网柘荣县供电公司</cim:IdentifiedObject.name>
<cim:SubGeographicalRegion.Region rdf:resource="#_"/>
</cim:SubGeographicalRegion>
<cim:Circuit rdf:ID="10000100_11691">
<cim:IdentifiedObject.name>石山线994线路</cim:IdentifiedObject.name>
<cim:Circuit.BelongtoHVSubstation rdf:resource="#30000000_75136"/>
<cim:PowerSystemResource.SubGeographicalRegion rdf:resource="#8a0f688f46db11f00146db1368fb1070"/>
<cim:iscurrentfeeder>0</cim:iscurrentfeeder>
</cim:Circuit>
<cim:Circuit rdf:ID="10000100_31827">
<cim:IdentifiedObject.name>10kV工业园Ⅱ回986线路</cim:IdentifiedObject.name>
<cim:Circuit.BelongtoHVSubstation rdf:resource="#30000000_75136"/>
<cim:PowerSystemResource.SubGeographicalRegion rdf:resource="#8a0f688f46db11f00146db1368fb1070"/>
<cim:iscurrentfeeder>1</cim:iscurrentfeeder>
</cim:Circuit>
<cim:Circuit rdf:ID="10000100_1545707877">
<cim:IdentifiedObject.name>10kV兴洋Ⅱ线922线路</cim:IdentifiedObject.name>
<cim:Circuit.BelongtoHVSubstation rdf:resource="#30000000_1544328815"/>
<cim:PowerSystemResource.SubGeographicalRegion rdf:resource="#8a0f688f46db11f00146db1368fb1070"/>
<cim:iscurrentfeeder>0</cim:iscurrentfeeder>
</cim:Circuit>
<cim:Substation rdf:ID="30000000_75136">
<cim:IdentifiedObject.name>乍洋变电站</cim:IdentifiedObject.name>
<iescim:PowerSystemResource.DeviceType>13</iescim:PowerSystemResource.DeviceType>
<iescim:PowerSystemResource.SubType>1</iescim:PowerSystemResource.SubType>
<cim:PowerSystemResource.PSRType rdf:resource="#30000000"/>
<iescim:PowerSystemResource.DeviceID>3659174697243642</iescim:PowerSystemResource.DeviceID>
<cim:PowerSystemResource.SubGeographicalRegion rdf:resource="#8a0f688f46db11f00146db1368fb1070"/>
</cim:Substation>
<cim:Substation rdf:ID="30000000_1544328815">
<cim:IdentifiedObject.name>富洋变电站</cim:IdentifiedObject.name>
<iescim:PowerSystemResource.DeviceType>13</iescim:PowerSystemResource.DeviceType>
<iescim:PowerSystemResource.SubType>1</iescim:PowerSystemResource.SubType>
<cim:PowerSystemResource.PSRType rdf:resource="#30000000"/>
<iescim:PowerSystemResource.DeviceID>3659174697330196</iescim:PowerSystemResource.DeviceID>
<cim:PowerSystemResource.SubGeographicalRegion rdf:resource="#8a0f688f46db11f00146db1368fb1070"/>
</cim:Substation>
<cim:Substation rdf:ID="32400000_1520750956">
<cim:IdentifiedObject.name>乍洋园区#8环网箱</cim:IdentifiedObject.name>
<iescim:PowerSystemResource.DeviceType>153</iescim:PowerSystemResource.DeviceType>
<iescim:PowerSystemResource.SubType>11</iescim:PowerSystemResource.SubType>
<cim:PowerSystemResource.PSRType rdf:resource="#30000006"/>
<iescim:PowerSystemResource.DeviceID>43065671436820808</iescim:PowerSystemResource.DeviceID>
<cim:PowerSystemResource.SubGeographicalRegion rdf:resource="#8a0f688f46db11f00146db1368fb1070"/>
</cim:Substation>
<cim:Breaker rdf:ID="30500000_1924556">
<cim:IdentifiedObject.name>乍洋变电站.10kV.工业园Ⅱ回间隔.986开关</cim:IdentifiedObject.name>
<cim:IdentifiedObject.bianhao>986</cim:IdentifiedObject.bianhao>
<cim:Equipment.EquipmentContainer rdf:resource="#30000000_75136"/>
<cim:PowerSystemResource.Circuit rdf:resource="#10000100_31827" />
<cim:ConductingEquipment.BaseVoltage rdf:resource="#BaseVoltage_5"/>
<iescim:PowerSystemResource.SubType>1</iescim:PowerSystemResource.SubType>
<iescim:PowerSystemResource.DeviceID>4503599627418259</iescim:PowerSystemResource.DeviceID>
<iescim:PowerSystemResource.DeviceType>16</iescim:PowerSystemResource.DeviceType>
<iescim:PowerSystemResource.Cxmc></iescim:PowerSystemResource.Cxmc>
</cim:Breaker>
<cim:Breaker rdf:ID="11100000_731716">
<cim:IdentifiedObject.name>10kV工业园II回#001杆001开关</cim:IdentifiedObject.name>
<cim:IdentifiedObject.bianhao>001</cim:IdentifiedObject.bianhao>
<cim:PowerSystemResource.Circuit rdf:resource="#10000100_31827" />
<cim:ConductingEquipment.BaseVoltage rdf:resource="#BaseVoltage_5"/>
<iescim:PowerSystemResource.SubType>2</iescim:PowerSystemResource.SubType>
<iescim:PowerSystemResource.DeviceID>4503599627418260</iescim:PowerSystemResource.DeviceID>
<iescim:PowerSystemResource.DeviceType>16</iescim:PowerSystemResource.DeviceType>
<iescim:PowerSystemResource.Cxmc></iescim:PowerSystemResource.Cxmc>
</cim:Breaker>
<cim:Breaker rdf:ID="30500000_1520752453">
<cim:IdentifiedObject.name>乍洋园区#8环网箱10kV园区#78联络902开关</cim:IdentifiedObject.name>
<cim:IdentifiedObject.bianhao>902</cim:IdentifiedObject.bianhao>
<cim:Equipment.EquipmentContainer rdf:resource="#32400000_1520750956"/>
<cim:PowerSystemResource.Circuit rdf:resource="#10000100_11691" />
<cim:ConductingEquipment.BaseVoltage rdf:resource="#BaseVoltage_5"/>
<iescim:PowerSystemResource.SubType>1</iescim:PowerSystemResource.SubType>
<iescim:PowerSystemResource.DeviceID>4503599627601778</iescim:PowerSystemResource.DeviceID>
<iescim:PowerSystemResource.DeviceType>16</iescim:PowerSystemResource.DeviceType>
<iescim:PowerSystemResource.Cxmc></iescim:PowerSystemResource.Cxmc>
</cim:Breaker>
<cim:Disconnector rdf:ID="30600000_262199">
<cim:IdentifiedObject.name>乍洋变电站.10kV.工业园Ⅱ回间隔.9861刀闸</cim:IdentifiedObject.name>
<cim:IdentifiedObject.bianhao>_</cim:IdentifiedObject.bianhao>
<cim:Equipment.EquipmentContainer rdf:resource="#30000000_75136"/>
<cim:PowerSystemResource.Circuit rdf:resource="#10000100_31827" />
<cim:ConductingEquipment.BaseVoltage rdf:resource="#BaseVoltage_5"/>
<iescim:PowerSystemResource.SubType>5</iescim:PowerSystemResource.SubType>
<iescim:PowerSystemResource.DeviceID>4785074604201380</iescim:PowerSystemResource.DeviceID>
<iescim:PowerSystemResource.DeviceType>17</iescim:PowerSystemResource.DeviceType>
<iescim:PowerSystemResource.Cxmc></iescim:PowerSystemResource.Cxmc>
</cim:Disconnector>
<cim:Disconnector rdf:ID="30600001_1520752307">
<cim:IdentifiedObject.name>乍洋园区#8环网箱10kV园区#78联络9026接地刀闸</cim:IdentifiedObject.name>
<cim:IdentifiedObject.bianhao>9026</cim:IdentifiedObject.bianhao>
<cim:Equipment.EquipmentContainer rdf:resource="#32400000_1520750956"/>
<cim:PowerSystemResource.Circuit rdf:resource="#10000100_1545707877" />
<cim:ConductingEquipment.BaseVoltage rdf:resource="#BaseVoltage_5"/>
<iescim:PowerSystemResource.SubType>9</iescim:PowerSystemResource.SubType>
<iescim:PowerSystemResource.DeviceID>4785074604299939</iescim:PowerSystemResource.DeviceID>
<iescim:PowerSystemResource.DeviceType>17</iescim:PowerSystemResource.DeviceType>
<iescim:PowerSystemResource.Cxmc></iescim:PowerSystemResource.Cxmc>
</cim:Disconnector>
<cim:Disconnector rdf:ID="30600000_1520752799">
<cim:IdentifiedObject.name>乍洋园区#8环网箱10kV园区#78联络9021刀闸</cim:IdentifiedObject.name>
<cim:IdentifiedObject.bianhao>9021</cim:IdentifiedObject.bianhao>
<cim:Equipment.EquipmentContainer rdf:resource="#32400000_1520750956"/>
<cim:PowerSystemResource.Circuit rdf:resource="#10000100_1545707877" />
<cim:ConductingEquipment.BaseVoltage rdf:resource="#BaseVoltage_5"/>
<iescim:PowerSystemResource.SubType>5</iescim:PowerSystemResource.SubType>
<iescim:PowerSystemResource.DeviceID>4785074604299951</iescim:PowerSystemResource.DeviceID>
<iescim:PowerSystemResource.DeviceType>17</iescim:PowerSystemResource.DeviceType>
<iescim:PowerSystemResource.Cxmc></iescim:PowerSystemResource.Cxmc>
</cim:Disconnector>
<cim:BusbarSection rdf:ID="31100000_88908">
<cim:IdentifiedObject.name>乍洋变电站.10kV.Ⅰ段母线</cim:IdentifiedObject.name>
<cim:IdentifiedObject.bianhao></cim:IdentifiedObject.bianhao>
<cim:Equipment.EquipmentContainer rdf:resource="#30000000_75136"/>
<cim:PowerSystemResource.Circuit rdf:resource="#_" />
<cim:ConductingEquipment.BaseVoltage rdf:resource="#BaseVoltage_5"/>
<iescim:PowerSystemResource.SubType>0</iescim:PowerSystemResource.SubType>
<iescim:PowerSystemResource.DeviceID>5348024557509537</iescim:PowerSystemResource.DeviceID>
<iescim:PowerSystemResource.DeviceType>19</iescim:PowerSystemResource.DeviceType>
</cim:BusbarSection>
<cim:BusbarSection rdf:ID="31100000_90163">
<cim:IdentifiedObject.name>乍洋变电站.10kV.Ⅱ段母线</cim:IdentifiedObject.name>
<cim:IdentifiedObject.bianhao></cim:IdentifiedObject.bianhao>
<cim:Equipment.EquipmentContainer rdf:resource="#30000000_75136"/>
<cim:PowerSystemResource.Circuit rdf:resource="#_" />
<cim:ConductingEquipment.BaseVoltage rdf:resource="#BaseVoltage_5"/>
<iescim:PowerSystemResource.SubType>0</iescim:PowerSystemResource.SubType>
<iescim:PowerSystemResource.DeviceID>5348024557509563</iescim:PowerSystemResource.DeviceID>
<iescim:PowerSystemResource.DeviceType>19</iescim:PowerSystemResource.DeviceType>
</cim:BusbarSection>
<cim:BusbarSection rdf:ID="31100000_1544329371">
<cim:IdentifiedObject.name>10kVⅠ段母线</cim:IdentifiedObject.name>
<cim:IdentifiedObject.bianhao></cim:IdentifiedObject.bianhao>
<cim:Equipment.EquipmentContainer rdf:resource="#30000000_1544328815"/>
<cim:PowerSystemResource.Circuit rdf:resource="#_" />
<cim:ConductingEquipment.BaseVoltage rdf:resource="#BaseVoltage_5"/>
<iescim:PowerSystemResource.SubType>0</iescim:PowerSystemResource.SubType>
<iescim:PowerSystemResource.DeviceID>5348024557560578</iescim:PowerSystemResource.DeviceID>
<iescim:PowerSystemResource.DeviceType>19</iescim:PowerSystemResource.DeviceType>
</cim:BusbarSection>
<cim:BusbarSection rdf:ID="31100000_1544328895">
<cim:IdentifiedObject.name>富洋变电站.10kV.Ⅱ段母线</cim:IdentifiedObject.name>
<cim:IdentifiedObject.bianhao></cim:IdentifiedObject.bianhao>
<cim:Equipment.EquipmentContainer rdf:resource="#30000000_1544328815"/>
<cim:PowerSystemResource.Circuit rdf:resource="#_" />
<cim:ConductingEquipment.BaseVoltage rdf:resource="#BaseVoltage_5"/>
<iescim:PowerSystemResource.SubType>0</iescim:PowerSystemResource.SubType>
<iescim:PowerSystemResource.DeviceID>5348024557560624</iescim:PowerSystemResource.DeviceID>
<iescim:PowerSystemResource.DeviceType>19</iescim:PowerSystemResource.DeviceType>
</cim:BusbarSection>
<cim:BusbarSection rdf:ID="7354728">
<cim:IdentifiedObject.name>富洋变电站.10kV.Ⅰ段母线</cim:IdentifiedObject.name>
<cim:IdentifiedObject.bianhao></cim:IdentifiedObject.bianhao>
<cim:Equipment.EquipmentContainer rdf:resource="#30000000_1544328815"/>
<cim:PowerSystemResource.Circuit rdf:resource="#_" />
<cim:ConductingEquipment.BaseVoltage rdf:resource="#BaseVoltage_5"/>
<iescim:PowerSystemResource.SubType>0</iescim:PowerSystemResource.SubType>
<iescim:PowerSystemResource.DeviceID>5348024557560625</iescim:PowerSystemResource.DeviceID>
<iescim:PowerSystemResource.DeviceType>19</iescim:PowerSystemResource.DeviceType>
</cim:BusbarSection>
<cim:ACLineSegment rdf:ID="13000000_15443758">
<cim:IdentifiedObject.name>-连接线-</cim:IdentifiedObject.name>
<cim:IdentifiedObject.bianhao></cim:IdentifiedObject.bianhao>
<cim:PowerSystemResource.Circuit rdf:resource="#10000100_31827" />
<cim:ConductingEquipment.BaseVoltage rdf:resource="#BaseVoltage_5"/>
<iescim:PowerSystemResource.SubType>3</iescim:PowerSystemResource.SubType>
<iescim:PowerSystemResource.DeviceID>5629499534586551</iescim:PowerSystemResource.DeviceID>
<iescim:PowerSystemResource.DeviceType>20</iescim:PowerSystemResource.DeviceType>
</cim:ACLineSegment>
<cim:ACLineSegment rdf:ID="13000000_15443759">
<cim:IdentifiedObject.name>站外-连接线</cim:IdentifiedObject.name>
<cim:IdentifiedObject.bianhao></cim:IdentifiedObject.bianhao>
<cim:PowerSystemResource.Circuit rdf:resource="#10000100_31827" />
<cim:ConductingEquipment.BaseVoltage rdf:resource="#BaseVoltage_5"/>
<iescim:PowerSystemResource.SubType>3</iescim:PowerSystemResource.SubType>
<iescim:PowerSystemResource.DeviceID>5629499534586552</iescim:PowerSystemResource.DeviceID>
<iescim:PowerSystemResource.DeviceType>20</iescim:PowerSystemResource.DeviceType>
</cim:ACLineSegment>
<cim:ACLineSegment rdf:ID="14000000_7367479">
<cim:IdentifiedObject.name>10kV备用线Ⅴ986开关单元_起始设备</cim:IdentifiedObject.name>
<cim:IdentifiedObject.bianhao></cim:IdentifiedObject.bianhao>
<cim:PowerSystemResource.Circuit rdf:resource="#10000100_31827" />
<cim:ConductingEquipment.BaseVoltage rdf:resource="#BaseVoltage_5"/>
<iescim:PowerSystemResource.SubType>1</iescim:PowerSystemResource.SubType>
<iescim:PowerSystemResource.DeviceID>5629499534586553</iescim:PowerSystemResource.DeviceID>
<iescim:PowerSystemResource.DeviceType>20</iescim:PowerSystemResource.DeviceType>
</cim:ACLineSegment>
<cim:ACLineSegment rdf:ID="20100000_1360375">
<cim:IdentifiedObject.name>35kV乍洋变10kV备用线Ⅴ986开关单元0-电缆终端头2017997</cim:IdentifiedObject.name>
<cim:IdentifiedObject.bianhao></cim:IdentifiedObject.bianhao>
<cim:PowerSystemResource.Circuit rdf:resource="#10000100_31827" />
<cim:ConductingEquipment.BaseVoltage rdf:resource="#BaseVoltage_5"/>
<iescim:PowerSystemResource.SubType>1</iescim:PowerSystemResource.SubType>
<iescim:PowerSystemResource.DeviceID>5629499534586554</iescim:PowerSystemResource.DeviceID>
<iescim:PowerSystemResource.DeviceType>20</iescim:PowerSystemResource.DeviceType>
</cim:ACLineSegment>
<cim:ACLineSegment rdf:ID="36000000_1520753499">
<cim:IdentifiedObject.name>站内-连接线</cim:IdentifiedObject.name>
<cim:IdentifiedObject.bianhao></cim:IdentifiedObject.bianhao>
<cim:Equipment.EquipmentContainer rdf:resource="#32400000_1520750956"/>
<cim:PowerSystemResource.Circuit rdf:resource="#10000100_1545707877" />
<cim:ConductingEquipment.BaseVoltage rdf:resource="#BaseVoltage_5"/>
<iescim:PowerSystemResource.SubType>3</iescim:PowerSystemResource.SubType>
<iescim:PowerSystemResource.DeviceID>5629499537550548</iescim:PowerSystemResource.DeviceID>
<iescim:PowerSystemResource.DeviceType>20</iescim:PowerSystemResource.DeviceType>
</cim:ACLineSegment>
<cim:ACLineSegment rdf:ID="36000000_1520753498">
<cim:IdentifiedObject.name>站内-连接线连接线</cim:IdentifiedObject.name>
<cim:IdentifiedObject.bianhao></cim:IdentifiedObject.bianhao>
<cim:Equipment.EquipmentContainer rdf:resource="#32400000_1520750956"/>
<cim:PowerSystemResource.Circuit rdf:resource="#10000100_1545707877" />
<cim:ConductingEquipment.BaseVoltage rdf:resource="#BaseVoltage_5"/>
<iescim:PowerSystemResource.SubType>3</iescim:PowerSystemResource.SubType>
<iescim:PowerSystemResource.DeviceID>5629499537550549</iescim:PowerSystemResource.DeviceID>
<iescim:PowerSystemResource.DeviceType>20</iescim:PowerSystemResource.DeviceType>
</cim:ACLineSegment>
<cim:ACLineSegment rdf:ID="36000000_1520753491">
<cim:IdentifiedObject.name>站内-连接线</cim:IdentifiedObject.name>
<cim:IdentifiedObject.bianhao></cim:IdentifiedObject.bianhao>
<cim:Equipment.EquipmentContainer rdf:resource="#32400000_1520750956"/>
<cim:PowerSystemResource.Circuit rdf:resource="#10000100_1545707877" />
<cim:ConductingEquipment.BaseVoltage rdf:resource="#BaseVoltage_5"/>
<iescim:PowerSystemResource.SubType>3</iescim:PowerSystemResource.SubType>
<iescim:PowerSystemResource.DeviceID>5629499537550556</iescim:PowerSystemResource.DeviceID>
<iescim:PowerSystemResource.DeviceType>20</iescim:PowerSystemResource.DeviceType>
</cim:ACLineSegment>
<cim:ACLineSegment rdf:ID="36000000_1520752984">
<cim:IdentifiedObject.name>站内-连接线</cim:IdentifiedObject.name>
<cim:IdentifiedObject.bianhao></cim:IdentifiedObject.bianhao>
<cim:Equipment.EquipmentContainer rdf:resource="#32400000_1520750956"/>
<cim:PowerSystemResource.Circuit rdf:resource="#10000100_1545707877" />
<cim:ConductingEquipment.BaseVoltage rdf:resource="#BaseVoltage_5"/>
<iescim:PowerSystemResource.SubType>3</iescim:PowerSystemResource.SubType>
<iescim:PowerSystemResource.DeviceID>5629499537550567</iescim:PowerSystemResource.DeviceID>
<iescim:PowerSystemResource.DeviceType>20</iescim:PowerSystemResource.DeviceType>
</cim:ACLineSegment>
<cim:Pole rdf:ID="10200001_12080509">
<cim:IdentifiedObject.name>10kV工业园II回#001杆</cim:IdentifiedObject.name>
<cim:IdentifiedObject.bianhao></cim:IdentifiedObject.bianhao>
<cim:PowerSystemResource.Circuit rdf:resource="#10000100_31827" />
<cim:ConductingEquipment.BaseVoltage rdf:resource="#BaseVoltage_5"/>
<iescim:PowerSystemResource.DeviceType>43</iescim:PowerSystemResource.DeviceType>
<iescim:PowerSystemResource.SubType>1</iescim:PowerSystemResource.SubType>
<iescim:PowerSystemResource.DeviceID>12103423998620179</iescim:PowerSystemResource.DeviceID>
</cim:Pole>
<cim:ConnectivityNode rdf:ID="9288674231453385">
<iescim:PowerSystemResource.SubType>0</iescim:PowerSystemResource.SubType>
<iescim:PowerSystemResource.DeviceID>9288674231453385</iescim:PowerSystemResource.DeviceID>
<iescim:PowerSystemResource.DeviceType>33</iescim:PowerSystemResource.DeviceType>
</cim:ConnectivityNode>
<cim:ConnectivityNode rdf:ID="9288674231453394">
<iescim:PowerSystemResource.SubType>0</iescim:PowerSystemResource.SubType>
<iescim:PowerSystemResource.DeviceID>9288674231453394</iescim:PowerSystemResource.DeviceID>
<iescim:PowerSystemResource.DeviceType>33</iescim:PowerSystemResource.DeviceType>
</cim:ConnectivityNode>
<cim:ConnectivityNode rdf:ID="9288674231480737">
<iescim:PowerSystemResource.SubType>0</iescim:PowerSystemResource.SubType>
<iescim:PowerSystemResource.DeviceID>9288674231480737</iescim:PowerSystemResource.DeviceID>
<iescim:PowerSystemResource.DeviceType>33</iescim:PowerSystemResource.DeviceType>
</cim:ConnectivityNode>
<cim:ConnectivityNode rdf:ID="9288674231480738">
<iescim:PowerSystemResource.SubType>0</iescim:PowerSystemResource.SubType>
<iescim:PowerSystemResource.DeviceID>9288674231480738</iescim:PowerSystemResource.DeviceID>
<iescim:PowerSystemResource.DeviceType>33</iescim:PowerSystemResource.DeviceType>
</cim:ConnectivityNode>
<cim:ConnectivityNode rdf:ID="9288674231501078">
<iescim:PowerSystemResource.SubType>0</iescim:PowerSystemResource.SubType>
<iescim:PowerSystemResource.DeviceID>9288674231501078</iescim:PowerSystemResource.DeviceID>
<iescim:PowerSystemResource.DeviceType>33</iescim:PowerSystemResource.DeviceType>
</cim:ConnectivityNode>
<cim:ConnectivityNode rdf:ID="9288674231525206">
<iescim:PowerSystemResource.SubType>0</iescim:PowerSystemResource.SubType>
<iescim:PowerSystemResource.DeviceID>9288674231525206</iescim:PowerSystemResource.DeviceID>
<iescim:PowerSystemResource.DeviceType>33</iescim:PowerSystemResource.DeviceType>
</cim:ConnectivityNode>
<cim:ConnectivityNode rdf:ID="9288674231525207">
<iescim:PowerSystemResource.SubType>0</iescim:PowerSystemResource.SubType>
<iescim:PowerSystemResource.DeviceID>9288674231525207</iescim:PowerSystemResource.DeviceID>
<iescim:PowerSystemResource.DeviceType>33</iescim:PowerSystemResource.DeviceType>
</cim:ConnectivityNode>
<cim:ConnectivityNode rdf:ID="9288674231545858">
<iescim:PowerSystemResource.SubType>0</iescim:PowerSystemResource.SubType>
<iescim:PowerSystemResource.DeviceID>9288674231545858</iescim:PowerSystemResource.DeviceID>
<iescim:PowerSystemResource.DeviceType>33</iescim:PowerSystemResource.DeviceType>
</cim:ConnectivityNode>
<cim:ConnectivityNode rdf:ID="9288674231648476">
<iescim:PowerSystemResource.SubType>0</iescim:PowerSystemResource.SubType>
<iescim:PowerSystemResource.DeviceID>9288674231648476</iescim:PowerSystemResource.DeviceID>
<iescim:PowerSystemResource.DeviceType>33</iescim:PowerSystemResource.DeviceType>
</cim:ConnectivityNode>
<cim:ConnectivityNode rdf:ID="9288674231648488">
<iescim:PowerSystemResource.SubType>0</iescim:PowerSystemResource.SubType>
<iescim:PowerSystemResource.DeviceID>9288674231648488</iescim:PowerSystemResource.DeviceID>
<iescim:PowerSystemResource.DeviceType>33</iescim:PowerSystemResource.DeviceType>
</cim:ConnectivityNode>
<cim:ConnectivityNode rdf:ID="9288674231730851">
<iescim:PowerSystemResource.SubType>0</iescim:PowerSystemResource.SubType>
<iescim:PowerSystemResource.DeviceID>9288674231730851</iescim:PowerSystemResource.DeviceID>
<iescim:PowerSystemResource.DeviceType>33</iescim:PowerSystemResource.DeviceType>
</cim:ConnectivityNode>
<cim:ConnectivityNode rdf:ID="9288674231835699">
<iescim:PowerSystemResource.SubType>0</iescim:PowerSystemResource.SubType>
<iescim:PowerSystemResource.DeviceID>9288674231835699</iescim:PowerSystemResource.DeviceID>
<iescim:PowerSystemResource.DeviceType>33</iescim:PowerSystemResource.DeviceType>
</cim:ConnectivityNode>
<cim:ConnectivityNode rdf:ID="9288674231835700">
<iescim:PowerSystemResource.SubType>0</iescim:PowerSystemResource.SubType>
<iescim:PowerSystemResource.DeviceID>9288674231835700</iescim:PowerSystemResource.DeviceID>
<iescim:PowerSystemResource.DeviceType>33</iescim:PowerSystemResource.DeviceType>
</cim:ConnectivityNode>
<cim:ConnectivityNode rdf:ID="9288674231835701">
<iescim:PowerSystemResource.SubType>0</iescim:PowerSystemResource.SubType>
<iescim:PowerSystemResource.DeviceID>9288674231835701</iescim:PowerSystemResource.DeviceID>
<iescim:PowerSystemResource.DeviceType>33</iescim:PowerSystemResource.DeviceType>
</cim:ConnectivityNode>
<cim:ConnectivityNode rdf:ID="9288674231892312">
<iescim:PowerSystemResource.SubType>0</iescim:PowerSystemResource.SubType>
<iescim:PowerSystemResource.DeviceID>9288674231892312</iescim:PowerSystemResource.DeviceID>
<iescim:PowerSystemResource.DeviceType>33</iescim:PowerSystemResource.DeviceType>
</cim:ConnectivityNode>
<cim:ConnectivityNode rdf:ID="9288674231928617">
<iescim:PowerSystemResource.SubType>0</iescim:PowerSystemResource.SubType>
<iescim:PowerSystemResource.DeviceID>9288674231928617</iescim:PowerSystemResource.DeviceID>
<iescim:PowerSystemResource.DeviceType>33</iescim:PowerSystemResource.DeviceType>
</cim:ConnectivityNode>
<cim:ConnectivityNode rdf:ID="9288674250974756">
<iescim:PowerSystemResource.SubType>0</iescim:PowerSystemResource.SubType>
<iescim:PowerSystemResource.DeviceID>9288674250974756</iescim:PowerSystemResource.DeviceID>
<iescim:PowerSystemResource.DeviceType>33</iescim:PowerSystemResource.DeviceType>
</cim:ConnectivityNode>
<cim:ConnectivityNode rdf:ID="9288674251045018">
<iescim:PowerSystemResource.SubType>0</iescim:PowerSystemResource.SubType>
<iescim:PowerSystemResource.DeviceID>9288674251045018</iescim:PowerSystemResource.DeviceID>
<iescim:PowerSystemResource.DeviceType>33</iescim:PowerSystemResource.DeviceType>
</cim:ConnectivityNode>
<cim:ConnectivityNode rdf:ID="9288674251045021">
<iescim:PowerSystemResource.SubType>0</iescim:PowerSystemResource.SubType>
<iescim:PowerSystemResource.DeviceID>9288674251045021</iescim:PowerSystemResource.DeviceID>
<iescim:PowerSystemResource.DeviceType>33</iescim:PowerSystemResource.DeviceType>
</cim:ConnectivityNode>
<cim:Terminal rdf:ID="1406984">
<cim:Terminal.ConductingEquipment rdf:resource="#30600000_262199"/>
<cim:Terminal.ConnectivityNode rdf:resource="#9288674231453394"/>
</cim:Terminal>
<cim:Terminal rdf:ID="1406985">
<cim:Terminal.ConductingEquipment rdf:resource="#30600000_262199"/>
<cim:Terminal.ConnectivityNode rdf:resource="#9288674231480737"/>
</cim:Terminal>
<cim:Terminal rdf:ID="30600001_1520752307_1">
<cim:Terminal.ConductingEquipment rdf:resource="#30600001_1520752307"/>
<cim:Terminal.ConnectivityNode rdf:resource="#9288674231648476"/>
</cim:Terminal>
<cim:Terminal rdf:ID="30600000_1520752799_1">
<cim:Terminal.ConductingEquipment rdf:resource="#30600000_1520752799"/>
<cim:Terminal.ConnectivityNode rdf:resource="#9288674231648488"/>
</cim:Terminal>
<cim:Terminal rdf:ID="30600000_1520752799_2">
<cim:Terminal.ConductingEquipment rdf:resource="#30600000_1520752799"/>
<cim:Terminal.ConnectivityNode rdf:resource="#9288674231730851"/>
</cim:Terminal>
<cim:Terminal rdf:ID="30500000_1520752453_1">
<cim:Terminal.ConductingEquipment rdf:resource="#30500000_1520752453"/>
<cim:Terminal.ConnectivityNode rdf:resource="#9288674231501078"/>
</cim:Terminal>
<cim:Terminal rdf:ID="30500000_1520752453_2">
<cim:Terminal.ConductingEquipment rdf:resource="#30500000_1520752453"/>
<cim:Terminal.ConnectivityNode rdf:resource="#9288674231545858"/>
</cim:Terminal>
<cim:Terminal rdf:ID="32000000_1520746989_1">
<cim:Terminal.ConductingEquipment rdf:resource="#32000000_1520746989"/>
<cim:Terminal.ConnectivityNode rdf:resource="#9288674231928617"/>
</cim:Terminal>
<cim:Terminal rdf:ID="36000000_1520753499_1">
<cim:Terminal.ConductingEquipment rdf:resource="#36000000_1520753499"/>
<cim:Terminal.ConnectivityNode rdf:resource="#9288674231892312"/>
</cim:Terminal>
<cim:Terminal rdf:ID="36000000_1520753499_2">
<cim:Terminal.ConductingEquipment rdf:resource="#36000000_1520753499"/>
<cim:Terminal.ConnectivityNode rdf:resource="#9288674231928617"/>
</cim:Terminal>
<cim:Terminal rdf:ID="36000000_1520753498_1">
<cim:Terminal.ConductingEquipment rdf:resource="#36000000_1520753498"/>
<cim:Terminal.ConnectivityNode rdf:resource="#9288674231892312"/>
</cim:Terminal>
<cim:Terminal rdf:ID="36000000_1520753498_2">
<cim:Terminal.ConductingEquipment rdf:resource="#36000000_1520753498"/>
<cim:Terminal.ConnectivityNode rdf:resource="#9288674231648476"/>
</cim:Terminal>
<cim:Terminal rdf:ID="36000000_1520753491_1">
<cim:Terminal.ConductingEquipment rdf:resource="#36000000_1520753491"/>
<cim:Terminal.ConnectivityNode rdf:resource="#9288674231730851"/>
</cim:Terminal>
<cim:Terminal rdf:ID="36000000_1520753491_2">
<cim:Terminal.ConductingEquipment rdf:resource="#36000000_1520753491"/>
<cim:Terminal.ConnectivityNode rdf:resource="#9288674231892312"/>
</cim:Terminal>
<cim:Terminal rdf:ID="36000000_1520752984_1">
<cim:Terminal.ConductingEquipment rdf:resource="#36000000_1520752984"/>
<cim:Terminal.ConnectivityNode rdf:resource="#9288674231545858"/>
</cim:Terminal>
<cim:Terminal rdf:ID="36000000_1520752984_2">
<cim:Terminal.ConductingEquipment rdf:resource="#36000000_1520752984"/>
<cim:Terminal.ConnectivityNode rdf:resource="#9288674231648488"/>
</cim:Terminal>
<cim:Terminal rdf:ID="13000000_15443758_1">
<cim:Terminal.ConductingEquipment rdf:resource="#13000000_15443758"/>
<cim:Terminal.ConnectivityNode rdf:resource="#9288674231835699"/>
</cim:Terminal>
<cim:Terminal rdf:ID="13000000_15443758_2">
<cim:Terminal.ConductingEquipment rdf:resource="#13000000_15443758"/>
<cim:Terminal.ConnectivityNode rdf:resource="#9288674231480738"/>
</cim:Terminal>
<cim:Terminal rdf:ID="13000000_15443759_1">
<cim:Terminal.ConductingEquipment rdf:resource="#13000000_15443759"/>
<cim:Terminal.ConnectivityNode rdf:resource="#9288674231835700"/>
</cim:Terminal>
<cim:Terminal rdf:ID="13000000_15443759_2">
<cim:Terminal.ConductingEquipment rdf:resource="#13000000_15443759"/>
<cim:Terminal.ConnectivityNode rdf:resource="#9288674231835699"/>
</cim:Terminal>
<cim:Terminal rdf:ID="14000000_7367479_1">
<cim:Terminal.ConductingEquipment rdf:resource="#14000000_7367479"/>
<cim:Terminal.ConnectivityNode rdf:resource="#9288674231525206"/>
</cim:Terminal>
<cim:Terminal rdf:ID="14000000_7367479_2">
<cim:Terminal.ConductingEquipment rdf:resource="#14000000_7367479"/>
<cim:Terminal.ConnectivityNode rdf:resource="#9288674231835701"/>
</cim:Terminal>
<cim:Terminal rdf:ID="20100000_1360375_1">
<cim:Terminal.ConductingEquipment rdf:resource="#20100000_1360375"/>
<cim:Terminal.ConnectivityNode rdf:resource="#9288674231835701"/>
</cim:Terminal>
<cim:Terminal rdf:ID="20100000_1360375_2">
<cim:Terminal.ConductingEquipment rdf:resource="#20100000_1360375"/>
<cim:Terminal.ConnectivityNode rdf:resource="#9288674231835700"/>
</cim:Terminal>
<cim:Terminal rdf:ID="1406980">
<cim:Terminal.ConductingEquipment rdf:resource="#30500000_1924556"/>
<cim:Terminal.ConnectivityNode rdf:resource="#9288674231480737"/>
</cim:Terminal>
<cim:Terminal rdf:ID="1406981">
<cim:Terminal.ConductingEquipment rdf:resource="#30500000_1924556"/>
<cim:Terminal.ConnectivityNode rdf:resource="#9288674231525206"/>
</cim:Terminal>
<cim:Terminal rdf:ID="11100000_731716_1">
<cim:Terminal.ConductingEquipment rdf:resource="#11100000_731716"/>
<cim:Terminal.ConnectivityNode rdf:resource="#9288674231480738"/>
</cim:Terminal>
<cim:Terminal rdf:ID="11100000_731716_2">
<cim:Terminal.ConductingEquipment rdf:resource="#11100000_731716"/>
<cim:Terminal.ConnectivityNode rdf:resource="#9288674231525207"/>
</cim:Terminal>
<cim:Terminal rdf:ID="32000000_4835267_1">
<cim:Terminal.ConductingEquipment rdf:resource="#32000000_4835267"/>
<cim:Terminal.ConnectivityNode rdf:resource="#9288674231525206"/>
</cim:Terminal>
<cim:Terminal rdf:ID="20200000_2017995_1">
<cim:Terminal.ConductingEquipment rdf:resource="#20200000_2017995"/>
<cim:Terminal.ConnectivityNode rdf:resource="#9288674231835701"/>
</cim:Terminal>
<cim:Terminal rdf:ID="20200000_2017997_1">
<cim:Terminal.ConductingEquipment rdf:resource="#20200000_2017997"/>
<cim:Terminal.ConnectivityNode rdf:resource="#9288674231835700"/>
</cim:Terminal>
<cim:Terminal rdf:ID="31100000_1544329371_1">
<cim:Terminal.ConductingEquipment rdf:resource="#31100000_1544329371"/>
<cim:Terminal.ConnectivityNode rdf:resource="#9288674250974756"/>
</cim:Terminal>
<cim:Terminal rdf:ID="7354719">
<cim:Terminal.ConductingEquipment rdf:resource="#31100000_1544328895"/>
<cim:Terminal.ConnectivityNode rdf:resource="#9288674251045021"/>
</cim:Terminal>
<cim:Terminal rdf:ID="7354729">
<cim:Terminal.ConductingEquipment rdf:resource="#7354728"/>
<cim:Terminal.ConnectivityNode rdf:resource="#9288674251045018"/>
</cim:Terminal>
<cim:Terminal rdf:ID="10200001_12080509_1">
<cim:Terminal.ConductingEquipment rdf:resource="#10200001_12080509"/>
<cim:Terminal.ConnectivityNode rdf:resource="#9288674231835699"/>
</cim:Terminal>
<cim:Terminal rdf:ID="397113">
<cim:Terminal.ConductingEquipment rdf:resource="#31100000_88908"/>
<cim:Terminal.ConnectivityNode rdf:resource="#9288674231453385"/>
</cim:Terminal>
<cim:Terminal rdf:ID="1406927">
<cim:Terminal.ConductingEquipment rdf:resource="#31100000_90163"/>
<cim:Terminal.ConnectivityNode rdf:resource="#9288674231453394"/>
</cim:Terminal>
</rdf:RDF>
