<?xml version="1.0" encoding="UTF-8"?>

<rdf:RDF xmlns:rdf="http://www.w3.org/1999/02/22-rdf-syntax-ns#" xmlns:cim="http://www.sgcc.com.cn/SG-CIM/2010MAY#" xmlns:iescim="http://www.ieslab.com.cn">

<cim:BaseVoltage rdf:ID="BaseVoltage_5">
<cim:IdentifiedObject.name>10kV</cim:IdentifiedObject.name>
<cim:BaseVoltage.isDC>false</cim:BaseVoltage.isDC>
<cim:BaseVoltage.nominalVoltage>10.00</cim:BaseVoltage.nominalVoltage>
<iescim:PowerSystemResource.DeviceID>5</iescim:PowerSystemResource.DeviceID>
</cim:BaseVoltage>
<cim:SubGeographicalRegion rdf:ID="8a0f688f46db11f00146db1368011028">
<cim:IdentifiedObject.name>国网霞浦县供电公司</cim:IdentifiedObject.name>
<cim:SubGeographicalRegion.Region rdf:resource="#_"/>
</cim:SubGeographicalRegion>
<cim:Circuit rdf:ID="10000100_7623">
<cim:IdentifiedObject.name>10kV西医线918线路</cim:IdentifiedObject.name>
<cim:Circuit.BelongtoHVSubstation rdf:resource="#30000000_75206"/>
<cim:PowerSystemResource.SubGeographicalRegion rdf:resource="#8a0f688f46db11f00146db1368011028"/>
<cim:iscurrentfeeder>0</cim:iscurrentfeeder>
</cim:Circuit>
<cim:Circuit rdf:ID="10000100_1509191173">
<cim:IdentifiedObject.name>10kV岚目线942线路</cim:IdentifiedObject.name>
<cim:Circuit.BelongtoHVSubstation rdf:resource="#30000000_74694"/>
<cim:PowerSystemResource.SubGeographicalRegion rdf:resource="#8a0f688f46db11f00146db1368011028"/>
<cim:iscurrentfeeder>1</cim:iscurrentfeeder>
</cim:Circuit>
<cim:Substation rdf:ID="30000000_75206">
<cim:IdentifiedObject.name>霞浦西关变电站</cim:IdentifiedObject.name>
<iescim:PowerSystemResource.DeviceType>13</iescim:PowerSystemResource.DeviceType>
<iescim:PowerSystemResource.SubType>1</iescim:PowerSystemResource.SubType>
<cim:PowerSystemResource.PSRType rdf:resource="#30000000"/>
<iescim:PowerSystemResource.DeviceID>3659174697242524</iescim:PowerSystemResource.DeviceID>
<cim:PowerSystemResource.SubGeographicalRegion rdf:resource="#8a0f688f46db11f00146db1368011028"/>
</cim:Substation>
<cim:Substation rdf:ID="30000000_74694">
<cim:IdentifiedObject.name>岚后变电站</cim:IdentifiedObject.name>
<iescim:PowerSystemResource.DeviceType>13</iescim:PowerSystemResource.DeviceType>
<iescim:PowerSystemResource.SubType>1</iescim:PowerSystemResource.SubType>
<cim:PowerSystemResource.PSRType rdf:resource="#30000000"/>
<iescim:PowerSystemResource.DeviceID>3659174697242534</iescim:PowerSystemResource.DeviceID>
<cim:PowerSystemResource.SubGeographicalRegion rdf:resource="#8a0f688f46db11f00146db1368011028"/>
</cim:Substation>
<cim:Breaker rdf:ID="30500000_1427668">
<cim:IdentifiedObject.name>岚后变电站.10kV.岚目线间隔.942开关</cim:IdentifiedObject.name>
<cim:IdentifiedObject.bianhao>_</cim:IdentifiedObject.bianhao>
<cim:Equipment.EquipmentContainer rdf:resource="#30000000_74694"/>
<cim:PowerSystemResource.Circuit rdf:resource="#10000100_1509191173" />
<cim:ConductingEquipment.BaseVoltage rdf:resource="#BaseVoltage_5"/>
<iescim:PowerSystemResource.SubType>1</iescim:PowerSystemResource.SubType>
<iescim:PowerSystemResource.DeviceID>4503599627415584</iescim:PowerSystemResource.DeviceID>
<iescim:PowerSystemResource.DeviceType>16</iescim:PowerSystemResource.DeviceType>
<iescim:PowerSystemResource.Cxmc></iescim:PowerSystemResource.Cxmc>
</cim:Breaker>
<cim:Breaker rdf:ID="11100000_1545160115">
<cim:IdentifiedObject.name>10kV西医线医院坡支线#009杆K009开关</cim:IdentifiedObject.name>
<cim:IdentifiedObject.bianhao>K009</cim:IdentifiedObject.bianhao>
<cim:PowerSystemResource.Circuit rdf:resource="#10000100_7623" />
<cim:ConductingEquipment.BaseVoltage rdf:resource="#BaseVoltage_5"/>
<iescim:PowerSystemResource.SubType>2</iescim:PowerSystemResource.SubType>
<iescim:PowerSystemResource.DeviceID>4503599627632557</iescim:PowerSystemResource.DeviceID>
<iescim:PowerSystemResource.DeviceType>16</iescim:PowerSystemResource.DeviceType>
<iescim:PowerSystemResource.Cxmc></iescim:PowerSystemResource.Cxmc>
</cim:Breaker>
<cim:Disconnector rdf:ID="2466408">
<cim:IdentifiedObject.name>岚后变电站.10kV.岚目线间隔.942手车刀闸</cim:IdentifiedObject.name>
<cim:IdentifiedObject.bianhao>_</cim:IdentifiedObject.bianhao>
<cim:Equipment.EquipmentContainer rdf:resource="#30000000_74694"/>
<cim:PowerSystemResource.Circuit rdf:resource="#10000100_1509191173" />
<cim:ConductingEquipment.BaseVoltage rdf:resource="#BaseVoltage_5"/>
<iescim:PowerSystemResource.SubType>5</iescim:PowerSystemResource.SubType>
<iescim:PowerSystemResource.DeviceID>4785074604190658</iescim:PowerSystemResource.DeviceID>
<iescim:PowerSystemResource.DeviceType>17</iescim:PowerSystemResource.DeviceType>
<iescim:PowerSystemResource.Cxmc></iescim:PowerSystemResource.Cxmc>
</cim:Disconnector>
<cim:Disconnector rdf:ID="30600001_1962868">
<cim:IdentifiedObject.name>岚后变电站.10kV.岚目线间隔.9426接地刀闸</cim:IdentifiedObject.name>
<cim:IdentifiedObject.bianhao>_</cim:IdentifiedObject.bianhao>
<cim:Equipment.EquipmentContainer rdf:resource="#30000000_74694"/>
<cim:PowerSystemResource.Circuit rdf:resource="#10000100_1509191173" />
<cim:ConductingEquipment.BaseVoltage rdf:resource="#BaseVoltage_5"/>
<iescim:PowerSystemResource.SubType>9</iescim:PowerSystemResource.SubType>
<iescim:PowerSystemResource.DeviceID>4785074604198580</iescim:PowerSystemResource.DeviceID>
<iescim:PowerSystemResource.DeviceType>17</iescim:PowerSystemResource.DeviceType>
<iescim:PowerSystemResource.Cxmc></iescim:PowerSystemResource.Cxmc>
</cim:Disconnector>
<cim:BusbarSection rdf:ID="31100000_1521850927">
<cim:IdentifiedObject.name>霞浦西关变电站.10kV.Ⅱ段母线</cim:IdentifiedObject.name>
<cim:IdentifiedObject.bianhao></cim:IdentifiedObject.bianhao>
<cim:Equipment.EquipmentContainer rdf:resource="#30000000_75206"/>
<cim:PowerSystemResource.Circuit rdf:resource="#_" />
<cim:ConductingEquipment.BaseVoltage rdf:resource="#BaseVoltage_5"/>
<iescim:PowerSystemResource.SubType>0</iescim:PowerSystemResource.SubType>
<iescim:PowerSystemResource.DeviceID>5348024557508339</iescim:PowerSystemResource.DeviceID>
<iescim:PowerSystemResource.DeviceType>19</iescim:PowerSystemResource.DeviceType>
</cim:BusbarSection>
<cim:BusbarSection rdf:ID="31100000_89579">
<cim:IdentifiedObject.name>岚后变电站.10kV.Ⅱ段母线</cim:IdentifiedObject.name>
<cim:IdentifiedObject.bianhao></cim:IdentifiedObject.bianhao>
<cim:Equipment.EquipmentContainer rdf:resource="#30000000_74694"/>
<cim:PowerSystemResource.Circuit rdf:resource="#_" />
<cim:ConductingEquipment.BaseVoltage rdf:resource="#BaseVoltage_5"/>
<iescim:PowerSystemResource.SubType>0</iescim:PowerSystemResource.SubType>
<iescim:PowerSystemResource.DeviceID>5348024557508345</iescim:PowerSystemResource.DeviceID>
<iescim:PowerSystemResource.DeviceType>19</iescim:PowerSystemResource.DeviceType>
</cim:BusbarSection>
<cim:BusbarSection rdf:ID="31100000_88996">
<cim:IdentifiedObject.name>岚后变电站.10kV.Ⅲ段母线</cim:IdentifiedObject.name>
<cim:IdentifiedObject.bianhao></cim:IdentifiedObject.bianhao>
<cim:Equipment.EquipmentContainer rdf:resource="#30000000_74694"/>
<cim:PowerSystemResource.Circuit rdf:resource="#_" />
<cim:ConductingEquipment.BaseVoltage rdf:resource="#BaseVoltage_5"/>
<iescim:PowerSystemResource.SubType>0</iescim:PowerSystemResource.SubType>
<iescim:PowerSystemResource.DeviceID>5348024557508401</iescim:PowerSystemResource.DeviceID>
<iescim:PowerSystemResource.DeviceType>19</iescim:PowerSystemResource.DeviceType>
</cim:BusbarSection>
<cim:BusbarSection rdf:ID="31100000_88995">
<cim:IdentifiedObject.name>岚后变电站.10kV.Ⅰ段母线</cim:IdentifiedObject.name>
<cim:IdentifiedObject.bianhao></cim:IdentifiedObject.bianhao>
<cim:Equipment.EquipmentContainer rdf:resource="#30000000_74694"/>
<cim:PowerSystemResource.Circuit rdf:resource="#_" />
<cim:ConductingEquipment.BaseVoltage rdf:resource="#BaseVoltage_5"/>
<iescim:PowerSystemResource.SubType>0</iescim:PowerSystemResource.SubType>
<iescim:PowerSystemResource.DeviceID>5348024557508406</iescim:PowerSystemResource.DeviceID>
<iescim:PowerSystemResource.DeviceType>19</iescim:PowerSystemResource.DeviceType>
</cim:BusbarSection>
<cim:BusbarSection rdf:ID="31100000_1521850924">
<cim:IdentifiedObject.name>霞浦西关变电站.10kV.Ⅰ段母线</cim:IdentifiedObject.name>
<cim:IdentifiedObject.bianhao></cim:IdentifiedObject.bianhao>
<cim:Equipment.EquipmentContainer rdf:resource="#30000000_75206"/>
<cim:PowerSystemResource.Circuit rdf:resource="#_" />
<cim:ConductingEquipment.BaseVoltage rdf:resource="#BaseVoltage_5"/>
<iescim:PowerSystemResource.SubType>0</iescim:PowerSystemResource.SubType>
<iescim:PowerSystemResource.DeviceID>5348024557508496</iescim:PowerSystemResource.DeviceID>
<iescim:PowerSystemResource.DeviceType>19</iescim:PowerSystemResource.DeviceType>
</cim:BusbarSection>
<cim:BusbarSection rdf:ID="31100000_661809">
<cim:IdentifiedObject.name>岚后变电站.10kV.Ⅳ段母线</cim:IdentifiedObject.name>
<cim:IdentifiedObject.bianhao></cim:IdentifiedObject.bianhao>
<cim:Equipment.EquipmentContainer rdf:resource="#30000000_74694"/>
<cim:PowerSystemResource.Circuit rdf:resource="#_" />
<cim:ConductingEquipment.BaseVoltage rdf:resource="#BaseVoltage_5"/>
<iescim:PowerSystemResource.SubType>0</iescim:PowerSystemResource.SubType>
<iescim:PowerSystemResource.DeviceID>5348024557515519</iescim:PowerSystemResource.DeviceID>
<iescim:PowerSystemResource.DeviceType>19</iescim:PowerSystemResource.DeviceType>
</cim:BusbarSection>
<cim:BusbarSection rdf:ID="31100000_1092732">
<cim:IdentifiedObject.name>霞浦西关变电站.10kV.开关站Ⅰ段母线</cim:IdentifiedObject.name>
<cim:IdentifiedObject.bianhao></cim:IdentifiedObject.bianhao>
<cim:Equipment.EquipmentContainer rdf:resource="#30000000_75206"/>
<cim:PowerSystemResource.Circuit rdf:resource="#_" />
<cim:ConductingEquipment.BaseVoltage rdf:resource="#BaseVoltage_5"/>
<iescim:PowerSystemResource.SubType>0</iescim:PowerSystemResource.SubType>
<iescim:PowerSystemResource.DeviceID>5348024557530917</iescim:PowerSystemResource.DeviceID>
<iescim:PowerSystemResource.DeviceType>19</iescim:PowerSystemResource.DeviceType>
</cim:BusbarSection>
<cim:BusbarSection rdf:ID="6921351">
<cim:IdentifiedObject.name>霞浦西关变电站.10kV.Ⅱ段母线（旧）母线</cim:IdentifiedObject.name>
<cim:IdentifiedObject.bianhao></cim:IdentifiedObject.bianhao>
<cim:Equipment.EquipmentContainer rdf:resource="#30000000_75206"/>
<cim:PowerSystemResource.Circuit rdf:resource="#_" />
<cim:ConductingEquipment.BaseVoltage rdf:resource="#BaseVoltage_5"/>
<iescim:PowerSystemResource.SubType>0</iescim:PowerSystemResource.SubType>
<iescim:PowerSystemResource.DeviceID>5348024557554534</iescim:PowerSystemResource.DeviceID>
<iescim:PowerSystemResource.DeviceType>19</iescim:PowerSystemResource.DeviceType>
</cim:BusbarSection>
<cim:BusbarSection rdf:ID="6921331">
<cim:IdentifiedObject.name>霞浦西关变电站.10kV.旧Ⅰ段母线</cim:IdentifiedObject.name>
<cim:IdentifiedObject.bianhao></cim:IdentifiedObject.bianhao>
<cim:Equipment.EquipmentContainer rdf:resource="#30000000_75206"/>
<cim:PowerSystemResource.Circuit rdf:resource="#_" />
<cim:ConductingEquipment.BaseVoltage rdf:resource="#BaseVoltage_5"/>
<iescim:PowerSystemResource.SubType>0</iescim:PowerSystemResource.SubType>
<iescim:PowerSystemResource.DeviceID>5348024557554535</iescim:PowerSystemResource.DeviceID>
<iescim:PowerSystemResource.DeviceType>19</iescim:PowerSystemResource.DeviceType>
</cim:BusbarSection>
<cim:ACLineSegment rdf:ID="20100000_1509187446">
<cim:IdentifiedObject.name>220kV岚后变10kV岚目线942线路</cim:IdentifiedObject.name>
<cim:IdentifiedObject.bianhao></cim:IdentifiedObject.bianhao>
<cim:PowerSystemResource.Circuit rdf:resource="#10000100_1509191173" />
<cim:ConductingEquipment.BaseVoltage rdf:resource="#BaseVoltage_5"/>
<iescim:PowerSystemResource.SubType>1</iescim:PowerSystemResource.SubType>
<iescim:PowerSystemResource.DeviceID>5629499537422500</iescim:PowerSystemResource.DeviceID>
<iescim:PowerSystemResource.DeviceType>20</iescim:PowerSystemResource.DeviceType>
</cim:ACLineSegment>
<cim:ACLineSegment rdf:ID="14000000_1509189916">
<cim:IdentifiedObject.name>站内-出线点站外-超连接线</cim:IdentifiedObject.name>
<cim:IdentifiedObject.bianhao></cim:IdentifiedObject.bianhao>
<cim:PowerSystemResource.Circuit rdf:resource="#10000100_1509191173" />
<cim:ConductingEquipment.BaseVoltage rdf:resource="#BaseVoltage_5"/>
<iescim:PowerSystemResource.SubType>1</iescim:PowerSystemResource.SubType>
<iescim:PowerSystemResource.DeviceID>5629499537422501</iescim:PowerSystemResource.DeviceID>
<iescim:PowerSystemResource.DeviceType>20</iescim:PowerSystemResource.DeviceType>
</cim:ACLineSegment>
<cim:ACLineSegment rdf:ID="13000000_1545168602">
<cim:IdentifiedObject.name>220kV岚后变10kV岚目线942线路电缆终端头连接线</cim:IdentifiedObject.name>
<cim:IdentifiedObject.bianhao></cim:IdentifiedObject.bianhao>
<cim:PowerSystemResource.Circuit rdf:resource="#10000100_1509191173" />
<cim:ConductingEquipment.BaseVoltage rdf:resource="#BaseVoltage_5"/>
<iescim:PowerSystemResource.SubType>3</iescim:PowerSystemResource.SubType>
<iescim:PowerSystemResource.DeviceID>5629499537994233</iescim:PowerSystemResource.DeviceID>
<iescim:PowerSystemResource.DeviceType>20</iescim:PowerSystemResource.DeviceType>
</cim:ACLineSegment>
<cim:ConnectivityNode rdf:ID="9288674231452892">
<iescim:PowerSystemResource.SubType>0</iescim:PowerSystemResource.SubType>
<iescim:PowerSystemResource.DeviceID>9288674231452892</iescim:PowerSystemResource.DeviceID>
<iescim:PowerSystemResource.DeviceType>33</iescim:PowerSystemResource.DeviceType>
</cim:ConnectivityNode>
<cim:ConnectivityNode rdf:ID="9288674231452912">
<iescim:PowerSystemResource.SubType>0</iescim:PowerSystemResource.SubType>
<iescim:PowerSystemResource.DeviceID>9288674231452912</iescim:PowerSystemResource.DeviceID>
<iescim:PowerSystemResource.DeviceType>33</iescim:PowerSystemResource.DeviceType>
</cim:ConnectivityNode>
<cim:ConnectivityNode rdf:ID="9288674231452914">
<iescim:PowerSystemResource.SubType>0</iescim:PowerSystemResource.SubType>
<iescim:PowerSystemResource.DeviceID>9288674231452914</iescim:PowerSystemResource.DeviceID>
<iescim:PowerSystemResource.DeviceType>33</iescim:PowerSystemResource.DeviceType>
</cim:ConnectivityNode>
<cim:ConnectivityNode rdf:ID="9288674231456058">
<iescim:PowerSystemResource.SubType>0</iescim:PowerSystemResource.SubType>
<iescim:PowerSystemResource.DeviceID>9288674231456058</iescim:PowerSystemResource.DeviceID>
<iescim:PowerSystemResource.DeviceType>33</iescim:PowerSystemResource.DeviceType>
</cim:ConnectivityNode>
<cim:ConnectivityNode rdf:ID="9288674231456890">
<iescim:PowerSystemResource.SubType>0</iescim:PowerSystemResource.SubType>
<iescim:PowerSystemResource.DeviceID>9288674231456890</iescim:PowerSystemResource.DeviceID>
<iescim:PowerSystemResource.DeviceType>33</iescim:PowerSystemResource.DeviceType>
</cim:ConnectivityNode>
<cim:ConnectivityNode rdf:ID="9288674231459615">
<iescim:PowerSystemResource.SubType>0</iescim:PowerSystemResource.SubType>
<iescim:PowerSystemResource.DeviceID>9288674231459615</iescim:PowerSystemResource.DeviceID>
<iescim:PowerSystemResource.DeviceType>33</iescim:PowerSystemResource.DeviceType>
</cim:ConnectivityNode>
<cim:ConnectivityNode rdf:ID="9288674231459616">
<iescim:PowerSystemResource.SubType>0</iescim:PowerSystemResource.SubType>
<iescim:PowerSystemResource.DeviceID>9288674231459616</iescim:PowerSystemResource.DeviceID>
<iescim:PowerSystemResource.DeviceType>33</iescim:PowerSystemResource.DeviceType>
</cim:ConnectivityNode>
<cim:ConnectivityNode rdf:ID="9288674231524247">
<iescim:PowerSystemResource.SubType>0</iescim:PowerSystemResource.SubType>
<iescim:PowerSystemResource.DeviceID>9288674231524247</iescim:PowerSystemResource.DeviceID>
<iescim:PowerSystemResource.DeviceType>33</iescim:PowerSystemResource.DeviceType>
</cim:ConnectivityNode>
<cim:ConnectivityNode rdf:ID="9288674231608011">
<iescim:PowerSystemResource.SubType>0</iescim:PowerSystemResource.SubType>
<iescim:PowerSystemResource.DeviceID>9288674231608011</iescim:PowerSystemResource.DeviceID>
<iescim:PowerSystemResource.DeviceType>33</iescim:PowerSystemResource.DeviceType>
</cim:ConnectivityNode>
<cim:ConnectivityNode rdf:ID="9288674231881665">
<iescim:PowerSystemResource.SubType>0</iescim:PowerSystemResource.SubType>
<iescim:PowerSystemResource.DeviceID>9288674231881665</iescim:PowerSystemResource.DeviceID>
<iescim:PowerSystemResource.DeviceType>33</iescim:PowerSystemResource.DeviceType>
</cim:ConnectivityNode>
<cim:ConnectivityNode rdf:ID="9288674231881666">
<iescim:PowerSystemResource.SubType>0</iescim:PowerSystemResource.SubType>
<iescim:PowerSystemResource.DeviceID>9288674231881666</iescim:PowerSystemResource.DeviceID>
<iescim:PowerSystemResource.DeviceType>33</iescim:PowerSystemResource.DeviceType>
</cim:ConnectivityNode>
<cim:ConnectivityNode rdf:ID="9288674246613514">
<iescim:PowerSystemResource.SubType>0</iescim:PowerSystemResource.SubType>
<iescim:PowerSystemResource.DeviceID>9288674246613514</iescim:PowerSystemResource.DeviceID>
<iescim:PowerSystemResource.DeviceType>33</iescim:PowerSystemResource.DeviceType>
</cim:ConnectivityNode>
<cim:ConnectivityNode rdf:ID="9288674246613515">
<iescim:PowerSystemResource.SubType>0</iescim:PowerSystemResource.SubType>
<iescim:PowerSystemResource.DeviceID>9288674246613515</iescim:PowerSystemResource.DeviceID>
<iescim:PowerSystemResource.DeviceType>33</iescim:PowerSystemResource.DeviceType>
</cim:ConnectivityNode>
<cim:ConnectivityNode rdf:ID="9288674250690514">
<iescim:PowerSystemResource.SubType>0</iescim:PowerSystemResource.SubType>
<iescim:PowerSystemResource.DeviceID>9288674250690514</iescim:PowerSystemResource.DeviceID>
<iescim:PowerSystemResource.DeviceType>33</iescim:PowerSystemResource.DeviceType>
</cim:ConnectivityNode>
<cim:ConnectivityNode rdf:ID="9288674250690515">
<iescim:PowerSystemResource.SubType>0</iescim:PowerSystemResource.SubType>
<iescim:PowerSystemResource.DeviceID>9288674250690515</iescim:PowerSystemResource.DeviceID>
<iescim:PowerSystemResource.DeviceType>33</iescim:PowerSystemResource.DeviceType>
</cim:ConnectivityNode>
<cim:Terminal rdf:ID="2466410">
<cim:Terminal.ConductingEquipment rdf:resource="#2466408"/>
<cim:Terminal.ConnectivityNode rdf:resource="#9288674231524247"/>
</cim:Terminal>
<cim:Terminal rdf:ID="2466411">
<cim:Terminal.ConductingEquipment rdf:resource="#2466408"/>
<cim:Terminal.ConnectivityNode rdf:resource="#9288674231608011"/>
</cim:Terminal>
<cim:Terminal rdf:ID="2466414">
<cim:Terminal.ConductingEquipment rdf:resource="#30600001_1962868"/>
<cim:Terminal.ConnectivityNode rdf:resource="#9288674231608011"/>
</cim:Terminal>
<cim:Terminal rdf:ID="2466330">
<cim:Terminal.ConductingEquipment rdf:resource="#31100000_661809"/>
<cim:Terminal.ConnectivityNode rdf:resource="#9288674231456058"/>
</cim:Terminal>
<cim:Terminal rdf:ID="11100000_1545160115_1">
<cim:Terminal.ConductingEquipment rdf:resource="#11100000_1545160115"/>
<cim:Terminal.ConnectivityNode rdf:resource="#9288674250690514"/>
</cim:Terminal>
<cim:Terminal rdf:ID="11100000_1545160115_2">
<cim:Terminal.ConductingEquipment rdf:resource="#11100000_1545160115"/>
<cim:Terminal.ConnectivityNode rdf:resource="#9288674250690515"/>
</cim:Terminal>
<cim:Terminal rdf:ID="1740314">
<cim:Terminal.ConductingEquipment rdf:resource="#31100000_1092732"/>
<cim:Terminal.ConnectivityNode rdf:resource="#9288674231456890"/>
</cim:Terminal>
<cim:Terminal rdf:ID="32000000_3495318_1">
<cim:Terminal.ConductingEquipment rdf:resource="#32000000_3495318"/>
<cim:Terminal.ConnectivityNode rdf:resource="#9288674231608011"/>
</cim:Terminal>
<cim:Terminal rdf:ID="20200000_1509192517_1">
<cim:Terminal.ConductingEquipment rdf:resource="#20200000_1509192517"/>
<cim:Terminal.ConnectivityNode rdf:resource="#9288674231881666"/>
</cim:Terminal>
<cim:Terminal rdf:ID="20200000_1509187427_1">
<cim:Terminal.ConductingEquipment rdf:resource="#20200000_1509187427"/>
<cim:Terminal.ConnectivityNode rdf:resource="#9288674231881665"/>
</cim:Terminal>
<cim:Terminal rdf:ID="20100000_1509187446_1">
<cim:Terminal.ConductingEquipment rdf:resource="#20100000_1509187446"/>
<cim:Terminal.ConnectivityNode rdf:resource="#9288674231881665"/>
</cim:Terminal>
<cim:Terminal rdf:ID="20100000_1509187446_2">
<cim:Terminal.ConductingEquipment rdf:resource="#20100000_1509187446"/>
<cim:Terminal.ConnectivityNode rdf:resource="#9288674231881666"/>
</cim:Terminal>
<cim:Terminal rdf:ID="14000000_1509189916_1">
<cim:Terminal.ConductingEquipment rdf:resource="#14000000_1509189916"/>
<cim:Terminal.ConnectivityNode rdf:resource="#9288674231608011"/>
</cim:Terminal>
<cim:Terminal rdf:ID="14000000_1509189916_2">
<cim:Terminal.ConductingEquipment rdf:resource="#14000000_1509189916"/>
<cim:Terminal.ConnectivityNode rdf:resource="#9288674231881665"/>
</cim:Terminal>
<cim:Terminal rdf:ID="13000000_1545168602_1">
<cim:Terminal.ConductingEquipment rdf:resource="#13000000_1545168602"/>
<cim:Terminal.ConnectivityNode rdf:resource="#9288674231881666"/>
</cim:Terminal>
<cim:Terminal rdf:ID="13000000_1545168602_2">
<cim:Terminal.ConductingEquipment rdf:resource="#13000000_1545168602"/>
<cim:Terminal.ConnectivityNode rdf:resource="#9288674250690515"/>
</cim:Terminal>
<cim:Terminal rdf:ID="2466406">
<cim:Terminal.ConductingEquipment rdf:resource="#30500000_1427668"/>
<cim:Terminal.ConnectivityNode rdf:resource="#9288674231456058"/>
</cim:Terminal>
<cim:Terminal rdf:ID="2466407">
<cim:Terminal.ConductingEquipment rdf:resource="#30500000_1427668"/>
<cim:Terminal.ConnectivityNode rdf:resource="#9288674231524247"/>
</cim:Terminal>
<cim:Terminal rdf:ID="6921352">
<cim:Terminal.ConductingEquipment rdf:resource="#6921351"/>
<cim:Terminal.ConnectivityNode rdf:resource="#9288674231459615"/>
</cim:Terminal>
<cim:Terminal rdf:ID="6921332">
<cim:Terminal.ConductingEquipment rdf:resource="#6921331"/>
<cim:Terminal.ConnectivityNode rdf:resource="#9288674231459616"/>
</cim:Terminal>
<cim:Terminal rdf:ID="583539">
<cim:Terminal.ConductingEquipment rdf:resource="#31100000_1521850927"/>
<cim:Terminal.ConnectivityNode rdf:resource="#9288674246613515"/>
</cim:Terminal>
<cim:Terminal rdf:ID="12311">
<cim:Terminal.ConductingEquipment rdf:resource="#31100000_89579"/>
<cim:Terminal.ConnectivityNode rdf:resource="#9288674231452892"/>
</cim:Terminal>
<cim:Terminal rdf:ID="13054">
<cim:Terminal.ConductingEquipment rdf:resource="#31100000_88996"/>
<cim:Terminal.ConnectivityNode rdf:resource="#9288674231452912"/>
</cim:Terminal>
<cim:Terminal rdf:ID="11174">
<cim:Terminal.ConductingEquipment rdf:resource="#31100000_88995"/>
<cim:Terminal.ConnectivityNode rdf:resource="#9288674231452914"/>
</cim:Terminal>
<cim:Terminal rdf:ID="583520">
<cim:Terminal.ConductingEquipment rdf:resource="#31100000_1521850924"/>
<cim:Terminal.ConnectivityNode rdf:resource="#9288674246613514"/>
</cim:Terminal>
</rdf:RDF>
