<?xml version="1.0" encoding="UTF-8"?>

<rdf:RDF xmlns:rdf="http://www.w3.org/1999/02/22-rdf-syntax-ns#" xmlns:cim="http://www.sgcc.com.cn/SG-CIM/2010MAY#" xmlns:iescim="http://www.ieslab.com.cn">

<cim:BaseVoltage rdf:ID="BaseVoltage_5">
<cim:IdentifiedObject.name>10kV</cim:IdentifiedObject.name>
<cim:BaseVoltage.isDC>false</cim:BaseVoltage.isDC>
<cim:BaseVoltage.nominalVoltage>10.00</cim:BaseVoltage.nominalVoltage>
<iescim:PowerSystemResource.DeviceID>5</iescim:PowerSystemResource.DeviceID>
</cim:BaseVoltage>
<cim:SubGeographicalRegion rdf:ID="8a0f688f46db11f00146db1363fa0ee0">
<cim:IdentifiedObject.name>城区供电服务中心</cim:IdentifiedObject.name>
<cim:SubGeographicalRegion.Region rdf:resource="#_"/>
</cim:SubGeographicalRegion>
<cim:Circuit rdf:ID="10000100_1536011889">
<cim:IdentifiedObject.name>10kV吉屿甲线919线路</cim:IdentifiedObject.name>
<cim:Circuit.BelongtoHVSubstation rdf:resource="#30000000_3409392"/>
<cim:PowerSystemResource.SubGeographicalRegion rdf:resource="#8a0f688f46db11f00146db1363fa0ee0"/>
<cim:iscurrentfeeder>1</cim:iscurrentfeeder>
</cim:Circuit>
<cim:Substation rdf:ID="30000000_3409392">
<cim:IdentifiedObject.name>大厅变电站</cim:IdentifiedObject.name>
<iescim:PowerSystemResource.DeviceType>13</iescim:PowerSystemResource.DeviceType>
<iescim:PowerSystemResource.SubType>1</iescim:PowerSystemResource.SubType>
<cim:PowerSystemResource.PSRType rdf:resource="#30000000"/>
<iescim:PowerSystemResource.DeviceID>3659174697300446</iescim:PowerSystemResource.DeviceID>
<cim:PowerSystemResource.SubGeographicalRegion rdf:resource="#8a0f688f46db11f00146db1363fa0ee0"/>
</cim:Substation>
<cim:Substation rdf:ID="32400000_1536416888">
<cim:IdentifiedObject.name>大厅变#1环网箱</cim:IdentifiedObject.name>
<iescim:PowerSystemResource.DeviceType>153</iescim:PowerSystemResource.DeviceType>
<iescim:PowerSystemResource.SubType>11</iescim:PowerSystemResource.SubType>
<cim:PowerSystemResource.PSRType rdf:resource="#30000006"/>
<iescim:PowerSystemResource.DeviceID>43065671436823565</iescim:PowerSystemResource.DeviceID>
<cim:PowerSystemResource.SubGeographicalRegion rdf:resource="#8a0f688f46db11f00146db1363fa0ee0"/>
</cim:Substation>
<cim:Breaker rdf:ID="30500000_2003080">
<cim:IdentifiedObject.name>大厅变电站.10kV.吉屿甲线间隔.919开关</cim:IdentifiedObject.name>
<cim:IdentifiedObject.bianhao>_</cim:IdentifiedObject.bianhao>
<cim:Equipment.EquipmentContainer rdf:resource="#30000000_3409392"/>
<cim:PowerSystemResource.Circuit rdf:resource="#10000100_1536011889" />
<cim:ConductingEquipment.BaseVoltage rdf:resource="#BaseVoltage_5"/>
<iescim:PowerSystemResource.SubType>1</iescim:PowerSystemResource.SubType>
<iescim:PowerSystemResource.DeviceID>4503599627417264</iescim:PowerSystemResource.DeviceID>
<iescim:PowerSystemResource.DeviceType>16</iescim:PowerSystemResource.DeviceType>
<iescim:PowerSystemResource.Cxmc></iescim:PowerSystemResource.Cxmc>
</cim:Breaker>
<cim:Breaker rdf:ID="30500000_1536412292">
<cim:IdentifiedObject.name>大厅变#1环网箱10kV备用906开关</cim:IdentifiedObject.name>
<cim:IdentifiedObject.bianhao>906</cim:IdentifiedObject.bianhao>
<cim:Equipment.EquipmentContainer rdf:resource="#32400000_1536416888"/>
<cim:PowerSystemResource.Circuit rdf:resource="#10000100_1536011889" />
<cim:ConductingEquipment.BaseVoltage rdf:resource="#BaseVoltage_5"/>
<iescim:PowerSystemResource.SubType>1</iescim:PowerSystemResource.SubType>
<iescim:PowerSystemResource.DeviceID>4503599627622252</iescim:PowerSystemResource.DeviceID>
<iescim:PowerSystemResource.DeviceType>16</iescim:PowerSystemResource.DeviceType>
<iescim:PowerSystemResource.Cxmc></iescim:PowerSystemResource.Cxmc>
</cim:Breaker>
<cim:Breaker rdf:ID="30500000_1536412293">
<cim:IdentifiedObject.name>大厅变#1环网箱10kV备用905开关</cim:IdentifiedObject.name>
<cim:IdentifiedObject.bianhao>905</cim:IdentifiedObject.bianhao>
<cim:Equipment.EquipmentContainer rdf:resource="#32400000_1536416888"/>
<cim:PowerSystemResource.Circuit rdf:resource="#10000100_1536011889" />
<cim:ConductingEquipment.BaseVoltage rdf:resource="#BaseVoltage_5"/>
<iescim:PowerSystemResource.SubType>1</iescim:PowerSystemResource.SubType>
<iescim:PowerSystemResource.DeviceID>4503599627622253</iescim:PowerSystemResource.DeviceID>
<iescim:PowerSystemResource.DeviceType>16</iescim:PowerSystemResource.DeviceType>
<iescim:PowerSystemResource.Cxmc>备用</iescim:PowerSystemResource.Cxmc>
</cim:Breaker>
<cim:Breaker rdf:ID="30500000_1536412294">
<cim:IdentifiedObject.name>大厅变#1环网箱10kV星海Ⅱ线904开关</cim:IdentifiedObject.name>
<cim:IdentifiedObject.bianhao>904</cim:IdentifiedObject.bianhao>
<cim:Equipment.EquipmentContainer rdf:resource="#32400000_1536416888"/>
<cim:PowerSystemResource.Circuit rdf:resource="#10000100_1536011889" />
<cim:ConductingEquipment.BaseVoltage rdf:resource="#BaseVoltage_5"/>
<iescim:PowerSystemResource.SubType>1</iescim:PowerSystemResource.SubType>
<iescim:PowerSystemResource.DeviceID>4503599627622254</iescim:PowerSystemResource.DeviceID>
<iescim:PowerSystemResource.DeviceType>16</iescim:PowerSystemResource.DeviceType>
<iescim:PowerSystemResource.Cxmc>星海Ⅱ线</iescim:PowerSystemResource.Cxmc>
</cim:Breaker>
<cim:Breaker rdf:ID="30500000_1536425795">
<cim:IdentifiedObject.name>大厅变#1环网箱10kV大厅仓库903开关</cim:IdentifiedObject.name>
<cim:IdentifiedObject.bianhao>903</cim:IdentifiedObject.bianhao>
<cim:Equipment.EquipmentContainer rdf:resource="#32400000_1536416888"/>
<cim:PowerSystemResource.Circuit rdf:resource="#10000100_1536011889" />
<cim:ConductingEquipment.BaseVoltage rdf:resource="#BaseVoltage_5"/>
<iescim:PowerSystemResource.SubType>1</iescim:PowerSystemResource.SubType>
<iescim:PowerSystemResource.DeviceID>4503599627622255</iescim:PowerSystemResource.DeviceID>
<iescim:PowerSystemResource.DeviceType>16</iescim:PowerSystemResource.DeviceType>
<iescim:PowerSystemResource.Cxmc>大厅仓库</iescim:PowerSystemResource.Cxmc>
</cim:Breaker>
<cim:Breaker rdf:ID="30700000_1536400252">
<cim:IdentifiedObject.name>大厅变#1环网箱10kVPT9014开关</cim:IdentifiedObject.name>
<cim:IdentifiedObject.bianhao>PT9014</cim:IdentifiedObject.bianhao>
<cim:Equipment.EquipmentContainer rdf:resource="#32400000_1536416888"/>
<cim:PowerSystemResource.Circuit rdf:resource="#10000100_1536011889" />
<cim:ConductingEquipment.BaseVoltage rdf:resource="#BaseVoltage_5"/>
<iescim:PowerSystemResource.SubType>4</iescim:PowerSystemResource.SubType>
<iescim:PowerSystemResource.DeviceID>4503599627622256</iescim:PowerSystemResource.DeviceID>
<iescim:PowerSystemResource.DeviceType>16</iescim:PowerSystemResource.DeviceType>
<iescim:PowerSystemResource.Cxmc></iescim:PowerSystemResource.Cxmc>
</cim:Breaker>
<cim:Breaker rdf:ID="30700000_1536400253">
<cim:IdentifiedObject.name>大厅变#1环网箱10kV吉屿甲线901开关</cim:IdentifiedObject.name>
<cim:IdentifiedObject.bianhao>901</cim:IdentifiedObject.bianhao>
<cim:Equipment.EquipmentContainer rdf:resource="#32400000_1536416888"/>
<cim:PowerSystemResource.Circuit rdf:resource="#10000100_1536011889" />
<cim:ConductingEquipment.BaseVoltage rdf:resource="#BaseVoltage_5"/>
<iescim:PowerSystemResource.SubType>4</iescim:PowerSystemResource.SubType>
<iescim:PowerSystemResource.DeviceID>4503599627622257</iescim:PowerSystemResource.DeviceID>
<iescim:PowerSystemResource.DeviceType>16</iescim:PowerSystemResource.DeviceType>
<iescim:PowerSystemResource.Cxmc>吉屿甲线</iescim:PowerSystemResource.Cxmc>
</cim:Breaker>
<cim:Breaker rdf:ID="30700000_1536402981">
<cim:IdentifiedObject.name>大厅变#1环网箱10kV备用902开关</cim:IdentifiedObject.name>
<cim:IdentifiedObject.bianhao>902</cim:IdentifiedObject.bianhao>
<cim:Equipment.EquipmentContainer rdf:resource="#32400000_1536416888"/>
<cim:PowerSystemResource.Circuit rdf:resource="#10000100_1536011889" />
<cim:ConductingEquipment.BaseVoltage rdf:resource="#BaseVoltage_5"/>
<iescim:PowerSystemResource.SubType>4</iescim:PowerSystemResource.SubType>
<iescim:PowerSystemResource.DeviceID>4503599627622258</iescim:PowerSystemResource.DeviceID>
<iescim:PowerSystemResource.DeviceType>16</iescim:PowerSystemResource.DeviceType>
<iescim:PowerSystemResource.Cxmc>备用</iescim:PowerSystemResource.Cxmc>
</cim:Breaker>
<cim:Disconnector rdf:ID="30600001_2895776">
<cim:IdentifiedObject.name>大厅变电站.10kV.吉屿甲线间隔.9196接地刀闸</cim:IdentifiedObject.name>
<cim:IdentifiedObject.bianhao>_</cim:IdentifiedObject.bianhao>
<cim:Equipment.EquipmentContainer rdf:resource="#30000000_3409392"/>
<cim:PowerSystemResource.Circuit rdf:resource="#_" />
<cim:ConductingEquipment.BaseVoltage rdf:resource="#BaseVoltage_5"/>
<iescim:PowerSystemResource.SubType>9</iescim:PowerSystemResource.SubType>
<iescim:PowerSystemResource.DeviceID>4785074604200445</iescim:PowerSystemResource.DeviceID>
<iescim:PowerSystemResource.DeviceType>17</iescim:PowerSystemResource.DeviceType>
<iescim:PowerSystemResource.Cxmc></iescim:PowerSystemResource.Cxmc>
</cim:Disconnector>
<cim:Disconnector rdf:ID="30600000_1536421830">
<cim:IdentifiedObject.name>大厅变#1环网箱10kV备用9051刀闸</cim:IdentifiedObject.name>
<cim:IdentifiedObject.bianhao>9051</cim:IdentifiedObject.bianhao>
<cim:Equipment.EquipmentContainer rdf:resource="#32400000_1536416888"/>
<cim:PowerSystemResource.Circuit rdf:resource="#10000100_1536011889" />
<cim:ConductingEquipment.BaseVoltage rdf:resource="#BaseVoltage_5"/>
<iescim:PowerSystemResource.SubType>5</iescim:PowerSystemResource.SubType>
<iescim:PowerSystemResource.DeviceID>4785074604323018</iescim:PowerSystemResource.DeviceID>
<iescim:PowerSystemResource.DeviceType>17</iescim:PowerSystemResource.DeviceType>
<iescim:PowerSystemResource.Cxmc></iescim:PowerSystemResource.Cxmc>
</cim:Disconnector>
<cim:Disconnector rdf:ID="30600000_1536421831">
<cim:IdentifiedObject.name>大厅变#1环网箱10kV备用9061刀闸</cim:IdentifiedObject.name>
<cim:IdentifiedObject.bianhao>9061</cim:IdentifiedObject.bianhao>
<cim:Equipment.EquipmentContainer rdf:resource="#32400000_1536416888"/>
<cim:PowerSystemResource.Circuit rdf:resource="#10000100_1536011889" />
<cim:ConductingEquipment.BaseVoltage rdf:resource="#BaseVoltage_5"/>
<iescim:PowerSystemResource.SubType>5</iescim:PowerSystemResource.SubType>
<iescim:PowerSystemResource.DeviceID>4785074604323019</iescim:PowerSystemResource.DeviceID>
<iescim:PowerSystemResource.DeviceType>17</iescim:PowerSystemResource.DeviceType>
<iescim:PowerSystemResource.Cxmc></iescim:PowerSystemResource.Cxmc>
</cim:Disconnector>
<cim:Disconnector rdf:ID="30600000_1536421834">
<cim:IdentifiedObject.name>大厅变#1环网箱10kV大厅仓库9031刀闸</cim:IdentifiedObject.name>
<cim:IdentifiedObject.bianhao>9031</cim:IdentifiedObject.bianhao>
<cim:Equipment.EquipmentContainer rdf:resource="#32400000_1536416888"/>
<cim:PowerSystemResource.Circuit rdf:resource="#10000100_1536011889" />
<cim:ConductingEquipment.BaseVoltage rdf:resource="#BaseVoltage_5"/>
<iescim:PowerSystemResource.SubType>5</iescim:PowerSystemResource.SubType>
<iescim:PowerSystemResource.DeviceID>4785074604323020</iescim:PowerSystemResource.DeviceID>
<iescim:PowerSystemResource.DeviceType>17</iescim:PowerSystemResource.DeviceType>
<iescim:PowerSystemResource.Cxmc></iescim:PowerSystemResource.Cxmc>
</cim:Disconnector>
<cim:Disconnector rdf:ID="30600001_1536419427">
<cim:IdentifiedObject.name>大厅变#1环网箱10kV吉屿甲线9016刀闸</cim:IdentifiedObject.name>
<cim:IdentifiedObject.bianhao>9016</cim:IdentifiedObject.bianhao>
<cim:Equipment.EquipmentContainer rdf:resource="#32400000_1536416888"/>
<cim:PowerSystemResource.Circuit rdf:resource="#10000100_1536011889" />
<cim:ConductingEquipment.BaseVoltage rdf:resource="#BaseVoltage_5"/>
<iescim:PowerSystemResource.SubType>9</iescim:PowerSystemResource.SubType>
<iescim:PowerSystemResource.DeviceID>4785074604323021</iescim:PowerSystemResource.DeviceID>
<iescim:PowerSystemResource.DeviceType>17</iescim:PowerSystemResource.DeviceType>
<iescim:PowerSystemResource.Cxmc></iescim:PowerSystemResource.Cxmc>
</cim:Disconnector>
<cim:Disconnector rdf:ID="30600001_1536421826">
<cim:IdentifiedObject.name>大厅变#1环网箱10kV大厅仓库9036刀闸</cim:IdentifiedObject.name>
<cim:IdentifiedObject.bianhao>9036</cim:IdentifiedObject.bianhao>
<cim:Equipment.EquipmentContainer rdf:resource="#32400000_1536416888"/>
<cim:PowerSystemResource.Circuit rdf:resource="#10000100_1536011889" />
<cim:ConductingEquipment.BaseVoltage rdf:resource="#BaseVoltage_5"/>
<iescim:PowerSystemResource.SubType>9</iescim:PowerSystemResource.SubType>
<iescim:PowerSystemResource.DeviceID>4785074604323022</iescim:PowerSystemResource.DeviceID>
<iescim:PowerSystemResource.DeviceType>17</iescim:PowerSystemResource.DeviceType>
<iescim:PowerSystemResource.Cxmc></iescim:PowerSystemResource.Cxmc>
</cim:Disconnector>
<cim:Disconnector rdf:ID="30600001_1536421828">
<cim:IdentifiedObject.name>大厅变#1环网箱10kV备用9056刀闸</cim:IdentifiedObject.name>
<cim:IdentifiedObject.bianhao>9056</cim:IdentifiedObject.bianhao>
<cim:Equipment.EquipmentContainer rdf:resource="#32400000_1536416888"/>
<cim:PowerSystemResource.Circuit rdf:resource="#10000100_1536011889" />
<cim:ConductingEquipment.BaseVoltage rdf:resource="#BaseVoltage_5"/>
<iescim:PowerSystemResource.SubType>9</iescim:PowerSystemResource.SubType>
<iescim:PowerSystemResource.DeviceID>4785074604323024</iescim:PowerSystemResource.DeviceID>
<iescim:PowerSystemResource.DeviceType>17</iescim:PowerSystemResource.DeviceType>
<iescim:PowerSystemResource.Cxmc></iescim:PowerSystemResource.Cxmc>
</cim:Disconnector>
<cim:Disconnector rdf:ID="30600001_1536421829">
<cim:IdentifiedObject.name>大厅变#1环网箱10kV备用9066接地刀闸</cim:IdentifiedObject.name>
<cim:IdentifiedObject.bianhao>9066</cim:IdentifiedObject.bianhao>
<cim:Equipment.EquipmentContainer rdf:resource="#32400000_1536416888"/>
<cim:PowerSystemResource.Circuit rdf:resource="#10000100_1536011889" />
<cim:ConductingEquipment.BaseVoltage rdf:resource="#BaseVoltage_5"/>
<iescim:PowerSystemResource.SubType>9</iescim:PowerSystemResource.SubType>
<iescim:PowerSystemResource.DeviceID>4785074604323025</iescim:PowerSystemResource.DeviceID>
<iescim:PowerSystemResource.DeviceType>17</iescim:PowerSystemResource.DeviceType>
<iescim:PowerSystemResource.Cxmc></iescim:PowerSystemResource.Cxmc>
</cim:Disconnector>
<cim:Disconnector rdf:ID="30600001_1536421832">
<cim:IdentifiedObject.name>大厅变#1环网箱10kVPT90146接地刀闸</cim:IdentifiedObject.name>
<cim:IdentifiedObject.bianhao>PT90146</cim:IdentifiedObject.bianhao>
<cim:Equipment.EquipmentContainer rdf:resource="#32400000_1536416888"/>
<cim:PowerSystemResource.Circuit rdf:resource="#10000100_1536011889" />
<cim:ConductingEquipment.BaseVoltage rdf:resource="#BaseVoltage_5"/>
<iescim:PowerSystemResource.SubType>9</iescim:PowerSystemResource.SubType>
<iescim:PowerSystemResource.DeviceID>4785074604323026</iescim:PowerSystemResource.DeviceID>
<iescim:PowerSystemResource.DeviceType>17</iescim:PowerSystemResource.DeviceType>
<iescim:PowerSystemResource.Cxmc></iescim:PowerSystemResource.Cxmc>
</cim:Disconnector>
<cim:Disconnector rdf:ID="30600001_1536426115">
<cim:IdentifiedObject.name>大厅变#1环网箱10kV备用9026刀闸</cim:IdentifiedObject.name>
<cim:IdentifiedObject.bianhao>9026</cim:IdentifiedObject.bianhao>
<cim:Equipment.EquipmentContainer rdf:resource="#32400000_1536416888"/>
<cim:PowerSystemResource.Circuit rdf:resource="#10000100_1536011889" />
<cim:ConductingEquipment.BaseVoltage rdf:resource="#BaseVoltage_5"/>
<iescim:PowerSystemResource.SubType>9</iescim:PowerSystemResource.SubType>
<iescim:PowerSystemResource.DeviceID>4785074604323027</iescim:PowerSystemResource.DeviceID>
<iescim:PowerSystemResource.DeviceType>17</iescim:PowerSystemResource.DeviceType>
<iescim:PowerSystemResource.Cxmc></iescim:PowerSystemResource.Cxmc>
</cim:Disconnector>
<cim:Fuse rdf:ID="11500000_1536412159">
<cim:IdentifiedObject.name>10kV大厅仓库#1变#001杆001M1跌落式熔断器</cim:IdentifiedObject.name>
<cim:IdentifiedObject.bianhao>001M1</cim:IdentifiedObject.bianhao>
<cim:PowerSystemResource.Circuit rdf:resource="#10000100_1536011889" />
<cim:ConductingEquipment.BaseVoltage rdf:resource="#BaseVoltage_5"/>
<iescim:PowerSystemResource.SubType>1</iescim:PowerSystemResource.SubType>
<iescim:PowerSystemResource.DeviceID>8162774324837804</iescim:PowerSystemResource.DeviceID>
<iescim:PowerSystemResource.DeviceType>29</iescim:PowerSystemResource.DeviceType>
<iescim:PowerSystemResource.Cxmc></iescim:PowerSystemResource.Cxmc>
</cim:Fuse>
<cim:Fuse rdf:ID="30900002_1536400266">
<cim:IdentifiedObject.name>大厅变#1环网箱10kV9014熔断器</cim:IdentifiedObject.name>
<cim:IdentifiedObject.bianhao>10kVPT9014出线</cim:IdentifiedObject.bianhao>
<cim:Equipment.EquipmentContainer rdf:resource="#32400000_1536416888"/>
<cim:PowerSystemResource.Circuit rdf:resource="#10000100_1536011889" />
<cim:ConductingEquipment.BaseVoltage rdf:resource="#BaseVoltage_5"/>
<iescim:PowerSystemResource.SubType>1</iescim:PowerSystemResource.SubType>
<iescim:PowerSystemResource.DeviceID>8162774324837805</iescim:PowerSystemResource.DeviceID>
<iescim:PowerSystemResource.DeviceType>29</iescim:PowerSystemResource.DeviceType>
<iescim:PowerSystemResource.Cxmc></iescim:PowerSystemResource.Cxmc>
</cim:Fuse>
<cim:PowerTransformer rdf:ID="11000000_1536365941">
<cim:IdentifiedObject.name>10kV大厅仓库#1变</cim:IdentifiedObject.name>
<cim:IdentifiedObject.bianhao></cim:IdentifiedObject.bianhao>
<cim:PowerSystemResource.Circuit rdf:resource="#10000100_1536011889" />
<cim:ConductingEquipment.BaseVoltage rdf:resource="#BaseVoltage_5"/>
<iescim:PowerSystemResource.SubType>1</iescim:PowerSystemResource.SubType>
<iescim:PowerSystemResource.DeviceID>12384898975314355</iescim:PowerSystemResource.DeviceID>
<iescim:PowerSystemResource.DeviceType>44</iescim:PowerSystemResource.DeviceType>
<iescim:PowerSystemResource.UserType>0</iescim:PowerSystemResource.UserType>
<iescim:PowerSystemResource.TaiQuHao>_</iescim:PowerSystemResource.TaiQuHao>
</cim:PowerTransformer>
<cim:BusbarSection rdf:ID="31100000_1009242">
<cim:IdentifiedObject.name>大厅变电站.10kV.Ⅰ段母线</cim:IdentifiedObject.name>
<cim:IdentifiedObject.bianhao></cim:IdentifiedObject.bianhao>
<cim:Equipment.EquipmentContainer rdf:resource="#30000000_3409392"/>
<cim:PowerSystemResource.Circuit rdf:resource="#_" />
<cim:ConductingEquipment.BaseVoltage rdf:resource="#BaseVoltage_5"/>
<iescim:PowerSystemResource.SubType>0</iescim:PowerSystemResource.SubType>
<iescim:PowerSystemResource.DeviceID>5348024557518390</iescim:PowerSystemResource.DeviceID>
<iescim:PowerSystemResource.DeviceType>19</iescim:PowerSystemResource.DeviceType>
</cim:BusbarSection>
<cim:BusbarSection rdf:ID="31100000_1009448">
<cim:IdentifiedObject.name>大厅变电站.10kV.Ⅲ段母线</cim:IdentifiedObject.name>
<cim:IdentifiedObject.bianhao></cim:IdentifiedObject.bianhao>
<cim:Equipment.EquipmentContainer rdf:resource="#30000000_3409392"/>
<cim:PowerSystemResource.Circuit rdf:resource="#_" />
<cim:ConductingEquipment.BaseVoltage rdf:resource="#BaseVoltage_5"/>
<iescim:PowerSystemResource.SubType>0</iescim:PowerSystemResource.SubType>
<iescim:PowerSystemResource.DeviceID>5348024557528663</iescim:PowerSystemResource.DeviceID>
<iescim:PowerSystemResource.DeviceType>19</iescim:PowerSystemResource.DeviceType>
</cim:BusbarSection>
<cim:BusbarSection rdf:ID="31100000_1009324">
<cim:IdentifiedObject.name>大厅变电站.10kV.Ⅱ段母线</cim:IdentifiedObject.name>
<cim:IdentifiedObject.bianhao></cim:IdentifiedObject.bianhao>
<cim:Equipment.EquipmentContainer rdf:resource="#30000000_3409392"/>
<cim:PowerSystemResource.Circuit rdf:resource="#_" />
<cim:ConductingEquipment.BaseVoltage rdf:resource="#BaseVoltage_5"/>
<iescim:PowerSystemResource.SubType>0</iescim:PowerSystemResource.SubType>
<iescim:PowerSystemResource.DeviceID>5348024557539697</iescim:PowerSystemResource.DeviceID>
<iescim:PowerSystemResource.DeviceType>19</iescim:PowerSystemResource.DeviceType>
</cim:BusbarSection>
<cim:BusbarSection rdf:ID="31100000_1536417996">
<cim:IdentifiedObject.name>大厅变#1环网箱10kV母线</cim:IdentifiedObject.name>
<cim:IdentifiedObject.bianhao></cim:IdentifiedObject.bianhao>
<cim:Equipment.EquipmentContainer rdf:resource="#32400000_1536416888"/>
<cim:PowerSystemResource.Circuit rdf:resource="#10000100_1536011889" />
<cim:ConductingEquipment.BaseVoltage rdf:resource="#BaseVoltage_5"/>
<iescim:PowerSystemResource.SubType>0</iescim:PowerSystemResource.SubType>
<iescim:PowerSystemResource.DeviceID>5348024557558512</iescim:PowerSystemResource.DeviceID>
<iescim:PowerSystemResource.DeviceType>19</iescim:PowerSystemResource.DeviceType>
</cim:BusbarSection>
<cim:ACLineSegment rdf:ID="13000000_1536422273">
<cim:IdentifiedObject.name>站外-连接线</cim:IdentifiedObject.name>
<cim:IdentifiedObject.bianhao></cim:IdentifiedObject.bianhao>
<cim:PowerSystemResource.Circuit rdf:resource="#10000100_1536011889" />
<cim:ConductingEquipment.BaseVoltage rdf:resource="#BaseVoltage_5"/>
<iescim:PowerSystemResource.SubType>3</iescim:PowerSystemResource.SubType>
<iescim:PowerSystemResource.DeviceID>5629499537823448</iescim:PowerSystemResource.DeviceID>
<iescim:PowerSystemResource.DeviceType>20</iescim:PowerSystemResource.DeviceType>
</cim:ACLineSegment>
<cim:ACLineSegment rdf:ID="13000000_1536422274">
<cim:IdentifiedObject.name>站外-连接线</cim:IdentifiedObject.name>
<cim:IdentifiedObject.bianhao></cim:IdentifiedObject.bianhao>
<cim:PowerSystemResource.Circuit rdf:resource="#10000100_1536011889" />
<cim:ConductingEquipment.BaseVoltage rdf:resource="#BaseVoltage_5"/>
<iescim:PowerSystemResource.SubType>3</iescim:PowerSystemResource.SubType>
<iescim:PowerSystemResource.DeviceID>5629499537823449</iescim:PowerSystemResource.DeviceID>
<iescim:PowerSystemResource.DeviceType>20</iescim:PowerSystemResource.DeviceType>
</cim:ACLineSegment>
<cim:ACLineSegment rdf:ID="13000000_1536426198">
<cim:IdentifiedObject.name>大厅仓库#1变#001电缆终端头连接线</cim:IdentifiedObject.name>
<cim:IdentifiedObject.bianhao></cim:IdentifiedObject.bianhao>
<cim:PowerSystemResource.Circuit rdf:resource="#10000100_1536011889" />
<cim:ConductingEquipment.BaseVoltage rdf:resource="#BaseVoltage_5"/>
<iescim:PowerSystemResource.SubType>3</iescim:PowerSystemResource.SubType>
<iescim:PowerSystemResource.DeviceID>5629499537823450</iescim:PowerSystemResource.DeviceID>
<iescim:PowerSystemResource.DeviceType>20</iescim:PowerSystemResource.DeviceType>
</cim:ACLineSegment>
<cim:ACLineSegment rdf:ID="14000000_1536314775">
<cim:IdentifiedObject.name>站内-出线点站外-超连接线</cim:IdentifiedObject.name>
<cim:IdentifiedObject.bianhao></cim:IdentifiedObject.bianhao>
<cim:PowerSystemResource.Circuit rdf:resource="#10000100_1536011889" />
<cim:ConductingEquipment.BaseVoltage rdf:resource="#BaseVoltage_5"/>
<iescim:PowerSystemResource.SubType>1</iescim:PowerSystemResource.SubType>
<iescim:PowerSystemResource.DeviceID>5629499537823451</iescim:PowerSystemResource.DeviceID>
<iescim:PowerSystemResource.DeviceType>20</iescim:PowerSystemResource.DeviceType>
</cim:ACLineSegment>
<cim:ACLineSegment rdf:ID="14000000_1536411489">
<cim:IdentifiedObject.name>大厅变#1环网箱10kV901电缆终端头站外-超连接线</cim:IdentifiedObject.name>
<cim:IdentifiedObject.bianhao></cim:IdentifiedObject.bianhao>
<cim:PowerSystemResource.Circuit rdf:resource="#10000100_1536011889" />
<cim:ConductingEquipment.BaseVoltage rdf:resource="#BaseVoltage_5"/>
<iescim:PowerSystemResource.SubType>1</iescim:PowerSystemResource.SubType>
<iescim:PowerSystemResource.DeviceID>5629499537823452</iescim:PowerSystemResource.DeviceID>
<iescim:PowerSystemResource.DeviceType>20</iescim:PowerSystemResource.DeviceType>
</cim:ACLineSegment>
<cim:ACLineSegment rdf:ID="14000000_1536422982">
<cim:IdentifiedObject.name>大厅变#1环网箱10kV903终端头站外-超连接线</cim:IdentifiedObject.name>
<cim:IdentifiedObject.bianhao></cim:IdentifiedObject.bianhao>
<cim:PowerSystemResource.Circuit rdf:resource="#10000100_1536011889" />
<cim:ConductingEquipment.BaseVoltage rdf:resource="#BaseVoltage_5"/>
<iescim:PowerSystemResource.SubType>1</iescim:PowerSystemResource.SubType>
<iescim:PowerSystemResource.DeviceID>5629499537823453</iescim:PowerSystemResource.DeviceID>
<iescim:PowerSystemResource.DeviceType>20</iescim:PowerSystemResource.DeviceType>
</cim:ACLineSegment>
<cim:ACLineSegment rdf:ID="20100000_1536414824">
<cim:IdentifiedObject.name>站内-出线点站外-超连接线-大厅变#1环网箱10kV901电缆终端头</cim:IdentifiedObject.name>
<cim:IdentifiedObject.bianhao></cim:IdentifiedObject.bianhao>
<cim:PowerSystemResource.Circuit rdf:resource="#10000100_1536011889" />
<cim:ConductingEquipment.BaseVoltage rdf:resource="#BaseVoltage_5"/>
<iescim:PowerSystemResource.SubType>1</iescim:PowerSystemResource.SubType>
<iescim:PowerSystemResource.DeviceID>5629499537823454</iescim:PowerSystemResource.DeviceID>
<iescim:PowerSystemResource.DeviceType>20</iescim:PowerSystemResource.DeviceType>
</cim:ACLineSegment>
<cim:ACLineSegment rdf:ID="20100000_1536414825">
<cim:IdentifiedObject.name>大厅变#1环网箱10kV903电缆终端头-大厅仓库#1变#001电缆终端头</cim:IdentifiedObject.name>
<cim:IdentifiedObject.bianhao></cim:IdentifiedObject.bianhao>
<cim:PowerSystemResource.Circuit rdf:resource="#10000100_1536011889" />
<cim:ConductingEquipment.BaseVoltage rdf:resource="#BaseVoltage_5"/>
<iescim:PowerSystemResource.SubType>1</iescim:PowerSystemResource.SubType>
<iescim:PowerSystemResource.DeviceID>5629499537823455</iescim:PowerSystemResource.DeviceID>
<iescim:PowerSystemResource.DeviceType>20</iescim:PowerSystemResource.DeviceType>
</cim:ACLineSegment>
<cim:ACLineSegment rdf:ID="36000000_1536423809">
<cim:IdentifiedObject.name>站内-连接线</cim:IdentifiedObject.name>
<cim:IdentifiedObject.bianhao></cim:IdentifiedObject.bianhao>
<cim:Equipment.EquipmentContainer rdf:resource="#32400000_1536416888"/>
<cim:PowerSystemResource.Circuit rdf:resource="#10000100_1536011889" />
<cim:ConductingEquipment.BaseVoltage rdf:resource="#BaseVoltage_5"/>
<iescim:PowerSystemResource.SubType>3</iescim:PowerSystemResource.SubType>
<iescim:PowerSystemResource.DeviceID>5629499537823456</iescim:PowerSystemResource.DeviceID>
<iescim:PowerSystemResource.DeviceType>20</iescim:PowerSystemResource.DeviceType>
</cim:ACLineSegment>
<cim:ACLineSegment rdf:ID="36000000_1536423812">
<cim:IdentifiedObject.name>站内-连接线</cim:IdentifiedObject.name>
<cim:IdentifiedObject.bianhao></cim:IdentifiedObject.bianhao>
<cim:Equipment.EquipmentContainer rdf:resource="#32400000_1536416888"/>
<cim:PowerSystemResource.Circuit rdf:resource="#10000100_1536011889" />
<cim:ConductingEquipment.BaseVoltage rdf:resource="#BaseVoltage_5"/>
<iescim:PowerSystemResource.SubType>3</iescim:PowerSystemResource.SubType>
<iescim:PowerSystemResource.DeviceID>5629499537823458</iescim:PowerSystemResource.DeviceID>
<iescim:PowerSystemResource.DeviceType>20</iescim:PowerSystemResource.DeviceType>
</cim:ACLineSegment>
<cim:ACLineSegment rdf:ID="36000000_1536424249">
<cim:IdentifiedObject.name>站内-连接线</cim:IdentifiedObject.name>
<cim:IdentifiedObject.bianhao></cim:IdentifiedObject.bianhao>
<cim:Equipment.EquipmentContainer rdf:resource="#32400000_1536416888"/>
<cim:PowerSystemResource.Circuit rdf:resource="#10000100_1536011889" />
<cim:ConductingEquipment.BaseVoltage rdf:resource="#BaseVoltage_5"/>
<iescim:PowerSystemResource.SubType>3</iescim:PowerSystemResource.SubType>
<iescim:PowerSystemResource.DeviceID>5629499537823459</iescim:PowerSystemResource.DeviceID>
<iescim:PowerSystemResource.DeviceType>20</iescim:PowerSystemResource.DeviceType>
</cim:ACLineSegment>
<cim:ACLineSegment rdf:ID="36000000_1536424250">
<cim:IdentifiedObject.name>站内-连接线</cim:IdentifiedObject.name>
<cim:IdentifiedObject.bianhao></cim:IdentifiedObject.bianhao>
<cim:Equipment.EquipmentContainer rdf:resource="#32400000_1536416888"/>
<cim:PowerSystemResource.Circuit rdf:resource="#10000100_1536011889" />
<cim:ConductingEquipment.BaseVoltage rdf:resource="#BaseVoltage_5"/>
<iescim:PowerSystemResource.SubType>3</iescim:PowerSystemResource.SubType>
<iescim:PowerSystemResource.DeviceID>5629499537823460</iescim:PowerSystemResource.DeviceID>
<iescim:PowerSystemResource.DeviceType>20</iescim:PowerSystemResource.DeviceType>
</cim:ACLineSegment>
<cim:ACLineSegment rdf:ID="36000000_1536424251">
<cim:IdentifiedObject.name>站内-连接线</cim:IdentifiedObject.name>
<cim:IdentifiedObject.bianhao></cim:IdentifiedObject.bianhao>
<cim:Equipment.EquipmentContainer rdf:resource="#32400000_1536416888"/>
<cim:PowerSystemResource.Circuit rdf:resource="#10000100_1536011889" />
<cim:ConductingEquipment.BaseVoltage rdf:resource="#BaseVoltage_5"/>
<iescim:PowerSystemResource.SubType>3</iescim:PowerSystemResource.SubType>
<iescim:PowerSystemResource.DeviceID>5629499537823461</iescim:PowerSystemResource.DeviceID>
<iescim:PowerSystemResource.DeviceType>20</iescim:PowerSystemResource.DeviceType>
</cim:ACLineSegment>
<cim:ACLineSegment rdf:ID="36000000_1536424253">
<cim:IdentifiedObject.name>站内-连接线</cim:IdentifiedObject.name>
<cim:IdentifiedObject.bianhao></cim:IdentifiedObject.bianhao>
<cim:Equipment.EquipmentContainer rdf:resource="#32400000_1536416888"/>
<cim:PowerSystemResource.Circuit rdf:resource="#10000100_1536011889" />
<cim:ConductingEquipment.BaseVoltage rdf:resource="#BaseVoltage_5"/>
<iescim:PowerSystemResource.SubType>3</iescim:PowerSystemResource.SubType>
<iescim:PowerSystemResource.DeviceID>5629499537823462</iescim:PowerSystemResource.DeviceID>
<iescim:PowerSystemResource.DeviceType>20</iescim:PowerSystemResource.DeviceType>
</cim:ACLineSegment>
<cim:ACLineSegment rdf:ID="36000000_1536425816">
<cim:IdentifiedObject.name>站内-连接线</cim:IdentifiedObject.name>
<cim:IdentifiedObject.bianhao></cim:IdentifiedObject.bianhao>
<cim:Equipment.EquipmentContainer rdf:resource="#32400000_1536416888"/>
<cim:PowerSystemResource.Circuit rdf:resource="#10000100_1536011889" />
<cim:ConductingEquipment.BaseVoltage rdf:resource="#BaseVoltage_5"/>
<iescim:PowerSystemResource.SubType>3</iescim:PowerSystemResource.SubType>
<iescim:PowerSystemResource.DeviceID>5629499537823463</iescim:PowerSystemResource.DeviceID>
<iescim:PowerSystemResource.DeviceType>20</iescim:PowerSystemResource.DeviceType>
</cim:ACLineSegment>
<cim:ACLineSegment rdf:ID="36000000_1536425817">
<cim:IdentifiedObject.name>站内-连接线</cim:IdentifiedObject.name>
<cim:IdentifiedObject.bianhao></cim:IdentifiedObject.bianhao>
<cim:Equipment.EquipmentContainer rdf:resource="#32400000_1536416888"/>
<cim:PowerSystemResource.Circuit rdf:resource="#10000100_1536011889" />
<cim:ConductingEquipment.BaseVoltage rdf:resource="#BaseVoltage_5"/>
<iescim:PowerSystemResource.SubType>3</iescim:PowerSystemResource.SubType>
<iescim:PowerSystemResource.DeviceID>5629499537823464</iescim:PowerSystemResource.DeviceID>
<iescim:PowerSystemResource.DeviceType>20</iescim:PowerSystemResource.DeviceType>
</cim:ACLineSegment>
<cim:ACLineSegment rdf:ID="36000000_1536425818">
<cim:IdentifiedObject.name>站内-连接线</cim:IdentifiedObject.name>
<cim:IdentifiedObject.bianhao></cim:IdentifiedObject.bianhao>
<cim:Equipment.EquipmentContainer rdf:resource="#32400000_1536416888"/>
<cim:PowerSystemResource.Circuit rdf:resource="#10000100_1536011889" />
<cim:ConductingEquipment.BaseVoltage rdf:resource="#BaseVoltage_5"/>
<iescim:PowerSystemResource.SubType>3</iescim:PowerSystemResource.SubType>
<iescim:PowerSystemResource.DeviceID>5629499537823465</iescim:PowerSystemResource.DeviceID>
<iescim:PowerSystemResource.DeviceType>20</iescim:PowerSystemResource.DeviceType>
</cim:ACLineSegment>
<cim:ACLineSegment rdf:ID="36000000_1536425819">
<cim:IdentifiedObject.name>站内-连接线</cim:IdentifiedObject.name>
<cim:IdentifiedObject.bianhao></cim:IdentifiedObject.bianhao>
<cim:Equipment.EquipmentContainer rdf:resource="#32400000_1536416888"/>
<cim:PowerSystemResource.Circuit rdf:resource="#10000100_1536011889" />
<cim:ConductingEquipment.BaseVoltage rdf:resource="#BaseVoltage_5"/>
<iescim:PowerSystemResource.SubType>3</iescim:PowerSystemResource.SubType>
<iescim:PowerSystemResource.DeviceID>5629499537823466</iescim:PowerSystemResource.DeviceID>
<iescim:PowerSystemResource.DeviceType>20</iescim:PowerSystemResource.DeviceType>
</cim:ACLineSegment>
<cim:ACLineSegment rdf:ID="36000000_1536425822">
<cim:IdentifiedObject.name>站内-连接线</cim:IdentifiedObject.name>
<cim:IdentifiedObject.bianhao></cim:IdentifiedObject.bianhao>
<cim:Equipment.EquipmentContainer rdf:resource="#32400000_1536416888"/>
<cim:PowerSystemResource.Circuit rdf:resource="#10000100_1536011889" />
<cim:ConductingEquipment.BaseVoltage rdf:resource="#BaseVoltage_5"/>
<iescim:PowerSystemResource.SubType>3</iescim:PowerSystemResource.SubType>
<iescim:PowerSystemResource.DeviceID>5629499537823467</iescim:PowerSystemResource.DeviceID>
<iescim:PowerSystemResource.DeviceType>20</iescim:PowerSystemResource.DeviceType>
</cim:ACLineSegment>
<cim:ACLineSegment rdf:ID="36000000_1536425824">
<cim:IdentifiedObject.name>站内-连接线</cim:IdentifiedObject.name>
<cim:IdentifiedObject.bianhao></cim:IdentifiedObject.bianhao>
<cim:Equipment.EquipmentContainer rdf:resource="#32400000_1536416888"/>
<cim:PowerSystemResource.Circuit rdf:resource="#10000100_1536011889" />
<cim:ConductingEquipment.BaseVoltage rdf:resource="#BaseVoltage_5"/>
<iescim:PowerSystemResource.SubType>3</iescim:PowerSystemResource.SubType>
<iescim:PowerSystemResource.DeviceID>5629499537823469</iescim:PowerSystemResource.DeviceID>
<iescim:PowerSystemResource.DeviceType>20</iescim:PowerSystemResource.DeviceType>
</cim:ACLineSegment>
<cim:ACLineSegment rdf:ID="36000000_1536425825">
<cim:IdentifiedObject.name>站内-连接线</cim:IdentifiedObject.name>
<cim:IdentifiedObject.bianhao></cim:IdentifiedObject.bianhao>
<cim:Equipment.EquipmentContainer rdf:resource="#32400000_1536416888"/>
<cim:PowerSystemResource.Circuit rdf:resource="#10000100_1536011889" />
<cim:ConductingEquipment.BaseVoltage rdf:resource="#BaseVoltage_5"/>
<iescim:PowerSystemResource.SubType>3</iescim:PowerSystemResource.SubType>
<iescim:PowerSystemResource.DeviceID>5629499537823470</iescim:PowerSystemResource.DeviceID>
<iescim:PowerSystemResource.DeviceType>20</iescim:PowerSystemResource.DeviceType>
</cim:ACLineSegment>
<cim:ACLineSegment rdf:ID="36000000_1536425826">
<cim:IdentifiedObject.name>站内-连接线</cim:IdentifiedObject.name>
<cim:IdentifiedObject.bianhao></cim:IdentifiedObject.bianhao>
<cim:Equipment.EquipmentContainer rdf:resource="#32400000_1536416888"/>
<cim:PowerSystemResource.Circuit rdf:resource="#10000100_1536011889" />
<cim:ConductingEquipment.BaseVoltage rdf:resource="#BaseVoltage_5"/>
<iescim:PowerSystemResource.SubType>3</iescim:PowerSystemResource.SubType>
<iescim:PowerSystemResource.DeviceID>5629499537823471</iescim:PowerSystemResource.DeviceID>
<iescim:PowerSystemResource.DeviceType>20</iescim:PowerSystemResource.DeviceType>
</cim:ACLineSegment>
<cim:ACLineSegment rdf:ID="36000000_1536425832">
<cim:IdentifiedObject.name>站内-连接线</cim:IdentifiedObject.name>
<cim:IdentifiedObject.bianhao></cim:IdentifiedObject.bianhao>
<cim:Equipment.EquipmentContainer rdf:resource="#32400000_1536416888"/>
<cim:PowerSystemResource.Circuit rdf:resource="#10000100_1536011889" />
<cim:ConductingEquipment.BaseVoltage rdf:resource="#BaseVoltage_5"/>
<iescim:PowerSystemResource.SubType>3</iescim:PowerSystemResource.SubType>
<iescim:PowerSystemResource.DeviceID>5629499537823472</iescim:PowerSystemResource.DeviceID>
<iescim:PowerSystemResource.DeviceType>20</iescim:PowerSystemResource.DeviceType>
</cim:ACLineSegment>
<cim:ACLineSegment rdf:ID="36000000_1536425834">
<cim:IdentifiedObject.name>站内-连接线</cim:IdentifiedObject.name>
<cim:IdentifiedObject.bianhao></cim:IdentifiedObject.bianhao>
<cim:Equipment.EquipmentContainer rdf:resource="#32400000_1536416888"/>
<cim:PowerSystemResource.Circuit rdf:resource="#10000100_1536011889" />
<cim:ConductingEquipment.BaseVoltage rdf:resource="#BaseVoltage_5"/>
<iescim:PowerSystemResource.SubType>3</iescim:PowerSystemResource.SubType>
<iescim:PowerSystemResource.DeviceID>5629499537823474</iescim:PowerSystemResource.DeviceID>
<iescim:PowerSystemResource.DeviceType>20</iescim:PowerSystemResource.DeviceType>
</cim:ACLineSegment>
<cim:ACLineSegment rdf:ID="36000000_1536425835">
<cim:IdentifiedObject.name>站内-连接线</cim:IdentifiedObject.name>
<cim:IdentifiedObject.bianhao></cim:IdentifiedObject.bianhao>
<cim:Equipment.EquipmentContainer rdf:resource="#32400000_1536416888"/>
<cim:PowerSystemResource.Circuit rdf:resource="#10000100_1536011889" />
<cim:ConductingEquipment.BaseVoltage rdf:resource="#BaseVoltage_5"/>
<iescim:PowerSystemResource.SubType>3</iescim:PowerSystemResource.SubType>
<iescim:PowerSystemResource.DeviceID>5629499537823475</iescim:PowerSystemResource.DeviceID>
<iescim:PowerSystemResource.DeviceType>20</iescim:PowerSystemResource.DeviceType>
</cim:ACLineSegment>
<cim:ACLineSegment rdf:ID="36000000_1536425836">
<cim:IdentifiedObject.name>站内-连接线</cim:IdentifiedObject.name>
<cim:IdentifiedObject.bianhao></cim:IdentifiedObject.bianhao>
<cim:Equipment.EquipmentContainer rdf:resource="#32400000_1536416888"/>
<cim:PowerSystemResource.Circuit rdf:resource="#10000100_1536011889" />
<cim:ConductingEquipment.BaseVoltage rdf:resource="#BaseVoltage_5"/>
<iescim:PowerSystemResource.SubType>3</iescim:PowerSystemResource.SubType>
<iescim:PowerSystemResource.DeviceID>5629499537823476</iescim:PowerSystemResource.DeviceID>
<iescim:PowerSystemResource.DeviceType>20</iescim:PowerSystemResource.DeviceType>
</cim:ACLineSegment>
<cim:ACLineSegment rdf:ID="36000000_1536425846">
<cim:IdentifiedObject.name>站内-连接线</cim:IdentifiedObject.name>
<cim:IdentifiedObject.bianhao></cim:IdentifiedObject.bianhao>
<cim:Equipment.EquipmentContainer rdf:resource="#32400000_1536416888"/>
<cim:PowerSystemResource.Circuit rdf:resource="#10000100_1536011889" />
<cim:ConductingEquipment.BaseVoltage rdf:resource="#BaseVoltage_5"/>
<iescim:PowerSystemResource.SubType>3</iescim:PowerSystemResource.SubType>
<iescim:PowerSystemResource.DeviceID>5629499537823477</iescim:PowerSystemResource.DeviceID>
<iescim:PowerSystemResource.DeviceType>20</iescim:PowerSystemResource.DeviceType>
</cim:ACLineSegment>
<cim:ACLineSegment rdf:ID="36000000_1536425847">
<cim:IdentifiedObject.name>站内-连接线</cim:IdentifiedObject.name>
<cim:IdentifiedObject.bianhao></cim:IdentifiedObject.bianhao>
<cim:Equipment.EquipmentContainer rdf:resource="#32400000_1536416888"/>
<cim:PowerSystemResource.Circuit rdf:resource="#10000100_1536011889" />
<cim:ConductingEquipment.BaseVoltage rdf:resource="#BaseVoltage_5"/>
<iescim:PowerSystemResource.SubType>3</iescim:PowerSystemResource.SubType>
<iescim:PowerSystemResource.DeviceID>5629499537823478</iescim:PowerSystemResource.DeviceID>
<iescim:PowerSystemResource.DeviceType>20</iescim:PowerSystemResource.DeviceType>
</cim:ACLineSegment>
<cim:ACLineSegment rdf:ID="36000000_1536425849">
<cim:IdentifiedObject.name>站内-连接线</cim:IdentifiedObject.name>
<cim:IdentifiedObject.bianhao></cim:IdentifiedObject.bianhao>
<cim:Equipment.EquipmentContainer rdf:resource="#32400000_1536416888"/>
<cim:PowerSystemResource.Circuit rdf:resource="#10000100_1536011889" />
<cim:ConductingEquipment.BaseVoltage rdf:resource="#BaseVoltage_5"/>
<iescim:PowerSystemResource.SubType>3</iescim:PowerSystemResource.SubType>
<iescim:PowerSystemResource.DeviceID>5629499537823480</iescim:PowerSystemResource.DeviceID>
<iescim:PowerSystemResource.DeviceType>20</iescim:PowerSystemResource.DeviceType>
</cim:ACLineSegment>
<cim:ACLineSegment rdf:ID="36000000_1536425850">
<cim:IdentifiedObject.name>站内-连接线</cim:IdentifiedObject.name>
<cim:IdentifiedObject.bianhao></cim:IdentifiedObject.bianhao>
<cim:Equipment.EquipmentContainer rdf:resource="#32400000_1536416888"/>
<cim:PowerSystemResource.Circuit rdf:resource="#10000100_1536011889" />
<cim:ConductingEquipment.BaseVoltage rdf:resource="#BaseVoltage_5"/>
<iescim:PowerSystemResource.SubType>3</iescim:PowerSystemResource.SubType>
<iescim:PowerSystemResource.DeviceID>5629499537823481</iescim:PowerSystemResource.DeviceID>
<iescim:PowerSystemResource.DeviceType>20</iescim:PowerSystemResource.DeviceType>
</cim:ACLineSegment>
<cim:ACLineSegment rdf:ID="36000000_1536425851">
<cim:IdentifiedObject.name>站内-连接线</cim:IdentifiedObject.name>
<cim:IdentifiedObject.bianhao></cim:IdentifiedObject.bianhao>
<cim:Equipment.EquipmentContainer rdf:resource="#32400000_1536416888"/>
<cim:PowerSystemResource.Circuit rdf:resource="#10000100_1536011889" />
<cim:ConductingEquipment.BaseVoltage rdf:resource="#BaseVoltage_5"/>
<iescim:PowerSystemResource.SubType>3</iescim:PowerSystemResource.SubType>
<iescim:PowerSystemResource.DeviceID>5629499537823482</iescim:PowerSystemResource.DeviceID>
<iescim:PowerSystemResource.DeviceType>20</iescim:PowerSystemResource.DeviceType>
</cim:ACLineSegment>
<cim:ACLineSegment rdf:ID="36000000_1536425852">
<cim:IdentifiedObject.name>站内-连接线</cim:IdentifiedObject.name>
<cim:IdentifiedObject.bianhao></cim:IdentifiedObject.bianhao>
<cim:Equipment.EquipmentContainer rdf:resource="#32400000_1536416888"/>
<cim:PowerSystemResource.Circuit rdf:resource="#10000100_1536011889" />
<cim:ConductingEquipment.BaseVoltage rdf:resource="#BaseVoltage_5"/>
<iescim:PowerSystemResource.SubType>3</iescim:PowerSystemResource.SubType>
<iescim:PowerSystemResource.DeviceID>5629499537823483</iescim:PowerSystemResource.DeviceID>
<iescim:PowerSystemResource.DeviceType>20</iescim:PowerSystemResource.DeviceType>
</cim:ACLineSegment>
<cim:ACLineSegment rdf:ID="36000000_1536425883">
<cim:IdentifiedObject.name>站内-连接线</cim:IdentifiedObject.name>
<cim:IdentifiedObject.bianhao></cim:IdentifiedObject.bianhao>
<cim:Equipment.EquipmentContainer rdf:resource="#32400000_1536416888"/>
<cim:PowerSystemResource.Circuit rdf:resource="#10000100_1536011889" />
<cim:ConductingEquipment.BaseVoltage rdf:resource="#BaseVoltage_5"/>
<iescim:PowerSystemResource.SubType>3</iescim:PowerSystemResource.SubType>
<iescim:PowerSystemResource.DeviceID>5629499537823484</iescim:PowerSystemResource.DeviceID>
<iescim:PowerSystemResource.DeviceType>20</iescim:PowerSystemResource.DeviceType>
</cim:ACLineSegment>
<cim:ACLineSegment rdf:ID="36000000_1536425884">
<cim:IdentifiedObject.name>站内-连接线</cim:IdentifiedObject.name>
<cim:IdentifiedObject.bianhao></cim:IdentifiedObject.bianhao>
<cim:Equipment.EquipmentContainer rdf:resource="#32400000_1536416888"/>
<cim:PowerSystemResource.Circuit rdf:resource="#10000100_1536011889" />
<cim:ConductingEquipment.BaseVoltage rdf:resource="#BaseVoltage_5"/>
<iescim:PowerSystemResource.SubType>3</iescim:PowerSystemResource.SubType>
<iescim:PowerSystemResource.DeviceID>5629499537823485</iescim:PowerSystemResource.DeviceID>
<iescim:PowerSystemResource.DeviceType>20</iescim:PowerSystemResource.DeviceType>
</cim:ACLineSegment>
<cim:ACLineSegment rdf:ID="36000000_1536425885">
<cim:IdentifiedObject.name>站内-连接线</cim:IdentifiedObject.name>
<cim:IdentifiedObject.bianhao></cim:IdentifiedObject.bianhao>
<cim:Equipment.EquipmentContainer rdf:resource="#32400000_1536416888"/>
<cim:PowerSystemResource.Circuit rdf:resource="#10000100_1536011889" />
<cim:ConductingEquipment.BaseVoltage rdf:resource="#BaseVoltage_5"/>
<iescim:PowerSystemResource.SubType>3</iescim:PowerSystemResource.SubType>
<iescim:PowerSystemResource.DeviceID>5629499537823486</iescim:PowerSystemResource.DeviceID>
<iescim:PowerSystemResource.DeviceType>20</iescim:PowerSystemResource.DeviceType>
</cim:ACLineSegment>
<cim:ACLineSegment rdf:ID="36000000_1536425887">
<cim:IdentifiedObject.name>站内-连接线</cim:IdentifiedObject.name>
<cim:IdentifiedObject.bianhao></cim:IdentifiedObject.bianhao>
<cim:Equipment.EquipmentContainer rdf:resource="#32400000_1536416888"/>
<cim:PowerSystemResource.Circuit rdf:resource="#10000100_1536011889" />
<cim:ConductingEquipment.BaseVoltage rdf:resource="#BaseVoltage_5"/>
<iescim:PowerSystemResource.SubType>3</iescim:PowerSystemResource.SubType>
<iescim:PowerSystemResource.DeviceID>5629499537823487</iescim:PowerSystemResource.DeviceID>
<iescim:PowerSystemResource.DeviceType>20</iescim:PowerSystemResource.DeviceType>
</cim:ACLineSegment>
<cim:ACLineSegment rdf:ID="36000000_1536425888">
<cim:IdentifiedObject.name>站内-连接线</cim:IdentifiedObject.name>
<cim:IdentifiedObject.bianhao></cim:IdentifiedObject.bianhao>
<cim:Equipment.EquipmentContainer rdf:resource="#32400000_1536416888"/>
<cim:PowerSystemResource.Circuit rdf:resource="#10000100_1536011889" />
<cim:ConductingEquipment.BaseVoltage rdf:resource="#BaseVoltage_5"/>
<iescim:PowerSystemResource.SubType>3</iescim:PowerSystemResource.SubType>
<iescim:PowerSystemResource.DeviceID>5629499537823488</iescim:PowerSystemResource.DeviceID>
<iescim:PowerSystemResource.DeviceType>20</iescim:PowerSystemResource.DeviceType>
</cim:ACLineSegment>
<cim:ACLineSegment rdf:ID="36000000_1536425890">
<cim:IdentifiedObject.name>站内-连接线</cim:IdentifiedObject.name>
<cim:IdentifiedObject.bianhao></cim:IdentifiedObject.bianhao>
<cim:Equipment.EquipmentContainer rdf:resource="#32400000_1536416888"/>
<cim:PowerSystemResource.Circuit rdf:resource="#10000100_1536011889" />
<cim:ConductingEquipment.BaseVoltage rdf:resource="#BaseVoltage_5"/>
<iescim:PowerSystemResource.SubType>3</iescim:PowerSystemResource.SubType>
<iescim:PowerSystemResource.DeviceID>5629499537823489</iescim:PowerSystemResource.DeviceID>
<iescim:PowerSystemResource.DeviceType>20</iescim:PowerSystemResource.DeviceType>
</cim:ACLineSegment>
<cim:ACLineSegment rdf:ID="36000000_1536426095">
<cim:IdentifiedObject.name>站内-连接线</cim:IdentifiedObject.name>
<cim:IdentifiedObject.bianhao></cim:IdentifiedObject.bianhao>
<cim:Equipment.EquipmentContainer rdf:resource="#32400000_1536416888"/>
<cim:PowerSystemResource.Circuit rdf:resource="#10000100_1536011889" />
<cim:ConductingEquipment.BaseVoltage rdf:resource="#BaseVoltage_5"/>
<iescim:PowerSystemResource.SubType>3</iescim:PowerSystemResource.SubType>
<iescim:PowerSystemResource.DeviceID>5629499537823490</iescim:PowerSystemResource.DeviceID>
<iescim:PowerSystemResource.DeviceType>20</iescim:PowerSystemResource.DeviceType>
</cim:ACLineSegment>
<cim:Pole rdf:ID="10200001_1536426276">
<cim:IdentifiedObject.name>10kV大厅仓库#1变#001杆</cim:IdentifiedObject.name>
<cim:IdentifiedObject.bianhao></cim:IdentifiedObject.bianhao>
<cim:PowerSystemResource.Circuit rdf:resource="#10000100_1536011889" />
<cim:ConductingEquipment.BaseVoltage rdf:resource="#BaseVoltage_5"/>
<iescim:PowerSystemResource.DeviceType>43</iescim:PowerSystemResource.DeviceType>
<iescim:PowerSystemResource.SubType>1</iescim:PowerSystemResource.SubType>
<iescim:PowerSystemResource.DeviceID>12103423998646638</iescim:PowerSystemResource.DeviceID>
</cim:Pole>
<cim:ConnectivityNode rdf:ID="9288674231524903">
<iescim:PowerSystemResource.SubType>0</iescim:PowerSystemResource.SubType>
<iescim:PowerSystemResource.DeviceID>9288674231524903</iescim:PowerSystemResource.DeviceID>
<iescim:PowerSystemResource.DeviceType>33</iescim:PowerSystemResource.DeviceType>
</cim:ConnectivityNode>
<cim:ConnectivityNode rdf:ID="9288674246362664">
<iescim:PowerSystemResource.SubType>0</iescim:PowerSystemResource.SubType>
<iescim:PowerSystemResource.DeviceID>9288674246362664</iescim:PowerSystemResource.DeviceID>
<iescim:PowerSystemResource.DeviceType>33</iescim:PowerSystemResource.DeviceType>
</cim:ConnectivityNode>
<cim:ConnectivityNode rdf:ID="9288674247579287">
<iescim:PowerSystemResource.SubType>0</iescim:PowerSystemResource.SubType>
<iescim:PowerSystemResource.DeviceID>9288674247579287</iescim:PowerSystemResource.DeviceID>
<iescim:PowerSystemResource.DeviceType>33</iescim:PowerSystemResource.DeviceType>
</cim:ConnectivityNode>
<cim:ConnectivityNode rdf:ID="9288674247923914">
<iescim:PowerSystemResource.SubType>0</iescim:PowerSystemResource.SubType>
<iescim:PowerSystemResource.DeviceID>9288674247923914</iescim:PowerSystemResource.DeviceID>
<iescim:PowerSystemResource.DeviceType>33</iescim:PowerSystemResource.DeviceType>
</cim:ConnectivityNode>
<cim:ConnectivityNode rdf:ID="9288674247923915">
<iescim:PowerSystemResource.SubType>0</iescim:PowerSystemResource.SubType>
<iescim:PowerSystemResource.DeviceID>9288674247923915</iescim:PowerSystemResource.DeviceID>
<iescim:PowerSystemResource.DeviceType>33</iescim:PowerSystemResource.DeviceType>
</cim:ConnectivityNode>
<cim:ConnectivityNode rdf:ID="9288674247923916">
<iescim:PowerSystemResource.SubType>0</iescim:PowerSystemResource.SubType>
<iescim:PowerSystemResource.DeviceID>9288674247923916</iescim:PowerSystemResource.DeviceID>
<iescim:PowerSystemResource.DeviceType>33</iescim:PowerSystemResource.DeviceType>
</cim:ConnectivityNode>
<cim:ConnectivityNode rdf:ID="9288674247923917">
<iescim:PowerSystemResource.SubType>0</iescim:PowerSystemResource.SubType>
<iescim:PowerSystemResource.DeviceID>9288674247923917</iescim:PowerSystemResource.DeviceID>
<iescim:PowerSystemResource.DeviceType>33</iescim:PowerSystemResource.DeviceType>
</cim:ConnectivityNode>
<cim:ConnectivityNode rdf:ID="9288674247923918">
<iescim:PowerSystemResource.SubType>0</iescim:PowerSystemResource.SubType>
<iescim:PowerSystemResource.DeviceID>9288674247923918</iescim:PowerSystemResource.DeviceID>
<iescim:PowerSystemResource.DeviceType>33</iescim:PowerSystemResource.DeviceType>
</cim:ConnectivityNode>
<cim:ConnectivityNode rdf:ID="9288674247923919">
<iescim:PowerSystemResource.SubType>0</iescim:PowerSystemResource.SubType>
<iescim:PowerSystemResource.DeviceID>9288674247923919</iescim:PowerSystemResource.DeviceID>
<iescim:PowerSystemResource.DeviceType>33</iescim:PowerSystemResource.DeviceType>
</cim:ConnectivityNode>
<cim:ConnectivityNode rdf:ID="9288674247923920">
<iescim:PowerSystemResource.SubType>0</iescim:PowerSystemResource.SubType>
<iescim:PowerSystemResource.DeviceID>9288674247923920</iescim:PowerSystemResource.DeviceID>
<iescim:PowerSystemResource.DeviceType>33</iescim:PowerSystemResource.DeviceType>
</cim:ConnectivityNode>
<cim:ConnectivityNode rdf:ID="9288674247923921">
<iescim:PowerSystemResource.SubType>0</iescim:PowerSystemResource.SubType>
<iescim:PowerSystemResource.DeviceID>9288674247923921</iescim:PowerSystemResource.DeviceID>
<iescim:PowerSystemResource.DeviceType>33</iescim:PowerSystemResource.DeviceType>
</cim:ConnectivityNode>
<cim:ConnectivityNode rdf:ID="9288674247923922">
<iescim:PowerSystemResource.SubType>0</iescim:PowerSystemResource.SubType>
<iescim:PowerSystemResource.DeviceID>9288674247923922</iescim:PowerSystemResource.DeviceID>
<iescim:PowerSystemResource.DeviceType>33</iescim:PowerSystemResource.DeviceType>
</cim:ConnectivityNode>
<cim:ConnectivityNode rdf:ID="9288674247923925">
<iescim:PowerSystemResource.SubType>0</iescim:PowerSystemResource.SubType>
<iescim:PowerSystemResource.DeviceID>9288674247923925</iescim:PowerSystemResource.DeviceID>
<iescim:PowerSystemResource.DeviceType>33</iescim:PowerSystemResource.DeviceType>
</cim:ConnectivityNode>
<cim:ConnectivityNode rdf:ID="9288674247923927">
<iescim:PowerSystemResource.SubType>0</iescim:PowerSystemResource.SubType>
<iescim:PowerSystemResource.DeviceID>9288674247923927</iescim:PowerSystemResource.DeviceID>
<iescim:PowerSystemResource.DeviceType>33</iescim:PowerSystemResource.DeviceType>
</cim:ConnectivityNode>
<cim:ConnectivityNode rdf:ID="9288674247923928">
<iescim:PowerSystemResource.SubType>0</iescim:PowerSystemResource.SubType>
<iescim:PowerSystemResource.DeviceID>9288674247923928</iescim:PowerSystemResource.DeviceID>
<iescim:PowerSystemResource.DeviceType>33</iescim:PowerSystemResource.DeviceType>
</cim:ConnectivityNode>
<cim:ConnectivityNode rdf:ID="9288674247923929">
<iescim:PowerSystemResource.SubType>0</iescim:PowerSystemResource.SubType>
<iescim:PowerSystemResource.DeviceID>9288674247923929</iescim:PowerSystemResource.DeviceID>
<iescim:PowerSystemResource.DeviceType>33</iescim:PowerSystemResource.DeviceType>
</cim:ConnectivityNode>
<cim:ConnectivityNode rdf:ID="9288674247923930">
<iescim:PowerSystemResource.SubType>0</iescim:PowerSystemResource.SubType>
<iescim:PowerSystemResource.DeviceID>9288674247923930</iescim:PowerSystemResource.DeviceID>
<iescim:PowerSystemResource.DeviceType>33</iescim:PowerSystemResource.DeviceType>
</cim:ConnectivityNode>
<cim:ConnectivityNode rdf:ID="9288674247923931">
<iescim:PowerSystemResource.SubType>0</iescim:PowerSystemResource.SubType>
<iescim:PowerSystemResource.DeviceID>9288674247923931</iescim:PowerSystemResource.DeviceID>
<iescim:PowerSystemResource.DeviceType>33</iescim:PowerSystemResource.DeviceType>
</cim:ConnectivityNode>
<cim:ConnectivityNode rdf:ID="9288674247923932">
<iescim:PowerSystemResource.SubType>0</iescim:PowerSystemResource.SubType>
<iescim:PowerSystemResource.DeviceID>9288674247923932</iescim:PowerSystemResource.DeviceID>
<iescim:PowerSystemResource.DeviceType>33</iescim:PowerSystemResource.DeviceType>
</cim:ConnectivityNode>
<cim:ConnectivityNode rdf:ID="9288674247923933">
<iescim:PowerSystemResource.SubType>0</iescim:PowerSystemResource.SubType>
<iescim:PowerSystemResource.DeviceID>9288674247923933</iescim:PowerSystemResource.DeviceID>
<iescim:PowerSystemResource.DeviceType>33</iescim:PowerSystemResource.DeviceType>
</cim:ConnectivityNode>
<cim:ConnectivityNode rdf:ID="9288674247923934">
<iescim:PowerSystemResource.SubType>0</iescim:PowerSystemResource.SubType>
<iescim:PowerSystemResource.DeviceID>9288674247923934</iescim:PowerSystemResource.DeviceID>
<iescim:PowerSystemResource.DeviceType>33</iescim:PowerSystemResource.DeviceType>
</cim:ConnectivityNode>
<cim:ConnectivityNode rdf:ID="9288674247923935">
<iescim:PowerSystemResource.SubType>0</iescim:PowerSystemResource.SubType>
<iescim:PowerSystemResource.DeviceID>9288674247923935</iescim:PowerSystemResource.DeviceID>
<iescim:PowerSystemResource.DeviceType>33</iescim:PowerSystemResource.DeviceType>
</cim:ConnectivityNode>
<cim:ConnectivityNode rdf:ID="9288674247923936">
<iescim:PowerSystemResource.SubType>0</iescim:PowerSystemResource.SubType>
<iescim:PowerSystemResource.DeviceID>9288674247923936</iescim:PowerSystemResource.DeviceID>
<iescim:PowerSystemResource.DeviceType>33</iescim:PowerSystemResource.DeviceType>
</cim:ConnectivityNode>
<cim:ConnectivityNode rdf:ID="9288674247923937">
<iescim:PowerSystemResource.SubType>0</iescim:PowerSystemResource.SubType>
<iescim:PowerSystemResource.DeviceID>9288674247923937</iescim:PowerSystemResource.DeviceID>
<iescim:PowerSystemResource.DeviceType>33</iescim:PowerSystemResource.DeviceType>
</cim:ConnectivityNode>
<cim:ConnectivityNode rdf:ID="9288674247923938">
<iescim:PowerSystemResource.SubType>0</iescim:PowerSystemResource.SubType>
<iescim:PowerSystemResource.DeviceID>9288674247923938</iescim:PowerSystemResource.DeviceID>
<iescim:PowerSystemResource.DeviceType>33</iescim:PowerSystemResource.DeviceType>
</cim:ConnectivityNode>
<cim:ConnectivityNode rdf:ID="9288674247923939">
<iescim:PowerSystemResource.SubType>0</iescim:PowerSystemResource.SubType>
<iescim:PowerSystemResource.DeviceID>9288674247923939</iescim:PowerSystemResource.DeviceID>
<iescim:PowerSystemResource.DeviceType>33</iescim:PowerSystemResource.DeviceType>
</cim:ConnectivityNode>
<cim:ConnectivityNode rdf:ID="9288674247923940">
<iescim:PowerSystemResource.SubType>0</iescim:PowerSystemResource.SubType>
<iescim:PowerSystemResource.DeviceID>9288674247923940</iescim:PowerSystemResource.DeviceID>
<iescim:PowerSystemResource.DeviceType>33</iescim:PowerSystemResource.DeviceType>
</cim:ConnectivityNode>
<cim:ConnectivityNode rdf:ID="9288674247923941">
<iescim:PowerSystemResource.SubType>0</iescim:PowerSystemResource.SubType>
<iescim:PowerSystemResource.DeviceID>9288674247923941</iescim:PowerSystemResource.DeviceID>
<iescim:PowerSystemResource.DeviceType>33</iescim:PowerSystemResource.DeviceType>
</cim:ConnectivityNode>
<cim:ConnectivityNode rdf:ID="9288674247923942">
<iescim:PowerSystemResource.SubType>0</iescim:PowerSystemResource.SubType>
<iescim:PowerSystemResource.DeviceID>9288674247923942</iescim:PowerSystemResource.DeviceID>
<iescim:PowerSystemResource.DeviceType>33</iescim:PowerSystemResource.DeviceType>
</cim:ConnectivityNode>
<cim:ConnectivityNode rdf:ID="9288674247923943">
<iescim:PowerSystemResource.SubType>0</iescim:PowerSystemResource.SubType>
<iescim:PowerSystemResource.DeviceID>9288674247923943</iescim:PowerSystemResource.DeviceID>
<iescim:PowerSystemResource.DeviceType>33</iescim:PowerSystemResource.DeviceType>
</cim:ConnectivityNode>
<cim:ConnectivityNode rdf:ID="9288674247923944">
<iescim:PowerSystemResource.SubType>0</iescim:PowerSystemResource.SubType>
<iescim:PowerSystemResource.DeviceID>9288674247923944</iescim:PowerSystemResource.DeviceID>
<iescim:PowerSystemResource.DeviceType>33</iescim:PowerSystemResource.DeviceType>
</cim:ConnectivityNode>
<cim:ConnectivityNode rdf:ID="9288674247923945">
<iescim:PowerSystemResource.SubType>0</iescim:PowerSystemResource.SubType>
<iescim:PowerSystemResource.DeviceID>9288674247923945</iescim:PowerSystemResource.DeviceID>
<iescim:PowerSystemResource.DeviceType>33</iescim:PowerSystemResource.DeviceType>
</cim:ConnectivityNode>
<cim:ConnectivityNode rdf:ID="9288674247923946">
<iescim:PowerSystemResource.SubType>0</iescim:PowerSystemResource.SubType>
<iescim:PowerSystemResource.DeviceID>9288674247923946</iescim:PowerSystemResource.DeviceID>
<iescim:PowerSystemResource.DeviceType>33</iescim:PowerSystemResource.DeviceType>
</cim:ConnectivityNode>
<cim:ConnectivityNode rdf:ID="9288674247923947">
<iescim:PowerSystemResource.SubType>0</iescim:PowerSystemResource.SubType>
<iescim:PowerSystemResource.DeviceID>9288674247923947</iescim:PowerSystemResource.DeviceID>
<iescim:PowerSystemResource.DeviceType>33</iescim:PowerSystemResource.DeviceType>
</cim:ConnectivityNode>
<cim:ConnectivityNode rdf:ID="9288674247923949">
<iescim:PowerSystemResource.SubType>0</iescim:PowerSystemResource.SubType>
<iescim:PowerSystemResource.DeviceID>9288674247923949</iescim:PowerSystemResource.DeviceID>
<iescim:PowerSystemResource.DeviceType>33</iescim:PowerSystemResource.DeviceType>
</cim:ConnectivityNode>
<cim:ConnectivityNode rdf:ID="9288674247923950">
<iescim:PowerSystemResource.SubType>0</iescim:PowerSystemResource.SubType>
<iescim:PowerSystemResource.DeviceID>9288674247923950</iescim:PowerSystemResource.DeviceID>
<iescim:PowerSystemResource.DeviceType>33</iescim:PowerSystemResource.DeviceType>
</cim:ConnectivityNode>
<cim:ConnectivityNode rdf:ID="9288674247923952">
<iescim:PowerSystemResource.SubType>0</iescim:PowerSystemResource.SubType>
<iescim:PowerSystemResource.DeviceID>9288674247923952</iescim:PowerSystemResource.DeviceID>
<iescim:PowerSystemResource.DeviceType>33</iescim:PowerSystemResource.DeviceType>
</cim:ConnectivityNode>
<cim:ConnectivityNode rdf:ID="9288674247923953">
<iescim:PowerSystemResource.SubType>0</iescim:PowerSystemResource.SubType>
<iescim:PowerSystemResource.DeviceID>9288674247923953</iescim:PowerSystemResource.DeviceID>
<iescim:PowerSystemResource.DeviceType>33</iescim:PowerSystemResource.DeviceType>
</cim:ConnectivityNode>
<cim:ConnectivityNode rdf:ID="9288674247923954">
<iescim:PowerSystemResource.SubType>0</iescim:PowerSystemResource.SubType>
<iescim:PowerSystemResource.DeviceID>9288674247923954</iescim:PowerSystemResource.DeviceID>
<iescim:PowerSystemResource.DeviceType>33</iescim:PowerSystemResource.DeviceType>
</cim:ConnectivityNode>
<cim:ConnectivityNode rdf:ID="9288674247923955">
<iescim:PowerSystemResource.SubType>0</iescim:PowerSystemResource.SubType>
<iescim:PowerSystemResource.DeviceID>9288674247923955</iescim:PowerSystemResource.DeviceID>
<iescim:PowerSystemResource.DeviceType>33</iescim:PowerSystemResource.DeviceType>
</cim:ConnectivityNode>
<cim:ConnectivityNode rdf:ID="9288674247923956">
<iescim:PowerSystemResource.SubType>0</iescim:PowerSystemResource.SubType>
<iescim:PowerSystemResource.DeviceID>9288674247923956</iescim:PowerSystemResource.DeviceID>
<iescim:PowerSystemResource.DeviceType>33</iescim:PowerSystemResource.DeviceType>
</cim:ConnectivityNode>
<cim:ConnectivityNode rdf:ID="9288674247923957">
<iescim:PowerSystemResource.SubType>0</iescim:PowerSystemResource.SubType>
<iescim:PowerSystemResource.DeviceID>9288674247923957</iescim:PowerSystemResource.DeviceID>
<iescim:PowerSystemResource.DeviceType>33</iescim:PowerSystemResource.DeviceType>
</cim:ConnectivityNode>
<cim:ConnectivityNode rdf:ID="9288674247923958">
<iescim:PowerSystemResource.SubType>0</iescim:PowerSystemResource.SubType>
<iescim:PowerSystemResource.DeviceID>9288674247923958</iescim:PowerSystemResource.DeviceID>
<iescim:PowerSystemResource.DeviceType>33</iescim:PowerSystemResource.DeviceType>
</cim:ConnectivityNode>
<cim:ConnectivityNode rdf:ID="9288674247923959">
<iescim:PowerSystemResource.SubType>0</iescim:PowerSystemResource.SubType>
<iescim:PowerSystemResource.DeviceID>9288674247923959</iescim:PowerSystemResource.DeviceID>
<iescim:PowerSystemResource.DeviceType>33</iescim:PowerSystemResource.DeviceType>
</cim:ConnectivityNode>
<cim:ConnectivityNode rdf:ID="9288674247923960">
<iescim:PowerSystemResource.SubType>0</iescim:PowerSystemResource.SubType>
<iescim:PowerSystemResource.DeviceID>9288674247923960</iescim:PowerSystemResource.DeviceID>
<iescim:PowerSystemResource.DeviceType>33</iescim:PowerSystemResource.DeviceType>
</cim:ConnectivityNode>
<cim:ConnectivityNode rdf:ID="9288674247923961">
<iescim:PowerSystemResource.SubType>0</iescim:PowerSystemResource.SubType>
<iescim:PowerSystemResource.DeviceID>9288674247923961</iescim:PowerSystemResource.DeviceID>
<iescim:PowerSystemResource.DeviceType>33</iescim:PowerSystemResource.DeviceType>
</cim:ConnectivityNode>
<cim:ConnectivityNode rdf:ID="9288674247923962">
<iescim:PowerSystemResource.SubType>0</iescim:PowerSystemResource.SubType>
<iescim:PowerSystemResource.DeviceID>9288674247923962</iescim:PowerSystemResource.DeviceID>
<iescim:PowerSystemResource.DeviceType>33</iescim:PowerSystemResource.DeviceType>
</cim:ConnectivityNode>
<cim:ConnectivityNode rdf:ID="9288674247923963">
<iescim:PowerSystemResource.SubType>0</iescim:PowerSystemResource.SubType>
<iescim:PowerSystemResource.DeviceID>9288674247923963</iescim:PowerSystemResource.DeviceID>
<iescim:PowerSystemResource.DeviceType>33</iescim:PowerSystemResource.DeviceType>
</cim:ConnectivityNode>
<cim:ConnectivityNode rdf:ID="9288674247923964">
<iescim:PowerSystemResource.SubType>0</iescim:PowerSystemResource.SubType>
<iescim:PowerSystemResource.DeviceID>9288674247923964</iescim:PowerSystemResource.DeviceID>
<iescim:PowerSystemResource.DeviceType>33</iescim:PowerSystemResource.DeviceType>
</cim:ConnectivityNode>
<cim:ConnectivityNode rdf:ID="9288674247923965">
<iescim:PowerSystemResource.SubType>0</iescim:PowerSystemResource.SubType>
<iescim:PowerSystemResource.DeviceID>9288674247923965</iescim:PowerSystemResource.DeviceID>
<iescim:PowerSystemResource.DeviceType>33</iescim:PowerSystemResource.DeviceType>
</cim:ConnectivityNode>
<cim:ConnectivityNode rdf:ID="9288674247923966">
<iescim:PowerSystemResource.SubType>0</iescim:PowerSystemResource.SubType>
<iescim:PowerSystemResource.DeviceID>9288674247923966</iescim:PowerSystemResource.DeviceID>
<iescim:PowerSystemResource.DeviceType>33</iescim:PowerSystemResource.DeviceType>
</cim:ConnectivityNode>
<cim:ConnectivityNode rdf:ID="9288674247923967">
<iescim:PowerSystemResource.SubType>0</iescim:PowerSystemResource.SubType>
<iescim:PowerSystemResource.DeviceID>9288674247923967</iescim:PowerSystemResource.DeviceID>
<iescim:PowerSystemResource.DeviceType>33</iescim:PowerSystemResource.DeviceType>
</cim:ConnectivityNode>
<cim:ConnectivityNode rdf:ID="9288674247923969">
<iescim:PowerSystemResource.SubType>0</iescim:PowerSystemResource.SubType>
<iescim:PowerSystemResource.DeviceID>9288674247923969</iescim:PowerSystemResource.DeviceID>
<iescim:PowerSystemResource.DeviceType>33</iescim:PowerSystemResource.DeviceType>
</cim:ConnectivityNode>
<cim:ConnectivityNode rdf:ID="9288674247923970">
<iescim:PowerSystemResource.SubType>0</iescim:PowerSystemResource.SubType>
<iescim:PowerSystemResource.DeviceID>9288674247923970</iescim:PowerSystemResource.DeviceID>
<iescim:PowerSystemResource.DeviceType>33</iescim:PowerSystemResource.DeviceType>
</cim:ConnectivityNode>
<cim:ConnectivityNode rdf:ID="9288674251179878">
<iescim:PowerSystemResource.SubType>0</iescim:PowerSystemResource.SubType>
<iescim:PowerSystemResource.DeviceID>9288674251179878</iescim:PowerSystemResource.DeviceID>
<iescim:PowerSystemResource.DeviceType>33</iescim:PowerSystemResource.DeviceType>
</cim:ConnectivityNode>
<cim:Terminal rdf:ID="3516232">
<cim:Terminal.ConductingEquipment rdf:resource="#30600001_2895776"/>
<cim:Terminal.ConnectivityNode rdf:resource="#9288674247579287"/>
</cim:Terminal>
<cim:Terminal rdf:ID="3515868">
<cim:Terminal.ConductingEquipment rdf:resource="#31100000_1009242"/>
<cim:Terminal.ConnectivityNode rdf:resource="#9288674251179878"/>
</cim:Terminal>
<cim:Terminal rdf:ID="11500000_1536412159_1">
<cim:Terminal.ConductingEquipment rdf:resource="#11500000_1536412159"/>
<cim:Terminal.ConnectivityNode rdf:resource="#9288674247923965"/>
</cim:Terminal>
<cim:Terminal rdf:ID="11500000_1536412159_2">
<cim:Terminal.ConductingEquipment rdf:resource="#11500000_1536412159"/>
<cim:Terminal.ConnectivityNode rdf:resource="#9288674247923966"/>
</cim:Terminal>
<cim:Terminal rdf:ID="30900002_1536400266_1">
<cim:Terminal.ConductingEquipment rdf:resource="#30900002_1536400266"/>
<cim:Terminal.ConnectivityNode rdf:resource="#9288674247923938"/>
</cim:Terminal>
<cim:Terminal rdf:ID="30900002_1536400266_2">
<cim:Terminal.ConductingEquipment rdf:resource="#30900002_1536400266"/>
<cim:Terminal.ConnectivityNode rdf:resource="#9288674247923939"/>
</cim:Terminal>
<cim:Terminal rdf:ID="30600000_1536421830_1">
<cim:Terminal.ConductingEquipment rdf:resource="#30600000_1536421830"/>
<cim:Terminal.ConnectivityNode rdf:resource="#9288674247923929"/>
</cim:Terminal>
<cim:Terminal rdf:ID="30600000_1536421830_2">
<cim:Terminal.ConductingEquipment rdf:resource="#30600000_1536421830"/>
<cim:Terminal.ConnectivityNode rdf:resource="#9288674247923930"/>
</cim:Terminal>
<cim:Terminal rdf:ID="30600000_1536421831_1">
<cim:Terminal.ConductingEquipment rdf:resource="#30600000_1536421831"/>
<cim:Terminal.ConnectivityNode rdf:resource="#9288674247923931"/>
</cim:Terminal>
<cim:Terminal rdf:ID="30600000_1536421831_2">
<cim:Terminal.ConductingEquipment rdf:resource="#30600000_1536421831"/>
<cim:Terminal.ConnectivityNode rdf:resource="#9288674247923932"/>
</cim:Terminal>
<cim:Terminal rdf:ID="30600000_1536421834_1">
<cim:Terminal.ConductingEquipment rdf:resource="#30600000_1536421834"/>
<cim:Terminal.ConnectivityNode rdf:resource="#9288674247923934"/>
</cim:Terminal>
<cim:Terminal rdf:ID="30600000_1536421834_2">
<cim:Terminal.ConductingEquipment rdf:resource="#30600000_1536421834"/>
<cim:Terminal.ConnectivityNode rdf:resource="#9288674247923935"/>
</cim:Terminal>
<cim:Terminal rdf:ID="30600001_1536419427_1">
<cim:Terminal.ConductingEquipment rdf:resource="#30600001_1536419427"/>
<cim:Terminal.ConnectivityNode rdf:resource="#9288674247923944"/>
</cim:Terminal>
<cim:Terminal rdf:ID="30600001_1536421826_1">
<cim:Terminal.ConductingEquipment rdf:resource="#30600001_1536421826"/>
<cim:Terminal.ConnectivityNode rdf:resource="#9288674247923925"/>
</cim:Terminal>
<cim:Terminal rdf:ID="30600001_1536421828_1">
<cim:Terminal.ConductingEquipment rdf:resource="#30600001_1536421828"/>
<cim:Terminal.ConnectivityNode rdf:resource="#9288674247923927"/>
</cim:Terminal>
<cim:Terminal rdf:ID="30600001_1536421829_1">
<cim:Terminal.ConductingEquipment rdf:resource="#30600001_1536421829"/>
<cim:Terminal.ConnectivityNode rdf:resource="#9288674247923928"/>
</cim:Terminal>
<cim:Terminal rdf:ID="30600001_1536421832_1">
<cim:Terminal.ConductingEquipment rdf:resource="#30600001_1536421832"/>
<cim:Terminal.ConnectivityNode rdf:resource="#9288674247923933"/>
</cim:Terminal>
<cim:Terminal rdf:ID="30600001_1536426115_1">
<cim:Terminal.ConductingEquipment rdf:resource="#30600001_1536426115"/>
<cim:Terminal.ConnectivityNode rdf:resource="#9288674247923962"/>
</cim:Terminal>
<cim:Terminal rdf:ID="30500000_1536412292_1">
<cim:Terminal.ConductingEquipment rdf:resource="#30500000_1536412292"/>
<cim:Terminal.ConnectivityNode rdf:resource="#9288674247923915"/>
</cim:Terminal>
<cim:Terminal rdf:ID="30500000_1536412292_2">
<cim:Terminal.ConductingEquipment rdf:resource="#30500000_1536412292"/>
<cim:Terminal.ConnectivityNode rdf:resource="#9288674247923916"/>
</cim:Terminal>
<cim:Terminal rdf:ID="30500000_1536412293_1">
<cim:Terminal.ConductingEquipment rdf:resource="#30500000_1536412293"/>
<cim:Terminal.ConnectivityNode rdf:resource="#9288674247923917"/>
</cim:Terminal>
<cim:Terminal rdf:ID="30500000_1536412293_2">
<cim:Terminal.ConductingEquipment rdf:resource="#30500000_1536412293"/>
<cim:Terminal.ConnectivityNode rdf:resource="#9288674247923918"/>
</cim:Terminal>
<cim:Terminal rdf:ID="30500000_1536412294_1">
<cim:Terminal.ConductingEquipment rdf:resource="#30500000_1536412294"/>
<cim:Terminal.ConnectivityNode rdf:resource="#9288674247923919"/>
</cim:Terminal>
<cim:Terminal rdf:ID="30500000_1536412294_2">
<cim:Terminal.ConductingEquipment rdf:resource="#30500000_1536412294"/>
<cim:Terminal.ConnectivityNode rdf:resource="#9288674247923920"/>
</cim:Terminal>
<cim:Terminal rdf:ID="30500000_1536425795_1">
<cim:Terminal.ConductingEquipment rdf:resource="#30500000_1536425795"/>
<cim:Terminal.ConnectivityNode rdf:resource="#9288674247923921"/>
</cim:Terminal>
<cim:Terminal rdf:ID="30500000_1536425795_2">
<cim:Terminal.ConductingEquipment rdf:resource="#30500000_1536425795"/>
<cim:Terminal.ConnectivityNode rdf:resource="#9288674247923922"/>
</cim:Terminal>
<cim:Terminal rdf:ID="30700000_1536400252_1">
<cim:Terminal.ConductingEquipment rdf:resource="#30700000_1536400252"/>
<cim:Terminal.ConnectivityNode rdf:resource="#9288674247923936"/>
</cim:Terminal>
<cim:Terminal rdf:ID="30700000_1536400252_2">
<cim:Terminal.ConductingEquipment rdf:resource="#30700000_1536400252"/>
<cim:Terminal.ConnectivityNode rdf:resource="#9288674247923937"/>
</cim:Terminal>
<cim:Terminal rdf:ID="30700000_1536400253_1">
<cim:Terminal.ConductingEquipment rdf:resource="#30700000_1536400253"/>
<cim:Terminal.ConnectivityNode rdf:resource="#9288674247923956"/>
</cim:Terminal>
<cim:Terminal rdf:ID="30700000_1536400253_2">
<cim:Terminal.ConductingEquipment rdf:resource="#30700000_1536400253"/>
<cim:Terminal.ConnectivityNode rdf:resource="#9288674247923957"/>
</cim:Terminal>
<cim:Terminal rdf:ID="30700000_1536402981_1">
<cim:Terminal.ConductingEquipment rdf:resource="#30700000_1536402981"/>
<cim:Terminal.ConnectivityNode rdf:resource="#9288674247923940"/>
</cim:Terminal>
<cim:Terminal rdf:ID="30700000_1536402981_2">
<cim:Terminal.ConductingEquipment rdf:resource="#30700000_1536402981"/>
<cim:Terminal.ConnectivityNode rdf:resource="#9288674247923941"/>
</cim:Terminal>
<cim:Terminal rdf:ID="3515888">
<cim:Terminal.ConductingEquipment rdf:resource="#31100000_1009448"/>
<cim:Terminal.ConnectivityNode rdf:resource="#9288674246362664"/>
</cim:Terminal>
<cim:Terminal rdf:ID="32000000_4837319_1">
<cim:Terminal.ConductingEquipment rdf:resource="#32000000_4837319"/>
<cim:Terminal.ConnectivityNode rdf:resource="#9288674247579287"/>
</cim:Terminal>
<cim:Terminal rdf:ID="20200000_1536415526_1">
<cim:Terminal.ConductingEquipment rdf:resource="#20200000_1536415526"/>
<cim:Terminal.ConnectivityNode rdf:resource="#9288674247923914"/>
</cim:Terminal>
<cim:Terminal rdf:ID="20200000_1536415527_1">
<cim:Terminal.ConductingEquipment rdf:resource="#20200000_1536415527"/>
<cim:Terminal.ConnectivityNode rdf:resource="#9288674247923963"/>
</cim:Terminal>
<cim:Terminal rdf:ID="20200000_1536415528_1">
<cim:Terminal.ConductingEquipment rdf:resource="#20200000_1536415528"/>
<cim:Terminal.ConnectivityNode rdf:resource="#9288674247923969"/>
</cim:Terminal>
<cim:Terminal rdf:ID="20200000_1536415529_1">
<cim:Terminal.ConductingEquipment rdf:resource="#20200000_1536415529"/>
<cim:Terminal.ConnectivityNode rdf:resource="#9288674247923970"/>
</cim:Terminal>
<cim:Terminal rdf:ID="32000000_1536419542_1">
<cim:Terminal.ConductingEquipment rdf:resource="#32000000_1536419542"/>
<cim:Terminal.ConnectivityNode rdf:resource="#9288674247923946"/>
</cim:Terminal>
<cim:Terminal rdf:ID="32000000_1536419543_1">
<cim:Terminal.ConductingEquipment rdf:resource="#32000000_1536419543"/>
<cim:Terminal.ConnectivityNode rdf:resource="#9288674247923947"/>
</cim:Terminal>
<cim:Terminal rdf:ID="32000000_1536419545_1">
<cim:Terminal.ConductingEquipment rdf:resource="#32000000_1536419545"/>
<cim:Terminal.ConnectivityNode rdf:resource="#9288674247923949"/>
</cim:Terminal>
<cim:Terminal rdf:ID="32000000_1536419548_1">
<cim:Terminal.ConductingEquipment rdf:resource="#32000000_1536419548"/>
<cim:Terminal.ConnectivityNode rdf:resource="#9288674247923958"/>
</cim:Terminal>
<cim:Terminal rdf:ID="32000000_1536419549_1">
<cim:Terminal.ConductingEquipment rdf:resource="#32000000_1536419549"/>
<cim:Terminal.ConnectivityNode rdf:resource="#9288674247923959"/>
</cim:Terminal>
<cim:Terminal rdf:ID="13000000_1536422273_1">
<cim:Terminal.ConductingEquipment rdf:resource="#13000000_1536422273"/>
<cim:Terminal.ConnectivityNode rdf:resource="#9288674247923964"/>
</cim:Terminal>
<cim:Terminal rdf:ID="13000000_1536422273_2">
<cim:Terminal.ConductingEquipment rdf:resource="#13000000_1536422273"/>
<cim:Terminal.ConnectivityNode rdf:resource="#9288674247923965"/>
</cim:Terminal>
<cim:Terminal rdf:ID="13000000_1536422274_1">
<cim:Terminal.ConductingEquipment rdf:resource="#13000000_1536422274"/>
<cim:Terminal.ConnectivityNode rdf:resource="#9288674247923966"/>
</cim:Terminal>
<cim:Terminal rdf:ID="13000000_1536422274_2">
<cim:Terminal.ConductingEquipment rdf:resource="#13000000_1536422274"/>
<cim:Terminal.ConnectivityNode rdf:resource="#9288674247923967"/>
</cim:Terminal>
<cim:Terminal rdf:ID="13000000_1536426198_1">
<cim:Terminal.ConductingEquipment rdf:resource="#13000000_1536426198"/>
<cim:Terminal.ConnectivityNode rdf:resource="#9288674247923970"/>
</cim:Terminal>
<cim:Terminal rdf:ID="13000000_1536426198_2">
<cim:Terminal.ConductingEquipment rdf:resource="#13000000_1536426198"/>
<cim:Terminal.ConnectivityNode rdf:resource="#9288674247923964"/>
</cim:Terminal>
<cim:Terminal rdf:ID="14000000_1536314775_1">
<cim:Terminal.ConductingEquipment rdf:resource="#14000000_1536314775"/>
<cim:Terminal.ConnectivityNode rdf:resource="#9288674247579287"/>
</cim:Terminal>
<cim:Terminal rdf:ID="14000000_1536314775_2">
<cim:Terminal.ConductingEquipment rdf:resource="#14000000_1536314775"/>
<cim:Terminal.ConnectivityNode rdf:resource="#9288674247923914"/>
</cim:Terminal>
<cim:Terminal rdf:ID="14000000_1536411489_1">
<cim:Terminal.ConductingEquipment rdf:resource="#14000000_1536411489"/>
<cim:Terminal.ConnectivityNode rdf:resource="#9288674247923963"/>
</cim:Terminal>
<cim:Terminal rdf:ID="14000000_1536411489_2">
<cim:Terminal.ConductingEquipment rdf:resource="#14000000_1536411489"/>
<cim:Terminal.ConnectivityNode rdf:resource="#9288674247923958"/>
</cim:Terminal>
<cim:Terminal rdf:ID="14000000_1536422982_1">
<cim:Terminal.ConductingEquipment rdf:resource="#14000000_1536422982"/>
<cim:Terminal.ConnectivityNode rdf:resource="#9288674247923949"/>
</cim:Terminal>
<cim:Terminal rdf:ID="14000000_1536422982_2">
<cim:Terminal.ConductingEquipment rdf:resource="#14000000_1536422982"/>
<cim:Terminal.ConnectivityNode rdf:resource="#9288674247923969"/>
</cim:Terminal>
<cim:Terminal rdf:ID="20100000_1536414824_1">
<cim:Terminal.ConductingEquipment rdf:resource="#20100000_1536414824"/>
<cim:Terminal.ConnectivityNode rdf:resource="#9288674247923914"/>
</cim:Terminal>
<cim:Terminal rdf:ID="20100000_1536414824_2">
<cim:Terminal.ConductingEquipment rdf:resource="#20100000_1536414824"/>
<cim:Terminal.ConnectivityNode rdf:resource="#9288674247923963"/>
</cim:Terminal>
<cim:Terminal rdf:ID="20100000_1536414825_1">
<cim:Terminal.ConductingEquipment rdf:resource="#20100000_1536414825"/>
<cim:Terminal.ConnectivityNode rdf:resource="#9288674247923969"/>
</cim:Terminal>
<cim:Terminal rdf:ID="20100000_1536414825_2">
<cim:Terminal.ConductingEquipment rdf:resource="#20100000_1536414825"/>
<cim:Terminal.ConnectivityNode rdf:resource="#9288674247923970"/>
</cim:Terminal>
<cim:Terminal rdf:ID="36000000_1536423809_1">
<cim:Terminal.ConductingEquipment rdf:resource="#36000000_1536423809"/>
<cim:Terminal.ConnectivityNode rdf:resource="#9288674247923950"/>
</cim:Terminal>
<cim:Terminal rdf:ID="36000000_1536423809_2">
<cim:Terminal.ConductingEquipment rdf:resource="#36000000_1536423809"/>
<cim:Terminal.ConnectivityNode rdf:resource="#9288674247923933"/>
</cim:Terminal>
<cim:Terminal rdf:ID="36000000_1536423812_1">
<cim:Terminal.ConductingEquipment rdf:resource="#36000000_1536423812"/>
<cim:Terminal.ConnectivityNode rdf:resource="#9288674247923945"/>
</cim:Terminal>
<cim:Terminal rdf:ID="36000000_1536423812_2">
<cim:Terminal.ConductingEquipment rdf:resource="#36000000_1536423812"/>
<cim:Terminal.ConnectivityNode rdf:resource="#9288674247923936"/>
</cim:Terminal>
<cim:Terminal rdf:ID="36000000_1536424249_1">
<cim:Terminal.ConductingEquipment rdf:resource="#36000000_1536424249"/>
<cim:Terminal.ConnectivityNode rdf:resource="#9288674247923945"/>
</cim:Terminal>
<cim:Terminal rdf:ID="36000000_1536424249_2">
<cim:Terminal.ConductingEquipment rdf:resource="#36000000_1536424249"/>
<cim:Terminal.ConnectivityNode rdf:resource="#9288674247923940"/>
</cim:Terminal>
<cim:Terminal rdf:ID="36000000_1536424250_1">
<cim:Terminal.ConductingEquipment rdf:resource="#36000000_1536424250"/>
<cim:Terminal.ConnectivityNode rdf:resource="#9288674247923957"/>
</cim:Terminal>
<cim:Terminal rdf:ID="36000000_1536424250_2">
<cim:Terminal.ConductingEquipment rdf:resource="#36000000_1536424250"/>
<cim:Terminal.ConnectivityNode rdf:resource="#9288674247923942"/>
</cim:Terminal>
<cim:Terminal rdf:ID="36000000_1536424251_1">
<cim:Terminal.ConductingEquipment rdf:resource="#36000000_1536424251"/>
<cim:Terminal.ConnectivityNode rdf:resource="#9288674247923941"/>
</cim:Terminal>
<cim:Terminal rdf:ID="36000000_1536424251_2">
<cim:Terminal.ConductingEquipment rdf:resource="#36000000_1536424251"/>
<cim:Terminal.ConnectivityNode rdf:resource="#9288674247923960"/>
</cim:Terminal>
<cim:Terminal rdf:ID="36000000_1536424253_1">
<cim:Terminal.ConductingEquipment rdf:resource="#36000000_1536424253"/>
<cim:Terminal.ConnectivityNode rdf:resource="#9288674247923942"/>
</cim:Terminal>
<cim:Terminal rdf:ID="36000000_1536424253_2">
<cim:Terminal.ConductingEquipment rdf:resource="#36000000_1536424253"/>
<cim:Terminal.ConnectivityNode rdf:resource="#9288674247923943"/>
</cim:Terminal>
<cim:Terminal rdf:ID="36000000_1536425816_1">
<cim:Terminal.ConductingEquipment rdf:resource="#36000000_1536425816"/>
<cim:Terminal.ConnectivityNode rdf:resource="#9288674247923945"/>
</cim:Terminal>
<cim:Terminal rdf:ID="36000000_1536425816_2">
<cim:Terminal.ConductingEquipment rdf:resource="#36000000_1536425816"/>
<cim:Terminal.ConnectivityNode rdf:resource="#9288674247923921"/>
</cim:Terminal>
<cim:Terminal rdf:ID="36000000_1536425817_1">
<cim:Terminal.ConductingEquipment rdf:resource="#36000000_1536425817"/>
<cim:Terminal.ConnectivityNode rdf:resource="#9288674247923945"/>
</cim:Terminal>
<cim:Terminal rdf:ID="36000000_1536425817_2">
<cim:Terminal.ConductingEquipment rdf:resource="#36000000_1536425817"/>
<cim:Terminal.ConnectivityNode rdf:resource="#9288674247923919"/>
</cim:Terminal>
<cim:Terminal rdf:ID="36000000_1536425818_1">
<cim:Terminal.ConductingEquipment rdf:resource="#36000000_1536425818"/>
<cim:Terminal.ConnectivityNode rdf:resource="#9288674247923945"/>
</cim:Terminal>
<cim:Terminal rdf:ID="36000000_1536425818_2">
<cim:Terminal.ConductingEquipment rdf:resource="#36000000_1536425818"/>
<cim:Terminal.ConnectivityNode rdf:resource="#9288674247923917"/>
</cim:Terminal>
<cim:Terminal rdf:ID="36000000_1536425819_1">
<cim:Terminal.ConductingEquipment rdf:resource="#36000000_1536425819"/>
<cim:Terminal.ConnectivityNode rdf:resource="#9288674247923945"/>
</cim:Terminal>
<cim:Terminal rdf:ID="36000000_1536425819_2">
<cim:Terminal.ConductingEquipment rdf:resource="#36000000_1536425819"/>
<cim:Terminal.ConnectivityNode rdf:resource="#9288674247923915"/>
</cim:Terminal>
<cim:Terminal rdf:ID="36000000_1536425822_1">
<cim:Terminal.ConductingEquipment rdf:resource="#36000000_1536425822"/>
<cim:Terminal.ConnectivityNode rdf:resource="#9288674247923922"/>
</cim:Terminal>
<cim:Terminal rdf:ID="36000000_1536425822_2">
<cim:Terminal.ConductingEquipment rdf:resource="#36000000_1536425822"/>
<cim:Terminal.ConnectivityNode rdf:resource="#9288674247923934"/>
</cim:Terminal>
<cim:Terminal rdf:ID="36000000_1536425824_1">
<cim:Terminal.ConductingEquipment rdf:resource="#36000000_1536425824"/>
<cim:Terminal.ConnectivityNode rdf:resource="#9288674247923918"/>
</cim:Terminal>
<cim:Terminal rdf:ID="36000000_1536425824_2">
<cim:Terminal.ConductingEquipment rdf:resource="#36000000_1536425824"/>
<cim:Terminal.ConnectivityNode rdf:resource="#9288674247923929"/>
</cim:Terminal>
<cim:Terminal rdf:ID="36000000_1536425825_1">
<cim:Terminal.ConductingEquipment rdf:resource="#36000000_1536425825"/>
<cim:Terminal.ConnectivityNode rdf:resource="#9288674247923916"/>
</cim:Terminal>
<cim:Terminal rdf:ID="36000000_1536425825_2">
<cim:Terminal.ConductingEquipment rdf:resource="#36000000_1536425825"/>
<cim:Terminal.ConnectivityNode rdf:resource="#9288674247923931"/>
</cim:Terminal>
<cim:Terminal rdf:ID="36000000_1536425826_1">
<cim:Terminal.ConductingEquipment rdf:resource="#36000000_1536425826"/>
<cim:Terminal.ConnectivityNode rdf:resource="#9288674247923937"/>
</cim:Terminal>
<cim:Terminal rdf:ID="36000000_1536425826_2">
<cim:Terminal.ConductingEquipment rdf:resource="#36000000_1536425826"/>
<cim:Terminal.ConnectivityNode rdf:resource="#9288674247923950"/>
</cim:Terminal>
<cim:Terminal rdf:ID="36000000_1536425832_1">
<cim:Terminal.ConductingEquipment rdf:resource="#36000000_1536425832"/>
<cim:Terminal.ConnectivityNode rdf:resource="#9288674247923935"/>
</cim:Terminal>
<cim:Terminal rdf:ID="36000000_1536425832_2">
<cim:Terminal.ConductingEquipment rdf:resource="#36000000_1536425832"/>
<cim:Terminal.ConnectivityNode rdf:resource="#9288674247923952"/>
</cim:Terminal>
<cim:Terminal rdf:ID="36000000_1536425834_1">
<cim:Terminal.ConductingEquipment rdf:resource="#36000000_1536425834"/>
<cim:Terminal.ConnectivityNode rdf:resource="#9288674247923930"/>
</cim:Terminal>
<cim:Terminal rdf:ID="36000000_1536425834_2">
<cim:Terminal.ConductingEquipment rdf:resource="#36000000_1536425834"/>
<cim:Terminal.ConnectivityNode rdf:resource="#9288674247923953"/>
</cim:Terminal>
<cim:Terminal rdf:ID="36000000_1536425835_1">
<cim:Terminal.ConductingEquipment rdf:resource="#36000000_1536425835"/>
<cim:Terminal.ConnectivityNode rdf:resource="#9288674247923932"/>
</cim:Terminal>
<cim:Terminal rdf:ID="36000000_1536425835_2">
<cim:Terminal.ConductingEquipment rdf:resource="#36000000_1536425835"/>
<cim:Terminal.ConnectivityNode rdf:resource="#9288674247923954"/>
</cim:Terminal>
<cim:Terminal rdf:ID="36000000_1536425836_1">
<cim:Terminal.ConductingEquipment rdf:resource="#36000000_1536425836"/>
<cim:Terminal.ConnectivityNode rdf:resource="#9288674247923950"/>
</cim:Terminal>
<cim:Terminal rdf:ID="36000000_1536425836_2">
<cim:Terminal.ConductingEquipment rdf:resource="#36000000_1536425836"/>
<cim:Terminal.ConnectivityNode rdf:resource="#9288674247923938"/>
</cim:Terminal>
<cim:Terminal rdf:ID="36000000_1536425846_1">
<cim:Terminal.ConductingEquipment rdf:resource="#36000000_1536425846"/>
<cim:Terminal.ConnectivityNode rdf:resource="#9288674247923952"/>
</cim:Terminal>
<cim:Terminal rdf:ID="36000000_1536425846_2">
<cim:Terminal.ConductingEquipment rdf:resource="#36000000_1536425846"/>
<cim:Terminal.ConnectivityNode rdf:resource="#9288674247923925"/>
</cim:Terminal>
<cim:Terminal rdf:ID="36000000_1536425847_1">
<cim:Terminal.ConductingEquipment rdf:resource="#36000000_1536425847"/>
<cim:Terminal.ConnectivityNode rdf:resource="#9288674247923952"/>
</cim:Terminal>
<cim:Terminal rdf:ID="36000000_1536425847_2">
<cim:Terminal.ConductingEquipment rdf:resource="#36000000_1536425847"/>
<cim:Terminal.ConnectivityNode rdf:resource="#9288674247923949"/>
</cim:Terminal>
<cim:Terminal rdf:ID="36000000_1536425849_1">
<cim:Terminal.ConductingEquipment rdf:resource="#36000000_1536425849"/>
<cim:Terminal.ConnectivityNode rdf:resource="#9288674247923953"/>
</cim:Terminal>
<cim:Terminal rdf:ID="36000000_1536425849_2">
<cim:Terminal.ConductingEquipment rdf:resource="#36000000_1536425849"/>
<cim:Terminal.ConnectivityNode rdf:resource="#9288674247923927"/>
</cim:Terminal>
<cim:Terminal rdf:ID="36000000_1536425850_1">
<cim:Terminal.ConductingEquipment rdf:resource="#36000000_1536425850"/>
<cim:Terminal.ConnectivityNode rdf:resource="#9288674247923953"/>
</cim:Terminal>
<cim:Terminal rdf:ID="36000000_1536425850_2">
<cim:Terminal.ConductingEquipment rdf:resource="#36000000_1536425850"/>
<cim:Terminal.ConnectivityNode rdf:resource="#9288674247923947"/>
</cim:Terminal>
<cim:Terminal rdf:ID="36000000_1536425851_1">
<cim:Terminal.ConductingEquipment rdf:resource="#36000000_1536425851"/>
<cim:Terminal.ConnectivityNode rdf:resource="#9288674247923954"/>
</cim:Terminal>
<cim:Terminal rdf:ID="36000000_1536425851_2">
<cim:Terminal.ConductingEquipment rdf:resource="#36000000_1536425851"/>
<cim:Terminal.ConnectivityNode rdf:resource="#9288674247923928"/>
</cim:Terminal>
<cim:Terminal rdf:ID="36000000_1536425852_1">
<cim:Terminal.ConductingEquipment rdf:resource="#36000000_1536425852"/>
<cim:Terminal.ConnectivityNode rdf:resource="#9288674247923954"/>
</cim:Terminal>
<cim:Terminal rdf:ID="36000000_1536425852_2">
<cim:Terminal.ConductingEquipment rdf:resource="#36000000_1536425852"/>
<cim:Terminal.ConnectivityNode rdf:resource="#9288674247923946"/>
</cim:Terminal>
<cim:Terminal rdf:ID="36000000_1536425883_1">
<cim:Terminal.ConductingEquipment rdf:resource="#36000000_1536425883"/>
<cim:Terminal.ConnectivityNode rdf:resource="#9288674247923939"/>
</cim:Terminal>
<cim:Terminal rdf:ID="36000000_1536425883_2">
<cim:Terminal.ConductingEquipment rdf:resource="#36000000_1536425883"/>
<cim:Terminal.ConnectivityNode rdf:resource="#9288674247923955"/>
</cim:Terminal>
<cim:Terminal rdf:ID="36000000_1536425884_1">
<cim:Terminal.ConductingEquipment rdf:resource="#36000000_1536425884"/>
<cim:Terminal.ConnectivityNode rdf:resource="#9288674247923945"/>
</cim:Terminal>
<cim:Terminal rdf:ID="36000000_1536425884_2">
<cim:Terminal.ConductingEquipment rdf:resource="#36000000_1536425884"/>
<cim:Terminal.ConnectivityNode rdf:resource="#9288674247923956"/>
</cim:Terminal>
<cim:Terminal rdf:ID="36000000_1536425885_1">
<cim:Terminal.ConductingEquipment rdf:resource="#36000000_1536425885"/>
<cim:Terminal.ConnectivityNode rdf:resource="#9288674247923942"/>
</cim:Terminal>
<cim:Terminal rdf:ID="36000000_1536425885_2">
<cim:Terminal.ConductingEquipment rdf:resource="#36000000_1536425885"/>
<cim:Terminal.ConnectivityNode rdf:resource="#9288674247923958"/>
</cim:Terminal>
<cim:Terminal rdf:ID="36000000_1536425887_1">
<cim:Terminal.ConductingEquipment rdf:resource="#36000000_1536425887"/>
<cim:Terminal.ConnectivityNode rdf:resource="#9288674247923960"/>
</cim:Terminal>
<cim:Terminal rdf:ID="36000000_1536425887_2">
<cim:Terminal.ConductingEquipment rdf:resource="#36000000_1536425887"/>
<cim:Terminal.ConnectivityNode rdf:resource="#9288674247923959"/>
</cim:Terminal>
<cim:Terminal rdf:ID="36000000_1536425888_1">
<cim:Terminal.ConductingEquipment rdf:resource="#36000000_1536425888"/>
<cim:Terminal.ConnectivityNode rdf:resource="#9288674247923960"/>
</cim:Terminal>
<cim:Terminal rdf:ID="36000000_1536425888_2">
<cim:Terminal.ConductingEquipment rdf:resource="#36000000_1536425888"/>
<cim:Terminal.ConnectivityNode rdf:resource="#9288674247923961"/>
</cim:Terminal>
<cim:Terminal rdf:ID="36000000_1536425890_1">
<cim:Terminal.ConductingEquipment rdf:resource="#36000000_1536425890"/>
<cim:Terminal.ConnectivityNode rdf:resource="#9288674247923961"/>
</cim:Terminal>
<cim:Terminal rdf:ID="36000000_1536425890_2">
<cim:Terminal.ConductingEquipment rdf:resource="#36000000_1536425890"/>
<cim:Terminal.ConnectivityNode rdf:resource="#9288674247923962"/>
</cim:Terminal>
<cim:Terminal rdf:ID="36000000_1536426095_1">
<cim:Terminal.ConductingEquipment rdf:resource="#36000000_1536426095"/>
<cim:Terminal.ConnectivityNode rdf:resource="#9288674247923943"/>
</cim:Terminal>
<cim:Terminal rdf:ID="36000000_1536426095_2">
<cim:Terminal.ConductingEquipment rdf:resource="#36000000_1536426095"/>
<cim:Terminal.ConnectivityNode rdf:resource="#9288674247923944"/>
</cim:Terminal>
<cim:Terminal rdf:ID="3515878">
<cim:Terminal.ConductingEquipment rdf:resource="#31100000_1009324"/>
<cim:Terminal.ConnectivityNode rdf:resource="#9288674246362664"/>
</cim:Terminal>
<cim:Terminal rdf:ID="11000000_1536365941_1">
<cim:Terminal.ConductingEquipment rdf:resource="#11000000_1536365941"/>
<cim:Terminal.ConnectivityNode rdf:resource="#9288674247923967"/>
</cim:Terminal>
<cim:Terminal rdf:ID="3516222">
<cim:Terminal.ConductingEquipment rdf:resource="#30500000_2003080"/>
<cim:Terminal.ConnectivityNode rdf:resource="#9288674251179878"/>
</cim:Terminal>
<cim:Terminal rdf:ID="3516223">
<cim:Terminal.ConductingEquipment rdf:resource="#30500000_2003080"/>
<cim:Terminal.ConnectivityNode rdf:resource="#9288674231524903"/>
</cim:Terminal>
<cim:Terminal rdf:ID="31100000_1536417996_1">
<cim:Terminal.ConductingEquipment rdf:resource="#31100000_1536417996"/>
<cim:Terminal.ConnectivityNode rdf:resource="#9288674247923945"/>
</cim:Terminal>
<cim:Terminal rdf:ID="31400000_1536400309_1">
<cim:Terminal.ConductingEquipment rdf:resource="#31400000_1536400309"/>
<cim:Terminal.ConnectivityNode rdf:resource="#9288674247923955"/>
</cim:Terminal>
<cim:Terminal rdf:ID="10200001_1536426276_1">
<cim:Terminal.ConductingEquipment rdf:resource="#10200001_1536426276"/>
<cim:Terminal.ConnectivityNode rdf:resource="#9288674247923964"/>
</cim:Terminal>
</rdf:RDF>
