<?xml version="1.0" encoding="UTF-8"?>

<rdf:RDF xmlns:rdf="http://www.w3.org/1999/02/22-rdf-syntax-ns#" xmlns:cim="http://www.sgcc.com.cn/SG-CIM/2010MAY#" xmlns:iescim="http://www.ieslab.com.cn">

<cim:BaseVoltage rdf:ID="BaseVoltage_5">
<cim:IdentifiedObject.name>10kV</cim:IdentifiedObject.name>
<cim:BaseVoltage.isDC>false</cim:BaseVoltage.isDC>
<cim:BaseVoltage.nominalVoltage>10.00</cim:BaseVoltage.nominalVoltage>
<iescim:PowerSystemResource.DeviceID>5</iescim:PowerSystemResource.DeviceID>
</cim:BaseVoltage>
<cim:SubGeographicalRegion rdf:ID="8a0f688f46db11f00146db13630f0e96">
<cim:IdentifiedObject.name>国网寿宁县供电公司</cim:IdentifiedObject.name>
<cim:SubGeographicalRegion.Region rdf:resource="#_"/>
</cim:SubGeographicalRegion>
<cim:Circuit rdf:ID="10000100_5739">
<cim:IdentifiedObject.name>10kV阳渔Ⅰ线943线路</cim:IdentifiedObject.name>
<cim:Circuit.BelongtoHVSubstation rdf:resource="#30000000_74941"/>
<cim:PowerSystemResource.SubGeographicalRegion rdf:resource="#8a0f688f46db11f00146db13630f0e96"/>
<cim:iscurrentfeeder>0</cim:iscurrentfeeder>
</cim:Circuit>
<cim:Circuit rdf:ID="10000100_25699">
<cim:IdentifiedObject.name>10kV渔阳Ⅰ线965线路</cim:IdentifiedObject.name>
<cim:Circuit.BelongtoHVSubstation rdf:resource="#30000000_74179"/>
<cim:PowerSystemResource.SubGeographicalRegion rdf:resource="#8a0f688f46db11f00146db13630f0e96"/>
<cim:iscurrentfeeder>1</cim:iscurrentfeeder>
</cim:Circuit>
<cim:Substation rdf:ID="30000000_74941">
<cim:IdentifiedObject.name>南阳变电站</cim:IdentifiedObject.name>
<iescim:PowerSystemResource.DeviceType>13</iescim:PowerSystemResource.DeviceType>
<iescim:PowerSystemResource.SubType>1</iescim:PowerSystemResource.SubType>
<cim:PowerSystemResource.PSRType rdf:resource="#30000000"/>
<iescim:PowerSystemResource.DeviceID>3659174697243387</iescim:PowerSystemResource.DeviceID>
<cim:PowerSystemResource.SubGeographicalRegion rdf:resource="#8a0f688f46db11f00146db13630f0e96"/>
</cim:Substation>
<cim:Substation rdf:ID="30000000_74179">
<cim:IdentifiedObject.name>渔溪变电站</cim:IdentifiedObject.name>
<iescim:PowerSystemResource.DeviceType>13</iescim:PowerSystemResource.DeviceType>
<iescim:PowerSystemResource.SubType>1</iescim:PowerSystemResource.SubType>
<cim:PowerSystemResource.PSRType rdf:resource="#30000000"/>
<iescim:PowerSystemResource.DeviceID>3659174697243417</iescim:PowerSystemResource.DeviceID>
<cim:PowerSystemResource.SubGeographicalRegion rdf:resource="#8a0f688f46db11f00146db13630f0e96"/>
</cim:Substation>
<cim:Breaker rdf:ID="30500000_112612">
<cim:IdentifiedObject.name>渔溪变电站.10kV.渔阳Ⅰ线间隔.965开关</cim:IdentifiedObject.name>
<cim:IdentifiedObject.bianhao>_</cim:IdentifiedObject.bianhao>
<cim:Equipment.EquipmentContainer rdf:resource="#30000000_74179"/>
<cim:PowerSystemResource.Circuit rdf:resource="#10000100_25699" />
<cim:ConductingEquipment.BaseVoltage rdf:resource="#BaseVoltage_5"/>
<iescim:PowerSystemResource.SubType>1</iescim:PowerSystemResource.SubType>
<iescim:PowerSystemResource.DeviceID>4503599627403482</iescim:PowerSystemResource.DeviceID>
<iescim:PowerSystemResource.DeviceType>16</iescim:PowerSystemResource.DeviceType>
<iescim:PowerSystemResource.Cxmc></iescim:PowerSystemResource.Cxmc>
</cim:Breaker>
<cim:Breaker rdf:ID="11100000_666161">
<cim:IdentifiedObject.name>10kV渔阳I线965线路#001杆001开关</cim:IdentifiedObject.name>
<cim:IdentifiedObject.bianhao>001</cim:IdentifiedObject.bianhao>
<cim:PowerSystemResource.Circuit rdf:resource="#10000100_5739" />
<cim:ConductingEquipment.BaseVoltage rdf:resource="#BaseVoltage_5"/>
<iescim:PowerSystemResource.SubType>2</iescim:PowerSystemResource.SubType>
<iescim:PowerSystemResource.DeviceID>4503599627406530</iescim:PowerSystemResource.DeviceID>
<iescim:PowerSystemResource.DeviceType>16</iescim:PowerSystemResource.DeviceType>
<iescim:PowerSystemResource.Cxmc></iescim:PowerSystemResource.Cxmc>
</cim:Breaker>
<cim:Disconnector rdf:ID="30600001_185554">
<cim:IdentifiedObject.name>渔溪变电站.10kV.渔阳Ⅰ线间隔.9656接地刀闸</cim:IdentifiedObject.name>
<cim:IdentifiedObject.bianhao>_</cim:IdentifiedObject.bianhao>
<cim:Equipment.EquipmentContainer rdf:resource="#30000000_74179"/>
<cim:PowerSystemResource.Circuit rdf:resource="#10000100_25699" />
<cim:ConductingEquipment.BaseVoltage rdf:resource="#BaseVoltage_5"/>
<iescim:PowerSystemResource.SubType>9</iescim:PowerSystemResource.SubType>
<iescim:PowerSystemResource.DeviceID>4785074604168708</iescim:PowerSystemResource.DeviceID>
<iescim:PowerSystemResource.DeviceType>17</iescim:PowerSystemResource.DeviceType>
<iescim:PowerSystemResource.Cxmc></iescim:PowerSystemResource.Cxmc>
</cim:Disconnector>
<cim:Disconnector rdf:ID="1165071">
<cim:IdentifiedObject.name>渔溪变电站.10kV.渔阳Ⅰ线间隔.965手车刀闸</cim:IdentifiedObject.name>
<cim:IdentifiedObject.bianhao>_</cim:IdentifiedObject.bianhao>
<cim:Equipment.EquipmentContainer rdf:resource="#30000000_74179"/>
<cim:PowerSystemResource.Circuit rdf:resource="#10000100_25699" />
<cim:ConductingEquipment.BaseVoltage rdf:resource="#BaseVoltage_5"/>
<iescim:PowerSystemResource.SubType>5</iescim:PowerSystemResource.SubType>
<iescim:PowerSystemResource.DeviceID>4785074604187520</iescim:PowerSystemResource.DeviceID>
<iescim:PowerSystemResource.DeviceType>17</iescim:PowerSystemResource.DeviceType>
<iescim:PowerSystemResource.Cxmc></iescim:PowerSystemResource.Cxmc>
</cim:Disconnector>
<cim:BusbarSection rdf:ID="31100000_88960">
<cim:IdentifiedObject.name>南阳变电站.10kV.Ⅰ段母线</cim:IdentifiedObject.name>
<cim:IdentifiedObject.bianhao></cim:IdentifiedObject.bianhao>
<cim:Equipment.EquipmentContainer rdf:resource="#30000000_74941"/>
<cim:PowerSystemResource.Circuit rdf:resource="#_" />
<cim:ConductingEquipment.BaseVoltage rdf:resource="#BaseVoltage_5"/>
<iescim:PowerSystemResource.SubType>0</iescim:PowerSystemResource.SubType>
<iescim:PowerSystemResource.DeviceID>5348024557509263</iescim:PowerSystemResource.DeviceID>
<iescim:PowerSystemResource.DeviceType>19</iescim:PowerSystemResource.DeviceType>
</cim:BusbarSection>
<cim:BusbarSection rdf:ID="31100000_88890">
<cim:IdentifiedObject.name>南阳变电站.10kV.Ⅱ段母线</cim:IdentifiedObject.name>
<cim:IdentifiedObject.bianhao></cim:IdentifiedObject.bianhao>
<cim:Equipment.EquipmentContainer rdf:resource="#30000000_74941"/>
<cim:PowerSystemResource.Circuit rdf:resource="#_" />
<cim:ConductingEquipment.BaseVoltage rdf:resource="#BaseVoltage_5"/>
<iescim:PowerSystemResource.SubType>0</iescim:PowerSystemResource.SubType>
<iescim:PowerSystemResource.DeviceID>5348024557509292</iescim:PowerSystemResource.DeviceID>
<iescim:PowerSystemResource.DeviceType>19</iescim:PowerSystemResource.DeviceType>
</cim:BusbarSection>
<cim:BusbarSection rdf:ID="31100000_90036">
<cim:IdentifiedObject.name>渔溪变电站.10kV.Ⅰ段母线</cim:IdentifiedObject.name>
<cim:IdentifiedObject.bianhao></cim:IdentifiedObject.bianhao>
<cim:Equipment.EquipmentContainer rdf:resource="#30000000_74179"/>
<cim:PowerSystemResource.Circuit rdf:resource="#_" />
<cim:ConductingEquipment.BaseVoltage rdf:resource="#BaseVoltage_5"/>
<iescim:PowerSystemResource.SubType>0</iescim:PowerSystemResource.SubType>
<iescim:PowerSystemResource.DeviceID>5348024557509297</iescim:PowerSystemResource.DeviceID>
<iescim:PowerSystemResource.DeviceType>19</iescim:PowerSystemResource.DeviceType>
</cim:BusbarSection>
<cim:BusbarSection rdf:ID="31100000_877898">
<cim:IdentifiedObject.name>渔溪变电站.10kV.Ⅱ段母线</cim:IdentifiedObject.name>
<cim:IdentifiedObject.bianhao></cim:IdentifiedObject.bianhao>
<cim:Equipment.EquipmentContainer rdf:resource="#30000000_74179"/>
<cim:PowerSystemResource.Circuit rdf:resource="#_" />
<cim:ConductingEquipment.BaseVoltage rdf:resource="#BaseVoltage_5"/>
<iescim:PowerSystemResource.SubType>0</iescim:PowerSystemResource.SubType>
<iescim:PowerSystemResource.DeviceID>5348024557512676</iescim:PowerSystemResource.DeviceID>
<iescim:PowerSystemResource.DeviceType>19</iescim:PowerSystemResource.DeviceType>
</cim:BusbarSection>
<cim:ACLineSegment rdf:ID="13000000_14826884">
<cim:IdentifiedObject.name>-连接线-</cim:IdentifiedObject.name>
<cim:IdentifiedObject.bianhao></cim:IdentifiedObject.bianhao>
<cim:PowerSystemResource.Circuit rdf:resource="#10000100_25699" />
<cim:ConductingEquipment.BaseVoltage rdf:resource="#BaseVoltage_5"/>
<iescim:PowerSystemResource.SubType>3</iescim:PowerSystemResource.SubType>
<iescim:PowerSystemResource.DeviceID>5629499534546853</iescim:PowerSystemResource.DeviceID>
<iescim:PowerSystemResource.DeviceType>20</iescim:PowerSystemResource.DeviceType>
</cim:ACLineSegment>
<cim:ACLineSegment rdf:ID="14000000_7150067">
<cim:IdentifiedObject.name>10kV渔阳Ⅰ线965线路_起始设备</cim:IdentifiedObject.name>
<cim:IdentifiedObject.bianhao></cim:IdentifiedObject.bianhao>
<cim:PowerSystemResource.Circuit rdf:resource="#10000100_25699" />
<cim:ConductingEquipment.BaseVoltage rdf:resource="#BaseVoltage_5"/>
<iescim:PowerSystemResource.SubType>4</iescim:PowerSystemResource.SubType>
<iescim:PowerSystemResource.DeviceID>5629499534546854</iescim:PowerSystemResource.DeviceID>
<iescim:PowerSystemResource.DeviceType>20</iescim:PowerSystemResource.DeviceType>
</cim:ACLineSegment>
<cim:ACLineSegment rdf:ID="20100000_1192955">
<cim:IdentifiedObject.name>110kV渔溪变渔阳Ⅰ线-站外-电缆终端头1730241</cim:IdentifiedObject.name>
<cim:IdentifiedObject.bianhao></cim:IdentifiedObject.bianhao>
<cim:PowerSystemResource.Circuit rdf:resource="#10000100_25699" />
<cim:ConductingEquipment.BaseVoltage rdf:resource="#BaseVoltage_5"/>
<iescim:PowerSystemResource.SubType>1</iescim:PowerSystemResource.SubType>
<iescim:PowerSystemResource.DeviceID>5629499534546855</iescim:PowerSystemResource.DeviceID>
<iescim:PowerSystemResource.DeviceType>20</iescim:PowerSystemResource.DeviceType>
</cim:ACLineSegment>
<cim:ACLineSegment rdf:ID="13000000_14827758">
<cim:IdentifiedObject.name>站外-连接线</cim:IdentifiedObject.name>
<cim:IdentifiedObject.bianhao></cim:IdentifiedObject.bianhao>
<cim:PowerSystemResource.Circuit rdf:resource="#10000100_25699" />
<cim:ConductingEquipment.BaseVoltage rdf:resource="#BaseVoltage_5"/>
<iescim:PowerSystemResource.SubType>3</iescim:PowerSystemResource.SubType>
<iescim:PowerSystemResource.DeviceID>5629499534547096</iescim:PowerSystemResource.DeviceID>
<iescim:PowerSystemResource.DeviceType>20</iescim:PowerSystemResource.DeviceType>
</cim:ACLineSegment>
<cim:Pole rdf:ID="10200001_11554644">
<cim:IdentifiedObject.name>10kV渔阳I线965线路#012杆</cim:IdentifiedObject.name>
<cim:IdentifiedObject.bianhao></cim:IdentifiedObject.bianhao>
<cim:PowerSystemResource.Circuit rdf:resource="#10000100_5739" />
<cim:ConductingEquipment.BaseVoltage rdf:resource="#BaseVoltage_5"/>
<iescim:PowerSystemResource.DeviceType>43</iescim:PowerSystemResource.DeviceType>
<iescim:PowerSystemResource.SubType>1</iescim:PowerSystemResource.SubType>
<iescim:PowerSystemResource.DeviceID>12103423998617033</iescim:PowerSystemResource.DeviceID>
</cim:Pole>
<cim:Pole rdf:ID="10200001_11556832">
<cim:IdentifiedObject.name>10kV渔阳I线965线路#001</cim:IdentifiedObject.name>
<cim:IdentifiedObject.bianhao></cim:IdentifiedObject.bianhao>
<cim:PowerSystemResource.Circuit rdf:resource="#10000100_25699" />
<cim:ConductingEquipment.BaseVoltage rdf:resource="#BaseVoltage_5"/>
<iescim:PowerSystemResource.DeviceType>43</iescim:PowerSystemResource.DeviceType>
<iescim:PowerSystemResource.SubType>1</iescim:PowerSystemResource.SubType>
<iescim:PowerSystemResource.DeviceID>12103423998617034</iescim:PowerSystemResource.DeviceID>
</cim:Pole>
<cim:ConnectivityNode rdf:ID="9288674231453252">
<iescim:PowerSystemResource.SubType>0</iescim:PowerSystemResource.SubType>
<iescim:PowerSystemResource.DeviceID>9288674231453252</iescim:PowerSystemResource.DeviceID>
<iescim:PowerSystemResource.DeviceType>33</iescim:PowerSystemResource.DeviceType>
</cim:ConnectivityNode>
<cim:ConnectivityNode rdf:ID="9288674231453272">
<iescim:PowerSystemResource.SubType>0</iescim:PowerSystemResource.SubType>
<iescim:PowerSystemResource.DeviceID>9288674231453272</iescim:PowerSystemResource.DeviceID>
<iescim:PowerSystemResource.DeviceType>33</iescim:PowerSystemResource.DeviceType>
</cim:ConnectivityNode>
<cim:ConnectivityNode rdf:ID="9288674231475770">
<iescim:PowerSystemResource.SubType>0</iescim:PowerSystemResource.SubType>
<iescim:PowerSystemResource.DeviceID>9288674231475770</iescim:PowerSystemResource.DeviceID>
<iescim:PowerSystemResource.DeviceType>33</iescim:PowerSystemResource.DeviceType>
</cim:ConnectivityNode>
<cim:ConnectivityNode rdf:ID="9288674231517823">
<iescim:PowerSystemResource.SubType>0</iescim:PowerSystemResource.SubType>
<iescim:PowerSystemResource.DeviceID>9288674231517823</iescim:PowerSystemResource.DeviceID>
<iescim:PowerSystemResource.DeviceType>33</iescim:PowerSystemResource.DeviceType>
</cim:ConnectivityNode>
<cim:ConnectivityNode rdf:ID="9288674231519760">
<iescim:PowerSystemResource.SubType>0</iescim:PowerSystemResource.SubType>
<iescim:PowerSystemResource.DeviceID>9288674231519760</iescim:PowerSystemResource.DeviceID>
<iescim:PowerSystemResource.DeviceType>33</iescim:PowerSystemResource.DeviceType>
</cim:ConnectivityNode>
<cim:ConnectivityNode rdf:ID="9288674231597991">
<iescim:PowerSystemResource.SubType>0</iescim:PowerSystemResource.SubType>
<iescim:PowerSystemResource.DeviceID>9288674231597991</iescim:PowerSystemResource.DeviceID>
<iescim:PowerSystemResource.DeviceType>33</iescim:PowerSystemResource.DeviceType>
</cim:ConnectivityNode>
<cim:ConnectivityNode rdf:ID="9288674231827162">
<iescim:PowerSystemResource.SubType>0</iescim:PowerSystemResource.SubType>
<iescim:PowerSystemResource.DeviceID>9288674231827162</iescim:PowerSystemResource.DeviceID>
<iescim:PowerSystemResource.DeviceType>33</iescim:PowerSystemResource.DeviceType>
</cim:ConnectivityNode>
<cim:ConnectivityNode rdf:ID="9288674231827163">
<iescim:PowerSystemResource.SubType>0</iescim:PowerSystemResource.SubType>
<iescim:PowerSystemResource.DeviceID>9288674231827163</iescim:PowerSystemResource.DeviceID>
<iescim:PowerSystemResource.DeviceType>33</iescim:PowerSystemResource.DeviceType>
</cim:ConnectivityNode>
<cim:ConnectivityNode rdf:ID="9288674231827178">
<iescim:PowerSystemResource.SubType>0</iescim:PowerSystemResource.SubType>
<iescim:PowerSystemResource.DeviceID>9288674231827178</iescim:PowerSystemResource.DeviceID>
<iescim:PowerSystemResource.DeviceType>33</iescim:PowerSystemResource.DeviceType>
</cim:ConnectivityNode>
<cim:ConnectivityNode rdf:ID="9288674231827179">
<iescim:PowerSystemResource.SubType>0</iescim:PowerSystemResource.SubType>
<iescim:PowerSystemResource.DeviceID>9288674231827179</iescim:PowerSystemResource.DeviceID>
<iescim:PowerSystemResource.DeviceType>33</iescim:PowerSystemResource.DeviceType>
</cim:ConnectivityNode>
<cim:ConnectivityNode rdf:ID="9288674246212582">
<iescim:PowerSystemResource.SubType>0</iescim:PowerSystemResource.SubType>
<iescim:PowerSystemResource.DeviceID>9288674246212582</iescim:PowerSystemResource.DeviceID>
<iescim:PowerSystemResource.DeviceType>33</iescim:PowerSystemResource.DeviceType>
</cim:ConnectivityNode>
<cim:ConnectivityNode rdf:ID="9288674248813279">
<iescim:PowerSystemResource.SubType>0</iescim:PowerSystemResource.SubType>
<iescim:PowerSystemResource.DeviceID>9288674248813279</iescim:PowerSystemResource.DeviceID>
<iescim:PowerSystemResource.DeviceType>33</iescim:PowerSystemResource.DeviceType>
</cim:ConnectivityNode>
<cim:Terminal rdf:ID="2909510">
<cim:Terminal.ConductingEquipment rdf:resource="#31100000_877898"/>
<cim:Terminal.ConnectivityNode rdf:resource="#9288674248813279"/>
</cim:Terminal>
<cim:Terminal rdf:ID="1165073">
<cim:Terminal.ConductingEquipment rdf:resource="#1165071"/>
<cim:Terminal.ConnectivityNode rdf:resource="#9288674231517823"/>
</cim:Terminal>
<cim:Terminal rdf:ID="1165074">
<cim:Terminal.ConductingEquipment rdf:resource="#1165071"/>
<cim:Terminal.ConnectivityNode rdf:resource="#9288674231597991"/>
</cim:Terminal>
<cim:Terminal rdf:ID="1165069">
<cim:Terminal.ConductingEquipment rdf:resource="#30500000_112612"/>
<cim:Terminal.ConnectivityNode rdf:resource="#9288674246212582"/>
</cim:Terminal>
<cim:Terminal rdf:ID="1165070">
<cim:Terminal.ConductingEquipment rdf:resource="#30500000_112612"/>
<cim:Terminal.ConnectivityNode rdf:resource="#9288674231517823"/>
</cim:Terminal>
<cim:Terminal rdf:ID="13000000_14826884_1">
<cim:Terminal.ConductingEquipment rdf:resource="#13000000_14826884"/>
<cim:Terminal.ConnectivityNode rdf:resource="#9288674231827162"/>
</cim:Terminal>
<cim:Terminal rdf:ID="13000000_14826884_2">
<cim:Terminal.ConductingEquipment rdf:resource="#13000000_14826884"/>
<cim:Terminal.ConnectivityNode rdf:resource="#9288674231475770"/>
</cim:Terminal>
<cim:Terminal rdf:ID="14000000_7150067_1">
<cim:Terminal.ConductingEquipment rdf:resource="#14000000_7150067"/>
<cim:Terminal.ConnectivityNode rdf:resource="#9288674231597991"/>
</cim:Terminal>
<cim:Terminal rdf:ID="14000000_7150067_2">
<cim:Terminal.ConductingEquipment rdf:resource="#14000000_7150067"/>
<cim:Terminal.ConnectivityNode rdf:resource="#9288674231827163"/>
</cim:Terminal>
<cim:Terminal rdf:ID="20100000_1192955_1">
<cim:Terminal.ConductingEquipment rdf:resource="#20100000_1192955"/>
<cim:Terminal.ConnectivityNode rdf:resource="#9288674231827163"/>
</cim:Terminal>
<cim:Terminal rdf:ID="20100000_1192955_2">
<cim:Terminal.ConductingEquipment rdf:resource="#20100000_1192955"/>
<cim:Terminal.ConnectivityNode rdf:resource="#9288674231827179"/>
</cim:Terminal>
<cim:Terminal rdf:ID="13000000_14827758_1">
<cim:Terminal.ConductingEquipment rdf:resource="#13000000_14827758"/>
<cim:Terminal.ConnectivityNode rdf:resource="#9288674231827179"/>
</cim:Terminal>
<cim:Terminal rdf:ID="13000000_14827758_2">
<cim:Terminal.ConductingEquipment rdf:resource="#13000000_14827758"/>
<cim:Terminal.ConnectivityNode rdf:resource="#9288674231827162"/>
</cim:Terminal>
<cim:Terminal rdf:ID="11100000_666161_1">
<cim:Terminal.ConductingEquipment rdf:resource="#11100000_666161"/>
<cim:Terminal.ConnectivityNode rdf:resource="#9288674231475770"/>
</cim:Terminal>
<cim:Terminal rdf:ID="11100000_666161_2">
<cim:Terminal.ConductingEquipment rdf:resource="#11100000_666161"/>
<cim:Terminal.ConnectivityNode rdf:resource="#9288674231519760"/>
</cim:Terminal>
<cim:Terminal rdf:ID="32000000_273368_1">
<cim:Terminal.ConductingEquipment rdf:resource="#32000000_273368"/>
<cim:Terminal.ConnectivityNode rdf:resource="#9288674231597991"/>
</cim:Terminal>
<cim:Terminal rdf:ID="20200000_1729863_1">
<cim:Terminal.ConductingEquipment rdf:resource="#20200000_1729863"/>
<cim:Terminal.ConnectivityNode rdf:resource="#9288674231827163"/>
</cim:Terminal>
<cim:Terminal rdf:ID="20200000_1730241_1">
<cim:Terminal.ConductingEquipment rdf:resource="#20200000_1730241"/>
<cim:Terminal.ConnectivityNode rdf:resource="#9288674231827179"/>
</cim:Terminal>
<cim:Terminal rdf:ID="10200001_11554644_1">
<cim:Terminal.ConductingEquipment rdf:resource="#10200001_11554644"/>
<cim:Terminal.ConnectivityNode rdf:resource="#9288674231827178"/>
</cim:Terminal>
<cim:Terminal rdf:ID="10200001_11556832_1">
<cim:Terminal.ConductingEquipment rdf:resource="#10200001_11556832"/>
<cim:Terminal.ConnectivityNode rdf:resource="#9288674231827162"/>
</cim:Terminal>
<cim:Terminal rdf:ID="437868">
<cim:Terminal.ConductingEquipment rdf:resource="#31100000_88960"/>
<cim:Terminal.ConnectivityNode rdf:resource="#9288674231453252"/>
</cim:Terminal>
<cim:Terminal rdf:ID="439361">
<cim:Terminal.ConductingEquipment rdf:resource="#31100000_88890"/>
<cim:Terminal.ConnectivityNode rdf:resource="#9288674231453272"/>
</cim:Terminal>
<cim:Terminal rdf:ID="1164128">
<cim:Terminal.ConductingEquipment rdf:resource="#31100000_90036"/>
<cim:Terminal.ConnectivityNode rdf:resource="#9288674246212582"/>
</cim:Terminal>
<cim:Terminal rdf:ID="1165077">
<cim:Terminal.ConductingEquipment rdf:resource="#30600001_185554"/>
<cim:Terminal.ConnectivityNode rdf:resource="#9288674231597991"/>
</cim:Terminal>
</rdf:RDF>
