<?xml version="1.0" encoding="UTF-8"?>

<rdf:RDF xmlns:rdf="http://www.w3.org/1999/02/22-rdf-syntax-ns#" xmlns:cim="http://www.sgcc.com.cn/SG-CIM/2010MAY#" xmlns:iescim="http://www.ieslab.com.cn">

<cim:BaseVoltage rdf:ID="BaseVoltage_5">
<cim:IdentifiedObject.name>10kV</cim:IdentifiedObject.name>
<cim:BaseVoltage.isDC>false</cim:BaseVoltage.isDC>
<cim:BaseVoltage.nominalVoltage>10.00</cim:BaseVoltage.nominalVoltage>
<iescim:PowerSystemResource.DeviceID>5</iescim:PowerSystemResource.DeviceID>
</cim:BaseVoltage>
<cim:SubGeographicalRegion rdf:ID="8a0f688f46db11f00146db1368011028">
<cim:IdentifiedObject.name>国网霞浦县供电公司</cim:IdentifiedObject.name>
<cim:SubGeographicalRegion.Region rdf:resource="#_"/>
</cim:SubGeographicalRegion>
<cim:Circuit rdf:ID="10000100_41867">
<cim:IdentifiedObject.name>10kV台水Ⅱ回922线路</cim:IdentifiedObject.name>
<cim:Circuit.BelongtoHVSubstation rdf:resource="#30000000_75165"/>
<cim:PowerSystemResource.SubGeographicalRegion rdf:resource="#8a0f688f46db11f00146db1368011028"/>
<cim:iscurrentfeeder>1</cim:iscurrentfeeder>
</cim:Circuit>
<cim:Substation rdf:ID="30000000_75165">
<cim:IdentifiedObject.name>霞浦陇头变电站</cim:IdentifiedObject.name>
<iescim:PowerSystemResource.DeviceType>13</iescim:PowerSystemResource.DeviceType>
<iescim:PowerSystemResource.SubType>1</iescim:PowerSystemResource.SubType>
<cim:PowerSystemResource.PSRType rdf:resource="#30000000"/>
<iescim:PowerSystemResource.DeviceID>3659174697242503</iescim:PowerSystemResource.DeviceID>
<cim:PowerSystemResource.SubGeographicalRegion rdf:resource="#8a0f688f46db11f00146db1368011028"/>
</cim:Substation>
<cim:Substation rdf:ID="30000006_5065766">
<cim:IdentifiedObject.name>霞浦县鑫港建设有限公司箱式变</cim:IdentifiedObject.name>
<iescim:PowerSystemResource.DeviceType>153</iescim:PowerSystemResource.DeviceType>
<iescim:PowerSystemResource.SubType>18</iescim:PowerSystemResource.SubType>
<cim:PowerSystemResource.PSRType rdf:resource="#30000006"/>
<iescim:PowerSystemResource.DeviceID>43065671436819477</iescim:PowerSystemResource.DeviceID>
<cim:PowerSystemResource.SubGeographicalRegion rdf:resource="#8a0f688f46db11f00146db1368011028"/>
</cim:Substation>
<cim:Substation rdf:ID="30000006_1500104284">
<cim:IdentifiedObject.name>福建省国资冷链物流有限公司配电室</cim:IdentifiedObject.name>
<iescim:PowerSystemResource.DeviceType>153</iescim:PowerSystemResource.DeviceType>
<iescim:PowerSystemResource.SubType>18</iescim:PowerSystemResource.SubType>
<cim:PowerSystemResource.PSRType rdf:resource="#30000006"/>
<iescim:PowerSystemResource.DeviceID>43065671436819478</iescim:PowerSystemResource.DeviceID>
<cim:PowerSystemResource.SubGeographicalRegion rdf:resource="#8a0f688f46db11f00146db1368011028"/>
</cim:Substation>
<cim:Breaker rdf:ID="30500000_1711115">
<cim:IdentifiedObject.name>霞浦陇头变电站.10kV.台水Ⅱ回间隔.922开关</cim:IdentifiedObject.name>
<cim:IdentifiedObject.bianhao>_</cim:IdentifiedObject.bianhao>
<cim:Equipment.EquipmentContainer rdf:resource="#30000000_75165"/>
<cim:PowerSystemResource.Circuit rdf:resource="#10000100_41867" />
<cim:ConductingEquipment.BaseVoltage rdf:resource="#BaseVoltage_5"/>
<iescim:PowerSystemResource.SubType>1</iescim:PowerSystemResource.SubType>
<iescim:PowerSystemResource.DeviceID>4503599627483607</iescim:PowerSystemResource.DeviceID>
<iescim:PowerSystemResource.DeviceType>16</iescim:PowerSystemResource.DeviceType>
<iescim:PowerSystemResource.Cxmc></iescim:PowerSystemResource.Cxmc>
</cim:Breaker>
<cim:Breaker rdf:ID="11100000_839830">
<cim:IdentifiedObject.name>10kV台水Ⅱ回#003杆K003开关</cim:IdentifiedObject.name>
<cim:IdentifiedObject.bianhao>K003</cim:IdentifiedObject.bianhao>
<cim:PowerSystemResource.Circuit rdf:resource="#10000100_41867" />
<cim:ConductingEquipment.BaseVoltage rdf:resource="#BaseVoltage_5"/>
<iescim:PowerSystemResource.SubType>2</iescim:PowerSystemResource.SubType>
<iescim:PowerSystemResource.DeviceID>4503599627483625</iescim:PowerSystemResource.DeviceID>
<iescim:PowerSystemResource.DeviceType>16</iescim:PowerSystemResource.DeviceType>
<iescim:PowerSystemResource.Cxmc></iescim:PowerSystemResource.Cxmc>
</cim:Breaker>
<cim:Breaker rdf:ID="30500000_2157682">
<cim:IdentifiedObject.name>10kV霞浦县鑫港建设有限公司箱式变台水Ⅱ回901开关</cim:IdentifiedObject.name>
<cim:IdentifiedObject.bianhao>901</cim:IdentifiedObject.bianhao>
<cim:Equipment.EquipmentContainer rdf:resource="#30000006_5065766"/>
<cim:PowerSystemResource.Circuit rdf:resource="#10000100_41867" />
<cim:ConductingEquipment.BaseVoltage rdf:resource="#BaseVoltage_5"/>
<iescim:PowerSystemResource.SubType>1</iescim:PowerSystemResource.SubType>
<iescim:PowerSystemResource.DeviceID>4503599627485999</iescim:PowerSystemResource.DeviceID>
<iescim:PowerSystemResource.DeviceType>16</iescim:PowerSystemResource.DeviceType>
<iescim:PowerSystemResource.Cxmc></iescim:PowerSystemResource.Cxmc>
</cim:Breaker>
<cim:Breaker rdf:ID="11100000_843868">
<cim:IdentifiedObject.name>10kV台水Ⅱ回#010-2杆K010-2开关</cim:IdentifiedObject.name>
<cim:IdentifiedObject.bianhao>K010-2</cim:IdentifiedObject.bianhao>
<cim:PowerSystemResource.Circuit rdf:resource="#10000100_41867" />
<cim:ConductingEquipment.BaseVoltage rdf:resource="#BaseVoltage_5"/>
<iescim:PowerSystemResource.SubType>2</iescim:PowerSystemResource.SubType>
<iescim:PowerSystemResource.DeviceID>4503599627486000</iescim:PowerSystemResource.DeviceID>
<iescim:PowerSystemResource.DeviceType>16</iescim:PowerSystemResource.DeviceType>
<iescim:PowerSystemResource.Cxmc></iescim:PowerSystemResource.Cxmc>
</cim:Breaker>
<cim:Breaker rdf:ID="30500000_1500210796">
<cim:IdentifiedObject.name>10kV福建省国资冷链物流有限公司配电室#2912开关开关</cim:IdentifiedObject.name>
<cim:IdentifiedObject.bianhao>912</cim:IdentifiedObject.bianhao>
<cim:Equipment.EquipmentContainer rdf:resource="#30000006_1500104284"/>
<cim:PowerSystemResource.Circuit rdf:resource="#10000100_41867" />
<cim:ConductingEquipment.BaseVoltage rdf:resource="#BaseVoltage_5"/>
<iescim:PowerSystemResource.SubType>5</iescim:PowerSystemResource.SubType>
<iescim:PowerSystemResource.DeviceID>4503599627575803</iescim:PowerSystemResource.DeviceID>
<iescim:PowerSystemResource.DeviceType>16</iescim:PowerSystemResource.DeviceType>
<iescim:PowerSystemResource.Cxmc></iescim:PowerSystemResource.Cxmc>
</cim:Breaker>
<cim:Breaker rdf:ID="30500000_1500106340">
<cim:IdentifiedObject.name>10kV福建省国资冷链物流有限公司配电室901901开关开关</cim:IdentifiedObject.name>
<cim:IdentifiedObject.bianhao>901</cim:IdentifiedObject.bianhao>
<cim:Equipment.EquipmentContainer rdf:resource="#30000006_1500104284"/>
<cim:PowerSystemResource.Circuit rdf:resource="#10000100_41867" />
<cim:ConductingEquipment.BaseVoltage rdf:resource="#BaseVoltage_5"/>
<iescim:PowerSystemResource.SubType>1</iescim:PowerSystemResource.SubType>
<iescim:PowerSystemResource.DeviceID>4503599627575804</iescim:PowerSystemResource.DeviceID>
<iescim:PowerSystemResource.DeviceType>16</iescim:PowerSystemResource.DeviceType>
<iescim:PowerSystemResource.Cxmc></iescim:PowerSystemResource.Cxmc>
</cim:Breaker>
<cim:Breaker rdf:ID="11100000_1500101095">
<cim:IdentifiedObject.name>10kV台水Ⅱ回#010甲杆K010甲开关</cim:IdentifiedObject.name>
<cim:IdentifiedObject.bianhao>K010甲</cim:IdentifiedObject.bianhao>
<cim:PowerSystemResource.Circuit rdf:resource="#10000100_41867" />
<cim:ConductingEquipment.BaseVoltage rdf:resource="#BaseVoltage_5"/>
<iescim:PowerSystemResource.SubType>2</iescim:PowerSystemResource.SubType>
<iescim:PowerSystemResource.DeviceID>4503599627575806</iescim:PowerSystemResource.DeviceID>
<iescim:PowerSystemResource.DeviceType>16</iescim:PowerSystemResource.DeviceType>
<iescim:PowerSystemResource.Cxmc></iescim:PowerSystemResource.Cxmc>
</cim:Breaker>
<cim:Breaker rdf:ID="30500000_1500212059">
<cim:IdentifiedObject.name>10kV福建省国资冷链物流有限公司配电室#1911开关开关</cim:IdentifiedObject.name>
<cim:IdentifiedObject.bianhao>911</cim:IdentifiedObject.bianhao>
<cim:Equipment.EquipmentContainer rdf:resource="#30000006_1500104284"/>
<cim:PowerSystemResource.Circuit rdf:resource="#10000100_41867" />
<cim:ConductingEquipment.BaseVoltage rdf:resource="#BaseVoltage_5"/>
<iescim:PowerSystemResource.SubType>5</iescim:PowerSystemResource.SubType>
<iescim:PowerSystemResource.DeviceID>4503599627576055</iescim:PowerSystemResource.DeviceID>
<iescim:PowerSystemResource.DeviceType>16</iescim:PowerSystemResource.DeviceType>
<iescim:PowerSystemResource.Cxmc></iescim:PowerSystemResource.Cxmc>
</cim:Breaker>
<cim:Disconnector rdf:ID="2893451">
<cim:IdentifiedObject.name>霞浦陇头变电站.10kV.台水Ⅱ回间隔.922手车刀闸</cim:IdentifiedObject.name>
<cim:IdentifiedObject.bianhao>_</cim:IdentifiedObject.bianhao>
<cim:Equipment.EquipmentContainer rdf:resource="#30000000_75165"/>
<cim:PowerSystemResource.Circuit rdf:resource="#10000100_41867" />
<cim:ConductingEquipment.BaseVoltage rdf:resource="#BaseVoltage_5"/>
<iescim:PowerSystemResource.SubType>5</iescim:PowerSystemResource.SubType>
<iescim:PowerSystemResource.DeviceID>4785074604191583</iescim:PowerSystemResource.DeviceID>
<iescim:PowerSystemResource.DeviceType>17</iescim:PowerSystemResource.DeviceType>
<iescim:PowerSystemResource.Cxmc></iescim:PowerSystemResource.Cxmc>
</cim:Disconnector>
<cim:Disconnector rdf:ID="2893455">
<cim:IdentifiedObject.name>霞浦陇头变电站.10kV.台水Ⅱ回间隔.9226接地刀闸</cim:IdentifiedObject.name>
<cim:IdentifiedObject.bianhao>_</cim:IdentifiedObject.bianhao>
<cim:Equipment.EquipmentContainer rdf:resource="#30000000_75165"/>
<cim:PowerSystemResource.Circuit rdf:resource="#10000100_41867" />
<cim:ConductingEquipment.BaseVoltage rdf:resource="#BaseVoltage_5"/>
<iescim:PowerSystemResource.SubType>9</iescim:PowerSystemResource.SubType>
<iescim:PowerSystemResource.DeviceID>4785074604199349</iescim:PowerSystemResource.DeviceID>
<iescim:PowerSystemResource.DeviceType>17</iescim:PowerSystemResource.DeviceType>
<iescim:PowerSystemResource.Cxmc></iescim:PowerSystemResource.Cxmc>
</cim:Disconnector>
<cim:Disconnector rdf:ID="11300000_3607234">
<cim:IdentifiedObject.name>10kV台水Ⅱ回#003杆G003刀闸</cim:IdentifiedObject.name>
<cim:IdentifiedObject.bianhao>G003</cim:IdentifiedObject.bianhao>
<cim:PowerSystemResource.Circuit rdf:resource="#10000100_41867" />
<cim:ConductingEquipment.BaseVoltage rdf:resource="#BaseVoltage_5"/>
<iescim:PowerSystemResource.SubType>6</iescim:PowerSystemResource.SubType>
<iescim:PowerSystemResource.DeviceID>4785074604249650</iescim:PowerSystemResource.DeviceID>
<iescim:PowerSystemResource.DeviceType>17</iescim:PowerSystemResource.DeviceType>
<iescim:PowerSystemResource.Cxmc></iescim:PowerSystemResource.Cxmc>
</cim:Disconnector>
<cim:Disconnector rdf:ID="11300000_3618830">
<cim:IdentifiedObject.name>10kV台水Ⅱ回#010-1杆G010-1刀闸</cim:IdentifiedObject.name>
<cim:IdentifiedObject.bianhao>G010-1</cim:IdentifiedObject.bianhao>
<cim:PowerSystemResource.Circuit rdf:resource="#10000100_41867" />
<cim:ConductingEquipment.BaseVoltage rdf:resource="#BaseVoltage_5"/>
<iescim:PowerSystemResource.SubType>6</iescim:PowerSystemResource.SubType>
<iescim:PowerSystemResource.DeviceID>4785074604252023</iescim:PowerSystemResource.DeviceID>
<iescim:PowerSystemResource.DeviceType>17</iescim:PowerSystemResource.DeviceType>
<iescim:PowerSystemResource.Cxmc></iescim:PowerSystemResource.Cxmc>
</cim:Disconnector>
<cim:Disconnector rdf:ID="11300000_1500105618">
<cim:IdentifiedObject.name>10kV台水Ⅱ回#010甲杆G010甲刀闸</cim:IdentifiedObject.name>
<cim:IdentifiedObject.bianhao>G010甲</cim:IdentifiedObject.bianhao>
<cim:PowerSystemResource.Circuit rdf:resource="#10000100_41867" />
<cim:ConductingEquipment.BaseVoltage rdf:resource="#BaseVoltage_5"/>
<iescim:PowerSystemResource.SubType>6</iescim:PowerSystemResource.SubType>
<iescim:PowerSystemResource.DeviceID>4785074604277326</iescim:PowerSystemResource.DeviceID>
<iescim:PowerSystemResource.DeviceType>17</iescim:PowerSystemResource.DeviceType>
<iescim:PowerSystemResource.Cxmc></iescim:PowerSystemResource.Cxmc>
</cim:Disconnector>
<cim:Disconnector rdf:ID="11300000_1500104004">
<cim:IdentifiedObject.name>10kV台水Ⅱ回#010甲-5杆G010甲-5刀闸</cim:IdentifiedObject.name>
<cim:IdentifiedObject.bianhao>G010甲-5</cim:IdentifiedObject.bianhao>
<cim:PowerSystemResource.Circuit rdf:resource="#10000100_41867" />
<cim:ConductingEquipment.BaseVoltage rdf:resource="#BaseVoltage_5"/>
<iescim:PowerSystemResource.SubType>6</iescim:PowerSystemResource.SubType>
<iescim:PowerSystemResource.DeviceID>4785074604277327</iescim:PowerSystemResource.DeviceID>
<iescim:PowerSystemResource.DeviceType>17</iescim:PowerSystemResource.DeviceType>
<iescim:PowerSystemResource.Cxmc></iescim:PowerSystemResource.Cxmc>
</cim:Disconnector>
<cim:Disconnector rdf:ID="11300000_1524465314">
<cim:IdentifiedObject.name>10kV台水Ⅱ回#008杆M1刀闸</cim:IdentifiedObject.name>
<cim:IdentifiedObject.bianhao>M1</cim:IdentifiedObject.bianhao>
<cim:PowerSystemResource.Circuit rdf:resource="#10000100_41867" />
<cim:ConductingEquipment.BaseVoltage rdf:resource="#BaseVoltage_5"/>
<iescim:PowerSystemResource.SubType>6</iescim:PowerSystemResource.SubType>
<iescim:PowerSystemResource.DeviceID>4785074604303452</iescim:PowerSystemResource.DeviceID>
<iescim:PowerSystemResource.DeviceType>17</iescim:PowerSystemResource.DeviceType>
<iescim:PowerSystemResource.Cxmc></iescim:PowerSystemResource.Cxmc>
</cim:Disconnector>
<cim:Fuse rdf:ID="11500000_1524454898">
<cim:IdentifiedObject.name>10kV台水Ⅱ回#008杆M2跌落式熔断器</cim:IdentifiedObject.name>
<cim:IdentifiedObject.bianhao>M2</cim:IdentifiedObject.bianhao>
<cim:PowerSystemResource.Circuit rdf:resource="#10000100_41867" />
<cim:ConductingEquipment.BaseVoltage rdf:resource="#BaseVoltage_5"/>
<iescim:PowerSystemResource.SubType>1</iescim:PowerSystemResource.SubType>
<iescim:PowerSystemResource.DeviceID>8162774324831323</iescim:PowerSystemResource.DeviceID>
<iescim:PowerSystemResource.DeviceType>29</iescim:PowerSystemResource.DeviceType>
<iescim:PowerSystemResource.Cxmc></iescim:PowerSystemResource.Cxmc>
</cim:Fuse>
<cim:PowerTransformer rdf:ID="30200002_1444775">
<cim:IdentifiedObject.name>霞浦县鑫港建设有限公司专变</cim:IdentifiedObject.name>
<cim:IdentifiedObject.bianhao></cim:IdentifiedObject.bianhao>
<cim:Equipment.EquipmentContainer rdf:resource="#30000006_5065766"/>
<cim:PowerSystemResource.Circuit rdf:resource="#10000100_41867" />
<cim:ConductingEquipment.BaseVoltage rdf:resource="#BaseVoltage_5"/>
<iescim:PowerSystemResource.SubType>1</iescim:PowerSystemResource.SubType>
<iescim:PowerSystemResource.DeviceID>12384898975304024</iescim:PowerSystemResource.DeviceID>
<iescim:PowerSystemResource.DeviceType>44</iescim:PowerSystemResource.DeviceType>
<iescim:PowerSystemResource.UserType>0</iescim:PowerSystemResource.UserType>
<iescim:PowerSystemResource.TaiQuHao>_</iescim:PowerSystemResource.TaiQuHao>
</cim:PowerTransformer>
<cim:PowerTransformer rdf:ID="30200003_1500207421">
<cim:IdentifiedObject.name>福建省国资冷链物流有限公司#2专变</cim:IdentifiedObject.name>
<cim:IdentifiedObject.bianhao></cim:IdentifiedObject.bianhao>
<cim:Equipment.EquipmentContainer rdf:resource="#30000006_1500104284"/>
<cim:PowerSystemResource.Circuit rdf:resource="#10000100_41867" />
<cim:ConductingEquipment.BaseVoltage rdf:resource="#BaseVoltage_5"/>
<iescim:PowerSystemResource.SubType>1</iescim:PowerSystemResource.SubType>
<iescim:PowerSystemResource.DeviceID>12384898975308759</iescim:PowerSystemResource.DeviceID>
<iescim:PowerSystemResource.DeviceType>44</iescim:PowerSystemResource.DeviceType>
<iescim:PowerSystemResource.UserType>0</iescim:PowerSystemResource.UserType>
<iescim:PowerSystemResource.TaiQuHao>_</iescim:PowerSystemResource.TaiQuHao>
</cim:PowerTransformer>
<cim:PowerTransformer rdf:ID="30200003_1500207433">
<cim:IdentifiedObject.name>福建省国资冷链物流有限公司#1专变</cim:IdentifiedObject.name>
<cim:IdentifiedObject.bianhao></cim:IdentifiedObject.bianhao>
<cim:Equipment.EquipmentContainer rdf:resource="#30000006_1500104284"/>
<cim:PowerSystemResource.Circuit rdf:resource="#10000100_41867" />
<cim:ConductingEquipment.BaseVoltage rdf:resource="#BaseVoltage_5"/>
<iescim:PowerSystemResource.SubType>1</iescim:PowerSystemResource.SubType>
<iescim:PowerSystemResource.DeviceID>12384898975308778</iescim:PowerSystemResource.DeviceID>
<iescim:PowerSystemResource.DeviceType>44</iescim:PowerSystemResource.DeviceType>
<iescim:PowerSystemResource.UserType>0</iescim:PowerSystemResource.UserType>
<iescim:PowerSystemResource.TaiQuHao>_</iescim:PowerSystemResource.TaiQuHao>
</cim:PowerTransformer>
<cim:PowerTransformer rdf:ID="11000000_1524362768">
<cim:IdentifiedObject.name>10kV台水Ⅱ回#008杆陇头新村#2公变</cim:IdentifiedObject.name>
<cim:IdentifiedObject.bianhao></cim:IdentifiedObject.bianhao>
<cim:PowerSystemResource.Circuit rdf:resource="#10000100_41867" />
<cim:ConductingEquipment.BaseVoltage rdf:resource="#BaseVoltage_5"/>
<iescim:PowerSystemResource.SubType>1</iescim:PowerSystemResource.SubType>
<iescim:PowerSystemResource.DeviceID>12384898975312597</iescim:PowerSystemResource.DeviceID>
<iescim:PowerSystemResource.DeviceType>44</iescim:PowerSystemResource.DeviceType>
<iescim:PowerSystemResource.UserType>0</iescim:PowerSystemResource.UserType>
<iescim:PowerSystemResource.TaiQuHao>_</iescim:PowerSystemResource.TaiQuHao>
</cim:PowerTransformer>
<cim:BusbarSection rdf:ID="31100000_90322">
<cim:IdentifiedObject.name>霞浦陇头变电站.10kV.Ⅰ段母线</cim:IdentifiedObject.name>
<cim:IdentifiedObject.bianhao></cim:IdentifiedObject.bianhao>
<cim:Equipment.EquipmentContainer rdf:resource="#30000000_75165"/>
<cim:PowerSystemResource.Circuit rdf:resource="#_" />
<cim:ConductingEquipment.BaseVoltage rdf:resource="#BaseVoltage_5"/>
<iescim:PowerSystemResource.SubType>0</iescim:PowerSystemResource.SubType>
<iescim:PowerSystemResource.DeviceID>5348024557508317</iescim:PowerSystemResource.DeviceID>
<iescim:PowerSystemResource.DeviceType>19</iescim:PowerSystemResource.DeviceType>
</cim:BusbarSection>
<cim:BusbarSection rdf:ID="31100000_868117">
<cim:IdentifiedObject.name>霞浦陇头变电站.10kV.Ⅱ段母线</cim:IdentifiedObject.name>
<cim:IdentifiedObject.bianhao></cim:IdentifiedObject.bianhao>
<cim:Equipment.EquipmentContainer rdf:resource="#30000000_75165"/>
<cim:PowerSystemResource.Circuit rdf:resource="#_" />
<cim:ConductingEquipment.BaseVoltage rdf:resource="#BaseVoltage_5"/>
<iescim:PowerSystemResource.SubType>0</iescim:PowerSystemResource.SubType>
<iescim:PowerSystemResource.DeviceID>5348024557512835</iescim:PowerSystemResource.DeviceID>
<iescim:PowerSystemResource.DeviceType>19</iescim:PowerSystemResource.DeviceType>
</cim:BusbarSection>
<cim:BusbarSection rdf:ID="31100000_868190">
<cim:IdentifiedObject.name>霞浦陇头变电站.10kV.Ⅲ段母线</cim:IdentifiedObject.name>
<cim:IdentifiedObject.bianhao></cim:IdentifiedObject.bianhao>
<cim:Equipment.EquipmentContainer rdf:resource="#30000000_75165"/>
<cim:PowerSystemResource.Circuit rdf:resource="#_" />
<cim:ConductingEquipment.BaseVoltage rdf:resource="#BaseVoltage_5"/>
<iescim:PowerSystemResource.SubType>0</iescim:PowerSystemResource.SubType>
<iescim:PowerSystemResource.DeviceID>5348024557515612</iescim:PowerSystemResource.DeviceID>
<iescim:PowerSystemResource.DeviceType>19</iescim:PowerSystemResource.DeviceType>
</cim:BusbarSection>
<cim:BusbarSection rdf:ID="31100000_1130262">
<cim:IdentifiedObject.name>10kV霞浦县鑫港建设有限公司箱式变母线</cim:IdentifiedObject.name>
<cim:IdentifiedObject.bianhao></cim:IdentifiedObject.bianhao>
<cim:Equipment.EquipmentContainer rdf:resource="#30000006_5065766"/>
<cim:PowerSystemResource.Circuit rdf:resource="#10000100_41867" />
<cim:ConductingEquipment.BaseVoltage rdf:resource="#BaseVoltage_5"/>
<iescim:PowerSystemResource.SubType>0</iescim:PowerSystemResource.SubType>
<iescim:PowerSystemResource.DeviceID>5348024557540241</iescim:PowerSystemResource.DeviceID>
<iescim:PowerSystemResource.DeviceType>19</iescim:PowerSystemResource.DeviceType>
</cim:BusbarSection>
<cim:BusbarSection rdf:ID="31100000_1501704026">
<cim:IdentifiedObject.name>10kV福建省国资冷链物流有限公司配电室10kVI段母线</cim:IdentifiedObject.name>
<cim:IdentifiedObject.bianhao></cim:IdentifiedObject.bianhao>
<cim:Equipment.EquipmentContainer rdf:resource="#30000006_1500104284"/>
<cim:PowerSystemResource.Circuit rdf:resource="#10000100_41867" />
<cim:ConductingEquipment.BaseVoltage rdf:resource="#BaseVoltage_5"/>
<iescim:PowerSystemResource.SubType>0</iescim:PowerSystemResource.SubType>
<iescim:PowerSystemResource.DeviceID>5348024557548774</iescim:PowerSystemResource.DeviceID>
<iescim:PowerSystemResource.DeviceType>19</iescim:PowerSystemResource.DeviceType>
</cim:BusbarSection>
<cim:ACLineSegment rdf:ID="20100000_1518782">
<cim:IdentifiedObject.name>110kV陇头变台水Ⅱ回922线路-电缆终端头2293143</cim:IdentifiedObject.name>
<cim:IdentifiedObject.bianhao></cim:IdentifiedObject.bianhao>
<cim:PowerSystemResource.Circuit rdf:resource="#10000100_41867" />
<cim:ConductingEquipment.BaseVoltage rdf:resource="#BaseVoltage_5"/>
<iescim:PowerSystemResource.SubType>1</iescim:PowerSystemResource.SubType>
<iescim:PowerSystemResource.DeviceID>5629499536269928</iescim:PowerSystemResource.DeviceID>
<iescim:PowerSystemResource.DeviceType>20</iescim:PowerSystemResource.DeviceType>
</cim:ACLineSegment>
<cim:ACLineSegment rdf:ID="14000000_7586198">
<cim:IdentifiedObject.name>站外-超连接线</cim:IdentifiedObject.name>
<cim:IdentifiedObject.bianhao></cim:IdentifiedObject.bianhao>
<cim:PowerSystemResource.Circuit rdf:resource="#10000100_41867" />
<cim:ConductingEquipment.BaseVoltage rdf:resource="#BaseVoltage_5"/>
<iescim:PowerSystemResource.SubType>3</iescim:PowerSystemResource.SubType>
<iescim:PowerSystemResource.DeviceID>5629499536269929</iescim:PowerSystemResource.DeviceID>
<iescim:PowerSystemResource.DeviceType>20</iescim:PowerSystemResource.DeviceType>
</cim:ACLineSegment>
<cim:ACLineSegment rdf:ID="13000000_16470406">
<cim:IdentifiedObject.name>-连接线-</cim:IdentifiedObject.name>
<cim:IdentifiedObject.bianhao></cim:IdentifiedObject.bianhao>
<cim:PowerSystemResource.Circuit rdf:resource="#10000100_41867" />
<cim:ConductingEquipment.BaseVoltage rdf:resource="#BaseVoltage_5"/>
<iescim:PowerSystemResource.SubType>3</iescim:PowerSystemResource.SubType>
<iescim:PowerSystemResource.DeviceID>5629499536269930</iescim:PowerSystemResource.DeviceID>
<iescim:PowerSystemResource.DeviceType>20</iescim:PowerSystemResource.DeviceType>
</cim:ACLineSegment>
<cim:ACLineSegment rdf:ID="13000000_16470402">
<cim:IdentifiedObject.name>站外-连接线</cim:IdentifiedObject.name>
<cim:IdentifiedObject.bianhao></cim:IdentifiedObject.bianhao>
<cim:PowerSystemResource.Circuit rdf:resource="#10000100_41867" />
<cim:ConductingEquipment.BaseVoltage rdf:resource="#BaseVoltage_5"/>
<iescim:PowerSystemResource.SubType>3</iescim:PowerSystemResource.SubType>
<iescim:PowerSystemResource.DeviceID>5629499536269931</iescim:PowerSystemResource.DeviceID>
<iescim:PowerSystemResource.DeviceType>20</iescim:PowerSystemResource.DeviceType>
</cim:ACLineSegment>
<cim:ACLineSegment rdf:ID="10100000_12781707">
<cim:IdentifiedObject.name>10kV台水Ⅱ回#001杆-10kV台水Ⅱ回#002杆导线</cim:IdentifiedObject.name>
<cim:IdentifiedObject.bianhao></cim:IdentifiedObject.bianhao>
<cim:PowerSystemResource.Circuit rdf:resource="#10000100_41867" />
<cim:ConductingEquipment.BaseVoltage rdf:resource="#BaseVoltage_5"/>
<iescim:PowerSystemResource.SubType>2</iescim:PowerSystemResource.SubType>
<iescim:PowerSystemResource.DeviceID>5629499536269932</iescim:PowerSystemResource.DeviceID>
<iescim:PowerSystemResource.DeviceType>20</iescim:PowerSystemResource.DeviceType>
</cim:ACLineSegment>
<cim:ACLineSegment rdf:ID="36000000_22700153">
<cim:IdentifiedObject.name>站内-连接线</cim:IdentifiedObject.name>
<cim:IdentifiedObject.bianhao></cim:IdentifiedObject.bianhao>
<cim:Equipment.EquipmentContainer rdf:resource="#30000006_5065766"/>
<cim:PowerSystemResource.Circuit rdf:resource="#10000100_41867" />
<cim:ConductingEquipment.BaseVoltage rdf:resource="#BaseVoltage_5"/>
<iescim:PowerSystemResource.SubType>1</iescim:PowerSystemResource.SubType>
<iescim:PowerSystemResource.DeviceID>5629499536297740</iescim:PowerSystemResource.DeviceID>
<iescim:PowerSystemResource.DeviceType>20</iescim:PowerSystemResource.DeviceType>
</cim:ACLineSegment>
<cim:ACLineSegment rdf:ID="20100000_1524775">
<cim:IdentifiedObject.name>10kV台水Ⅱ回#010-2电缆</cim:IdentifiedObject.name>
<cim:IdentifiedObject.bianhao></cim:IdentifiedObject.bianhao>
<cim:PowerSystemResource.Circuit rdf:resource="#10000100_41867" />
<cim:ConductingEquipment.BaseVoltage rdf:resource="#BaseVoltage_5"/>
<iescim:PowerSystemResource.SubType>1</iescim:PowerSystemResource.SubType>
<iescim:PowerSystemResource.DeviceID>5629499536297743</iescim:PowerSystemResource.DeviceID>
<iescim:PowerSystemResource.DeviceType>20</iescim:PowerSystemResource.DeviceType>
</cim:ACLineSegment>
<cim:ACLineSegment rdf:ID="14000000_7594883">
<cim:IdentifiedObject.name>站外-超连接线</cim:IdentifiedObject.name>
<cim:IdentifiedObject.bianhao></cim:IdentifiedObject.bianhao>
<cim:PowerSystemResource.Circuit rdf:resource="#10000100_41867" />
<cim:ConductingEquipment.BaseVoltage rdf:resource="#BaseVoltage_5"/>
<iescim:PowerSystemResource.SubType>3</iescim:PowerSystemResource.SubType>
<iescim:PowerSystemResource.DeviceID>5629499536297744</iescim:PowerSystemResource.DeviceID>
<iescim:PowerSystemResource.DeviceType>20</iescim:PowerSystemResource.DeviceType>
</cim:ACLineSegment>
<cim:ACLineSegment rdf:ID="13000000_16502171">
<cim:IdentifiedObject.name>10kV台水Ⅱ回#010-2杆-电缆终端头2303566</cim:IdentifiedObject.name>
<cim:IdentifiedObject.bianhao></cim:IdentifiedObject.bianhao>
<cim:PowerSystemResource.Circuit rdf:resource="#10000100_41867" />
<cim:ConductingEquipment.BaseVoltage rdf:resource="#BaseVoltage_5"/>
<iescim:PowerSystemResource.SubType>3</iescim:PowerSystemResource.SubType>
<iescim:PowerSystemResource.DeviceID>5629499536297745</iescim:PowerSystemResource.DeviceID>
<iescim:PowerSystemResource.DeviceType>20</iescim:PowerSystemResource.DeviceType>
</cim:ACLineSegment>
<cim:ACLineSegment rdf:ID="13000000_16501885">
<cim:IdentifiedObject.name>-连接线-</cim:IdentifiedObject.name>
<cim:IdentifiedObject.bianhao></cim:IdentifiedObject.bianhao>
<cim:PowerSystemResource.Circuit rdf:resource="#10000100_41867" />
<cim:ConductingEquipment.BaseVoltage rdf:resource="#BaseVoltage_5"/>
<iescim:PowerSystemResource.SubType>3</iescim:PowerSystemResource.SubType>
<iescim:PowerSystemResource.DeviceID>5629499536297746</iescim:PowerSystemResource.DeviceID>
<iescim:PowerSystemResource.DeviceType>20</iescim:PowerSystemResource.DeviceType>
</cim:ACLineSegment>
<cim:ACLineSegment rdf:ID="13000000_16501883">
<cim:IdentifiedObject.name>-连接线-</cim:IdentifiedObject.name>
<cim:IdentifiedObject.bianhao></cim:IdentifiedObject.bianhao>
<cim:PowerSystemResource.Circuit rdf:resource="#10000100_41867" />
<cim:ConductingEquipment.BaseVoltage rdf:resource="#BaseVoltage_5"/>
<iescim:PowerSystemResource.SubType>3</iescim:PowerSystemResource.SubType>
<iescim:PowerSystemResource.DeviceID>5629499536297747</iescim:PowerSystemResource.DeviceID>
<iescim:PowerSystemResource.DeviceType>20</iescim:PowerSystemResource.DeviceType>
</cim:ACLineSegment>
<cim:ACLineSegment rdf:ID="13000000_16470407">
<cim:IdentifiedObject.name>-连接线-</cim:IdentifiedObject.name>
<cim:IdentifiedObject.bianhao></cim:IdentifiedObject.bianhao>
<cim:PowerSystemResource.Circuit rdf:resource="#10000100_41867" />
<cim:ConductingEquipment.BaseVoltage rdf:resource="#BaseVoltage_5"/>
<iescim:PowerSystemResource.SubType>3</iescim:PowerSystemResource.SubType>
<iescim:PowerSystemResource.DeviceID>5629499536297748</iescim:PowerSystemResource.DeviceID>
<iescim:PowerSystemResource.DeviceType>20</iescim:PowerSystemResource.DeviceType>
</cim:ACLineSegment>
<cim:ACLineSegment rdf:ID="10100000_12803179">
<cim:IdentifiedObject.name>10kV台水Ⅱ回#010-1杆-10kV台水Ⅱ回#010-2杆导线</cim:IdentifiedObject.name>
<cim:IdentifiedObject.bianhao></cim:IdentifiedObject.bianhao>
<cim:PowerSystemResource.Circuit rdf:resource="#10000100_41867" />
<cim:ConductingEquipment.BaseVoltage rdf:resource="#BaseVoltage_5"/>
<iescim:PowerSystemResource.SubType>2</iescim:PowerSystemResource.SubType>
<iescim:PowerSystemResource.DeviceID>5629499536297749</iescim:PowerSystemResource.DeviceID>
<iescim:PowerSystemResource.DeviceType>20</iescim:PowerSystemResource.DeviceType>
</cim:ACLineSegment>
<cim:ACLineSegment rdf:ID="10100000_12781709">
<cim:IdentifiedObject.name>10kV台水Ⅱ回#003杆-10kV台水Ⅱ回#004杆导线</cim:IdentifiedObject.name>
<cim:IdentifiedObject.bianhao></cim:IdentifiedObject.bianhao>
<cim:PowerSystemResource.Circuit rdf:resource="#10000100_41867" />
<cim:ConductingEquipment.BaseVoltage rdf:resource="#BaseVoltage_5"/>
<iescim:PowerSystemResource.SubType>2</iescim:PowerSystemResource.SubType>
<iescim:PowerSystemResource.DeviceID>5629499536297750</iescim:PowerSystemResource.DeviceID>
<iescim:PowerSystemResource.DeviceType>20</iescim:PowerSystemResource.DeviceType>
</cim:ACLineSegment>
<cim:ACLineSegment rdf:ID="10100000_12803178">
<cim:IdentifiedObject.name>10kV台水Ⅱ回#010杆-10kV台水Ⅱ回#010-1杆导线</cim:IdentifiedObject.name>
<cim:IdentifiedObject.bianhao></cim:IdentifiedObject.bianhao>
<cim:PowerSystemResource.Circuit rdf:resource="#10000100_41867" />
<cim:ConductingEquipment.BaseVoltage rdf:resource="#BaseVoltage_5"/>
<iescim:PowerSystemResource.SubType>2</iescim:PowerSystemResource.SubType>
<iescim:PowerSystemResource.DeviceID>5629499536445969</iescim:PowerSystemResource.DeviceID>
<iescim:PowerSystemResource.DeviceType>20</iescim:PowerSystemResource.DeviceType>
</cim:ACLineSegment>
<cim:ACLineSegment rdf:ID="13000000_1500105454">
<cim:IdentifiedObject.name>站外-连接线</cim:IdentifiedObject.name>
<cim:IdentifiedObject.bianhao></cim:IdentifiedObject.bianhao>
<cim:PowerSystemResource.Circuit rdf:resource="#10000100_41867" />
<cim:ConductingEquipment.BaseVoltage rdf:resource="#BaseVoltage_5"/>
<iescim:PowerSystemResource.SubType>3</iescim:PowerSystemResource.SubType>
<iescim:PowerSystemResource.DeviceID>5629499537269923</iescim:PowerSystemResource.DeviceID>
<iescim:PowerSystemResource.DeviceType>20</iescim:PowerSystemResource.DeviceType>
</cim:ACLineSegment>
<cim:ACLineSegment rdf:ID="13000000_1500105452">
<cim:IdentifiedObject.name>站外-连接线</cim:IdentifiedObject.name>
<cim:IdentifiedObject.bianhao></cim:IdentifiedObject.bianhao>
<cim:PowerSystemResource.Circuit rdf:resource="#10000100_41867" />
<cim:ConductingEquipment.BaseVoltage rdf:resource="#BaseVoltage_5"/>
<iescim:PowerSystemResource.SubType>3</iescim:PowerSystemResource.SubType>
<iescim:PowerSystemResource.DeviceID>5629499537269924</iescim:PowerSystemResource.DeviceID>
<iescim:PowerSystemResource.DeviceType>20</iescim:PowerSystemResource.DeviceType>
</cim:ACLineSegment>
<cim:ACLineSegment rdf:ID="10100000_1500104059">
<cim:IdentifiedObject.name>10kV台水Ⅱ回#010杆-10kV台水Ⅱ回#010杆</cim:IdentifiedObject.name>
<cim:IdentifiedObject.bianhao></cim:IdentifiedObject.bianhao>
<cim:PowerSystemResource.Circuit rdf:resource="#10000100_41867" />
<cim:ConductingEquipment.BaseVoltage rdf:resource="#BaseVoltage_5"/>
<iescim:PowerSystemResource.SubType>2</iescim:PowerSystemResource.SubType>
<iescim:PowerSystemResource.DeviceID>5629499537269925</iescim:PowerSystemResource.DeviceID>
<iescim:PowerSystemResource.DeviceType>20</iescim:PowerSystemResource.DeviceType>
</cim:ACLineSegment>
<cim:ACLineSegment rdf:ID="10100000_1500104058">
<cim:IdentifiedObject.name>10kV台水Ⅱ回#010甲-1杆-10kV台水Ⅱ回#010甲-2杆</cim:IdentifiedObject.name>
<cim:IdentifiedObject.bianhao></cim:IdentifiedObject.bianhao>
<cim:PowerSystemResource.Circuit rdf:resource="#10000100_41867" />
<cim:ConductingEquipment.BaseVoltage rdf:resource="#BaseVoltage_5"/>
<iescim:PowerSystemResource.SubType>2</iescim:PowerSystemResource.SubType>
<iescim:PowerSystemResource.DeviceID>5629499537269926</iescim:PowerSystemResource.DeviceID>
<iescim:PowerSystemResource.DeviceType>20</iescim:PowerSystemResource.DeviceType>
</cim:ACLineSegment>
<cim:ACLineSegment rdf:ID="13000000_1500476936">
<cim:IdentifiedObject.name>10kV台水Ⅱ回#010甲-5杆G010甲-5刀闸_连接线</cim:IdentifiedObject.name>
<cim:IdentifiedObject.bianhao></cim:IdentifiedObject.bianhao>
<cim:PowerSystemResource.Circuit rdf:resource="#10000100_41867" />
<cim:ConductingEquipment.BaseVoltage rdf:resource="#BaseVoltage_5"/>
<iescim:PowerSystemResource.SubType>3</iescim:PowerSystemResource.SubType>
<iescim:PowerSystemResource.DeviceID>5629499537272625</iescim:PowerSystemResource.DeviceID>
<iescim:PowerSystemResource.DeviceType>20</iescim:PowerSystemResource.DeviceType>
</cim:ACLineSegment>
<cim:ACLineSegment rdf:ID="36000000_1500481630">
<cim:IdentifiedObject.name>站内-连接线</cim:IdentifiedObject.name>
<cim:IdentifiedObject.bianhao></cim:IdentifiedObject.bianhao>
<cim:Equipment.EquipmentContainer rdf:resource="#30000006_1500104284"/>
<cim:PowerSystemResource.Circuit rdf:resource="#10000100_41867" />
<cim:ConductingEquipment.BaseVoltage rdf:resource="#BaseVoltage_5"/>
<iescim:PowerSystemResource.SubType>1</iescim:PowerSystemResource.SubType>
<iescim:PowerSystemResource.DeviceID>5629499537301345</iescim:PowerSystemResource.DeviceID>
<iescim:PowerSystemResource.DeviceType>20</iescim:PowerSystemResource.DeviceType>
</cim:ACLineSegment>
<cim:ACLineSegment rdf:ID="20100000_1500478806">
<cim:IdentifiedObject.name>10kV台水Ⅱ回#010甲-5杆G010甲-5刀闸-901开关</cim:IdentifiedObject.name>
<cim:IdentifiedObject.bianhao></cim:IdentifiedObject.bianhao>
<cim:PowerSystemResource.Circuit rdf:resource="#10000100_41867" />
<cim:ConductingEquipment.BaseVoltage rdf:resource="#BaseVoltage_5"/>
<iescim:PowerSystemResource.SubType>1</iescim:PowerSystemResource.SubType>
<iescim:PowerSystemResource.DeviceID>5629499537301346</iescim:PowerSystemResource.DeviceID>
<iescim:PowerSystemResource.DeviceType>20</iescim:PowerSystemResource.DeviceType>
</cim:ACLineSegment>
<cim:ACLineSegment rdf:ID="14000000_1500477294">
<cim:IdentifiedObject.name>站内终端头_站外-超连接线</cim:IdentifiedObject.name>
<cim:IdentifiedObject.bianhao></cim:IdentifiedObject.bianhao>
<cim:PowerSystemResource.Circuit rdf:resource="#10000100_41867" />
<cim:ConductingEquipment.BaseVoltage rdf:resource="#BaseVoltage_5"/>
<iescim:PowerSystemResource.SubType>3</iescim:PowerSystemResource.SubType>
<iescim:PowerSystemResource.DeviceID>5629499537301347</iescim:PowerSystemResource.DeviceID>
<iescim:PowerSystemResource.DeviceType>20</iescim:PowerSystemResource.DeviceType>
</cim:ACLineSegment>
<cim:ACLineSegment rdf:ID="13000000_1500480880">
<cim:IdentifiedObject.name>站外-连接线</cim:IdentifiedObject.name>
<cim:IdentifiedObject.bianhao></cim:IdentifiedObject.bianhao>
<cim:PowerSystemResource.Circuit rdf:resource="#10000100_41867" />
<cim:ConductingEquipment.BaseVoltage rdf:resource="#BaseVoltage_5"/>
<iescim:PowerSystemResource.SubType>3</iescim:PowerSystemResource.SubType>
<iescim:PowerSystemResource.DeviceID>5629499537301348</iescim:PowerSystemResource.DeviceID>
<iescim:PowerSystemResource.DeviceType>20</iescim:PowerSystemResource.DeviceType>
</cim:ACLineSegment>
<cim:ACLineSegment rdf:ID="13000000_1524469375">
<cim:IdentifiedObject.name>站外-连接线</cim:IdentifiedObject.name>
<cim:IdentifiedObject.bianhao></cim:IdentifiedObject.bianhao>
<cim:PowerSystemResource.Circuit rdf:resource="#10000100_41867" />
<cim:ConductingEquipment.BaseVoltage rdf:resource="#BaseVoltage_5"/>
<iescim:PowerSystemResource.SubType>3</iescim:PowerSystemResource.SubType>
<iescim:PowerSystemResource.DeviceID>5629499537595319</iescim:PowerSystemResource.DeviceID>
<iescim:PowerSystemResource.DeviceType>20</iescim:PowerSystemResource.DeviceType>
</cim:ACLineSegment>
<cim:ACLineSegment rdf:ID="13000000_1524469373">
<cim:IdentifiedObject.name>站外-连接线</cim:IdentifiedObject.name>
<cim:IdentifiedObject.bianhao></cim:IdentifiedObject.bianhao>
<cim:PowerSystemResource.Circuit rdf:resource="#10000100_41867" />
<cim:ConductingEquipment.BaseVoltage rdf:resource="#BaseVoltage_5"/>
<iescim:PowerSystemResource.SubType>3</iescim:PowerSystemResource.SubType>
<iescim:PowerSystemResource.DeviceID>5629499537595320</iescim:PowerSystemResource.DeviceID>
<iescim:PowerSystemResource.DeviceType>20</iescim:PowerSystemResource.DeviceType>
</cim:ACLineSegment>
<cim:ACLineSegment rdf:ID="13000000_1524469372">
<cim:IdentifiedObject.name>站外-连接线</cim:IdentifiedObject.name>
<cim:IdentifiedObject.bianhao></cim:IdentifiedObject.bianhao>
<cim:PowerSystemResource.Circuit rdf:resource="#10000100_41867" />
<cim:ConductingEquipment.BaseVoltage rdf:resource="#BaseVoltage_5"/>
<iescim:PowerSystemResource.SubType>3</iescim:PowerSystemResource.SubType>
<iescim:PowerSystemResource.DeviceID>5629499537595321</iescim:PowerSystemResource.DeviceID>
<iescim:PowerSystemResource.DeviceType>20</iescim:PowerSystemResource.DeviceType>
</cim:ACLineSegment>
<cim:ACLineSegment rdf:ID="10100000_12781714">
<cim:IdentifiedObject.name>10kV台水Ⅱ回#008杆-10kV台水Ⅱ回#009杆导线</cim:IdentifiedObject.name>
<cim:IdentifiedObject.bianhao></cim:IdentifiedObject.bianhao>
<cim:PowerSystemResource.Circuit rdf:resource="#10000100_41867" />
<cim:ConductingEquipment.BaseVoltage rdf:resource="#BaseVoltage_5"/>
<iescim:PowerSystemResource.SubType>2</iescim:PowerSystemResource.SubType>
<iescim:PowerSystemResource.DeviceID>5629499537595322</iescim:PowerSystemResource.DeviceID>
<iescim:PowerSystemResource.DeviceType>20</iescim:PowerSystemResource.DeviceType>
</cim:ACLineSegment>
<cim:Pole rdf:ID="10200001_12817123">
<cim:IdentifiedObject.name>10kV台水Ⅱ回#003杆</cim:IdentifiedObject.name>
<cim:IdentifiedObject.bianhao></cim:IdentifiedObject.bianhao>
<cim:PowerSystemResource.Circuit rdf:resource="#10000100_41867" />
<cim:ConductingEquipment.BaseVoltage rdf:resource="#BaseVoltage_5"/>
<iescim:PowerSystemResource.DeviceType>43</iescim:PowerSystemResource.DeviceType>
<iescim:PowerSystemResource.SubType>1</iescim:PowerSystemResource.SubType>
<iescim:PowerSystemResource.DeviceID>12103423998625761</iescim:PowerSystemResource.DeviceID>
</cim:Pole>
<cim:Pole rdf:ID="10200001_12817121">
<cim:IdentifiedObject.name>10kV台水Ⅱ回#001杆</cim:IdentifiedObject.name>
<cim:IdentifiedObject.bianhao></cim:IdentifiedObject.bianhao>
<cim:PowerSystemResource.Circuit rdf:resource="#10000100_41867" />
<cim:ConductingEquipment.BaseVoltage rdf:resource="#BaseVoltage_5"/>
<iescim:PowerSystemResource.DeviceType>43</iescim:PowerSystemResource.DeviceType>
<iescim:PowerSystemResource.SubType>1</iescim:PowerSystemResource.SubType>
<iescim:PowerSystemResource.DeviceID>12103423998625762</iescim:PowerSystemResource.DeviceID>
</cim:Pole>
<cim:Pole rdf:ID="10200001_12838154">
<cim:IdentifiedObject.name>10kV台水Ⅱ回#010-2杆</cim:IdentifiedObject.name>
<cim:IdentifiedObject.bianhao></cim:IdentifiedObject.bianhao>
<cim:PowerSystemResource.Circuit rdf:resource="#10000100_41867" />
<cim:ConductingEquipment.BaseVoltage rdf:resource="#BaseVoltage_5"/>
<iescim:PowerSystemResource.DeviceType>43</iescim:PowerSystemResource.DeviceType>
<iescim:PowerSystemResource.SubType>1</iescim:PowerSystemResource.SubType>
<iescim:PowerSystemResource.DeviceID>12103423998626453</iescim:PowerSystemResource.DeviceID>
</cim:Pole>
<cim:Pole rdf:ID="10200001_12838153">
<cim:IdentifiedObject.name>10kV台水Ⅱ回#010-1杆</cim:IdentifiedObject.name>
<cim:IdentifiedObject.bianhao></cim:IdentifiedObject.bianhao>
<cim:PowerSystemResource.Circuit rdf:resource="#10000100_41867" />
<cim:ConductingEquipment.BaseVoltage rdf:resource="#BaseVoltage_5"/>
<iescim:PowerSystemResource.DeviceType>43</iescim:PowerSystemResource.DeviceType>
<iescim:PowerSystemResource.SubType>1</iescim:PowerSystemResource.SubType>
<iescim:PowerSystemResource.DeviceID>12103423998626454</iescim:PowerSystemResource.DeviceID>
</cim:Pole>
<cim:Pole rdf:ID="10200001_13074104">
<cim:IdentifiedObject.name>10kV台水Ⅱ回#011-1杆</cim:IdentifiedObject.name>
<cim:IdentifiedObject.bianhao></cim:IdentifiedObject.bianhao>
<cim:PowerSystemResource.Circuit rdf:resource="#10000100_41867" />
<cim:ConductingEquipment.BaseVoltage rdf:resource="#BaseVoltage_5"/>
<iescim:PowerSystemResource.DeviceType>43</iescim:PowerSystemResource.DeviceType>
<iescim:PowerSystemResource.SubType>1</iescim:PowerSystemResource.SubType>
<iescim:PowerSystemResource.DeviceID>12103423998627748</iescim:PowerSystemResource.DeviceID>
</cim:Pole>
<cim:Pole rdf:ID="10200001_12817133">
<cim:IdentifiedObject.name>10kV台水Ⅱ回#010杆</cim:IdentifiedObject.name>
<cim:IdentifiedObject.bianhao></cim:IdentifiedObject.bianhao>
<cim:PowerSystemResource.Circuit rdf:resource="#10000100_41867" />
<cim:ConductingEquipment.BaseVoltage rdf:resource="#BaseVoltage_5"/>
<iescim:PowerSystemResource.DeviceType>43</iescim:PowerSystemResource.DeviceType>
<iescim:PowerSystemResource.SubType>1</iescim:PowerSystemResource.SubType>
<iescim:PowerSystemResource.DeviceID>12103423998627749</iescim:PowerSystemResource.DeviceID>
</cim:Pole>
<cim:Pole rdf:ID="10200001_1500104317">
<cim:IdentifiedObject.name>10kV台水Ⅱ回#010甲杆</cim:IdentifiedObject.name>
<cim:IdentifiedObject.bianhao></cim:IdentifiedObject.bianhao>
<cim:PowerSystemResource.Circuit rdf:resource="#10000100_41867" />
<cim:ConductingEquipment.BaseVoltage rdf:resource="#BaseVoltage_5"/>
<iescim:PowerSystemResource.DeviceType>43</iescim:PowerSystemResource.DeviceType>
<iescim:PowerSystemResource.SubType>1</iescim:PowerSystemResource.SubType>
<iescim:PowerSystemResource.DeviceID>12103423998632742</iescim:PowerSystemResource.DeviceID>
</cim:Pole>
<cim:Pole rdf:ID="10200001_1500477228">
<cim:IdentifiedObject.name>10kV台水回#010甲-5杆</cim:IdentifiedObject.name>
<cim:IdentifiedObject.bianhao></cim:IdentifiedObject.bianhao>
<cim:PowerSystemResource.Circuit rdf:resource="#10000100_41867" />
<cim:ConductingEquipment.BaseVoltage rdf:resource="#BaseVoltage_5"/>
<iescim:PowerSystemResource.DeviceType>43</iescim:PowerSystemResource.DeviceType>
<iescim:PowerSystemResource.SubType>1</iescim:PowerSystemResource.SubType>
<iescim:PowerSystemResource.DeviceID>12103423998632785</iescim:PowerSystemResource.DeviceID>
</cim:Pole>
<cim:Pole rdf:ID="10200001_12817131">
<cim:IdentifiedObject.name>10kV台水Ⅱ回#008杆</cim:IdentifiedObject.name>
<cim:IdentifiedObject.bianhao></cim:IdentifiedObject.bianhao>
<cim:PowerSystemResource.Circuit rdf:resource="#10000100_41867" />
<cim:ConductingEquipment.BaseVoltage rdf:resource="#BaseVoltage_5"/>
<iescim:PowerSystemResource.DeviceType>43</iescim:PowerSystemResource.DeviceType>
<iescim:PowerSystemResource.SubType>1</iescim:PowerSystemResource.SubType>
<iescim:PowerSystemResource.DeviceID>12103423998639026</iescim:PowerSystemResource.DeviceID>
</cim:Pole>
<cim:ConnectivityNode rdf:ID="0">
<iescim:PowerSystemResource.SubType>0</iescim:PowerSystemResource.SubType>
<iescim:PowerSystemResource.DeviceID>0</iescim:PowerSystemResource.DeviceID>
<iescim:PowerSystemResource.DeviceType>33</iescim:PowerSystemResource.DeviceType>
</cim:ConnectivityNode>
<cim:ConnectivityNode rdf:ID="9288674231452883">
<iescim:PowerSystemResource.SubType>0</iescim:PowerSystemResource.SubType>
<iescim:PowerSystemResource.DeviceID>9288674231452883</iescim:PowerSystemResource.DeviceID>
<iescim:PowerSystemResource.DeviceType>33</iescim:PowerSystemResource.DeviceType>
</cim:ConnectivityNode>
<cim:ConnectivityNode rdf:ID="9288674231454956">
<iescim:PowerSystemResource.SubType>0</iescim:PowerSystemResource.SubType>
<iescim:PowerSystemResource.DeviceID>9288674231454956</iescim:PowerSystemResource.DeviceID>
<iescim:PowerSystemResource.DeviceType>33</iescim:PowerSystemResource.DeviceType>
</cim:ConnectivityNode>
<cim:ConnectivityNode rdf:ID="9288674231456084">
<iescim:PowerSystemResource.SubType>0</iescim:PowerSystemResource.SubType>
<iescim:PowerSystemResource.DeviceID>9288674231456084</iescim:PowerSystemResource.DeviceID>
<iescim:PowerSystemResource.DeviceType>33</iescim:PowerSystemResource.DeviceType>
</cim:ConnectivityNode>
<cim:ConnectivityNode rdf:ID="9288674231485669">
<iescim:PowerSystemResource.SubType>0</iescim:PowerSystemResource.SubType>
<iescim:PowerSystemResource.DeviceID>9288674231485669</iescim:PowerSystemResource.DeviceID>
<iescim:PowerSystemResource.DeviceType>33</iescim:PowerSystemResource.DeviceType>
</cim:ConnectivityNode>
<cim:ConnectivityNode rdf:ID="9288674231485682">
<iescim:PowerSystemResource.SubType>0</iescim:PowerSystemResource.SubType>
<iescim:PowerSystemResource.DeviceID>9288674231485682</iescim:PowerSystemResource.DeviceID>
<iescim:PowerSystemResource.DeviceType>33</iescim:PowerSystemResource.DeviceType>
</cim:ConnectivityNode>
<cim:ConnectivityNode rdf:ID="9288674231486271">
<iescim:PowerSystemResource.SubType>0</iescim:PowerSystemResource.SubType>
<iescim:PowerSystemResource.DeviceID>9288674231486271</iescim:PowerSystemResource.DeviceID>
<iescim:PowerSystemResource.DeviceType>33</iescim:PowerSystemResource.DeviceType>
</cim:ConnectivityNode>
<cim:ConnectivityNode rdf:ID="9288674231493038">
<iescim:PowerSystemResource.SubType>0</iescim:PowerSystemResource.SubType>
<iescim:PowerSystemResource.DeviceID>9288674231493038</iescim:PowerSystemResource.DeviceID>
<iescim:PowerSystemResource.DeviceType>33</iescim:PowerSystemResource.DeviceType>
</cim:ConnectivityNode>
<cim:ConnectivityNode rdf:ID="9288674231530281">
<iescim:PowerSystemResource.SubType>0</iescim:PowerSystemResource.SubType>
<iescim:PowerSystemResource.DeviceID>9288674231530281</iescim:PowerSystemResource.DeviceID>
<iescim:PowerSystemResource.DeviceType>33</iescim:PowerSystemResource.DeviceType>
</cim:ConnectivityNode>
<cim:ConnectivityNode rdf:ID="9288674231530294">
<iescim:PowerSystemResource.SubType>0</iescim:PowerSystemResource.SubType>
<iescim:PowerSystemResource.DeviceID>9288674231530294</iescim:PowerSystemResource.DeviceID>
<iescim:PowerSystemResource.DeviceType>33</iescim:PowerSystemResource.DeviceType>
</cim:ConnectivityNode>
<cim:ConnectivityNode rdf:ID="9288674231530899">
<iescim:PowerSystemResource.SubType>0</iescim:PowerSystemResource.SubType>
<iescim:PowerSystemResource.DeviceID>9288674231530899</iescim:PowerSystemResource.DeviceID>
<iescim:PowerSystemResource.DeviceType>33</iescim:PowerSystemResource.DeviceType>
</cim:ConnectivityNode>
<cim:ConnectivityNode rdf:ID="9288674231537765">
<iescim:PowerSystemResource.SubType>0</iescim:PowerSystemResource.SubType>
<iescim:PowerSystemResource.DeviceID>9288674231537765</iescim:PowerSystemResource.DeviceID>
<iescim:PowerSystemResource.DeviceType>33</iescim:PowerSystemResource.DeviceType>
</cim:ConnectivityNode>
<cim:ConnectivityNode rdf:ID="9288674231618885">
<iescim:PowerSystemResource.SubType>0</iescim:PowerSystemResource.SubType>
<iescim:PowerSystemResource.DeviceID>9288674231618885</iescim:PowerSystemResource.DeviceID>
<iescim:PowerSystemResource.DeviceType>33</iescim:PowerSystemResource.DeviceType>
</cim:ConnectivityNode>
<cim:ConnectivityNode rdf:ID="9288674231620021">
<iescim:PowerSystemResource.SubType>0</iescim:PowerSystemResource.SubType>
<iescim:PowerSystemResource.DeviceID>9288674231620021</iescim:PowerSystemResource.DeviceID>
<iescim:PowerSystemResource.DeviceType>33</iescim:PowerSystemResource.DeviceType>
</cim:ConnectivityNode>
<cim:ConnectivityNode rdf:ID="9288674231633411">
<iescim:PowerSystemResource.SubType>0</iescim:PowerSystemResource.SubType>
<iescim:PowerSystemResource.DeviceID>9288674231633411</iescim:PowerSystemResource.DeviceID>
<iescim:PowerSystemResource.DeviceType>33</iescim:PowerSystemResource.DeviceType>
</cim:ConnectivityNode>
<cim:ConnectivityNode rdf:ID="9288674231633412">
<iescim:PowerSystemResource.SubType>0</iescim:PowerSystemResource.SubType>
<iescim:PowerSystemResource.DeviceID>9288674231633412</iescim:PowerSystemResource.DeviceID>
<iescim:PowerSystemResource.DeviceType>33</iescim:PowerSystemResource.DeviceType>
</cim:ConnectivityNode>
<cim:ConnectivityNode rdf:ID="9288674231650879">
<iescim:PowerSystemResource.SubType>0</iescim:PowerSystemResource.SubType>
<iescim:PowerSystemResource.DeviceID>9288674231650879</iescim:PowerSystemResource.DeviceID>
<iescim:PowerSystemResource.DeviceType>33</iescim:PowerSystemResource.DeviceType>
</cim:ConnectivityNode>
<cim:ConnectivityNode rdf:ID="9288674231650880">
<iescim:PowerSystemResource.SubType>0</iescim:PowerSystemResource.SubType>
<iescim:PowerSystemResource.DeviceID>9288674231650880</iescim:PowerSystemResource.DeviceID>
<iescim:PowerSystemResource.DeviceType>33</iescim:PowerSystemResource.DeviceType>
</cim:ConnectivityNode>
<cim:ConnectivityNode rdf:ID="9288674231711447">
<iescim:PowerSystemResource.SubType>0</iescim:PowerSystemResource.SubType>
<iescim:PowerSystemResource.DeviceID>9288674231711447</iescim:PowerSystemResource.DeviceID>
<iescim:PowerSystemResource.DeviceType>33</iescim:PowerSystemResource.DeviceType>
</cim:ConnectivityNode>
<cim:ConnectivityNode rdf:ID="9288674231712250">
<iescim:PowerSystemResource.SubType>0</iescim:PowerSystemResource.SubType>
<iescim:PowerSystemResource.DeviceID>9288674231712250</iescim:PowerSystemResource.DeviceID>
<iescim:PowerSystemResource.DeviceType>33</iescim:PowerSystemResource.DeviceType>
</cim:ConnectivityNode>
<cim:ConnectivityNode rdf:ID="9288674231721184">
<iescim:PowerSystemResource.SubType>0</iescim:PowerSystemResource.SubType>
<iescim:PowerSystemResource.DeviceID>9288674231721184</iescim:PowerSystemResource.DeviceID>
<iescim:PowerSystemResource.DeviceType>33</iescim:PowerSystemResource.DeviceType>
</cim:ConnectivityNode>
<cim:ConnectivityNode rdf:ID="9288674231721185">
<iescim:PowerSystemResource.SubType>0</iescim:PowerSystemResource.SubType>
<iescim:PowerSystemResource.DeviceID>9288674231721185</iescim:PowerSystemResource.DeviceID>
<iescim:PowerSystemResource.DeviceType>33</iescim:PowerSystemResource.DeviceType>
</cim:ConnectivityNode>
<cim:ConnectivityNode rdf:ID="9288674231732498">
<iescim:PowerSystemResource.SubType>0</iescim:PowerSystemResource.SubType>
<iescim:PowerSystemResource.DeviceID>9288674231732498</iescim:PowerSystemResource.DeviceID>
<iescim:PowerSystemResource.DeviceType>33</iescim:PowerSystemResource.DeviceType>
</cim:ConnectivityNode>
<cim:ConnectivityNode rdf:ID="9288674231732499">
<iescim:PowerSystemResource.SubType>0</iescim:PowerSystemResource.SubType>
<iescim:PowerSystemResource.DeviceID>9288674231732499</iescim:PowerSystemResource.DeviceID>
<iescim:PowerSystemResource.DeviceType>33</iescim:PowerSystemResource.DeviceType>
</cim:ConnectivityNode>
<cim:ConnectivityNode rdf:ID="9288674231756800">
<iescim:PowerSystemResource.SubType>0</iescim:PowerSystemResource.SubType>
<iescim:PowerSystemResource.DeviceID>9288674231756800</iescim:PowerSystemResource.DeviceID>
<iescim:PowerSystemResource.DeviceType>33</iescim:PowerSystemResource.DeviceType>
</cim:ConnectivityNode>
<cim:ConnectivityNode rdf:ID="9288674231760093">
<iescim:PowerSystemResource.SubType>0</iescim:PowerSystemResource.SubType>
<iescim:PowerSystemResource.DeviceID>9288674231760093</iescim:PowerSystemResource.DeviceID>
<iescim:PowerSystemResource.DeviceType>33</iescim:PowerSystemResource.DeviceType>
</cim:ConnectivityNode>
<cim:ConnectivityNode rdf:ID="9288674231763136">
<iescim:PowerSystemResource.SubType>0</iescim:PowerSystemResource.SubType>
<iescim:PowerSystemResource.DeviceID>9288674231763136</iescim:PowerSystemResource.DeviceID>
<iescim:PowerSystemResource.DeviceType>33</iescim:PowerSystemResource.DeviceType>
</cim:ConnectivityNode>
<cim:ConnectivityNode rdf:ID="9288674231850470">
<iescim:PowerSystemResource.SubType>0</iescim:PowerSystemResource.SubType>
<iescim:PowerSystemResource.DeviceID>9288674231850470</iescim:PowerSystemResource.DeviceID>
<iescim:PowerSystemResource.DeviceType>33</iescim:PowerSystemResource.DeviceType>
</cim:ConnectivityNode>
<cim:ConnectivityNode rdf:ID="9288674231850471">
<iescim:PowerSystemResource.SubType>0</iescim:PowerSystemResource.SubType>
<iescim:PowerSystemResource.DeviceID>9288674231850471</iescim:PowerSystemResource.DeviceID>
<iescim:PowerSystemResource.DeviceType>33</iescim:PowerSystemResource.DeviceType>
</cim:ConnectivityNode>
<cim:ConnectivityNode rdf:ID="9288674231850472">
<iescim:PowerSystemResource.SubType>0</iescim:PowerSystemResource.SubType>
<iescim:PowerSystemResource.DeviceID>9288674231850472</iescim:PowerSystemResource.DeviceID>
<iescim:PowerSystemResource.DeviceType>33</iescim:PowerSystemResource.DeviceType>
</cim:ConnectivityNode>
<cim:ConnectivityNode rdf:ID="9288674231851886">
<iescim:PowerSystemResource.SubType>0</iescim:PowerSystemResource.SubType>
<iescim:PowerSystemResource.DeviceID>9288674231851886</iescim:PowerSystemResource.DeviceID>
<iescim:PowerSystemResource.DeviceType>33</iescim:PowerSystemResource.DeviceType>
</cim:ConnectivityNode>
<cim:ConnectivityNode rdf:ID="9288674231851887">
<iescim:PowerSystemResource.SubType>0</iescim:PowerSystemResource.SubType>
<iescim:PowerSystemResource.DeviceID>9288674231851887</iescim:PowerSystemResource.DeviceID>
<iescim:PowerSystemResource.DeviceType>33</iescim:PowerSystemResource.DeviceType>
</cim:ConnectivityNode>
<cim:ConnectivityNode rdf:ID="9288674231851888">
<iescim:PowerSystemResource.SubType>0</iescim:PowerSystemResource.SubType>
<iescim:PowerSystemResource.DeviceID>9288674231851888</iescim:PowerSystemResource.DeviceID>
<iescim:PowerSystemResource.DeviceType>33</iescim:PowerSystemResource.DeviceType>
</cim:ConnectivityNode>
<cim:ConnectivityNode rdf:ID="9288674231851889">
<iescim:PowerSystemResource.SubType>0</iescim:PowerSystemResource.SubType>
<iescim:PowerSystemResource.DeviceID>9288674231851889</iescim:PowerSystemResource.DeviceID>
<iescim:PowerSystemResource.DeviceType>33</iescim:PowerSystemResource.DeviceType>
</cim:ConnectivityNode>
<cim:ConnectivityNode rdf:ID="9288674231851890">
<iescim:PowerSystemResource.SubType>0</iescim:PowerSystemResource.SubType>
<iescim:PowerSystemResource.DeviceID>9288674231851890</iescim:PowerSystemResource.DeviceID>
<iescim:PowerSystemResource.DeviceType>33</iescim:PowerSystemResource.DeviceType>
</cim:ConnectivityNode>
<cim:ConnectivityNode rdf:ID="9288674231857597">
<iescim:PowerSystemResource.SubType>0</iescim:PowerSystemResource.SubType>
<iescim:PowerSystemResource.DeviceID>9288674231857597</iescim:PowerSystemResource.DeviceID>
<iescim:PowerSystemResource.DeviceType>33</iescim:PowerSystemResource.DeviceType>
</cim:ConnectivityNode>
<cim:ConnectivityNode rdf:ID="9288674231872053">
<iescim:PowerSystemResource.SubType>0</iescim:PowerSystemResource.SubType>
<iescim:PowerSystemResource.DeviceID>9288674231872053</iescim:PowerSystemResource.DeviceID>
<iescim:PowerSystemResource.DeviceType>33</iescim:PowerSystemResource.DeviceType>
</cim:ConnectivityNode>
<cim:ConnectivityNode rdf:ID="9288674231872975">
<iescim:PowerSystemResource.SubType>0</iescim:PowerSystemResource.SubType>
<iescim:PowerSystemResource.DeviceID>9288674231872975</iescim:PowerSystemResource.DeviceID>
<iescim:PowerSystemResource.DeviceType>33</iescim:PowerSystemResource.DeviceType>
</cim:ConnectivityNode>
<cim:ConnectivityNode rdf:ID="9288674231872976">
<iescim:PowerSystemResource.SubType>0</iescim:PowerSystemResource.SubType>
<iescim:PowerSystemResource.DeviceID>9288674231872976</iescim:PowerSystemResource.DeviceID>
<iescim:PowerSystemResource.DeviceType>33</iescim:PowerSystemResource.DeviceType>
</cim:ConnectivityNode>
<cim:ConnectivityNode rdf:ID="9288674231895249">
<iescim:PowerSystemResource.SubType>0</iescim:PowerSystemResource.SubType>
<iescim:PowerSystemResource.DeviceID>9288674231895249</iescim:PowerSystemResource.DeviceID>
<iescim:PowerSystemResource.DeviceType>33</iescim:PowerSystemResource.DeviceType>
</cim:ConnectivityNode>
<cim:ConnectivityNode rdf:ID="9288674231917473">
<iescim:PowerSystemResource.SubType>0</iescim:PowerSystemResource.SubType>
<iescim:PowerSystemResource.DeviceID>9288674231917473</iescim:PowerSystemResource.DeviceID>
<iescim:PowerSystemResource.DeviceType>33</iescim:PowerSystemResource.DeviceType>
</cim:ConnectivityNode>
<cim:ConnectivityNode rdf:ID="9288674231922581">
<iescim:PowerSystemResource.SubType>0</iescim:PowerSystemResource.SubType>
<iescim:PowerSystemResource.DeviceID>9288674231922581</iescim:PowerSystemResource.DeviceID>
<iescim:PowerSystemResource.DeviceType>33</iescim:PowerSystemResource.DeviceType>
</cim:ConnectivityNode>
<cim:ConnectivityNode rdf:ID="9288674231922832">
<iescim:PowerSystemResource.SubType>0</iescim:PowerSystemResource.SubType>
<iescim:PowerSystemResource.DeviceID>9288674231922832</iescim:PowerSystemResource.DeviceID>
<iescim:PowerSystemResource.DeviceType>33</iescim:PowerSystemResource.DeviceType>
</cim:ConnectivityNode>
<cim:Terminal rdf:ID="2892856">
<cim:Terminal.ConductingEquipment rdf:resource="#31100000_868117"/>
<cim:Terminal.ConnectivityNode rdf:resource="#9288674231454956"/>
</cim:Terminal>
<cim:Terminal rdf:ID="2893453">
<cim:Terminal.ConductingEquipment rdf:resource="#2893451"/>
<cim:Terminal.ConnectivityNode rdf:resource="#9288674231454956"/>
</cim:Terminal>
<cim:Terminal rdf:ID="2893454">
<cim:Terminal.ConductingEquipment rdf:resource="#2893451"/>
<cim:Terminal.ConnectivityNode rdf:resource="#9288674231485669"/>
</cim:Terminal>
<cim:Terminal rdf:ID="2893449">
<cim:Terminal.ConductingEquipment rdf:resource="#30500000_1711115"/>
<cim:Terminal.ConnectivityNode rdf:resource="#9288674231485669"/>
</cim:Terminal>
<cim:Terminal rdf:ID="2893450">
<cim:Terminal.ConductingEquipment rdf:resource="#30500000_1711115"/>
<cim:Terminal.ConnectivityNode rdf:resource="#9288674231530281"/>
</cim:Terminal>
<cim:Terminal rdf:ID="11100000_839830_1">
<cim:Terminal.ConductingEquipment rdf:resource="#11100000_839830"/>
<cim:Terminal.ConnectivityNode rdf:resource="#9288674231485682"/>
</cim:Terminal>
<cim:Terminal rdf:ID="11100000_839830_2">
<cim:Terminal.ConductingEquipment rdf:resource="#11100000_839830"/>
<cim:Terminal.ConnectivityNode rdf:resource="#9288674231530294"/>
</cim:Terminal>
<cim:Terminal rdf:ID="11100000_843868_1">
<cim:Terminal.ConductingEquipment rdf:resource="#11100000_843868"/>
<cim:Terminal.ConnectivityNode rdf:resource="#9288674231486271"/>
</cim:Terminal>
<cim:Terminal rdf:ID="11100000_843868_2">
<cim:Terminal.ConductingEquipment rdf:resource="#11100000_843868"/>
<cim:Terminal.ConnectivityNode rdf:resource="#9288674231530899"/>
</cim:Terminal>
<cim:Terminal rdf:ID="2893457">
<cim:Terminal.ConductingEquipment rdf:resource="#2893455"/>
<cim:Terminal.ConnectivityNode rdf:resource="#9288674231530281"/>
</cim:Terminal>
<cim:Terminal rdf:ID="2893403">
<cim:Terminal.ConductingEquipment rdf:resource="#31100000_868190"/>
<cim:Terminal.ConnectivityNode rdf:resource="#9288674231456084"/>
</cim:Terminal>
<cim:Terminal rdf:ID="11300000_3607234_1">
<cim:Terminal.ConductingEquipment rdf:resource="#11300000_3607234"/>
<cim:Terminal.ConnectivityNode rdf:resource="#9288674231618885"/>
</cim:Terminal>
<cim:Terminal rdf:ID="11300000_3607234_2">
<cim:Terminal.ConductingEquipment rdf:resource="#11300000_3607234"/>
<cim:Terminal.ConnectivityNode rdf:resource="#9288674231711447"/>
</cim:Terminal>
<cim:Terminal rdf:ID="11300000_3618830_1">
<cim:Terminal.ConductingEquipment rdf:resource="#11300000_3618830"/>
<cim:Terminal.ConnectivityNode rdf:resource="#9288674231620021"/>
</cim:Terminal>
<cim:Terminal rdf:ID="11300000_3618830_2">
<cim:Terminal.ConductingEquipment rdf:resource="#11300000_3618830"/>
<cim:Terminal.ConnectivityNode rdf:resource="#9288674231712250"/>
</cim:Terminal>
<cim:Terminal rdf:ID="32000000_4322439_1">
<cim:Terminal.ConductingEquipment rdf:resource="#32000000_4322439"/>
<cim:Terminal.ConnectivityNode rdf:resource="#9288674231530281"/>
</cim:Terminal>
<cim:Terminal rdf:ID="20200000_2293143_1">
<cim:Terminal.ConductingEquipment rdf:resource="#20200000_2293143"/>
<cim:Terminal.ConnectivityNode rdf:resource="#9288674231850471"/>
</cim:Terminal>
<cim:Terminal rdf:ID="20200000_2293142_1">
<cim:Terminal.ConductingEquipment rdf:resource="#20200000_2293142"/>
<cim:Terminal.ConnectivityNode rdf:resource="#9288674231850470"/>
</cim:Terminal>
<cim:Terminal rdf:ID="32000000_5303504_1">
<cim:Terminal.ConductingEquipment rdf:resource="#32000000_5303504"/>
<cim:Terminal.ConnectivityNode rdf:resource="#9288674231851887"/>
</cim:Terminal>
<cim:Terminal rdf:ID="20200000_2303567_1">
<cim:Terminal.ConductingEquipment rdf:resource="#20200000_2303567"/>
<cim:Terminal.ConnectivityNode rdf:resource="#9288674231917473"/>
</cim:Terminal>
<cim:Terminal rdf:ID="20200000_2303566_1">
<cim:Terminal.ConductingEquipment rdf:resource="#20200000_2303566"/>
<cim:Terminal.ConnectivityNode rdf:resource="#9288674231851886"/>
</cim:Terminal>
<cim:Terminal rdf:ID="11300000_1500105618_1">
<cim:Terminal.ConductingEquipment rdf:resource="#11300000_1500105618"/>
<cim:Terminal.ConnectivityNode rdf:resource="#9288674231633411"/>
</cim:Terminal>
<cim:Terminal rdf:ID="11300000_1500105618_2">
<cim:Terminal.ConductingEquipment rdf:resource="#11300000_1500105618"/>
<cim:Terminal.ConnectivityNode rdf:resource="#9288674231721184"/>
</cim:Terminal>
<cim:Terminal rdf:ID="11300000_1500104004_1">
<cim:Terminal.ConductingEquipment rdf:resource="#11300000_1500104004"/>
<cim:Terminal.ConnectivityNode rdf:resource="#9288674231633412"/>
</cim:Terminal>
<cim:Terminal rdf:ID="11300000_1500104004_2">
<cim:Terminal.ConductingEquipment rdf:resource="#11300000_1500104004"/>
<cim:Terminal.ConnectivityNode rdf:resource="#9288674231721185"/>
</cim:Terminal>
<cim:Terminal rdf:ID="11100000_1500101095_1">
<cim:Terminal.ConductingEquipment rdf:resource="#11100000_1500101095"/>
<cim:Terminal.ConnectivityNode rdf:resource="#9288674231493038"/>
</cim:Terminal>
<cim:Terminal rdf:ID="11100000_1500101095_2">
<cim:Terminal.ConductingEquipment rdf:resource="#11100000_1500101095"/>
<cim:Terminal.ConnectivityNode rdf:resource="#9288674231537765"/>
</cim:Terminal>
<cim:Terminal rdf:ID="20100000_1518782_1">
<cim:Terminal.ConductingEquipment rdf:resource="#20100000_1518782"/>
<cim:Terminal.ConnectivityNode rdf:resource="#9288674231850470"/>
</cim:Terminal>
<cim:Terminal rdf:ID="20100000_1518782_2">
<cim:Terminal.ConductingEquipment rdf:resource="#20100000_1518782"/>
<cim:Terminal.ConnectivityNode rdf:resource="#9288674231850471"/>
</cim:Terminal>
<cim:Terminal rdf:ID="14000000_7586198_1">
<cim:Terminal.ConductingEquipment rdf:resource="#14000000_7586198"/>
<cim:Terminal.ConnectivityNode rdf:resource="#9288674231850470"/>
</cim:Terminal>
<cim:Terminal rdf:ID="14000000_7586198_2">
<cim:Terminal.ConductingEquipment rdf:resource="#14000000_7586198"/>
<cim:Terminal.ConnectivityNode rdf:resource="#9288674231530281"/>
</cim:Terminal>
<cim:Terminal rdf:ID="13000000_16470406_1">
<cim:Terminal.ConductingEquipment rdf:resource="#13000000_16470406"/>
<cim:Terminal.ConnectivityNode rdf:resource="#9288674231530294"/>
</cim:Terminal>
<cim:Terminal rdf:ID="13000000_16470406_2">
<cim:Terminal.ConductingEquipment rdf:resource="#13000000_16470406"/>
<cim:Terminal.ConnectivityNode rdf:resource="#9288674231618885"/>
</cim:Terminal>
<cim:Terminal rdf:ID="13000000_16470402_1">
<cim:Terminal.ConductingEquipment rdf:resource="#13000000_16470402"/>
<cim:Terminal.ConnectivityNode rdf:resource="#9288674231850471"/>
</cim:Terminal>
<cim:Terminal rdf:ID="13000000_16470402_2">
<cim:Terminal.ConductingEquipment rdf:resource="#13000000_16470402"/>
<cim:Terminal.ConnectivityNode rdf:resource="#9288674231850472"/>
</cim:Terminal>
<cim:Terminal rdf:ID="10100000_12781707_1">
<cim:Terminal.ConductingEquipment rdf:resource="#10100000_12781707"/>
<cim:Terminal.ConnectivityNode rdf:resource="#9288674231850472"/>
</cim:Terminal>
<cim:Terminal rdf:ID="10100000_12781707_2">
<cim:Terminal.ConductingEquipment rdf:resource="#10100000_12781707"/>
<cim:Terminal.ConnectivityNode rdf:resource="#9288674231711447"/>
</cim:Terminal>
<cim:Terminal rdf:ID="36000000_22700153_1">
<cim:Terminal.ConductingEquipment rdf:resource="#36000000_22700153"/>
<cim:Terminal.ConnectivityNode rdf:resource="#9288674231756800"/>
</cim:Terminal>
<cim:Terminal rdf:ID="36000000_22700153_2">
<cim:Terminal.ConductingEquipment rdf:resource="#36000000_22700153"/>
<cim:Terminal.ConnectivityNode rdf:resource="#9288674231851887"/>
</cim:Terminal>
<cim:Terminal rdf:ID="20100000_1524775_1">
<cim:Terminal.ConductingEquipment rdf:resource="#20100000_1524775"/>
<cim:Terminal.ConnectivityNode rdf:resource="#9288674231851886"/>
</cim:Terminal>
<cim:Terminal rdf:ID="20100000_1524775_2">
<cim:Terminal.ConductingEquipment rdf:resource="#20100000_1524775"/>
<cim:Terminal.ConnectivityNode rdf:resource="#9288674231917473"/>
</cim:Terminal>
<cim:Terminal rdf:ID="14000000_7594883_1">
<cim:Terminal.ConductingEquipment rdf:resource="#14000000_7594883"/>
<cim:Terminal.ConnectivityNode rdf:resource="#9288674231851887"/>
</cim:Terminal>
<cim:Terminal rdf:ID="14000000_7594883_2">
<cim:Terminal.ConductingEquipment rdf:resource="#14000000_7594883"/>
<cim:Terminal.ConnectivityNode rdf:resource="#9288674231917473"/>
</cim:Terminal>
<cim:Terminal rdf:ID="13000000_16502171_1">
<cim:Terminal.ConductingEquipment rdf:resource="#13000000_16502171"/>
<cim:Terminal.ConnectivityNode rdf:resource="#9288674231530899"/>
</cim:Terminal>
<cim:Terminal rdf:ID="13000000_16502171_2">
<cim:Terminal.ConductingEquipment rdf:resource="#13000000_16502171"/>
<cim:Terminal.ConnectivityNode rdf:resource="#9288674231851886"/>
</cim:Terminal>
<cim:Terminal rdf:ID="13000000_16501885_1">
<cim:Terminal.ConductingEquipment rdf:resource="#13000000_16501885"/>
<cim:Terminal.ConnectivityNode rdf:resource="#9288674231851889"/>
</cim:Terminal>
<cim:Terminal rdf:ID="13000000_16501885_2">
<cim:Terminal.ConductingEquipment rdf:resource="#13000000_16501885"/>
<cim:Terminal.ConnectivityNode rdf:resource="#9288674231620021"/>
</cim:Terminal>
<cim:Terminal rdf:ID="13000000_16501883_1">
<cim:Terminal.ConductingEquipment rdf:resource="#13000000_16501883"/>
<cim:Terminal.ConnectivityNode rdf:resource="#9288674231851888"/>
</cim:Terminal>
<cim:Terminal rdf:ID="13000000_16501883_2">
<cim:Terminal.ConductingEquipment rdf:resource="#13000000_16501883"/>
<cim:Terminal.ConnectivityNode rdf:resource="#9288674231486271"/>
</cim:Terminal>
<cim:Terminal rdf:ID="13000000_16470407_1">
<cim:Terminal.ConductingEquipment rdf:resource="#13000000_16470407"/>
<cim:Terminal.ConnectivityNode rdf:resource="#9288674231851890"/>
</cim:Terminal>
<cim:Terminal rdf:ID="13000000_16470407_2">
<cim:Terminal.ConductingEquipment rdf:resource="#13000000_16470407"/>
<cim:Terminal.ConnectivityNode rdf:resource="#9288674231485682"/>
</cim:Terminal>
<cim:Terminal rdf:ID="10100000_12803179_1">
<cim:Terminal.ConductingEquipment rdf:resource="#10100000_12803179"/>
<cim:Terminal.ConnectivityNode rdf:resource="#9288674231712250"/>
</cim:Terminal>
<cim:Terminal rdf:ID="10100000_12803179_2">
<cim:Terminal.ConductingEquipment rdf:resource="#10100000_12803179"/>
<cim:Terminal.ConnectivityNode rdf:resource="#9288674231851888"/>
</cim:Terminal>
<cim:Terminal rdf:ID="10100000_12781709_1">
<cim:Terminal.ConductingEquipment rdf:resource="#10100000_12781709"/>
<cim:Terminal.ConnectivityNode rdf:resource="#9288674231851890"/>
</cim:Terminal>
<cim:Terminal rdf:ID="10100000_12781709_2">
<cim:Terminal.ConductingEquipment rdf:resource="#10100000_12781709"/>
<cim:Terminal.ConnectivityNode rdf:resource="#9288674231895249"/>
</cim:Terminal>
<cim:Terminal rdf:ID="11500000_1524454898_1">
<cim:Terminal.ConductingEquipment rdf:resource="#11500000_1524454898"/>
<cim:Terminal.ConnectivityNode rdf:resource="#9288674231650879"/>
</cim:Terminal>
<cim:Terminal rdf:ID="11500000_1524454898_2">
<cim:Terminal.ConductingEquipment rdf:resource="#11500000_1524454898"/>
<cim:Terminal.ConnectivityNode rdf:resource="#9288674231732498"/>
</cim:Terminal>
<cim:Terminal rdf:ID="11300000_1524465314_1">
<cim:Terminal.ConductingEquipment rdf:resource="#11300000_1524465314"/>
<cim:Terminal.ConnectivityNode rdf:resource="#9288674231650880"/>
</cim:Terminal>
<cim:Terminal rdf:ID="11300000_1524465314_2">
<cim:Terminal.ConductingEquipment rdf:resource="#11300000_1524465314"/>
<cim:Terminal.ConnectivityNode rdf:resource="#9288674231732499"/>
</cim:Terminal>
<cim:Terminal rdf:ID="10100000_12803178_1">
<cim:Terminal.ConductingEquipment rdf:resource="#10100000_12803178"/>
<cim:Terminal.ConnectivityNode rdf:resource="#9288674231857597"/>
</cim:Terminal>
<cim:Terminal rdf:ID="10100000_12803178_2">
<cim:Terminal.ConductingEquipment rdf:resource="#10100000_12803178"/>
<cim:Terminal.ConnectivityNode rdf:resource="#9288674231851889"/>
</cim:Terminal>
<cim:Terminal rdf:ID="32000000_1500479010_1">
<cim:Terminal.ConductingEquipment rdf:resource="#32000000_1500479010"/>
<cim:Terminal.ConnectivityNode rdf:resource="#9288674231872976"/>
</cim:Terminal>
<cim:Terminal rdf:ID="20200000_1500478789_1">
<cim:Terminal.ConductingEquipment rdf:resource="#20200000_1500478789"/>
<cim:Terminal.ConnectivityNode rdf:resource="#9288674231922832"/>
</cim:Terminal>
<cim:Terminal rdf:ID="20200000_1500478788_1">
<cim:Terminal.ConductingEquipment rdf:resource="#20200000_1500478788"/>
<cim:Terminal.ConnectivityNode rdf:resource="#9288674231872975"/>
</cim:Terminal>
<cim:Terminal rdf:ID="13000000_1500105454_1">
<cim:Terminal.ConductingEquipment rdf:resource="#13000000_1500105454"/>
<cim:Terminal.ConnectivityNode rdf:resource="#9288674231721184"/>
</cim:Terminal>
<cim:Terminal rdf:ID="13000000_1500105454_2">
<cim:Terminal.ConductingEquipment rdf:resource="#13000000_1500105454"/>
<cim:Terminal.ConnectivityNode rdf:resource="#9288674231493038"/>
</cim:Terminal>
<cim:Terminal rdf:ID="13000000_1500105452_1">
<cim:Terminal.ConductingEquipment rdf:resource="#13000000_1500105452"/>
<cim:Terminal.ConnectivityNode rdf:resource="#9288674231872053"/>
</cim:Terminal>
<cim:Terminal rdf:ID="13000000_1500105452_2">
<cim:Terminal.ConductingEquipment rdf:resource="#13000000_1500105452"/>
<cim:Terminal.ConnectivityNode rdf:resource="#9288674231633411"/>
</cim:Terminal>
<cim:Terminal rdf:ID="10100000_1500104059_1">
<cim:Terminal.ConductingEquipment rdf:resource="#10100000_1500104059"/>
<cim:Terminal.ConnectivityNode rdf:resource="#9288674231857597"/>
</cim:Terminal>
<cim:Terminal rdf:ID="10100000_1500104059_2">
<cim:Terminal.ConductingEquipment rdf:resource="#10100000_1500104059"/>
<cim:Terminal.ConnectivityNode rdf:resource="#9288674231872053"/>
</cim:Terminal>
<cim:Terminal rdf:ID="10100000_1500104058_1">
<cim:Terminal.ConductingEquipment rdf:resource="#10100000_1500104058"/>
<cim:Terminal.ConnectivityNode rdf:resource="#9288674231537765"/>
</cim:Terminal>
<cim:Terminal rdf:ID="10100000_1500104058_2">
<cim:Terminal.ConductingEquipment rdf:resource="#10100000_1500104058"/>
<cim:Terminal.ConnectivityNode rdf:resource="#9288674231922581"/>
</cim:Terminal>
<cim:Terminal rdf:ID="13000000_1500476936_1">
<cim:Terminal.ConductingEquipment rdf:resource="#13000000_1500476936"/>
<cim:Terminal.ConnectivityNode rdf:resource="#9288674231633412"/>
</cim:Terminal>
<cim:Terminal rdf:ID="13000000_1500476936_2">
<cim:Terminal.ConductingEquipment rdf:resource="#13000000_1500476936"/>
<cim:Terminal.ConnectivityNode rdf:resource="#9288674231922581"/>
</cim:Terminal>
<cim:Terminal rdf:ID="36000000_1500481630_1">
<cim:Terminal.ConductingEquipment rdf:resource="#36000000_1500481630"/>
<cim:Terminal.ConnectivityNode rdf:resource="#9288674231760093"/>
</cim:Terminal>
<cim:Terminal rdf:ID="36000000_1500481630_2">
<cim:Terminal.ConductingEquipment rdf:resource="#36000000_1500481630"/>
<cim:Terminal.ConnectivityNode rdf:resource="#9288674231872976"/>
</cim:Terminal>
<cim:Terminal rdf:ID="20100000_1500478806_1">
<cim:Terminal.ConductingEquipment rdf:resource="#20100000_1500478806"/>
<cim:Terminal.ConnectivityNode rdf:resource="#9288674231872975"/>
</cim:Terminal>
<cim:Terminal rdf:ID="20100000_1500478806_2">
<cim:Terminal.ConductingEquipment rdf:resource="#20100000_1500478806"/>
<cim:Terminal.ConnectivityNode rdf:resource="#9288674231922832"/>
</cim:Terminal>
<cim:Terminal rdf:ID="14000000_1500477294_1">
<cim:Terminal.ConductingEquipment rdf:resource="#14000000_1500477294"/>
<cim:Terminal.ConnectivityNode rdf:resource="#9288674231872976"/>
</cim:Terminal>
<cim:Terminal rdf:ID="14000000_1500477294_2">
<cim:Terminal.ConductingEquipment rdf:resource="#14000000_1500477294"/>
<cim:Terminal.ConnectivityNode rdf:resource="#9288674231922832"/>
</cim:Terminal>
<cim:Terminal rdf:ID="13000000_1500480880_1">
<cim:Terminal.ConductingEquipment rdf:resource="#13000000_1500480880"/>
<cim:Terminal.ConnectivityNode rdf:resource="#9288674231721185"/>
</cim:Terminal>
<cim:Terminal rdf:ID="13000000_1500480880_2">
<cim:Terminal.ConductingEquipment rdf:resource="#13000000_1500480880"/>
<cim:Terminal.ConnectivityNode rdf:resource="#9288674231872975"/>
</cim:Terminal>
<cim:Terminal rdf:ID="13000000_1524469375_1">
<cim:Terminal.ConductingEquipment rdf:resource="#13000000_1524469375"/>
<cim:Terminal.ConnectivityNode rdf:resource="#9288674231732498"/>
</cim:Terminal>
<cim:Terminal rdf:ID="13000000_1524469375_2">
<cim:Terminal.ConductingEquipment rdf:resource="#13000000_1524469375"/>
<cim:Terminal.ConnectivityNode rdf:resource="#9288674231763136"/>
</cim:Terminal>
<cim:Terminal rdf:ID="13000000_1524469373_1">
<cim:Terminal.ConductingEquipment rdf:resource="#13000000_1524469373"/>
<cim:Terminal.ConnectivityNode rdf:resource="#9288674231732499"/>
</cim:Terminal>
<cim:Terminal rdf:ID="13000000_1524469373_2">
<cim:Terminal.ConductingEquipment rdf:resource="#13000000_1524469373"/>
<cim:Terminal.ConnectivityNode rdf:resource="#9288674231650879"/>
</cim:Terminal>
<cim:Terminal rdf:ID="13000000_1524469372_1">
<cim:Terminal.ConductingEquipment rdf:resource="#13000000_1524469372"/>
<cim:Terminal.ConnectivityNode rdf:resource="#9288674231895249"/>
</cim:Terminal>
<cim:Terminal rdf:ID="13000000_1524469372_2">
<cim:Terminal.ConductingEquipment rdf:resource="#13000000_1524469372"/>
<cim:Terminal.ConnectivityNode rdf:resource="#9288674231650880"/>
</cim:Terminal>
<cim:Terminal rdf:ID="10100000_12781714_1">
<cim:Terminal.ConductingEquipment rdf:resource="#10100000_12781714"/>
<cim:Terminal.ConnectivityNode rdf:resource="#9288674231895249"/>
</cim:Terminal>
<cim:Terminal rdf:ID="10100000_12781714_2">
<cim:Terminal.ConductingEquipment rdf:resource="#10100000_12781714"/>
<cim:Terminal.ConnectivityNode rdf:resource="#9288674231857597"/>
</cim:Terminal>
<cim:Terminal rdf:ID="30200002_144477501">
<cim:Terminal.ConductingEquipment rdf:resource="#30200002_1444775"/>
<cim:Terminal.ConnectivityNode rdf:resource="#9288674231756800"/>
</cim:Terminal>
<cim:Terminal rdf:ID="30200003_150020742101">
<cim:Terminal.ConductingEquipment rdf:resource="#30200003_1500207421"/>
<cim:Terminal.ConnectivityNode rdf:resource="#9288674231760093"/>
</cim:Terminal>
<cim:Terminal rdf:ID="30200003_150020743301">
<cim:Terminal.ConductingEquipment rdf:resource="#30200003_1500207433"/>
<cim:Terminal.ConnectivityNode rdf:resource="#9288674231760093"/>
</cim:Terminal>
<cim:Terminal rdf:ID="11000000_1524362768_1">
<cim:Terminal.ConductingEquipment rdf:resource="#11000000_1524362768"/>
<cim:Terminal.ConnectivityNode rdf:resource="#9288674231763136"/>
</cim:Terminal>
<cim:Terminal rdf:ID="1591296">
<cim:Terminal.ConductingEquipment rdf:resource="#31100000_90322"/>
<cim:Terminal.ConnectivityNode rdf:resource="#9288674231452883"/>
</cim:Terminal>
<cim:Terminal rdf:ID="10200001_12817123_1">
<cim:Terminal.ConductingEquipment rdf:resource="#10200001_12817123"/>
<cim:Terminal.ConnectivityNode rdf:resource="#0"/>
</cim:Terminal>
<cim:Terminal rdf:ID="10200001_12817121_1">
<cim:Terminal.ConductingEquipment rdf:resource="#10200001_12817121"/>
<cim:Terminal.ConnectivityNode rdf:resource="#0"/>
</cim:Terminal>
<cim:Terminal rdf:ID="10200001_12838154_1">
<cim:Terminal.ConductingEquipment rdf:resource="#10200001_12838154"/>
<cim:Terminal.ConnectivityNode rdf:resource="#0"/>
</cim:Terminal>
<cim:Terminal rdf:ID="10200001_12838153_1">
<cim:Terminal.ConductingEquipment rdf:resource="#10200001_12838153"/>
<cim:Terminal.ConnectivityNode rdf:resource="#0"/>
</cim:Terminal>
<cim:Terminal rdf:ID="10200001_13074104_1">
<cim:Terminal.ConductingEquipment rdf:resource="#10200001_13074104"/>
<cim:Terminal.ConnectivityNode rdf:resource="#0"/>
</cim:Terminal>
<cim:Terminal rdf:ID="10200001_12817133_1">
<cim:Terminal.ConductingEquipment rdf:resource="#10200001_12817133"/>
<cim:Terminal.ConnectivityNode rdf:resource="#0"/>
</cim:Terminal>
<cim:Terminal rdf:ID="10200001_1500104317_1">
<cim:Terminal.ConductingEquipment rdf:resource="#10200001_1500104317"/>
<cim:Terminal.ConnectivityNode rdf:resource="#0"/>
</cim:Terminal>
<cim:Terminal rdf:ID="10200001_1500477228_1">
<cim:Terminal.ConductingEquipment rdf:resource="#10200001_1500477228"/>
<cim:Terminal.ConnectivityNode rdf:resource="#0"/>
</cim:Terminal>
<cim:Terminal rdf:ID="10200001_12817131_1">
<cim:Terminal.ConductingEquipment rdf:resource="#10200001_12817131"/>
<cim:Terminal.ConnectivityNode rdf:resource="#0"/>
</cim:Terminal>
</rdf:RDF>
