<?xml version="1.0" encoding="UTF-8"?>

<rdf:RDF xmlns:rdf="http://www.w3.org/1999/02/22-rdf-syntax-ns#" xmlns:cim="http://www.sgcc.com.cn/SG-CIM/2010MAY#" xmlns:iescim="http://www.ieslab.com.cn">

<cim:BaseVoltage rdf:ID="BaseVoltage_5">
<cim:IdentifiedObject.name>10kV</cim:IdentifiedObject.name>
<cim:BaseVoltage.isDC>false</cim:BaseVoltage.isDC>
<cim:BaseVoltage.nominalVoltage>10.00</cim:BaseVoltage.nominalVoltage>
<iescim:PowerSystemResource.DeviceID>5</iescim:PowerSystemResource.DeviceID>
</cim:BaseVoltage>
<cim:SubGeographicalRegion rdf:ID="8a0f688f46db11f00146db1363fa0ee0">
<cim:IdentifiedObject.name>城区供电服务中心</cim:IdentifiedObject.name>
<cim:SubGeographicalRegion.Region rdf:resource="#_"/>
</cim:SubGeographicalRegion>
<cim:Circuit rdf:ID="10000100_1542318443">
<cim:IdentifiedObject.name>10kV九都乙线915线路</cim:IdentifiedObject.name>
<cim:Circuit.BelongtoHVSubstation rdf:resource="#30000000_1516821867"/>
<cim:PowerSystemResource.SubGeographicalRegion rdf:resource="#8a0f688f46db11f00146db1363fa0ee0"/>
<cim:iscurrentfeeder>1</cim:iscurrentfeeder>
</cim:Circuit>
<cim:Substation rdf:ID="30000000_1516821867">
<cim:IdentifiedObject.name>霍童变电站</cim:IdentifiedObject.name>
<iescim:PowerSystemResource.DeviceType>13</iescim:PowerSystemResource.DeviceType>
<iescim:PowerSystemResource.SubType>1</iescim:PowerSystemResource.SubType>
<cim:PowerSystemResource.PSRType rdf:resource="#30000000"/>
<iescim:PowerSystemResource.DeviceID>3659174697328806</iescim:PowerSystemResource.DeviceID>
<cim:PowerSystemResource.SubGeographicalRegion rdf:resource="#8a0f688f46db11f00146db1363fa0ee0"/>
</cim:Substation>
<cim:Breaker rdf:ID="11100000_216772">
<cim:IdentifiedObject.name>10kV九都Ⅰ线#001杆001开关</cim:IdentifiedObject.name>
<cim:IdentifiedObject.bianhao>001</cim:IdentifiedObject.bianhao>
<cim:PowerSystemResource.Circuit rdf:resource="#10000100_1542318443" />
<cim:ConductingEquipment.BaseVoltage rdf:resource="#BaseVoltage_5"/>
<iescim:PowerSystemResource.SubType>2</iescim:PowerSystemResource.SubType>
<iescim:PowerSystemResource.DeviceID>4503599627382568</iescim:PowerSystemResource.DeviceID>
<iescim:PowerSystemResource.DeviceType>16</iescim:PowerSystemResource.DeviceType>
<iescim:PowerSystemResource.Cxmc></iescim:PowerSystemResource.Cxmc>
</cim:Breaker>
<cim:Breaker rdf:ID="30500000_1516821889">
<cim:IdentifiedObject.name>霍童变电站.10kV.九都乙线间隔.915开关</cim:IdentifiedObject.name>
<cim:IdentifiedObject.bianhao>_</cim:IdentifiedObject.bianhao>
<cim:Equipment.EquipmentContainer rdf:resource="#30000000_1516821867"/>
<cim:PowerSystemResource.Circuit rdf:resource="#10000100_1542318443" />
<cim:ConductingEquipment.BaseVoltage rdf:resource="#BaseVoltage_5"/>
<iescim:PowerSystemResource.SubType>1</iescim:PowerSystemResource.SubType>
<iescim:PowerSystemResource.DeviceID>4503599627600236</iescim:PowerSystemResource.DeviceID>
<iescim:PowerSystemResource.DeviceType>16</iescim:PowerSystemResource.DeviceType>
<iescim:PowerSystemResource.Cxmc></iescim:PowerSystemResource.Cxmc>
</cim:Breaker>
<cim:Disconnector rdf:ID="30600001_1517094498">
<cim:IdentifiedObject.name>霍童变电站.10kV.九都乙线间隔.9156接地刀闸</cim:IdentifiedObject.name>
<cim:IdentifiedObject.bianhao>_</cim:IdentifiedObject.bianhao>
<cim:Equipment.EquipmentContainer rdf:resource="#30000000_1516821867"/>
<cim:PowerSystemResource.Circuit rdf:resource="#10000100_1542318443" />
<cim:ConductingEquipment.BaseVoltage rdf:resource="#BaseVoltage_5"/>
<iescim:PowerSystemResource.SubType>9</iescim:PowerSystemResource.SubType>
<iescim:PowerSystemResource.DeviceID>4785074604298867</iescim:PowerSystemResource.DeviceID>
<iescim:PowerSystemResource.DeviceType>17</iescim:PowerSystemResource.DeviceType>
<iescim:PowerSystemResource.Cxmc></iescim:PowerSystemResource.Cxmc>
</cim:Disconnector>
<cim:BusbarSection rdf:ID="31100000_1516821988">
<cim:IdentifiedObject.name>霍童变电站.10kV.Ⅱ段母线</cim:IdentifiedObject.name>
<cim:IdentifiedObject.bianhao></cim:IdentifiedObject.bianhao>
<cim:Equipment.EquipmentContainer rdf:resource="#30000000_1516821867"/>
<cim:PowerSystemResource.Circuit rdf:resource="#_" />
<cim:ConductingEquipment.BaseVoltage rdf:resource="#BaseVoltage_5"/>
<iescim:PowerSystemResource.SubType>0</iescim:PowerSystemResource.SubType>
<iescim:PowerSystemResource.DeviceID>5348024557553934</iescim:PowerSystemResource.DeviceID>
<iescim:PowerSystemResource.DeviceType>19</iescim:PowerSystemResource.DeviceType>
</cim:BusbarSection>
<cim:BusbarSection rdf:ID="31100000_1517093703">
<cim:IdentifiedObject.name>霍童变电站.10kV.Ⅰ段母线</cim:IdentifiedObject.name>
<cim:IdentifiedObject.bianhao></cim:IdentifiedObject.bianhao>
<cim:Equipment.EquipmentContainer rdf:resource="#30000000_1516821867"/>
<cim:PowerSystemResource.Circuit rdf:resource="#_" />
<cim:ConductingEquipment.BaseVoltage rdf:resource="#BaseVoltage_5"/>
<iescim:PowerSystemResource.SubType>0</iescim:PowerSystemResource.SubType>
<iescim:PowerSystemResource.DeviceID>5348024557553936</iescim:PowerSystemResource.DeviceID>
<iescim:PowerSystemResource.DeviceType>19</iescim:PowerSystemResource.DeviceType>
</cim:BusbarSection>
<cim:ACLineSegment rdf:ID="13000000_12705511">
<cim:IdentifiedObject.name>站外-连接线</cim:IdentifiedObject.name>
<cim:IdentifiedObject.bianhao></cim:IdentifiedObject.bianhao>
<cim:PowerSystemResource.Circuit rdf:resource="#10000100_1542318443" />
<cim:ConductingEquipment.BaseVoltage rdf:resource="#BaseVoltage_5"/>
<iescim:PowerSystemResource.SubType>3</iescim:PowerSystemResource.SubType>
<iescim:PowerSystemResource.DeviceID>5629499534410972</iescim:PowerSystemResource.DeviceID>
<iescim:PowerSystemResource.DeviceType>20</iescim:PowerSystemResource.DeviceType>
</cim:ACLineSegment>
<cim:ACLineSegment rdf:ID="20100000_985867">
<cim:IdentifiedObject.name>站外-电缆终端头-站外-电缆终端头1404255</cim:IdentifiedObject.name>
<cim:IdentifiedObject.bianhao></cim:IdentifiedObject.bianhao>
<cim:PowerSystemResource.Circuit rdf:resource="#10000100_1542318443" />
<cim:ConductingEquipment.BaseVoltage rdf:resource="#BaseVoltage_5"/>
<iescim:PowerSystemResource.SubType>1</iescim:PowerSystemResource.SubType>
<iescim:PowerSystemResource.DeviceID>5629499534410978</iescim:PowerSystemResource.DeviceID>
<iescim:PowerSystemResource.DeviceType>20</iescim:PowerSystemResource.DeviceType>
</cim:ACLineSegment>
<cim:ACLineSegment rdf:ID="14000000_1542475066">
<cim:IdentifiedObject.name>站外-超连接线</cim:IdentifiedObject.name>
<cim:IdentifiedObject.bianhao></cim:IdentifiedObject.bianhao>
<cim:PowerSystemResource.Circuit rdf:resource="#10000100_1542318443" />
<cim:ConductingEquipment.BaseVoltage rdf:resource="#BaseVoltage_5"/>
<iescim:PowerSystemResource.SubType>1</iescim:PowerSystemResource.SubType>
<iescim:PowerSystemResource.DeviceID>5629499537948132</iescim:PowerSystemResource.DeviceID>
<iescim:PowerSystemResource.DeviceType>20</iescim:PowerSystemResource.DeviceType>
</cim:ACLineSegment>
<cim:ConnectivityNode rdf:ID="9288674231459506">
<iescim:PowerSystemResource.SubType>0</iescim:PowerSystemResource.SubType>
<iescim:PowerSystemResource.DeviceID>9288674231459506</iescim:PowerSystemResource.DeviceID>
<iescim:PowerSystemResource.DeviceType>33</iescim:PowerSystemResource.DeviceType>
</cim:ConnectivityNode>
<cim:ConnectivityNode rdf:ID="9288674231459508">
<iescim:PowerSystemResource.SubType>0</iescim:PowerSystemResource.SubType>
<iescim:PowerSystemResource.DeviceID>9288674231459508</iescim:PowerSystemResource.DeviceID>
<iescim:PowerSystemResource.DeviceType>33</iescim:PowerSystemResource.DeviceType>
</cim:ConnectivityNode>
<cim:ConnectivityNode rdf:ID="9288674231461865">
<iescim:PowerSystemResource.SubType>0</iescim:PowerSystemResource.SubType>
<iescim:PowerSystemResource.DeviceID>9288674231461865</iescim:PowerSystemResource.DeviceID>
<iescim:PowerSystemResource.DeviceType>33</iescim:PowerSystemResource.DeviceType>
</cim:ConnectivityNode>
<cim:ConnectivityNode rdf:ID="9288674231500747">
<iescim:PowerSystemResource.SubType>0</iescim:PowerSystemResource.SubType>
<iescim:PowerSystemResource.DeviceID>9288674231500747</iescim:PowerSystemResource.DeviceID>
<iescim:PowerSystemResource.DeviceType>33</iescim:PowerSystemResource.DeviceType>
</cim:ConnectivityNode>
<cim:ConnectivityNode rdf:ID="9288674231505614">
<iescim:PowerSystemResource.SubType>0</iescim:PowerSystemResource.SubType>
<iescim:PowerSystemResource.DeviceID>9288674231505614</iescim:PowerSystemResource.DeviceID>
<iescim:PowerSystemResource.DeviceType>33</iescim:PowerSystemResource.DeviceType>
</cim:ConnectivityNode>
<cim:ConnectivityNode rdf:ID="9288674231545521">
<iescim:PowerSystemResource.SubType>0</iescim:PowerSystemResource.SubType>
<iescim:PowerSystemResource.DeviceID>9288674231545521</iescim:PowerSystemResource.DeviceID>
<iescim:PowerSystemResource.DeviceType>33</iescim:PowerSystemResource.DeviceType>
</cim:ConnectivityNode>
<cim:ConnectivityNode rdf:ID="9288674231805858">
<iescim:PowerSystemResource.SubType>0</iescim:PowerSystemResource.SubType>
<iescim:PowerSystemResource.DeviceID>9288674231805858</iescim:PowerSystemResource.DeviceID>
<iescim:PowerSystemResource.DeviceType>33</iescim:PowerSystemResource.DeviceType>
</cim:ConnectivityNode>
<cim:ConnectivityNode rdf:ID="9288674231906855">
<iescim:PowerSystemResource.SubType>0</iescim:PowerSystemResource.SubType>
<iescim:PowerSystemResource.DeviceID>9288674231906855</iescim:PowerSystemResource.DeviceID>
<iescim:PowerSystemResource.DeviceType>33</iescim:PowerSystemResource.DeviceType>
</cim:ConnectivityNode>
<cim:Terminal rdf:ID="11100000_216772_1">
<cim:Terminal.ConductingEquipment rdf:resource="#11100000_216772"/>
<cim:Terminal.ConnectivityNode rdf:resource="#9288674231461865"/>
</cim:Terminal>
<cim:Terminal rdf:ID="11100000_216772_2">
<cim:Terminal.ConductingEquipment rdf:resource="#11100000_216772"/>
<cim:Terminal.ConnectivityNode rdf:resource="#9288674231505614"/>
</cim:Terminal>
<cim:Terminal rdf:ID="13000000_12705511_1">
<cim:Terminal.ConductingEquipment rdf:resource="#13000000_12705511"/>
<cim:Terminal.ConnectivityNode rdf:resource="#9288674231505614"/>
</cim:Terminal>
<cim:Terminal rdf:ID="13000000_12705511_2">
<cim:Terminal.ConductingEquipment rdf:resource="#13000000_12705511"/>
<cim:Terminal.ConnectivityNode rdf:resource="#9288674231805858"/>
</cim:Terminal>
<cim:Terminal rdf:ID="20100000_985867_1">
<cim:Terminal.ConductingEquipment rdf:resource="#20100000_985867"/>
<cim:Terminal.ConnectivityNode rdf:resource="#9288674231805858"/>
</cim:Terminal>
<cim:Terminal rdf:ID="20100000_985867_2">
<cim:Terminal.ConductingEquipment rdf:resource="#20100000_985867"/>
<cim:Terminal.ConnectivityNode rdf:resource="#9288674231906855"/>
</cim:Terminal>
<cim:Terminal rdf:ID="6796460">
<cim:Terminal.ConductingEquipment rdf:resource="#30600001_1517094498"/>
<cim:Terminal.ConnectivityNode rdf:resource="#9288674231545521"/>
</cim:Terminal>
<cim:Terminal rdf:ID="6796450">
<cim:Terminal.ConductingEquipment rdf:resource="#30500000_1516821889"/>
<cim:Terminal.ConnectivityNode rdf:resource="#9288674231500747"/>
</cim:Terminal>
<cim:Terminal rdf:ID="6796451">
<cim:Terminal.ConductingEquipment rdf:resource="#30500000_1516821889"/>
<cim:Terminal.ConnectivityNode rdf:resource="#9288674231545521"/>
</cim:Terminal>
<cim:Terminal rdf:ID="20200000_1404253_1">
<cim:Terminal.ConductingEquipment rdf:resource="#20200000_1404253"/>
<cim:Terminal.ConnectivityNode rdf:resource="#9288674231805858"/>
</cim:Terminal>
<cim:Terminal rdf:ID="20200000_1404255_1">
<cim:Terminal.ConductingEquipment rdf:resource="#20200000_1404255"/>
<cim:Terminal.ConnectivityNode rdf:resource="#9288674231906855"/>
</cim:Terminal>
<cim:Terminal rdf:ID="32000000_1516821793_1">
<cim:Terminal.ConductingEquipment rdf:resource="#32000000_1516821793"/>
<cim:Terminal.ConnectivityNode rdf:resource="#9288674231545521"/>
</cim:Terminal>
<cim:Terminal rdf:ID="14000000_1542475066_1">
<cim:Terminal.ConductingEquipment rdf:resource="#14000000_1542475066"/>
<cim:Terminal.ConnectivityNode rdf:resource="#9288674231545521"/>
</cim:Terminal>
<cim:Terminal rdf:ID="14000000_1542475066_2">
<cim:Terminal.ConductingEquipment rdf:resource="#14000000_1542475066"/>
<cim:Terminal.ConnectivityNode rdf:resource="#9288674231906855"/>
</cim:Terminal>
<cim:Terminal rdf:ID="6794543">
<cim:Terminal.ConductingEquipment rdf:resource="#31100000_1516821988"/>
<cim:Terminal.ConnectivityNode rdf:resource="#9288674231459506"/>
</cim:Terminal>
<cim:Terminal rdf:ID="6794523">
<cim:Terminal.ConductingEquipment rdf:resource="#31100000_1517093703"/>
<cim:Terminal.ConnectivityNode rdf:resource="#9288674231459508"/>
</cim:Terminal>
</rdf:RDF>
