<?xml version="1.0" encoding="UTF-8"?>

<rdf:RDF xmlns:rdf="http://www.w3.org/1999/02/22-rdf-syntax-ns#" xmlns:cim="http://www.sgcc.com.cn/SG-CIM/2010MAY#" xmlns:iescim="http://www.ieslab.com.cn">

<cim:BaseVoltage rdf:ID="BaseVoltage_5">
<cim:IdentifiedObject.name>10kV</cim:IdentifiedObject.name>
<cim:BaseVoltage.isDC>false</cim:BaseVoltage.isDC>
<cim:BaseVoltage.nominalVoltage>10.00</cim:BaseVoltage.nominalVoltage>
<iescim:PowerSystemResource.DeviceID>5</iescim:PowerSystemResource.DeviceID>
</cim:BaseVoltage>
<cim:SubGeographicalRegion rdf:ID="8a0f688f46db11f00146db1363fa0ee0">
<cim:IdentifiedObject.name>城区供电服务中心</cim:IdentifiedObject.name>
<cim:SubGeographicalRegion.Region rdf:resource="#_"/>
</cim:SubGeographicalRegion>
<cim:Circuit rdf:ID="10000100_13550">
<cim:IdentifiedObject.name>10kV飞鸾丙线001线路</cim:IdentifiedObject.name>
<cim:Circuit.BelongtoHVSubstation rdf:resource="#30000000_75234"/>
<cim:PowerSystemResource.SubGeographicalRegion rdf:resource="#8a0f688f46db11f00146db1363fa0ee0"/>
<cim:iscurrentfeeder>1</cim:iscurrentfeeder>
</cim:Circuit>
<cim:Substation rdf:ID="30000000_75234">
<cim:IdentifiedObject.name>梅田变电站</cim:IdentifiedObject.name>
<iescim:PowerSystemResource.DeviceType>13</iescim:PowerSystemResource.DeviceType>
<iescim:PowerSystemResource.SubType>1</iescim:PowerSystemResource.SubType>
<cim:PowerSystemResource.PSRType rdf:resource="#30000000"/>
<iescim:PowerSystemResource.DeviceID>3659174697240013</iescim:PowerSystemResource.DeviceID>
<cim:PowerSystemResource.SubGeographicalRegion rdf:resource="#8a0f688f46db11f00146db1363fa0ee0"/>
</cim:Substation>
<cim:Substation rdf:ID="30000005_1327989">
<cim:IdentifiedObject.name>航飞嘉苑配电室</cim:IdentifiedObject.name>
<iescim:PowerSystemResource.DeviceType>153</iescim:PowerSystemResource.DeviceType>
<iescim:PowerSystemResource.SubType>14</iescim:PowerSystemResource.SubType>
<cim:PowerSystemResource.PSRType rdf:resource="#30000006"/>
<iescim:PowerSystemResource.DeviceID>43065671436736024</iescim:PowerSystemResource.DeviceID>
<cim:PowerSystemResource.SubGeographicalRegion rdf:resource="#8a0f688f46db11f00146db1363fa0ee0"/>
</cim:Substation>
<cim:Breaker rdf:ID="30500000_108203">
<cim:IdentifiedObject.name>梅田变电站.10kV.飞鸾丙线间隔.001开关</cim:IdentifiedObject.name>
<cim:IdentifiedObject.bianhao>_</cim:IdentifiedObject.bianhao>
<cim:Equipment.EquipmentContainer rdf:resource="#30000000_75234"/>
<cim:PowerSystemResource.Circuit rdf:resource="#10000100_13550" />
<cim:ConductingEquipment.BaseVoltage rdf:resource="#BaseVoltage_5"/>
<iescim:PowerSystemResource.SubType>1</iescim:PowerSystemResource.SubType>
<iescim:PowerSystemResource.DeviceID>4503599627376426</iescim:PowerSystemResource.DeviceID>
<iescim:PowerSystemResource.DeviceType>16</iescim:PowerSystemResource.DeviceType>
<iescim:PowerSystemResource.Cxmc></iescim:PowerSystemResource.Cxmc>
</cim:Breaker>
<cim:Breaker rdf:ID="30500000_1223515">
<cim:IdentifiedObject.name>10kV航飞嘉苑配电室政航联络902开关</cim:IdentifiedObject.name>
<cim:IdentifiedObject.bianhao>902</cim:IdentifiedObject.bianhao>
<cim:Equipment.EquipmentContainer rdf:resource="#30000005_1327989"/>
<cim:PowerSystemResource.Circuit rdf:resource="#10000100_13550" />
<cim:ConductingEquipment.BaseVoltage rdf:resource="#BaseVoltage_5"/>
<iescim:PowerSystemResource.SubType>5</iescim:PowerSystemResource.SubType>
<iescim:PowerSystemResource.DeviceID>4503599627393382</iescim:PowerSystemResource.DeviceID>
<iescim:PowerSystemResource.DeviceType>16</iescim:PowerSystemResource.DeviceType>
<iescim:PowerSystemResource.Cxmc></iescim:PowerSystemResource.Cxmc>
</cim:Breaker>
<cim:Disconnector rdf:ID="30600001_181537">
<cim:IdentifiedObject.name>梅田变电站.10kV.飞鸾丙线间隔.0016接地刀闸</cim:IdentifiedObject.name>
<cim:IdentifiedObject.bianhao>_</cim:IdentifiedObject.bianhao>
<cim:Equipment.EquipmentContainer rdf:resource="#30000000_75234"/>
<cim:PowerSystemResource.Circuit rdf:resource="#10000100_13550" />
<cim:ConductingEquipment.BaseVoltage rdf:resource="#BaseVoltage_5"/>
<iescim:PowerSystemResource.SubType>9</iescim:PowerSystemResource.SubType>
<iescim:PowerSystemResource.DeviceID>4785074604086479</iescim:PowerSystemResource.DeviceID>
<iescim:PowerSystemResource.DeviceType>17</iescim:PowerSystemResource.DeviceType>
<iescim:PowerSystemResource.Cxmc></iescim:PowerSystemResource.Cxmc>
</cim:Disconnector>
<cim:Disconnector rdf:ID="36642">
<cim:IdentifiedObject.name>梅田变电站.10kV.飞鸾丙线间隔.001手车刀闸</cim:IdentifiedObject.name>
<cim:IdentifiedObject.bianhao>_</cim:IdentifiedObject.bianhao>
<cim:Equipment.EquipmentContainer rdf:resource="#30000000_75234"/>
<cim:PowerSystemResource.Circuit rdf:resource="#10000100_13550" />
<cim:ConductingEquipment.BaseVoltage rdf:resource="#BaseVoltage_5"/>
<iescim:PowerSystemResource.SubType>5</iescim:PowerSystemResource.SubType>
<iescim:PowerSystemResource.DeviceID>4785074604183724</iescim:PowerSystemResource.DeviceID>
<iescim:PowerSystemResource.DeviceType>17</iescim:PowerSystemResource.DeviceType>
<iescim:PowerSystemResource.Cxmc></iescim:PowerSystemResource.Cxmc>
</cim:Disconnector>
<cim:BusbarSection rdf:ID="31100000_791698">
<cim:IdentifiedObject.name>梅田变电站.10kV.Ⅰ段母线</cim:IdentifiedObject.name>
<cim:IdentifiedObject.bianhao></cim:IdentifiedObject.bianhao>
<cim:Equipment.EquipmentContainer rdf:resource="#30000000_75234"/>
<cim:PowerSystemResource.Circuit rdf:resource="#_" />
<cim:ConductingEquipment.BaseVoltage rdf:resource="#BaseVoltage_5"/>
<iescim:PowerSystemResource.SubType>0</iescim:PowerSystemResource.SubType>
<iescim:PowerSystemResource.DeviceID>5348024557511391</iescim:PowerSystemResource.DeviceID>
<iescim:PowerSystemResource.DeviceType>19</iescim:PowerSystemResource.DeviceType>
</cim:BusbarSection>
<cim:BusbarSection rdf:ID="31100000_193688">
<cim:IdentifiedObject.name>梅田变电站.10kV.Ⅱ段母线</cim:IdentifiedObject.name>
<cim:IdentifiedObject.bianhao></cim:IdentifiedObject.bianhao>
<cim:Equipment.EquipmentContainer rdf:resource="#30000000_75234"/>
<cim:PowerSystemResource.Circuit rdf:resource="#_" />
<cim:ConductingEquipment.BaseVoltage rdf:resource="#BaseVoltage_5"/>
<iescim:PowerSystemResource.SubType>0</iescim:PowerSystemResource.SubType>
<iescim:PowerSystemResource.DeviceID>5348024557518855</iescim:PowerSystemResource.DeviceID>
<iescim:PowerSystemResource.DeviceType>19</iescim:PowerSystemResource.DeviceType>
</cim:BusbarSection>
<cim:ACLineSegment rdf:ID="13000000_1511467863">
<cim:IdentifiedObject.name>站外-连接线</cim:IdentifiedObject.name>
<cim:IdentifiedObject.bianhao></cim:IdentifiedObject.bianhao>
<cim:PowerSystemResource.Circuit rdf:resource="#10000100_13550" />
<cim:ConductingEquipment.BaseVoltage rdf:resource="#BaseVoltage_5"/>
<iescim:PowerSystemResource.SubType>3</iescim:PowerSystemResource.SubType>
<iescim:PowerSystemResource.DeviceID>5629499537449584</iescim:PowerSystemResource.DeviceID>
<iescim:PowerSystemResource.DeviceType>20</iescim:PowerSystemResource.DeviceType>
</cim:ACLineSegment>
<cim:ACLineSegment rdf:ID="36000000_1675181">
<cim:IdentifiedObject.name>站内-连接线</cim:IdentifiedObject.name>
<cim:IdentifiedObject.bianhao></cim:IdentifiedObject.bianhao>
<cim:PowerSystemResource.Circuit rdf:resource="#10000100_13550" />
<cim:ConductingEquipment.BaseVoltage rdf:resource="#BaseVoltage_5"/>
<iescim:PowerSystemResource.SubType>3</iescim:PowerSystemResource.SubType>
<iescim:PowerSystemResource.DeviceID>5629499537715446</iescim:PowerSystemResource.DeviceID>
<iescim:PowerSystemResource.DeviceType>20</iescim:PowerSystemResource.DeviceType>
</cim:ACLineSegment>
<cim:Pole rdf:ID="10200001_1511465651">
<cim:IdentifiedObject.name>10kV飞鸾丙线001线#010杆</cim:IdentifiedObject.name>
<cim:IdentifiedObject.bianhao></cim:IdentifiedObject.bianhao>
<cim:PowerSystemResource.Circuit rdf:resource="#10000100_13550" />
<cim:ConductingEquipment.BaseVoltage rdf:resource="#BaseVoltage_5"/>
<iescim:PowerSystemResource.DeviceType>43</iescim:PowerSystemResource.DeviceType>
<iescim:PowerSystemResource.SubType>1</iescim:PowerSystemResource.SubType>
<iescim:PowerSystemResource.DeviceID>12103423998635742</iescim:PowerSystemResource.DeviceID>
</cim:Pole>
<cim:ConnectivityNode rdf:ID="0">
<iescim:PowerSystemResource.SubType>0</iescim:PowerSystemResource.SubType>
<iescim:PowerSystemResource.DeviceID>0</iescim:PowerSystemResource.DeviceID>
<iescim:PowerSystemResource.DeviceType>33</iescim:PowerSystemResource.DeviceType>
</cim:ConnectivityNode>
<cim:ConnectivityNode rdf:ID="9288674231456727">
<iescim:PowerSystemResource.SubType>0</iescim:PowerSystemResource.SubType>
<iescim:PowerSystemResource.DeviceID>9288674231456727</iescim:PowerSystemResource.DeviceID>
<iescim:PowerSystemResource.DeviceType>33</iescim:PowerSystemResource.DeviceType>
</cim:ConnectivityNode>
<cim:ConnectivityNode rdf:ID="9288674231460415">
<iescim:PowerSystemResource.SubType>0</iescim:PowerSystemResource.SubType>
<iescim:PowerSystemResource.DeviceID>9288674231460415</iescim:PowerSystemResource.DeviceID>
<iescim:PowerSystemResource.DeviceType>33</iescim:PowerSystemResource.DeviceType>
</cim:ConnectivityNode>
<cim:ConnectivityNode rdf:ID="9288674231467733">
<iescim:PowerSystemResource.SubType>0</iescim:PowerSystemResource.SubType>
<iescim:PowerSystemResource.DeviceID>9288674231467733</iescim:PowerSystemResource.DeviceID>
<iescim:PowerSystemResource.DeviceType>33</iescim:PowerSystemResource.DeviceType>
</cim:ConnectivityNode>
<cim:ConnectivityNode rdf:ID="9288674231504161">
<iescim:PowerSystemResource.SubType>0</iescim:PowerSystemResource.SubType>
<iescim:PowerSystemResource.DeviceID>9288674231504161</iescim:PowerSystemResource.DeviceID>
<iescim:PowerSystemResource.DeviceType>33</iescim:PowerSystemResource.DeviceType>
</cim:ConnectivityNode>
<cim:ConnectivityNode rdf:ID="9288674231511614">
<iescim:PowerSystemResource.SubType>0</iescim:PowerSystemResource.SubType>
<iescim:PowerSystemResource.DeviceID>9288674231511614</iescim:PowerSystemResource.DeviceID>
<iescim:PowerSystemResource.DeviceType>33</iescim:PowerSystemResource.DeviceType>
</cim:ConnectivityNode>
<cim:ConnectivityNode rdf:ID="9288674231641760">
<iescim:PowerSystemResource.SubType>0</iescim:PowerSystemResource.SubType>
<iescim:PowerSystemResource.DeviceID>9288674231641760</iescim:PowerSystemResource.DeviceID>
<iescim:PowerSystemResource.DeviceType>33</iescim:PowerSystemResource.DeviceType>
</cim:ConnectivityNode>
<cim:ConnectivityNode rdf:ID="9288674231883764">
<iescim:PowerSystemResource.SubType>0</iescim:PowerSystemResource.SubType>
<iescim:PowerSystemResource.DeviceID>9288674231883764</iescim:PowerSystemResource.DeviceID>
<iescim:PowerSystemResource.DeviceType>33</iescim:PowerSystemResource.DeviceType>
</cim:ConnectivityNode>
<cim:ConnectivityNode rdf:ID="9288674250391538">
<iescim:PowerSystemResource.SubType>0</iescim:PowerSystemResource.SubType>
<iescim:PowerSystemResource.DeviceID>9288674250391538</iescim:PowerSystemResource.DeviceID>
<iescim:PowerSystemResource.DeviceType>33</iescim:PowerSystemResource.DeviceType>
</cim:ConnectivityNode>
<cim:Terminal rdf:ID="36644">
<cim:Terminal.ConductingEquipment rdf:resource="#36642"/>
<cim:Terminal.ConnectivityNode rdf:resource="#9288674250391538"/>
</cim:Terminal>
<cim:Terminal rdf:ID="36645">
<cim:Terminal.ConductingEquipment rdf:resource="#36642"/>
<cim:Terminal.ConnectivityNode rdf:resource="#9288674231460415"/>
</cim:Terminal>
<cim:Terminal rdf:ID="2173609">
<cim:Terminal.ConductingEquipment rdf:resource="#31100000_193688"/>
<cim:Terminal.ConnectivityNode rdf:resource="#9288674231456727"/>
</cim:Terminal>
<cim:Terminal rdf:ID="30500000_1223515_1">
<cim:Terminal.ConductingEquipment rdf:resource="#30500000_1223515"/>
<cim:Terminal.ConnectivityNode rdf:resource="#9288674231467733"/>
</cim:Terminal>
<cim:Terminal rdf:ID="30500000_1223515_2">
<cim:Terminal.ConductingEquipment rdf:resource="#30500000_1223515"/>
<cim:Terminal.ConnectivityNode rdf:resource="#9288674231511614"/>
</cim:Terminal>
<cim:Terminal rdf:ID="13000000_1511467863_1">
<cim:Terminal.ConductingEquipment rdf:resource="#13000000_1511467863"/>
<cim:Terminal.ConnectivityNode rdf:resource="#9288674231883764"/>
</cim:Terminal>
<cim:Terminal rdf:ID="13000000_1511467863_2">
<cim:Terminal.ConductingEquipment rdf:resource="#13000000_1511467863"/>
<cim:Terminal.ConnectivityNode rdf:resource="#9288674231641760"/>
</cim:Terminal>
<cim:Terminal rdf:ID="36648">
<cim:Terminal.ConductingEquipment rdf:resource="#30600001_181537"/>
<cim:Terminal.ConnectivityNode rdf:resource="#9288674231504161"/>
</cim:Terminal>
<cim:Terminal rdf:ID="36640">
<cim:Terminal.ConductingEquipment rdf:resource="#30500000_108203"/>
<cim:Terminal.ConnectivityNode rdf:resource="#9288674231460415"/>
</cim:Terminal>
<cim:Terminal rdf:ID="36641">
<cim:Terminal.ConductingEquipment rdf:resource="#30500000_108203"/>
<cim:Terminal.ConnectivityNode rdf:resource="#9288674231504161"/>
</cim:Terminal>
<cim:Terminal rdf:ID="10200001_1511465651_1">
<cim:Terminal.ConductingEquipment rdf:resource="#10200001_1511465651"/>
<cim:Terminal.ConnectivityNode rdf:resource="#0"/>
</cim:Terminal>
<cim:Terminal rdf:ID="36551">
<cim:Terminal.ConductingEquipment rdf:resource="#31100000_791698"/>
<cim:Terminal.ConnectivityNode rdf:resource="#9288674250391538"/>
</cim:Terminal>
</rdf:RDF>
