<?xml version="1.0" encoding="UTF-8"?>

<rdf:RDF xmlns:rdf="http://www.w3.org/1999/02/22-rdf-syntax-ns#" xmlns:cim="http://www.sgcc.com.cn/SG-CIM/2010MAY#" xmlns:iescim="http://www.ieslab.com.cn">

<cim:BaseVoltage rdf:ID="BaseVoltage_5">
<cim:IdentifiedObject.name>10kV</cim:IdentifiedObject.name>
<cim:BaseVoltage.isDC>false</cim:BaseVoltage.isDC>
<cim:BaseVoltage.nominalVoltage>10.00</cim:BaseVoltage.nominalVoltage>
<iescim:PowerSystemResource.DeviceID>5</iescim:PowerSystemResource.DeviceID>
</cim:BaseVoltage>
<cim:SubGeographicalRegion rdf:ID="8a0f688f46db11f00146db1368fb1070">
<cim:IdentifiedObject.name>国网柘荣县供电公司</cim:IdentifiedObject.name>
<cim:SubGeographicalRegion.Region rdf:resource="#_"/>
</cim:SubGeographicalRegion>
<cim:Circuit rdf:ID="10000100_16918">
<cim:IdentifiedObject.name>10kV轻工线917线路</cim:IdentifiedObject.name>
<cim:Circuit.BelongtoHVSubstation rdf:resource="#30000000_74168"/>
<cim:PowerSystemResource.SubGeographicalRegion rdf:resource="#8a0f688f46db11f00146db1368fb1070"/>
<cim:iscurrentfeeder>0</cim:iscurrentfeeder>
</cim:Circuit>
<cim:Circuit rdf:ID="10000100_19585">
<cim:IdentifiedObject.name>10kV柳西Ⅱ回953线路</cim:IdentifiedObject.name>
<cim:Circuit.BelongtoHVSubstation rdf:resource="#30000000_74466"/>
<cim:PowerSystemResource.SubGeographicalRegion rdf:resource="#8a0f688f46db11f00146db1368fb1070"/>
<cim:iscurrentfeeder>1</cim:iscurrentfeeder>
</cim:Circuit>
<cim:Substation rdf:ID="30000000_74466">
<cim:IdentifiedObject.name>柘荣变电站</cim:IdentifiedObject.name>
<iescim:PowerSystemResource.DeviceType>13</iescim:PowerSystemResource.DeviceType>
<iescim:PowerSystemResource.SubType>1</iescim:PowerSystemResource.SubType>
<cim:PowerSystemResource.PSRType rdf:resource="#30000000"/>
<iescim:PowerSystemResource.DeviceID>3659174697243631</iescim:PowerSystemResource.DeviceID>
<cim:PowerSystemResource.SubGeographicalRegion rdf:resource="#8a0f688f46db11f00146db1368fb1070"/>
</cim:Substation>
<cim:Substation rdf:ID="30000000_74168">
<cim:IdentifiedObject.name>柳城变电站</cim:IdentifiedObject.name>
<iescim:PowerSystemResource.DeviceType>13</iescim:PowerSystemResource.DeviceType>
<iescim:PowerSystemResource.SubType>1</iescim:PowerSystemResource.SubType>
<cim:PowerSystemResource.PSRType rdf:resource="#30000000"/>
<iescim:PowerSystemResource.DeviceID>3659174697243632</iescim:PowerSystemResource.DeviceID>
<cim:PowerSystemResource.SubGeographicalRegion rdf:resource="#8a0f688f46db11f00146db1368fb1070"/>
</cim:Substation>
<cim:Breaker rdf:ID="30500000_1113861">
<cim:IdentifiedObject.name>柘荣变电站.10kV.柳西Ⅱ回间隔.953开关</cim:IdentifiedObject.name>
<cim:IdentifiedObject.bianhao>_</cim:IdentifiedObject.bianhao>
<cim:Equipment.EquipmentContainer rdf:resource="#30000000_74466"/>
<cim:PowerSystemResource.Circuit rdf:resource="#10000100_19585" />
<cim:ConductingEquipment.BaseVoltage rdf:resource="#BaseVoltage_5"/>
<iescim:PowerSystemResource.SubType>1</iescim:PowerSystemResource.SubType>
<iescim:PowerSystemResource.DeviceID>4503599627397400</iescim:PowerSystemResource.DeviceID>
<iescim:PowerSystemResource.DeviceType>16</iescim:PowerSystemResource.DeviceType>
<iescim:PowerSystemResource.Cxmc></iescim:PowerSystemResource.Cxmc>
</cim:Breaker>
<cim:Breaker rdf:ID="11100000_627322">
<cim:IdentifiedObject.name>10kV乌岩下分线#002-6-1杆002-6-1开关</cim:IdentifiedObject.name>
<cim:IdentifiedObject.bianhao>002-6-1</cim:IdentifiedObject.bianhao>
<cim:PowerSystemResource.Circuit rdf:resource="#10000100_16918" />
<cim:ConductingEquipment.BaseVoltage rdf:resource="#BaseVoltage_5"/>
<iescim:PowerSystemResource.SubType>2</iescim:PowerSystemResource.SubType>
<iescim:PowerSystemResource.DeviceID>4503599627404123</iescim:PowerSystemResource.DeviceID>
<iescim:PowerSystemResource.DeviceType>16</iescim:PowerSystemResource.DeviceType>
<iescim:PowerSystemResource.Cxmc></iescim:PowerSystemResource.Cxmc>
</cim:Breaker>
<cim:Disconnector rdf:ID="30600001_1385970">
<cim:IdentifiedObject.name>柘荣变电站.10kV.柳西Ⅱ回间隔.9536接地刀闸</cim:IdentifiedObject.name>
<cim:IdentifiedObject.bianhao>_</cim:IdentifiedObject.bianhao>
<cim:Equipment.EquipmentContainer rdf:resource="#30000000_74466"/>
<cim:PowerSystemResource.Circuit rdf:resource="#10000100_19585" />
<cim:ConductingEquipment.BaseVoltage rdf:resource="#BaseVoltage_5"/>
<iescim:PowerSystemResource.SubType>9</iescim:PowerSystemResource.SubType>
<iescim:PowerSystemResource.DeviceID>4785074604156709</iescim:PowerSystemResource.DeviceID>
<iescim:PowerSystemResource.DeviceType>17</iescim:PowerSystemResource.DeviceType>
<iescim:PowerSystemResource.Cxmc></iescim:PowerSystemResource.Cxmc>
</cim:Disconnector>
<cim:Disconnector rdf:ID="11300000_2386969">
<cim:IdentifiedObject.name>10kV柳西Ⅱ回#000杆0001刀闸</cim:IdentifiedObject.name>
<cim:IdentifiedObject.bianhao>0001</cim:IdentifiedObject.bianhao>
<cim:PowerSystemResource.Circuit rdf:resource="#10000100_19585" />
<cim:ConductingEquipment.BaseVoltage rdf:resource="#BaseVoltage_5"/>
<iescim:PowerSystemResource.SubType>6</iescim:PowerSystemResource.SubType>
<iescim:PowerSystemResource.DeviceID>4785074604157290</iescim:PowerSystemResource.DeviceID>
<iescim:PowerSystemResource.DeviceType>17</iescim:PowerSystemResource.DeviceType>
<iescim:PowerSystemResource.Cxmc></iescim:PowerSystemResource.Cxmc>
</cim:Disconnector>
<cim:Disconnector rdf:ID="11300000_2387328">
<cim:IdentifiedObject.name>10kV柳西Ⅱ回#016杆0161刀闸</cim:IdentifiedObject.name>
<cim:IdentifiedObject.bianhao>0161</cim:IdentifiedObject.bianhao>
<cim:PowerSystemResource.Circuit rdf:resource="#10000100_19585" />
<cim:ConductingEquipment.BaseVoltage rdf:resource="#BaseVoltage_5"/>
<iescim:PowerSystemResource.SubType>6</iescim:PowerSystemResource.SubType>
<iescim:PowerSystemResource.DeviceID>4785074604157291</iescim:PowerSystemResource.DeviceID>
<iescim:PowerSystemResource.DeviceType>17</iescim:PowerSystemResource.DeviceType>
<iescim:PowerSystemResource.Cxmc></iescim:PowerSystemResource.Cxmc>
</cim:Disconnector>
<cim:Disconnector rdf:ID="11300000_2387528">
<cim:IdentifiedObject.name>10kV柳西Ⅱ回#030杆0301刀闸</cim:IdentifiedObject.name>
<cim:IdentifiedObject.bianhao>0301</cim:IdentifiedObject.bianhao>
<cim:PowerSystemResource.Circuit rdf:resource="#10000100_19585" />
<cim:ConductingEquipment.BaseVoltage rdf:resource="#BaseVoltage_5"/>
<iescim:PowerSystemResource.SubType>6</iescim:PowerSystemResource.SubType>
<iescim:PowerSystemResource.DeviceID>4785074604157292</iescim:PowerSystemResource.DeviceID>
<iescim:PowerSystemResource.DeviceType>17</iescim:PowerSystemResource.DeviceType>
<iescim:PowerSystemResource.Cxmc></iescim:PowerSystemResource.Cxmc>
</cim:Disconnector>
<cim:Disconnector rdf:ID="11300000_2922836">
<cim:IdentifiedObject.name>柳西Ⅱ路953线路031杆0311刀闸</cim:IdentifiedObject.name>
<cim:IdentifiedObject.bianhao>0311</cim:IdentifiedObject.bianhao>
<cim:PowerSystemResource.Circuit rdf:resource="#10000100_19585" />
<cim:ConductingEquipment.BaseVoltage rdf:resource="#BaseVoltage_5"/>
<iescim:PowerSystemResource.SubType>6</iescim:PowerSystemResource.SubType>
<iescim:PowerSystemResource.DeviceID>4785074604169886</iescim:PowerSystemResource.DeviceID>
<iescim:PowerSystemResource.DeviceType>17</iescim:PowerSystemResource.DeviceType>
<iescim:PowerSystemResource.Cxmc></iescim:PowerSystemResource.Cxmc>
</cim:Disconnector>
<cim:Disconnector rdf:ID="2455497">
<cim:IdentifiedObject.name>柘荣变电站.10kV.柳西Ⅱ回间隔.953手车刀闸</cim:IdentifiedObject.name>
<cim:IdentifiedObject.bianhao>_</cim:IdentifiedObject.bianhao>
<cim:Equipment.EquipmentContainer rdf:resource="#30000000_74466"/>
<cim:PowerSystemResource.Circuit rdf:resource="#10000100_19585" />
<cim:ConductingEquipment.BaseVoltage rdf:resource="#BaseVoltage_5"/>
<iescim:PowerSystemResource.SubType>5</iescim:PowerSystemResource.SubType>
<iescim:PowerSystemResource.DeviceID>4785074604190584</iescim:PowerSystemResource.DeviceID>
<iescim:PowerSystemResource.DeviceType>17</iescim:PowerSystemResource.DeviceType>
<iescim:PowerSystemResource.Cxmc></iescim:PowerSystemResource.Cxmc>
</cim:Disconnector>
<cim:Fuse rdf:ID="11500000_1268208">
<cim:IdentifiedObject.name>柳西Ⅱ路953线路#032杆032M2跌落式熔断器</cim:IdentifiedObject.name>
<cim:IdentifiedObject.bianhao>032M2</cim:IdentifiedObject.bianhao>
<cim:PowerSystemResource.Circuit rdf:resource="#10000100_19585" />
<cim:ConductingEquipment.BaseVoltage rdf:resource="#BaseVoltage_5"/>
<iescim:PowerSystemResource.SubType>1</iescim:PowerSystemResource.SubType>
<iescim:PowerSystemResource.DeviceID>8162774324685165</iescim:PowerSystemResource.DeviceID>
<iescim:PowerSystemResource.DeviceType>29</iescim:PowerSystemResource.DeviceType>
<iescim:PowerSystemResource.Cxmc></iescim:PowerSystemResource.Cxmc>
</cim:Fuse>
<cim:PowerTransformer rdf:ID="11000001_1183576">
<cim:IdentifiedObject.name>柘荣供电公司（大楼）</cim:IdentifiedObject.name>
<cim:IdentifiedObject.bianhao></cim:IdentifiedObject.bianhao>
<cim:PowerSystemResource.Circuit rdf:resource="#10000100_19585" />
<cim:ConductingEquipment.BaseVoltage rdf:resource="#BaseVoltage_5"/>
<iescim:PowerSystemResource.SubType>1</iescim:PowerSystemResource.SubType>
<iescim:PowerSystemResource.DeviceID>12384898975293717</iescim:PowerSystemResource.DeviceID>
<iescim:PowerSystemResource.DeviceType>44</iescim:PowerSystemResource.DeviceType>
<iescim:PowerSystemResource.UserType>0</iescim:PowerSystemResource.UserType>
<iescim:PowerSystemResource.TaiQuHao>_</iescim:PowerSystemResource.TaiQuHao>
</cim:PowerTransformer>
<cim:BusbarSection rdf:ID="31100000_462945">
<cim:IdentifiedObject.name>柘荣变电站.10kV.Ⅱ段母线</cim:IdentifiedObject.name>
<cim:IdentifiedObject.bianhao></cim:IdentifiedObject.bianhao>
<cim:Equipment.EquipmentContainer rdf:resource="#30000000_74466"/>
<cim:PowerSystemResource.Circuit rdf:resource="#_" />
<cim:ConductingEquipment.BaseVoltage rdf:resource="#BaseVoltage_5"/>
<iescim:PowerSystemResource.SubType>0</iescim:PowerSystemResource.SubType>
<iescim:PowerSystemResource.DeviceID>5348024557509525</iescim:PowerSystemResource.DeviceID>
<iescim:PowerSystemResource.DeviceType>19</iescim:PowerSystemResource.DeviceType>
</cim:BusbarSection>
<cim:BusbarSection rdf:ID="31100000_90203">
<cim:IdentifiedObject.name>柳城变电站.10kV.Ⅰ段母线</cim:IdentifiedObject.name>
<cim:IdentifiedObject.bianhao></cim:IdentifiedObject.bianhao>
<cim:Equipment.EquipmentContainer rdf:resource="#30000000_74168"/>
<cim:PowerSystemResource.Circuit rdf:resource="#_" />
<cim:ConductingEquipment.BaseVoltage rdf:resource="#BaseVoltage_5"/>
<iescim:PowerSystemResource.SubType>0</iescim:PowerSystemResource.SubType>
<iescim:PowerSystemResource.DeviceID>5348024557509527</iescim:PowerSystemResource.DeviceID>
<iescim:PowerSystemResource.DeviceType>19</iescim:PowerSystemResource.DeviceType>
</cim:BusbarSection>
<cim:BusbarSection rdf:ID="31100000_462944">
<cim:IdentifiedObject.name>柘荣变电站.10kV.Ⅰ段母线</cim:IdentifiedObject.name>
<cim:IdentifiedObject.bianhao></cim:IdentifiedObject.bianhao>
<cim:Equipment.EquipmentContainer rdf:resource="#30000000_74466"/>
<cim:PowerSystemResource.Circuit rdf:resource="#_" />
<cim:ConductingEquipment.BaseVoltage rdf:resource="#BaseVoltage_5"/>
<iescim:PowerSystemResource.SubType>0</iescim:PowerSystemResource.SubType>
<iescim:PowerSystemResource.DeviceID>5348024557509554</iescim:PowerSystemResource.DeviceID>
<iescim:PowerSystemResource.DeviceType>19</iescim:PowerSystemResource.DeviceType>
</cim:BusbarSection>
<cim:BusbarSection rdf:ID="31100000_90193">
<cim:IdentifiedObject.name>柳城变电站.10kV.Ⅱ段母线</cim:IdentifiedObject.name>
<cim:IdentifiedObject.bianhao></cim:IdentifiedObject.bianhao>
<cim:Equipment.EquipmentContainer rdf:resource="#30000000_74168"/>
<cim:PowerSystemResource.Circuit rdf:resource="#_" />
<cim:ConductingEquipment.BaseVoltage rdf:resource="#BaseVoltage_5"/>
<iescim:PowerSystemResource.SubType>0</iescim:PowerSystemResource.SubType>
<iescim:PowerSystemResource.DeviceID>5348024557509574</iescim:PowerSystemResource.DeviceID>
<iescim:PowerSystemResource.DeviceType>19</iescim:PowerSystemResource.DeviceType>
</cim:BusbarSection>
<cim:BusbarSection rdf:ID="31100000_462917">
<cim:IdentifiedObject.name>柘荣变电站.10kV.Ⅲ段母线</cim:IdentifiedObject.name>
<cim:IdentifiedObject.bianhao></cim:IdentifiedObject.bianhao>
<cim:Equipment.EquipmentContainer rdf:resource="#30000000_74466"/>
<cim:PowerSystemResource.Circuit rdf:resource="#_" />
<cim:ConductingEquipment.BaseVoltage rdf:resource="#BaseVoltage_5"/>
<iescim:PowerSystemResource.SubType>0</iescim:PowerSystemResource.SubType>
<iescim:PowerSystemResource.DeviceID>5348024557510914</iescim:PowerSystemResource.DeviceID>
<iescim:PowerSystemResource.DeviceType>19</iescim:PowerSystemResource.DeviceType>
</cim:BusbarSection>
<cim:ACLineSegment rdf:ID="10100000_9751722">
<cim:IdentifiedObject.name>10kV柳西Ⅱ回#018-10kV柳西Ⅱ回#019</cim:IdentifiedObject.name>
<cim:IdentifiedObject.bianhao></cim:IdentifiedObject.bianhao>
<cim:PowerSystemResource.Circuit rdf:resource="#10000100_19585" />
<cim:ConductingEquipment.BaseVoltage rdf:resource="#BaseVoltage_5"/>
<iescim:PowerSystemResource.SubType>2</iescim:PowerSystemResource.SubType>
<iescim:PowerSystemResource.DeviceID>5629499534417246</iescim:PowerSystemResource.DeviceID>
<iescim:PowerSystemResource.DeviceType>20</iescim:PowerSystemResource.DeviceType>
</cim:ACLineSegment>
<cim:ACLineSegment rdf:ID="13000000_12800972">
<cim:IdentifiedObject.name>站外-连接线</cim:IdentifiedObject.name>
<cim:IdentifiedObject.bianhao></cim:IdentifiedObject.bianhao>
<cim:PowerSystemResource.Circuit rdf:resource="#10000100_19585" />
<cim:ConductingEquipment.BaseVoltage rdf:resource="#BaseVoltage_5"/>
<iescim:PowerSystemResource.SubType>3</iescim:PowerSystemResource.SubType>
<iescim:PowerSystemResource.DeviceID>5629499534417247</iescim:PowerSystemResource.DeviceID>
<iescim:PowerSystemResource.DeviceType>20</iescim:PowerSystemResource.DeviceType>
</cim:ACLineSegment>
<cim:ACLineSegment rdf:ID="13000000_12800978">
<cim:IdentifiedObject.name>-连接线-</cim:IdentifiedObject.name>
<cim:IdentifiedObject.bianhao></cim:IdentifiedObject.bianhao>
<cim:PowerSystemResource.Circuit rdf:resource="#10000100_19585" />
<cim:ConductingEquipment.BaseVoltage rdf:resource="#BaseVoltage_5"/>
<iescim:PowerSystemResource.SubType>3</iescim:PowerSystemResource.SubType>
<iescim:PowerSystemResource.DeviceID>5629499534417248</iescim:PowerSystemResource.DeviceID>
<iescim:PowerSystemResource.DeviceType>20</iescim:PowerSystemResource.DeviceType>
</cim:ACLineSegment>
<cim:ACLineSegment rdf:ID="13000000_12801002">
<cim:IdentifiedObject.name>站外-连接线</cim:IdentifiedObject.name>
<cim:IdentifiedObject.bianhao></cim:IdentifiedObject.bianhao>
<cim:PowerSystemResource.Circuit rdf:resource="#10000100_19585" />
<cim:ConductingEquipment.BaseVoltage rdf:resource="#BaseVoltage_5"/>
<iescim:PowerSystemResource.SubType>3</iescim:PowerSystemResource.SubType>
<iescim:PowerSystemResource.DeviceID>5629499534417249</iescim:PowerSystemResource.DeviceID>
<iescim:PowerSystemResource.DeviceType>20</iescim:PowerSystemResource.DeviceType>
</cim:ACLineSegment>
<cim:ACLineSegment rdf:ID="13000000_12802172">
<cim:IdentifiedObject.name>-连接线-</cim:IdentifiedObject.name>
<cim:IdentifiedObject.bianhao></cim:IdentifiedObject.bianhao>
<cim:PowerSystemResource.Circuit rdf:resource="#10000100_19585" />
<cim:ConductingEquipment.BaseVoltage rdf:resource="#BaseVoltage_5"/>
<iescim:PowerSystemResource.SubType>3</iescim:PowerSystemResource.SubType>
<iescim:PowerSystemResource.DeviceID>5629499534417250</iescim:PowerSystemResource.DeviceID>
<iescim:PowerSystemResource.DeviceType>20</iescim:PowerSystemResource.DeviceType>
</cim:ACLineSegment>
<cim:ACLineSegment rdf:ID="13000000_12802197">
<cim:IdentifiedObject.name>016</cim:IdentifiedObject.name>
<cim:IdentifiedObject.bianhao></cim:IdentifiedObject.bianhao>
<cim:PowerSystemResource.Circuit rdf:resource="#10000100_19585" />
<cim:ConductingEquipment.BaseVoltage rdf:resource="#BaseVoltage_5"/>
<iescim:PowerSystemResource.SubType>3</iescim:PowerSystemResource.SubType>
<iescim:PowerSystemResource.DeviceID>5629499534417251</iescim:PowerSystemResource.DeviceID>
<iescim:PowerSystemResource.DeviceType>20</iescim:PowerSystemResource.DeviceType>
</cim:ACLineSegment>
<cim:ACLineSegment rdf:ID="13000000_12802275">
<cim:IdentifiedObject.name>站外-连接线</cim:IdentifiedObject.name>
<cim:IdentifiedObject.bianhao></cim:IdentifiedObject.bianhao>
<cim:PowerSystemResource.Circuit rdf:resource="#10000100_19585" />
<cim:ConductingEquipment.BaseVoltage rdf:resource="#BaseVoltage_5"/>
<iescim:PowerSystemResource.SubType>3</iescim:PowerSystemResource.SubType>
<iescim:PowerSystemResource.DeviceID>5629499534417252</iescim:PowerSystemResource.DeviceID>
<iescim:PowerSystemResource.DeviceType>20</iescim:PowerSystemResource.DeviceType>
</cim:ACLineSegment>
<cim:ACLineSegment rdf:ID="13000000_12802868">
<cim:IdentifiedObject.name>-连接线-</cim:IdentifiedObject.name>
<cim:IdentifiedObject.bianhao></cim:IdentifiedObject.bianhao>
<cim:PowerSystemResource.Circuit rdf:resource="#10000100_19585" />
<cim:ConductingEquipment.BaseVoltage rdf:resource="#BaseVoltage_5"/>
<iescim:PowerSystemResource.SubType>3</iescim:PowerSystemResource.SubType>
<iescim:PowerSystemResource.DeviceID>5629499534417253</iescim:PowerSystemResource.DeviceID>
<iescim:PowerSystemResource.DeviceType>20</iescim:PowerSystemResource.DeviceType>
</cim:ACLineSegment>
<cim:ACLineSegment rdf:ID="13000000_12802875">
<cim:IdentifiedObject.name>0301刀闸</cim:IdentifiedObject.name>
<cim:IdentifiedObject.bianhao></cim:IdentifiedObject.bianhao>
<cim:PowerSystemResource.Circuit rdf:resource="#10000100_19585" />
<cim:ConductingEquipment.BaseVoltage rdf:resource="#BaseVoltage_5"/>
<iescim:PowerSystemResource.SubType>3</iescim:PowerSystemResource.SubType>
<iescim:PowerSystemResource.DeviceID>5629499534417254</iescim:PowerSystemResource.DeviceID>
<iescim:PowerSystemResource.DeviceType>20</iescim:PowerSystemResource.DeviceType>
</cim:ACLineSegment>
<cim:ACLineSegment rdf:ID="13000000_12803067">
<cim:IdentifiedObject.name>-连接线-</cim:IdentifiedObject.name>
<cim:IdentifiedObject.bianhao></cim:IdentifiedObject.bianhao>
<cim:PowerSystemResource.Circuit rdf:resource="#10000100_19585" />
<cim:ConductingEquipment.BaseVoltage rdf:resource="#BaseVoltage_5"/>
<iescim:PowerSystemResource.SubType>3</iescim:PowerSystemResource.SubType>
<iescim:PowerSystemResource.DeviceID>5629499534417256</iescim:PowerSystemResource.DeviceID>
<iescim:PowerSystemResource.DeviceType>20</iescim:PowerSystemResource.DeviceType>
</cim:ACLineSegment>
<cim:ACLineSegment rdf:ID="14000000_6900639">
<cim:IdentifiedObject.name>站外-超连接线</cim:IdentifiedObject.name>
<cim:IdentifiedObject.bianhao></cim:IdentifiedObject.bianhao>
<cim:PowerSystemResource.Circuit rdf:resource="#10000100_19585" />
<cim:ConductingEquipment.BaseVoltage rdf:resource="#BaseVoltage_5"/>
<iescim:PowerSystemResource.SubType>3</iescim:PowerSystemResource.SubType>
<iescim:PowerSystemResource.DeviceID>5629499534417257</iescim:PowerSystemResource.DeviceID>
<iescim:PowerSystemResource.DeviceType>20</iescim:PowerSystemResource.DeviceType>
</cim:ACLineSegment>
<cim:ACLineSegment rdf:ID="20100000_498619">
<cim:IdentifiedObject.name>10kV城关开闭所9781终端头-柘荣供电公司变</cim:IdentifiedObject.name>
<cim:IdentifiedObject.bianhao></cim:IdentifiedObject.bianhao>
<cim:PowerSystemResource.Circuit rdf:resource="#10000100_19585" />
<cim:ConductingEquipment.BaseVoltage rdf:resource="#BaseVoltage_5"/>
<iescim:PowerSystemResource.SubType>1</iescim:PowerSystemResource.SubType>
<iescim:PowerSystemResource.DeviceID>5629499534417259</iescim:PowerSystemResource.DeviceID>
<iescim:PowerSystemResource.DeviceType>20</iescim:PowerSystemResource.DeviceType>
</cim:ACLineSegment>
<cim:ACLineSegment rdf:ID="20100000_994192">
<cim:IdentifiedObject.name>110kV柘荣变10kV备用一线953单元-站外-电缆终端头1420827</cim:IdentifiedObject.name>
<cim:IdentifiedObject.bianhao></cim:IdentifiedObject.bianhao>
<cim:PowerSystemResource.Circuit rdf:resource="#10000100_19585" />
<cim:ConductingEquipment.BaseVoltage rdf:resource="#BaseVoltage_5"/>
<iescim:PowerSystemResource.SubType>1</iescim:PowerSystemResource.SubType>
<iescim:PowerSystemResource.DeviceID>5629499534417260</iescim:PowerSystemResource.DeviceID>
<iescim:PowerSystemResource.DeviceType>20</iescim:PowerSystemResource.DeviceType>
</cim:ACLineSegment>
<cim:ACLineSegment rdf:ID="20100000_994296">
<cim:IdentifiedObject.name>10kV柳西Ⅱ线953线路#016杆-10kV柳西Ⅱ线953线路#018杆</cim:IdentifiedObject.name>
<cim:IdentifiedObject.bianhao></cim:IdentifiedObject.bianhao>
<cim:PowerSystemResource.Circuit rdf:resource="#10000100_19585" />
<cim:ConductingEquipment.BaseVoltage rdf:resource="#BaseVoltage_5"/>
<iescim:PowerSystemResource.SubType>1</iescim:PowerSystemResource.SubType>
<iescim:PowerSystemResource.DeviceID>5629499534417261</iescim:PowerSystemResource.DeviceID>
<iescim:PowerSystemResource.DeviceType>20</iescim:PowerSystemResource.DeviceType>
</cim:ACLineSegment>
<cim:ACLineSegment rdf:ID="13000000_13358307">
<cim:IdentifiedObject.name>-连接线-</cim:IdentifiedObject.name>
<cim:IdentifiedObject.bianhao></cim:IdentifiedObject.bianhao>
<cim:PowerSystemResource.Circuit rdf:resource="#10000100_19585" />
<cim:ConductingEquipment.BaseVoltage rdf:resource="#BaseVoltage_5"/>
<iescim:PowerSystemResource.SubType>3</iescim:PowerSystemResource.SubType>
<iescim:PowerSystemResource.DeviceID>5629499534453122</iescim:PowerSystemResource.DeviceID>
<iescim:PowerSystemResource.DeviceType>20</iescim:PowerSystemResource.DeviceType>
</cim:ACLineSegment>
<cim:ACLineSegment rdf:ID="13000000_13358315">
<cim:IdentifiedObject.name>-连接线-</cim:IdentifiedObject.name>
<cim:IdentifiedObject.bianhao></cim:IdentifiedObject.bianhao>
<cim:PowerSystemResource.Circuit rdf:resource="#10000100_19585" />
<cim:ConductingEquipment.BaseVoltage rdf:resource="#BaseVoltage_5"/>
<iescim:PowerSystemResource.SubType>3</iescim:PowerSystemResource.SubType>
<iescim:PowerSystemResource.DeviceID>5629499534453123</iescim:PowerSystemResource.DeviceID>
<iescim:PowerSystemResource.DeviceType>20</iescim:PowerSystemResource.DeviceType>
</cim:ACLineSegment>
<cim:ACLineSegment rdf:ID="10100000_11181190">
<cim:IdentifiedObject.name>柳西Ⅱ路953线路031杆-柳西Ⅱ路953线路032杆导线</cim:IdentifiedObject.name>
<cim:IdentifiedObject.bianhao></cim:IdentifiedObject.bianhao>
<cim:PowerSystemResource.Circuit rdf:resource="#10000100_19585" />
<cim:ConductingEquipment.BaseVoltage rdf:resource="#BaseVoltage_5"/>
<iescim:PowerSystemResource.SubType>2</iescim:PowerSystemResource.SubType>
<iescim:PowerSystemResource.DeviceID>5629499534517771</iescim:PowerSystemResource.DeviceID>
<iescim:PowerSystemResource.DeviceType>20</iescim:PowerSystemResource.DeviceType>
</cim:ACLineSegment>
<cim:ACLineSegment rdf:ID="13000000_14435914">
<cim:IdentifiedObject.name>-连接线-</cim:IdentifiedObject.name>
<cim:IdentifiedObject.bianhao></cim:IdentifiedObject.bianhao>
<cim:PowerSystemResource.Circuit rdf:resource="#10000100_19585" />
<cim:ConductingEquipment.BaseVoltage rdf:resource="#BaseVoltage_5"/>
<iescim:PowerSystemResource.SubType>3</iescim:PowerSystemResource.SubType>
<iescim:PowerSystemResource.DeviceID>5629499534517772</iescim:PowerSystemResource.DeviceID>
<iescim:PowerSystemResource.DeviceType>20</iescim:PowerSystemResource.DeviceType>
</cim:ACLineSegment>
<cim:ACLineSegment rdf:ID="13000000_14435915">
<cim:IdentifiedObject.name>站外-连接线</cim:IdentifiedObject.name>
<cim:IdentifiedObject.bianhao></cim:IdentifiedObject.bianhao>
<cim:PowerSystemResource.Circuit rdf:resource="#10000100_19585" />
<cim:ConductingEquipment.BaseVoltage rdf:resource="#BaseVoltage_5"/>
<iescim:PowerSystemResource.SubType>3</iescim:PowerSystemResource.SubType>
<iescim:PowerSystemResource.DeviceID>5629499534517773</iescim:PowerSystemResource.DeviceID>
<iescim:PowerSystemResource.DeviceType>20</iescim:PowerSystemResource.DeviceType>
</cim:ACLineSegment>
<cim:ACLineSegment rdf:ID="13000000_14435916">
<cim:IdentifiedObject.name>站外-连接线</cim:IdentifiedObject.name>
<cim:IdentifiedObject.bianhao></cim:IdentifiedObject.bianhao>
<cim:PowerSystemResource.Circuit rdf:resource="#10000100_19585" />
<cim:ConductingEquipment.BaseVoltage rdf:resource="#BaseVoltage_5"/>
<iescim:PowerSystemResource.SubType>3</iescim:PowerSystemResource.SubType>
<iescim:PowerSystemResource.DeviceID>5629499534517777</iescim:PowerSystemResource.DeviceID>
<iescim:PowerSystemResource.DeviceType>20</iescim:PowerSystemResource.DeviceType>
</cim:ACLineSegment>
<cim:ACLineSegment rdf:ID="13000000_14435917">
<cim:IdentifiedObject.name>站外-连接线</cim:IdentifiedObject.name>
<cim:IdentifiedObject.bianhao></cim:IdentifiedObject.bianhao>
<cim:PowerSystemResource.Circuit rdf:resource="#10000100_19585" />
<cim:ConductingEquipment.BaseVoltage rdf:resource="#BaseVoltage_5"/>
<iescim:PowerSystemResource.SubType>3</iescim:PowerSystemResource.SubType>
<iescim:PowerSystemResource.DeviceID>5629499534517778</iescim:PowerSystemResource.DeviceID>
<iescim:PowerSystemResource.DeviceType>20</iescim:PowerSystemResource.DeviceType>
</cim:ACLineSegment>
<cim:ACLineSegment rdf:ID="10100000_9751441">
<cim:IdentifiedObject.name>10kV柳西Ⅱ回#001-10kV柳西Ⅱ回#002</cim:IdentifiedObject.name>
<cim:IdentifiedObject.bianhao></cim:IdentifiedObject.bianhao>
<cim:PowerSystemResource.Circuit rdf:resource="#10000100_19585" />
<cim:ConductingEquipment.BaseVoltage rdf:resource="#BaseVoltage_5"/>
<iescim:PowerSystemResource.SubType>2</iescim:PowerSystemResource.SubType>
<iescim:PowerSystemResource.DeviceID>5629499538138608</iescim:PowerSystemResource.DeviceID>
<iescim:PowerSystemResource.DeviceType>20</iescim:PowerSystemResource.DeviceType>
</cim:ACLineSegment>
<cim:ACLineSegment rdf:ID="13000000_1550285726">
<cim:IdentifiedObject.name>站外-连接线</cim:IdentifiedObject.name>
<cim:IdentifiedObject.bianhao></cim:IdentifiedObject.bianhao>
<cim:PowerSystemResource.Circuit rdf:resource="#10000100_19585" />
<cim:ConductingEquipment.BaseVoltage rdf:resource="#BaseVoltage_5"/>
<iescim:PowerSystemResource.SubType>3</iescim:PowerSystemResource.SubType>
<iescim:PowerSystemResource.DeviceID>5629499538138609</iescim:PowerSystemResource.DeviceID>
<iescim:PowerSystemResource.DeviceType>20</iescim:PowerSystemResource.DeviceType>
</cim:ACLineSegment>
<cim:Pole rdf:ID="10200001_9855285">
<cim:IdentifiedObject.name>10kV柳西Ⅱ回#000杆</cim:IdentifiedObject.name>
<cim:IdentifiedObject.bianhao></cim:IdentifiedObject.bianhao>
<cim:PowerSystemResource.Circuit rdf:resource="#10000100_19585" />
<cim:ConductingEquipment.BaseVoltage rdf:resource="#BaseVoltage_5"/>
<iescim:PowerSystemResource.DeviceType>43</iescim:PowerSystemResource.DeviceType>
<iescim:PowerSystemResource.SubType>1</iescim:PowerSystemResource.SubType>
<iescim:PowerSystemResource.DeviceID>12103423998607585</iescim:PowerSystemResource.DeviceID>
</cim:Pole>
<cim:Pole rdf:ID="10200001_9855286">
<cim:IdentifiedObject.name>10kV柳西Ⅱ回#001杆</cim:IdentifiedObject.name>
<cim:IdentifiedObject.bianhao></cim:IdentifiedObject.bianhao>
<cim:PowerSystemResource.Circuit rdf:resource="#10000100_19585" />
<cim:ConductingEquipment.BaseVoltage rdf:resource="#BaseVoltage_5"/>
<iescim:PowerSystemResource.DeviceType>43</iescim:PowerSystemResource.DeviceType>
<iescim:PowerSystemResource.SubType>1</iescim:PowerSystemResource.SubType>
<iescim:PowerSystemResource.DeviceID>12103423998607586</iescim:PowerSystemResource.DeviceID>
</cim:Pole>
<cim:Pole rdf:ID="10200001_9856258">
<cim:IdentifiedObject.name>10kV柳西Ⅱ回#016杆</cim:IdentifiedObject.name>
<cim:IdentifiedObject.bianhao></cim:IdentifiedObject.bianhao>
<cim:PowerSystemResource.Circuit rdf:resource="#10000100_19585" />
<cim:ConductingEquipment.BaseVoltage rdf:resource="#BaseVoltage_5"/>
<iescim:PowerSystemResource.DeviceType>43</iescim:PowerSystemResource.DeviceType>
<iescim:PowerSystemResource.SubType>1</iescim:PowerSystemResource.SubType>
<iescim:PowerSystemResource.DeviceID>12103423998607587</iescim:PowerSystemResource.DeviceID>
</cim:Pole>
<cim:Pole rdf:ID="10200001_9856259">
<cim:IdentifiedObject.name>10kV柳西Ⅱ回#018杆</cim:IdentifiedObject.name>
<cim:IdentifiedObject.bianhao></cim:IdentifiedObject.bianhao>
<cim:PowerSystemResource.Circuit rdf:resource="#10000100_19585" />
<cim:ConductingEquipment.BaseVoltage rdf:resource="#BaseVoltage_5"/>
<iescim:PowerSystemResource.DeviceType>43</iescim:PowerSystemResource.DeviceType>
<iescim:PowerSystemResource.SubType>1</iescim:PowerSystemResource.SubType>
<iescim:PowerSystemResource.DeviceID>12103423998607588</iescim:PowerSystemResource.DeviceID>
</cim:Pole>
<cim:Pole rdf:ID="10200001_9856418">
<cim:IdentifiedObject.name>10kV柳西Ⅱ回#030杆</cim:IdentifiedObject.name>
<cim:IdentifiedObject.bianhao></cim:IdentifiedObject.bianhao>
<cim:PowerSystemResource.Circuit rdf:resource="#10000100_19585" />
<cim:ConductingEquipment.BaseVoltage rdf:resource="#BaseVoltage_5"/>
<iescim:PowerSystemResource.DeviceType>43</iescim:PowerSystemResource.DeviceType>
<iescim:PowerSystemResource.SubType>1</iescim:PowerSystemResource.SubType>
<iescim:PowerSystemResource.DeviceID>12103423998607589</iescim:PowerSystemResource.DeviceID>
</cim:Pole>
<cim:Pole rdf:ID="10200001_11236669">
<cim:IdentifiedObject.name>10kV柳西Ⅱ路953线路#031杆</cim:IdentifiedObject.name>
<cim:IdentifiedObject.bianhao></cim:IdentifiedObject.bianhao>
<cim:PowerSystemResource.Circuit rdf:resource="#10000100_19585" />
<cim:ConductingEquipment.BaseVoltage rdf:resource="#BaseVoltage_5"/>
<iescim:PowerSystemResource.DeviceType>43</iescim:PowerSystemResource.DeviceType>
<iescim:PowerSystemResource.SubType>1</iescim:PowerSystemResource.SubType>
<iescim:PowerSystemResource.DeviceID>12103423998614896</iescim:PowerSystemResource.DeviceID>
</cim:Pole>
<cim:Pole rdf:ID="10200001_11236671">
<cim:IdentifiedObject.name>10kV柳西Ⅱ路953线路#032杆</cim:IdentifiedObject.name>
<cim:IdentifiedObject.bianhao></cim:IdentifiedObject.bianhao>
<cim:PowerSystemResource.Circuit rdf:resource="#10000100_19585" />
<cim:ConductingEquipment.BaseVoltage rdf:resource="#BaseVoltage_5"/>
<iescim:PowerSystemResource.DeviceType>43</iescim:PowerSystemResource.DeviceType>
<iescim:PowerSystemResource.SubType>1</iescim:PowerSystemResource.SubType>
<iescim:PowerSystemResource.DeviceID>12103423998614897</iescim:PowerSystemResource.DeviceID>
</cim:Pole>
<cim:Faultindicator rdf:ID="11700000_553060">
<cim:IdentifiedObject.name>柳西Ⅱ路953线路#000线路故障指示器</cim:IdentifiedObject.name>
<cim:IdentifiedObject.bianhao></cim:IdentifiedObject.bianhao>
<cim:PowerSystemResource.Circuit rdf:resource="#10000100_19585" />
<cim:ConductingEquipment.BaseVoltage rdf:resource="#BaseVoltage_5"/>
<iescim:PowerSystemResource.SubType>2</iescim:PowerSystemResource.SubType>
<iescim:PowerSystemResource.DeviceID>11821949021853366</iescim:PowerSystemResource.DeviceID>
<iescim:PowerSystemResource.DeviceType>42</iescim:PowerSystemResource.DeviceType>
</cim:Faultindicator>
<cim:Faultindicator rdf:ID="11700000_553062">
<cim:IdentifiedObject.name>柳西Ⅱ路953线路#016线路故障指示器</cim:IdentifiedObject.name>
<cim:IdentifiedObject.bianhao></cim:IdentifiedObject.bianhao>
<cim:PowerSystemResource.Circuit rdf:resource="#10000100_19585" />
<cim:ConductingEquipment.BaseVoltage rdf:resource="#BaseVoltage_5"/>
<iescim:PowerSystemResource.SubType>2</iescim:PowerSystemResource.SubType>
<iescim:PowerSystemResource.DeviceID>11821949021853367</iescim:PowerSystemResource.DeviceID>
<iescim:PowerSystemResource.DeviceType>42</iescim:PowerSystemResource.DeviceType>
</cim:Faultindicator>
<cim:Faultindicator rdf:ID="11700000_1550264926">
<cim:IdentifiedObject.name>10kV柳西Ⅱ回#001杆大号侧高精度故障指示器</cim:IdentifiedObject.name>
<cim:IdentifiedObject.bianhao></cim:IdentifiedObject.bianhao>
<cim:PowerSystemResource.Circuit rdf:resource="#10000100_19585" />
<cim:ConductingEquipment.BaseVoltage rdf:resource="#BaseVoltage_5"/>
<iescim:PowerSystemResource.SubType>2</iescim:PowerSystemResource.SubType>
<iescim:PowerSystemResource.DeviceID>11821949021855202</iescim:PowerSystemResource.DeviceID>
<iescim:PowerSystemResource.DeviceType>42</iescim:PowerSystemResource.DeviceType>
</cim:Faultindicator>
<cim:ConnectivityNode rdf:ID="9288674231453380">
<iescim:PowerSystemResource.SubType>0</iescim:PowerSystemResource.SubType>
<iescim:PowerSystemResource.DeviceID>9288674231453380</iescim:PowerSystemResource.DeviceID>
<iescim:PowerSystemResource.DeviceType>33</iescim:PowerSystemResource.DeviceType>
</cim:ConnectivityNode>
<cim:ConnectivityNode rdf:ID="9288674231453391">
<iescim:PowerSystemResource.SubType>0</iescim:PowerSystemResource.SubType>
<iescim:PowerSystemResource.DeviceID>9288674231453391</iescim:PowerSystemResource.DeviceID>
<iescim:PowerSystemResource.DeviceType>33</iescim:PowerSystemResource.DeviceType>
</cim:ConnectivityNode>
<cim:ConnectivityNode rdf:ID="9288674231474250">
<iescim:PowerSystemResource.SubType>0</iescim:PowerSystemResource.SubType>
<iescim:PowerSystemResource.DeviceID>9288674231474250</iescim:PowerSystemResource.DeviceID>
<iescim:PowerSystemResource.DeviceType>33</iescim:PowerSystemResource.DeviceType>
</cim:ConnectivityNode>
<cim:ConnectivityNode rdf:ID="9288674231514059">
<iescim:PowerSystemResource.SubType>0</iescim:PowerSystemResource.SubType>
<iescim:PowerSystemResource.DeviceID>9288674231514059</iescim:PowerSystemResource.DeviceID>
<iescim:PowerSystemResource.DeviceType>33</iescim:PowerSystemResource.DeviceType>
</cim:ConnectivityNode>
<cim:ConnectivityNode rdf:ID="9288674231518237">
<iescim:PowerSystemResource.SubType>0</iescim:PowerSystemResource.SubType>
<iescim:PowerSystemResource.DeviceID>9288674231518237</iescim:PowerSystemResource.DeviceID>
<iescim:PowerSystemResource.DeviceType>33</iescim:PowerSystemResource.DeviceType>
</cim:ConnectivityNode>
<cim:ConnectivityNode rdf:ID="9288674231589967">
<iescim:PowerSystemResource.SubType>0</iescim:PowerSystemResource.SubType>
<iescim:PowerSystemResource.DeviceID>9288674231589967</iescim:PowerSystemResource.DeviceID>
<iescim:PowerSystemResource.DeviceType>33</iescim:PowerSystemResource.DeviceType>
</cim:ConnectivityNode>
<cim:ConnectivityNode rdf:ID="9288674231590356">
<iescim:PowerSystemResource.SubType>0</iescim:PowerSystemResource.SubType>
<iescim:PowerSystemResource.DeviceID>9288674231590356</iescim:PowerSystemResource.DeviceID>
<iescim:PowerSystemResource.DeviceType>33</iescim:PowerSystemResource.DeviceType>
</cim:ConnectivityNode>
<cim:ConnectivityNode rdf:ID="9288674231590357">
<iescim:PowerSystemResource.SubType>0</iescim:PowerSystemResource.SubType>
<iescim:PowerSystemResource.DeviceID>9288674231590357</iescim:PowerSystemResource.DeviceID>
<iescim:PowerSystemResource.DeviceType>33</iescim:PowerSystemResource.DeviceType>
</cim:ConnectivityNode>
<cim:ConnectivityNode rdf:ID="9288674231590358">
<iescim:PowerSystemResource.SubType>0</iescim:PowerSystemResource.SubType>
<iescim:PowerSystemResource.DeviceID>9288674231590358</iescim:PowerSystemResource.DeviceID>
<iescim:PowerSystemResource.DeviceType>33</iescim:PowerSystemResource.DeviceType>
</cim:ConnectivityNode>
<cim:ConnectivityNode rdf:ID="9288674231590359">
<iescim:PowerSystemResource.SubType>0</iescim:PowerSystemResource.SubType>
<iescim:PowerSystemResource.DeviceID>9288674231590359</iescim:PowerSystemResource.DeviceID>
<iescim:PowerSystemResource.DeviceType>33</iescim:PowerSystemResource.DeviceType>
</cim:ConnectivityNode>
<cim:ConnectivityNode rdf:ID="9288674231598732">
<iescim:PowerSystemResource.SubType>0</iescim:PowerSystemResource.SubType>
<iescim:PowerSystemResource.DeviceID>9288674231598732</iescim:PowerSystemResource.DeviceID>
<iescim:PowerSystemResource.DeviceType>33</iescim:PowerSystemResource.DeviceType>
</cim:ConnectivityNode>
<cim:ConnectivityNode rdf:ID="9288674231691362">
<iescim:PowerSystemResource.SubType>0</iescim:PowerSystemResource.SubType>
<iescim:PowerSystemResource.DeviceID>9288674231691362</iescim:PowerSystemResource.DeviceID>
<iescim:PowerSystemResource.DeviceType>33</iescim:PowerSystemResource.DeviceType>
</cim:ConnectivityNode>
<cim:ConnectivityNode rdf:ID="9288674231691363">
<iescim:PowerSystemResource.SubType>0</iescim:PowerSystemResource.SubType>
<iescim:PowerSystemResource.DeviceID>9288674231691363</iescim:PowerSystemResource.DeviceID>
<iescim:PowerSystemResource.DeviceType>33</iescim:PowerSystemResource.DeviceType>
</cim:ConnectivityNode>
<cim:ConnectivityNode rdf:ID="9288674231691364">
<iescim:PowerSystemResource.SubType>0</iescim:PowerSystemResource.SubType>
<iescim:PowerSystemResource.DeviceID>9288674231691364</iescim:PowerSystemResource.DeviceID>
<iescim:PowerSystemResource.DeviceType>33</iescim:PowerSystemResource.DeviceType>
</cim:ConnectivityNode>
<cim:ConnectivityNode rdf:ID="9288674231691365">
<iescim:PowerSystemResource.SubType>0</iescim:PowerSystemResource.SubType>
<iescim:PowerSystemResource.DeviceID>9288674231691365</iescim:PowerSystemResource.DeviceID>
<iescim:PowerSystemResource.DeviceType>33</iescim:PowerSystemResource.DeviceType>
</cim:ConnectivityNode>
<cim:ConnectivityNode rdf:ID="9288674231698031">
<iescim:PowerSystemResource.SubType>0</iescim:PowerSystemResource.SubType>
<iescim:PowerSystemResource.DeviceID>9288674231698031</iescim:PowerSystemResource.DeviceID>
<iescim:PowerSystemResource.DeviceType>33</iescim:PowerSystemResource.DeviceType>
</cim:ConnectivityNode>
<cim:ConnectivityNode rdf:ID="9288674231748925">
<iescim:PowerSystemResource.SubType>0</iescim:PowerSystemResource.SubType>
<iescim:PowerSystemResource.DeviceID>9288674231748925</iescim:PowerSystemResource.DeviceID>
<iescim:PowerSystemResource.DeviceType>33</iescim:PowerSystemResource.DeviceType>
</cim:ConnectivityNode>
<cim:ConnectivityNode rdf:ID="9288674231806837">
<iescim:PowerSystemResource.SubType>0</iescim:PowerSystemResource.SubType>
<iescim:PowerSystemResource.DeviceID>9288674231806837</iescim:PowerSystemResource.DeviceID>
<iescim:PowerSystemResource.DeviceType>33</iescim:PowerSystemResource.DeviceType>
</cim:ConnectivityNode>
<cim:ConnectivityNode rdf:ID="9288674231806838">
<iescim:PowerSystemResource.SubType>0</iescim:PowerSystemResource.SubType>
<iescim:PowerSystemResource.DeviceID>9288674231806838</iescim:PowerSystemResource.DeviceID>
<iescim:PowerSystemResource.DeviceType>33</iescim:PowerSystemResource.DeviceType>
</cim:ConnectivityNode>
<cim:ConnectivityNode rdf:ID="9288674231806839">
<iescim:PowerSystemResource.SubType>0</iescim:PowerSystemResource.SubType>
<iescim:PowerSystemResource.DeviceID>9288674231806839</iescim:PowerSystemResource.DeviceID>
<iescim:PowerSystemResource.DeviceType>33</iescim:PowerSystemResource.DeviceType>
</cim:ConnectivityNode>
<cim:ConnectivityNode rdf:ID="9288674231806840">
<iescim:PowerSystemResource.SubType>0</iescim:PowerSystemResource.SubType>
<iescim:PowerSystemResource.DeviceID>9288674231806840</iescim:PowerSystemResource.DeviceID>
<iescim:PowerSystemResource.DeviceType>33</iescim:PowerSystemResource.DeviceType>
</cim:ConnectivityNode>
<cim:ConnectivityNode rdf:ID="9288674231806841">
<iescim:PowerSystemResource.SubType>0</iescim:PowerSystemResource.SubType>
<iescim:PowerSystemResource.DeviceID>9288674231806841</iescim:PowerSystemResource.DeviceID>
<iescim:PowerSystemResource.DeviceType>33</iescim:PowerSystemResource.DeviceType>
</cim:ConnectivityNode>
<cim:ConnectivityNode rdf:ID="9288674231806842">
<iescim:PowerSystemResource.SubType>0</iescim:PowerSystemResource.SubType>
<iescim:PowerSystemResource.DeviceID>9288674231806842</iescim:PowerSystemResource.DeviceID>
<iescim:PowerSystemResource.DeviceType>33</iescim:PowerSystemResource.DeviceType>
</cim:ConnectivityNode>
<cim:ConnectivityNode rdf:ID="9288674231806843">
<iescim:PowerSystemResource.SubType>0</iescim:PowerSystemResource.SubType>
<iescim:PowerSystemResource.DeviceID>9288674231806843</iescim:PowerSystemResource.DeviceID>
<iescim:PowerSystemResource.DeviceType>33</iescim:PowerSystemResource.DeviceType>
</cim:ConnectivityNode>
<cim:ConnectivityNode rdf:ID="9288674231806844">
<iescim:PowerSystemResource.SubType>0</iescim:PowerSystemResource.SubType>
<iescim:PowerSystemResource.DeviceID>9288674231806844</iescim:PowerSystemResource.DeviceID>
<iescim:PowerSystemResource.DeviceType>33</iescim:PowerSystemResource.DeviceType>
</cim:ConnectivityNode>
<cim:ConnectivityNode rdf:ID="9288674231806845">
<iescim:PowerSystemResource.SubType>0</iescim:PowerSystemResource.SubType>
<iescim:PowerSystemResource.DeviceID>9288674231806845</iescim:PowerSystemResource.DeviceID>
<iescim:PowerSystemResource.DeviceType>33</iescim:PowerSystemResource.DeviceType>
</cim:ConnectivityNode>
<cim:ConnectivityNode rdf:ID="9288674231822581">
<iescim:PowerSystemResource.SubType>0</iescim:PowerSystemResource.SubType>
<iescim:PowerSystemResource.DeviceID>9288674231822581</iescim:PowerSystemResource.DeviceID>
<iescim:PowerSystemResource.DeviceType>33</iescim:PowerSystemResource.DeviceType>
</cim:ConnectivityNode>
<cim:ConnectivityNode rdf:ID="9288674231822582">
<iescim:PowerSystemResource.SubType>0</iescim:PowerSystemResource.SubType>
<iescim:PowerSystemResource.DeviceID>9288674231822582</iescim:PowerSystemResource.DeviceID>
<iescim:PowerSystemResource.DeviceType>33</iescim:PowerSystemResource.DeviceType>
</cim:ConnectivityNode>
<cim:ConnectivityNode rdf:ID="9288674231822584">
<iescim:PowerSystemResource.SubType>0</iescim:PowerSystemResource.SubType>
<iescim:PowerSystemResource.DeviceID>9288674231822584</iescim:PowerSystemResource.DeviceID>
<iescim:PowerSystemResource.DeviceType>33</iescim:PowerSystemResource.DeviceType>
</cim:ConnectivityNode>
<cim:ConnectivityNode rdf:ID="9288674231846420">
<iescim:PowerSystemResource.SubType>0</iescim:PowerSystemResource.SubType>
<iescim:PowerSystemResource.DeviceID>9288674231846420</iescim:PowerSystemResource.DeviceID>
<iescim:PowerSystemResource.DeviceType>33</iescim:PowerSystemResource.DeviceType>
</cim:ConnectivityNode>
<cim:ConnectivityNode rdf:ID="9288674231908296">
<iescim:PowerSystemResource.SubType>0</iescim:PowerSystemResource.SubType>
<iescim:PowerSystemResource.DeviceID>9288674231908296</iescim:PowerSystemResource.DeviceID>
<iescim:PowerSystemResource.DeviceType>33</iescim:PowerSystemResource.DeviceType>
</cim:ConnectivityNode>
<cim:ConnectivityNode rdf:ID="9288674231908297">
<iescim:PowerSystemResource.SubType>0</iescim:PowerSystemResource.SubType>
<iescim:PowerSystemResource.DeviceID>9288674231908297</iescim:PowerSystemResource.DeviceID>
<iescim:PowerSystemResource.DeviceType>33</iescim:PowerSystemResource.DeviceType>
</cim:ConnectivityNode>
<cim:ConnectivityNode rdf:ID="9288674246333194">
<iescim:PowerSystemResource.SubType>0</iescim:PowerSystemResource.SubType>
<iescim:PowerSystemResource.DeviceID>9288674246333194</iescim:PowerSystemResource.DeviceID>
<iescim:PowerSystemResource.DeviceType>33</iescim:PowerSystemResource.DeviceType>
</cim:ConnectivityNode>
<cim:ConnectivityNode rdf:ID="9288674246333206">
<iescim:PowerSystemResource.SubType>0</iescim:PowerSystemResource.SubType>
<iescim:PowerSystemResource.DeviceID>9288674246333206</iescim:PowerSystemResource.DeviceID>
<iescim:PowerSystemResource.DeviceType>33</iescim:PowerSystemResource.DeviceType>
</cim:ConnectivityNode>
<cim:ConnectivityNode rdf:ID="9288674246655104">
<iescim:PowerSystemResource.SubType>0</iescim:PowerSystemResource.SubType>
<iescim:PowerSystemResource.DeviceID>9288674246655104</iescim:PowerSystemResource.DeviceID>
<iescim:PowerSystemResource.DeviceType>33</iescim:PowerSystemResource.DeviceType>
</cim:ConnectivityNode>
<cim:ConnectivityNode rdf:ID="9288674253806653">
<iescim:PowerSystemResource.SubType>0</iescim:PowerSystemResource.SubType>
<iescim:PowerSystemResource.DeviceID>9288674253806653</iescim:PowerSystemResource.DeviceID>
<iescim:PowerSystemResource.DeviceType>33</iescim:PowerSystemResource.DeviceType>
</cim:ConnectivityNode>
<cim:Terminal rdf:ID="2455499">
<cim:Terminal.ConductingEquipment rdf:resource="#2455497"/>
<cim:Terminal.ConnectivityNode rdf:resource="#9288674231514059"/>
</cim:Terminal>
<cim:Terminal rdf:ID="2455500">
<cim:Terminal.ConductingEquipment rdf:resource="#2455497"/>
<cim:Terminal.ConnectivityNode rdf:resource="#9288674231589967"/>
</cim:Terminal>
<cim:Terminal rdf:ID="10100000_9751722_1">
<cim:Terminal.ConductingEquipment rdf:resource="#10100000_9751722"/>
<cim:Terminal.ConnectivityNode rdf:resource="#9288674231806837"/>
</cim:Terminal>
<cim:Terminal rdf:ID="10100000_9751722_2">
<cim:Terminal.ConductingEquipment rdf:resource="#10100000_9751722"/>
<cim:Terminal.ConnectivityNode rdf:resource="#9288674231806842"/>
</cim:Terminal>
<cim:Terminal rdf:ID="13000000_12800972_1">
<cim:Terminal.ConductingEquipment rdf:resource="#13000000_12800972"/>
<cim:Terminal.ConnectivityNode rdf:resource="#9288674231806838"/>
</cim:Terminal>
<cim:Terminal rdf:ID="13000000_12800972_2">
<cim:Terminal.ConductingEquipment rdf:resource="#13000000_12800972"/>
<cim:Terminal.ConnectivityNode rdf:resource="#9288674231691362"/>
</cim:Terminal>
<cim:Terminal rdf:ID="13000000_12800978_1">
<cim:Terminal.ConductingEquipment rdf:resource="#13000000_12800978"/>
<cim:Terminal.ConnectivityNode rdf:resource="#9288674231806839"/>
</cim:Terminal>
<cim:Terminal rdf:ID="13000000_12800978_2">
<cim:Terminal.ConductingEquipment rdf:resource="#13000000_12800978"/>
<cim:Terminal.ConnectivityNode rdf:resource="#9288674231590356"/>
</cim:Terminal>
<cim:Terminal rdf:ID="13000000_12801002_1">
<cim:Terminal.ConductingEquipment rdf:resource="#13000000_12801002"/>
<cim:Terminal.ConnectivityNode rdf:resource="#9288674231806839"/>
</cim:Terminal>
<cim:Terminal rdf:ID="13000000_12801002_2">
<cim:Terminal.ConductingEquipment rdf:resource="#13000000_12801002"/>
<cim:Terminal.ConnectivityNode rdf:resource="#9288674231846420"/>
</cim:Terminal>
<cim:Terminal rdf:ID="13000000_12802172_1">
<cim:Terminal.ConductingEquipment rdf:resource="#13000000_12802172"/>
<cim:Terminal.ConnectivityNode rdf:resource="#9288674231806840"/>
</cim:Terminal>
<cim:Terminal rdf:ID="13000000_12802172_2">
<cim:Terminal.ConductingEquipment rdf:resource="#13000000_12802172"/>
<cim:Terminal.ConnectivityNode rdf:resource="#9288674231590357"/>
</cim:Terminal>
<cim:Terminal rdf:ID="13000000_12802197_1">
<cim:Terminal.ConductingEquipment rdf:resource="#13000000_12802197"/>
<cim:Terminal.ConnectivityNode rdf:resource="#9288674231691363"/>
</cim:Terminal>
<cim:Terminal rdf:ID="13000000_12802197_2">
<cim:Terminal.ConductingEquipment rdf:resource="#13000000_12802197"/>
<cim:Terminal.ConnectivityNode rdf:resource="#9288674231806845"/>
</cim:Terminal>
<cim:Terminal rdf:ID="13000000_12802275_1">
<cim:Terminal.ConductingEquipment rdf:resource="#13000000_12802275"/>
<cim:Terminal.ConnectivityNode rdf:resource="#9288674231806841"/>
</cim:Terminal>
<cim:Terminal rdf:ID="13000000_12802275_2">
<cim:Terminal.ConductingEquipment rdf:resource="#13000000_12802275"/>
<cim:Terminal.ConnectivityNode rdf:resource="#9288674231806837"/>
</cim:Terminal>
<cim:Terminal rdf:ID="13000000_12802868_1">
<cim:Terminal.ConductingEquipment rdf:resource="#13000000_12802868"/>
<cim:Terminal.ConnectivityNode rdf:resource="#9288674231806842"/>
</cim:Terminal>
<cim:Terminal rdf:ID="13000000_12802868_2">
<cim:Terminal.ConductingEquipment rdf:resource="#13000000_12802868"/>
<cim:Terminal.ConnectivityNode rdf:resource="#9288674231590358"/>
</cim:Terminal>
<cim:Terminal rdf:ID="13000000_12802875_1">
<cim:Terminal.ConductingEquipment rdf:resource="#13000000_12802875"/>
<cim:Terminal.ConnectivityNode rdf:resource="#9288674231691364"/>
</cim:Terminal>
<cim:Terminal rdf:ID="13000000_12802875_2">
<cim:Terminal.ConductingEquipment rdf:resource="#13000000_12802875"/>
<cim:Terminal.ConnectivityNode rdf:resource="#9288674231806843"/>
</cim:Terminal>
<cim:Terminal rdf:ID="13000000_12803067_1">
<cim:Terminal.ConductingEquipment rdf:resource="#13000000_12803067"/>
<cim:Terminal.ConnectivityNode rdf:resource="#9288674231691365"/>
</cim:Terminal>
<cim:Terminal rdf:ID="13000000_12803067_2">
<cim:Terminal.ConductingEquipment rdf:resource="#13000000_12803067"/>
<cim:Terminal.ConnectivityNode rdf:resource="#9288674231748925"/>
</cim:Terminal>
<cim:Terminal rdf:ID="14000000_6900639_1">
<cim:Terminal.ConductingEquipment rdf:resource="#14000000_6900639"/>
<cim:Terminal.ConnectivityNode rdf:resource="#9288674231589967"/>
</cim:Terminal>
<cim:Terminal rdf:ID="14000000_6900639_2">
<cim:Terminal.ConductingEquipment rdf:resource="#14000000_6900639"/>
<cim:Terminal.ConnectivityNode rdf:resource="#9288674231806844"/>
</cim:Terminal>
<cim:Terminal rdf:ID="20100000_498619_1">
<cim:Terminal.ConductingEquipment rdf:resource="#20100000_498619"/>
<cim:Terminal.ConnectivityNode rdf:resource="#9288674231806843"/>
</cim:Terminal>
<cim:Terminal rdf:ID="20100000_498619_2">
<cim:Terminal.ConductingEquipment rdf:resource="#20100000_498619"/>
<cim:Terminal.ConnectivityNode rdf:resource="#9288674231822584"/>
</cim:Terminal>
<cim:Terminal rdf:ID="20100000_994192_1">
<cim:Terminal.ConductingEquipment rdf:resource="#20100000_994192"/>
<cim:Terminal.ConnectivityNode rdf:resource="#9288674231806844"/>
</cim:Terminal>
<cim:Terminal rdf:ID="20100000_994192_2">
<cim:Terminal.ConductingEquipment rdf:resource="#20100000_994192"/>
<cim:Terminal.ConnectivityNode rdf:resource="#9288674231806838"/>
</cim:Terminal>
<cim:Terminal rdf:ID="20100000_994296_1">
<cim:Terminal.ConductingEquipment rdf:resource="#20100000_994296"/>
<cim:Terminal.ConnectivityNode rdf:resource="#9288674231806845"/>
</cim:Terminal>
<cim:Terminal rdf:ID="20100000_994296_2">
<cim:Terminal.ConductingEquipment rdf:resource="#20100000_994296"/>
<cim:Terminal.ConnectivityNode rdf:resource="#9288674231806841"/>
</cim:Terminal>
<cim:Terminal rdf:ID="13000000_13358307_1">
<cim:Terminal.ConductingEquipment rdf:resource="#13000000_13358307"/>
<cim:Terminal.ConnectivityNode rdf:resource="#9288674231691362"/>
</cim:Terminal>
<cim:Terminal rdf:ID="13000000_13358307_2">
<cim:Terminal.ConductingEquipment rdf:resource="#13000000_13358307"/>
<cim:Terminal.ConnectivityNode rdf:resource="#9288674231908296"/>
</cim:Terminal>
<cim:Terminal rdf:ID="13000000_13358315_1">
<cim:Terminal.ConductingEquipment rdf:resource="#13000000_13358315"/>
<cim:Terminal.ConnectivityNode rdf:resource="#9288674231691363"/>
</cim:Terminal>
<cim:Terminal rdf:ID="13000000_13358315_2">
<cim:Terminal.ConductingEquipment rdf:resource="#13000000_13358315"/>
<cim:Terminal.ConnectivityNode rdf:resource="#9288674231908297"/>
</cim:Terminal>
<cim:Terminal rdf:ID="11000001_1183576_1">
<cim:Terminal.ConductingEquipment rdf:resource="#11000001_1183576"/>
<cim:Terminal.ConnectivityNode rdf:resource="#9288674231748925"/>
</cim:Terminal>
<cim:Terminal rdf:ID="2455495">
<cim:Terminal.ConductingEquipment rdf:resource="#30500000_1113861"/>
<cim:Terminal.ConnectivityNode rdf:resource="#9288674246655104"/>
</cim:Terminal>
<cim:Terminal rdf:ID="2455496">
<cim:Terminal.ConductingEquipment rdf:resource="#30500000_1113861"/>
<cim:Terminal.ConnectivityNode rdf:resource="#9288674231514059"/>
</cim:Terminal>
<cim:Terminal rdf:ID="32000000_2659262_1">
<cim:Terminal.ConductingEquipment rdf:resource="#32000000_2659262"/>
<cim:Terminal.ConnectivityNode rdf:resource="#9288674231589967"/>
</cim:Terminal>
<cim:Terminal rdf:ID="20200000_1420826_1">
<cim:Terminal.ConductingEquipment rdf:resource="#20200000_1420826"/>
<cim:Terminal.ConnectivityNode rdf:resource="#9288674231806844"/>
</cim:Terminal>
<cim:Terminal rdf:ID="20200000_1420827_1">
<cim:Terminal.ConductingEquipment rdf:resource="#20200000_1420827"/>
<cim:Terminal.ConnectivityNode rdf:resource="#9288674231806838"/>
</cim:Terminal>
<cim:Terminal rdf:ID="20200000_1421036_1">
<cim:Terminal.ConductingEquipment rdf:resource="#20200000_1421036"/>
<cim:Terminal.ConnectivityNode rdf:resource="#9288674231806845"/>
</cim:Terminal>
<cim:Terminal rdf:ID="20200000_1421046_1">
<cim:Terminal.ConductingEquipment rdf:resource="#20200000_1421046"/>
<cim:Terminal.ConnectivityNode rdf:resource="#9288674231806841"/>
</cim:Terminal>
<cim:Terminal rdf:ID="20200000_391674_1">
<cim:Terminal.ConductingEquipment rdf:resource="#20200000_391674"/>
<cim:Terminal.ConnectivityNode rdf:resource="#9288674231822584"/>
</cim:Terminal>
<cim:Terminal rdf:ID="20200000_558128_1">
<cim:Terminal.ConductingEquipment rdf:resource="#20200000_558128"/>
<cim:Terminal.ConnectivityNode rdf:resource="#9288674231806843"/>
</cim:Terminal>
<cim:Terminal rdf:ID="10100000_11181190_1">
<cim:Terminal.ConductingEquipment rdf:resource="#10100000_11181190"/>
<cim:Terminal.ConnectivityNode rdf:resource="#9288674231822581"/>
</cim:Terminal>
<cim:Terminal rdf:ID="10100000_11181190_2">
<cim:Terminal.ConductingEquipment rdf:resource="#10100000_11181190"/>
<cim:Terminal.ConnectivityNode rdf:resource="#9288674231822582"/>
</cim:Terminal>
<cim:Terminal rdf:ID="13000000_14435914_1">
<cim:Terminal.ConductingEquipment rdf:resource="#13000000_14435914"/>
<cim:Terminal.ConnectivityNode rdf:resource="#9288674231822581"/>
</cim:Terminal>
<cim:Terminal rdf:ID="13000000_14435914_2">
<cim:Terminal.ConductingEquipment rdf:resource="#13000000_14435914"/>
<cim:Terminal.ConnectivityNode rdf:resource="#9288674231598732"/>
</cim:Terminal>
<cim:Terminal rdf:ID="13000000_14435915_1">
<cim:Terminal.ConductingEquipment rdf:resource="#13000000_14435915"/>
<cim:Terminal.ConnectivityNode rdf:resource="#9288674231822582"/>
</cim:Terminal>
<cim:Terminal rdf:ID="13000000_14435915_2">
<cim:Terminal.ConductingEquipment rdf:resource="#13000000_14435915"/>
<cim:Terminal.ConnectivityNode rdf:resource="#9288674231590359"/>
</cim:Terminal>
<cim:Terminal rdf:ID="13000000_14435916_1">
<cim:Terminal.ConductingEquipment rdf:resource="#13000000_14435916"/>
<cim:Terminal.ConnectivityNode rdf:resource="#9288674231518237"/>
</cim:Terminal>
<cim:Terminal rdf:ID="13000000_14435916_2">
<cim:Terminal.ConductingEquipment rdf:resource="#13000000_14435916"/>
<cim:Terminal.ConnectivityNode rdf:resource="#9288674231822581"/>
</cim:Terminal>
<cim:Terminal rdf:ID="13000000_14435917_1">
<cim:Terminal.ConductingEquipment rdf:resource="#13000000_14435917"/>
<cim:Terminal.ConnectivityNode rdf:resource="#9288674231822584"/>
</cim:Terminal>
<cim:Terminal rdf:ID="13000000_14435917_2">
<cim:Terminal.ConductingEquipment rdf:resource="#13000000_14435917"/>
<cim:Terminal.ConnectivityNode rdf:resource="#9288674231698031"/>
</cim:Terminal>
<cim:Terminal rdf:ID="11100000_627322_1">
<cim:Terminal.ConductingEquipment rdf:resource="#11100000_627322"/>
<cim:Terminal.ConnectivityNode rdf:resource="#9288674231474250"/>
</cim:Terminal>
<cim:Terminal rdf:ID="11100000_627322_2">
<cim:Terminal.ConductingEquipment rdf:resource="#11100000_627322"/>
<cim:Terminal.ConnectivityNode rdf:resource="#9288674231518237"/>
</cim:Terminal>
<cim:Terminal rdf:ID="10100000_9751441_1">
<cim:Terminal.ConductingEquipment rdf:resource="#10100000_9751441"/>
<cim:Terminal.ConnectivityNode rdf:resource="#9288674253806653"/>
</cim:Terminal>
<cim:Terminal rdf:ID="10100000_9751441_2">
<cim:Terminal.ConductingEquipment rdf:resource="#10100000_9751441"/>
<cim:Terminal.ConnectivityNode rdf:resource="#9288674231806840"/>
</cim:Terminal>
<cim:Terminal rdf:ID="13000000_1550285726_1">
<cim:Terminal.ConductingEquipment rdf:resource="#13000000_1550285726"/>
<cim:Terminal.ConnectivityNode rdf:resource="#9288674231846420"/>
</cim:Terminal>
<cim:Terminal rdf:ID="13000000_1550285726_2">
<cim:Terminal.ConductingEquipment rdf:resource="#13000000_1550285726"/>
<cim:Terminal.ConnectivityNode rdf:resource="#9288674253806653"/>
</cim:Terminal>
<cim:Terminal rdf:ID="10200001_9855285_1">
<cim:Terminal.ConductingEquipment rdf:resource="#10200001_9855285"/>
<cim:Terminal.ConnectivityNode rdf:resource="#9288674231806839"/>
</cim:Terminal>
<cim:Terminal rdf:ID="10200001_9855286_1">
<cim:Terminal.ConductingEquipment rdf:resource="#10200001_9855286"/>
<cim:Terminal.ConnectivityNode rdf:resource="#9288674231846420"/>
</cim:Terminal>
<cim:Terminal rdf:ID="10200001_9856258_1">
<cim:Terminal.ConductingEquipment rdf:resource="#10200001_9856258"/>
<cim:Terminal.ConnectivityNode rdf:resource="#9288674231806840"/>
</cim:Terminal>
<cim:Terminal rdf:ID="10200001_9856259_1">
<cim:Terminal.ConductingEquipment rdf:resource="#10200001_9856259"/>
<cim:Terminal.ConnectivityNode rdf:resource="#9288674231806837"/>
</cim:Terminal>
<cim:Terminal rdf:ID="10200001_9856418_1">
<cim:Terminal.ConductingEquipment rdf:resource="#10200001_9856418"/>
<cim:Terminal.ConnectivityNode rdf:resource="#9288674231806842"/>
</cim:Terminal>
<cim:Terminal rdf:ID="10200001_11236669_1">
<cim:Terminal.ConductingEquipment rdf:resource="#10200001_11236669"/>
<cim:Terminal.ConnectivityNode rdf:resource="#9288674231822581"/>
</cim:Terminal>
<cim:Terminal rdf:ID="10200001_11236671_1">
<cim:Terminal.ConductingEquipment rdf:resource="#10200001_11236671"/>
<cim:Terminal.ConnectivityNode rdf:resource="#9288674231822582"/>
</cim:Terminal>
<cim:Terminal rdf:ID="11700000_553060_1">
<cim:Terminal.ConductingEquipment rdf:resource="#11700000_553060"/>
<cim:Terminal.ConnectivityNode rdf:resource="#9288674231908296"/>
</cim:Terminal>
<cim:Terminal rdf:ID="11700000_553062_1">
<cim:Terminal.ConductingEquipment rdf:resource="#11700000_553062"/>
<cim:Terminal.ConnectivityNode rdf:resource="#9288674231908297"/>
</cim:Terminal>
<cim:Terminal rdf:ID="399619">
<cim:Terminal.ConductingEquipment rdf:resource="#31100000_462945"/>
<cim:Terminal.ConnectivityNode rdf:resource="#9288674231453380"/>
</cim:Terminal>
<cim:Terminal rdf:ID="1400513">
<cim:Terminal.ConductingEquipment rdf:resource="#31100000_90203"/>
<cim:Terminal.ConnectivityNode rdf:resource="#9288674246333206"/>
</cim:Terminal>
<cim:Terminal rdf:ID="399645">
<cim:Terminal.ConductingEquipment rdf:resource="#31100000_462944"/>
<cim:Terminal.ConnectivityNode rdf:resource="#9288674231453391"/>
</cim:Terminal>
<cim:Terminal rdf:ID="1400522">
<cim:Terminal.ConductingEquipment rdf:resource="#31100000_90193"/>
<cim:Terminal.ConnectivityNode rdf:resource="#9288674246333194"/>
</cim:Terminal>
<cim:Terminal rdf:ID="2455503">
<cim:Terminal.ConductingEquipment rdf:resource="#30600001_1385970"/>
<cim:Terminal.ConnectivityNode rdf:resource="#9288674231589967"/>
</cim:Terminal>
<cim:Terminal rdf:ID="11300000_2386969_1">
<cim:Terminal.ConductingEquipment rdf:resource="#11300000_2386969"/>
<cim:Terminal.ConnectivityNode rdf:resource="#9288674231590356"/>
</cim:Terminal>
<cim:Terminal rdf:ID="11300000_2386969_2">
<cim:Terminal.ConductingEquipment rdf:resource="#11300000_2386969"/>
<cim:Terminal.ConnectivityNode rdf:resource="#9288674231691362"/>
</cim:Terminal>
<cim:Terminal rdf:ID="11300000_2387328_1">
<cim:Terminal.ConductingEquipment rdf:resource="#11300000_2387328"/>
<cim:Terminal.ConnectivityNode rdf:resource="#9288674231590357"/>
</cim:Terminal>
<cim:Terminal rdf:ID="11300000_2387328_2">
<cim:Terminal.ConductingEquipment rdf:resource="#11300000_2387328"/>
<cim:Terminal.ConnectivityNode rdf:resource="#9288674231691363"/>
</cim:Terminal>
<cim:Terminal rdf:ID="11300000_2387528_1">
<cim:Terminal.ConductingEquipment rdf:resource="#11300000_2387528"/>
<cim:Terminal.ConnectivityNode rdf:resource="#9288674231590358"/>
</cim:Terminal>
<cim:Terminal rdf:ID="11300000_2387528_2">
<cim:Terminal.ConductingEquipment rdf:resource="#11300000_2387528"/>
<cim:Terminal.ConnectivityNode rdf:resource="#9288674231691364"/>
</cim:Terminal>
<cim:Terminal rdf:ID="11500000_1268208_1">
<cim:Terminal.ConductingEquipment rdf:resource="#11500000_1268208"/>
<cim:Terminal.ConnectivityNode rdf:resource="#9288674231590359"/>
</cim:Terminal>
<cim:Terminal rdf:ID="11500000_1268208_2">
<cim:Terminal.ConductingEquipment rdf:resource="#11500000_1268208"/>
<cim:Terminal.ConnectivityNode rdf:resource="#9288674231691365"/>
</cim:Terminal>
<cim:Terminal rdf:ID="11700000_1550264926_1">
<cim:Terminal.ConductingEquipment rdf:resource="#11700000_1550264926"/>
<cim:Terminal.ConnectivityNode rdf:resource="#9288674253806653"/>
</cim:Terminal>
<cim:Terminal rdf:ID="597598">
<cim:Terminal.ConductingEquipment rdf:resource="#31100000_462917"/>
<cim:Terminal.ConnectivityNode rdf:resource="#9288674246655104"/>
</cim:Terminal>
<cim:Terminal rdf:ID="11300000_2922836_1">
<cim:Terminal.ConductingEquipment rdf:resource="#11300000_2922836"/>
<cim:Terminal.ConnectivityNode rdf:resource="#9288674231598732"/>
</cim:Terminal>
<cim:Terminal rdf:ID="11300000_2922836_2">
<cim:Terminal.ConductingEquipment rdf:resource="#11300000_2922836"/>
<cim:Terminal.ConnectivityNode rdf:resource="#9288674231698031"/>
</cim:Terminal>
</rdf:RDF>
