<?xml version="1.0" encoding="UTF-8"?>

<rdf:RDF xmlns:rdf="http://www.w3.org/1999/02/22-rdf-syntax-ns#" xmlns:cim="http://www.sgcc.com.cn/SG-CIM/2010MAY#" xmlns:iescim="http://www.ieslab.com.cn">

<cim:BaseVoltage rdf:ID="BaseVoltage_5">
<cim:IdentifiedObject.name>10kV</cim:IdentifiedObject.name>
<cim:BaseVoltage.isDC>false</cim:BaseVoltage.isDC>
<cim:BaseVoltage.nominalVoltage>10.00</cim:BaseVoltage.nominalVoltage>
<iescim:PowerSystemResource.DeviceID>5</iescim:PowerSystemResource.DeviceID>
</cim:BaseVoltage>
<cim:SubGeographicalRegion rdf:ID="8a0f688f46db11f00146db1368011028">
<cim:IdentifiedObject.name>国网霞浦县供电公司</cim:IdentifiedObject.name>
<cim:SubGeographicalRegion.Region rdf:resource="#_"/>
</cim:SubGeographicalRegion>
<cim:Circuit rdf:ID="10000100_59933">
<cim:IdentifiedObject.name>10kV岚福线672线路</cim:IdentifiedObject.name>
<cim:Circuit.BelongtoHVSubstation rdf:resource="#30000000_74694"/>
<cim:PowerSystemResource.SubGeographicalRegion rdf:resource="#8a0f688f46db11f00146db1368011028"/>
<cim:iscurrentfeeder>0</cim:iscurrentfeeder>
</cim:Circuit>
<cim:Circuit rdf:ID="10000100_1541149148">
<cim:IdentifiedObject.name>10kV七宝洋Ⅱ回915线路</cim:IdentifiedObject.name>
<cim:Circuit.BelongtoHVSubstation rdf:resource="#30000000_75206"/>
<cim:PowerSystemResource.SubGeographicalRegion rdf:resource="#8a0f688f46db11f00146db1368011028"/>
<cim:iscurrentfeeder>1</cim:iscurrentfeeder>
</cim:Circuit>
<cim:Substation rdf:ID="30000000_75206">
<cim:IdentifiedObject.name>霞浦西关变电站</cim:IdentifiedObject.name>
<iescim:PowerSystemResource.DeviceType>13</iescim:PowerSystemResource.DeviceType>
<iescim:PowerSystemResource.SubType>1</iescim:PowerSystemResource.SubType>
<cim:PowerSystemResource.PSRType rdf:resource="#30000000"/>
<iescim:PowerSystemResource.DeviceID>3659174697242524</iescim:PowerSystemResource.DeviceID>
<cim:PowerSystemResource.SubGeographicalRegion rdf:resource="#8a0f688f46db11f00146db1368011028"/>
</cim:Substation>
<cim:Substation rdf:ID="30000000_74694">
<cim:IdentifiedObject.name>岚后变电站</cim:IdentifiedObject.name>
<iescim:PowerSystemResource.DeviceType>13</iescim:PowerSystemResource.DeviceType>
<iescim:PowerSystemResource.SubType>1</iescim:PowerSystemResource.SubType>
<cim:PowerSystemResource.PSRType rdf:resource="#30000000"/>
<iescim:PowerSystemResource.DeviceID>3659174697242534</iescim:PowerSystemResource.DeviceID>
<cim:PowerSystemResource.SubGeographicalRegion rdf:resource="#8a0f688f46db11f00146db1368011028"/>
</cim:Substation>
<cim:Breaker rdf:ID="11100000_759736">
<cim:IdentifiedObject.name>10kV七宝洋II回#017杆K017开关</cim:IdentifiedObject.name>
<cim:IdentifiedObject.bianhao>K017</cim:IdentifiedObject.bianhao>
<cim:PowerSystemResource.Circuit rdf:resource="#10000100_59933" />
<cim:ConductingEquipment.BaseVoltage rdf:resource="#BaseVoltage_5"/>
<iescim:PowerSystemResource.SubType>2</iescim:PowerSystemResource.SubType>
<iescim:PowerSystemResource.DeviceID>4503599627420031</iescim:PowerSystemResource.DeviceID>
<iescim:PowerSystemResource.DeviceType>16</iescim:PowerSystemResource.DeviceType>
<iescim:PowerSystemResource.Cxmc></iescim:PowerSystemResource.Cxmc>
</cim:Breaker>
<cim:Breaker rdf:ID="30500000_1521850757">
<cim:IdentifiedObject.name>霞浦西关变电站.10kV.七宝洋II回间隔.915开关</cim:IdentifiedObject.name>
<cim:IdentifiedObject.bianhao>_</cim:IdentifiedObject.bianhao>
<cim:Equipment.EquipmentContainer rdf:resource="#30000000_75206"/>
<cim:PowerSystemResource.Circuit rdf:resource="#10000100_1541149148" />
<cim:ConductingEquipment.BaseVoltage rdf:resource="#BaseVoltage_5"/>
<iescim:PowerSystemResource.SubType>1</iescim:PowerSystemResource.SubType>
<iescim:PowerSystemResource.DeviceID>4503599627603196</iescim:PowerSystemResource.DeviceID>
<iescim:PowerSystemResource.DeviceType>16</iescim:PowerSystemResource.DeviceType>
<iescim:PowerSystemResource.Cxmc></iescim:PowerSystemResource.Cxmc>
</cim:Breaker>
<cim:Disconnector rdf:ID="11300000_3348214">
<cim:IdentifiedObject.name>10kV七宝洋II回#017杆G017刀闸</cim:IdentifiedObject.name>
<cim:IdentifiedObject.bianhao>G017</cim:IdentifiedObject.bianhao>
<cim:PowerSystemResource.Circuit rdf:resource="#10000100_1541149148" />
<cim:ConductingEquipment.BaseVoltage rdf:resource="#BaseVoltage_5"/>
<iescim:PowerSystemResource.SubType>6</iescim:PowerSystemResource.SubType>
<iescim:PowerSystemResource.DeviceID>4785074604204920</iescim:PowerSystemResource.DeviceID>
<iescim:PowerSystemResource.DeviceType>17</iescim:PowerSystemResource.DeviceType>
<iescim:PowerSystemResource.Cxmc></iescim:PowerSystemResource.Cxmc>
</cim:Disconnector>
<cim:Disconnector rdf:ID="11300000_3348221">
<cim:IdentifiedObject.name>10kV七宝洋II回#001杆G001刀闸</cim:IdentifiedObject.name>
<cim:IdentifiedObject.bianhao>G001</cim:IdentifiedObject.bianhao>
<cim:PowerSystemResource.Circuit rdf:resource="#10000100_1541149148" />
<cim:ConductingEquipment.BaseVoltage rdf:resource="#BaseVoltage_5"/>
<iescim:PowerSystemResource.SubType>6</iescim:PowerSystemResource.SubType>
<iescim:PowerSystemResource.DeviceID>4785074604204921</iescim:PowerSystemResource.DeviceID>
<iescim:PowerSystemResource.DeviceType>17</iescim:PowerSystemResource.DeviceType>
<iescim:PowerSystemResource.Cxmc></iescim:PowerSystemResource.Cxmc>
</cim:Disconnector>
<cim:Disconnector rdf:ID="30600001_1521850890">
<cim:IdentifiedObject.name>霞浦西关变电站.10kV.七宝洋II回间隔.9156地刀</cim:IdentifiedObject.name>
<cim:IdentifiedObject.bianhao>_</cim:IdentifiedObject.bianhao>
<cim:Equipment.EquipmentContainer rdf:resource="#30000000_75206"/>
<cim:PowerSystemResource.Circuit rdf:resource="#10000100_1541149148" />
<cim:ConductingEquipment.BaseVoltage rdf:resource="#BaseVoltage_5"/>
<iescim:PowerSystemResource.SubType>9</iescim:PowerSystemResource.SubType>
<iescim:PowerSystemResource.DeviceID>4785074604301206</iescim:PowerSystemResource.DeviceID>
<iescim:PowerSystemResource.DeviceType>17</iescim:PowerSystemResource.DeviceType>
<iescim:PowerSystemResource.Cxmc></iescim:PowerSystemResource.Cxmc>
</cim:Disconnector>
<cim:Disconnector rdf:ID="6894421">
<cim:IdentifiedObject.name>霞浦西关变电站.10kV.七宝洋II回间隔.915手车刀闸</cim:IdentifiedObject.name>
<cim:IdentifiedObject.bianhao>_</cim:IdentifiedObject.bianhao>
<cim:Equipment.EquipmentContainer rdf:resource="#30000000_75206"/>
<cim:PowerSystemResource.Circuit rdf:resource="#10000100_1541149148" />
<cim:ConductingEquipment.BaseVoltage rdf:resource="#BaseVoltage_5"/>
<iescim:PowerSystemResource.SubType>5</iescim:PowerSystemResource.SubType>
<iescim:PowerSystemResource.DeviceID>4785074604301241</iescim:PowerSystemResource.DeviceID>
<iescim:PowerSystemResource.DeviceType>17</iescim:PowerSystemResource.DeviceType>
<iescim:PowerSystemResource.Cxmc></iescim:PowerSystemResource.Cxmc>
</cim:Disconnector>
<cim:BusbarSection rdf:ID="31100000_1521850927">
<cim:IdentifiedObject.name>霞浦西关变电站.10kV.Ⅱ段母线</cim:IdentifiedObject.name>
<cim:IdentifiedObject.bianhao></cim:IdentifiedObject.bianhao>
<cim:Equipment.EquipmentContainer rdf:resource="#30000000_75206"/>
<cim:PowerSystemResource.Circuit rdf:resource="#_" />
<cim:ConductingEquipment.BaseVoltage rdf:resource="#BaseVoltage_5"/>
<iescim:PowerSystemResource.SubType>0</iescim:PowerSystemResource.SubType>
<iescim:PowerSystemResource.DeviceID>5348024557508339</iescim:PowerSystemResource.DeviceID>
<iescim:PowerSystemResource.DeviceType>19</iescim:PowerSystemResource.DeviceType>
</cim:BusbarSection>
<cim:BusbarSection rdf:ID="31100000_89579">
<cim:IdentifiedObject.name>岚后变电站.10kV.Ⅱ段母线</cim:IdentifiedObject.name>
<cim:IdentifiedObject.bianhao></cim:IdentifiedObject.bianhao>
<cim:Equipment.EquipmentContainer rdf:resource="#30000000_74694"/>
<cim:PowerSystemResource.Circuit rdf:resource="#_" />
<cim:ConductingEquipment.BaseVoltage rdf:resource="#BaseVoltage_5"/>
<iescim:PowerSystemResource.SubType>0</iescim:PowerSystemResource.SubType>
<iescim:PowerSystemResource.DeviceID>5348024557508345</iescim:PowerSystemResource.DeviceID>
<iescim:PowerSystemResource.DeviceType>19</iescim:PowerSystemResource.DeviceType>
</cim:BusbarSection>
<cim:BusbarSection rdf:ID="31100000_88996">
<cim:IdentifiedObject.name>岚后变电站.10kV.Ⅲ段母线</cim:IdentifiedObject.name>
<cim:IdentifiedObject.bianhao></cim:IdentifiedObject.bianhao>
<cim:Equipment.EquipmentContainer rdf:resource="#30000000_74694"/>
<cim:PowerSystemResource.Circuit rdf:resource="#_" />
<cim:ConductingEquipment.BaseVoltage rdf:resource="#BaseVoltage_5"/>
<iescim:PowerSystemResource.SubType>0</iescim:PowerSystemResource.SubType>
<iescim:PowerSystemResource.DeviceID>5348024557508401</iescim:PowerSystemResource.DeviceID>
<iescim:PowerSystemResource.DeviceType>19</iescim:PowerSystemResource.DeviceType>
</cim:BusbarSection>
<cim:BusbarSection rdf:ID="31100000_88995">
<cim:IdentifiedObject.name>岚后变电站.10kV.Ⅰ段母线</cim:IdentifiedObject.name>
<cim:IdentifiedObject.bianhao></cim:IdentifiedObject.bianhao>
<cim:Equipment.EquipmentContainer rdf:resource="#30000000_74694"/>
<cim:PowerSystemResource.Circuit rdf:resource="#_" />
<cim:ConductingEquipment.BaseVoltage rdf:resource="#BaseVoltage_5"/>
<iescim:PowerSystemResource.SubType>0</iescim:PowerSystemResource.SubType>
<iescim:PowerSystemResource.DeviceID>5348024557508406</iescim:PowerSystemResource.DeviceID>
<iescim:PowerSystemResource.DeviceType>19</iescim:PowerSystemResource.DeviceType>
</cim:BusbarSection>
<cim:BusbarSection rdf:ID="31100000_1521850924">
<cim:IdentifiedObject.name>霞浦西关变电站.10kV.Ⅰ段母线</cim:IdentifiedObject.name>
<cim:IdentifiedObject.bianhao></cim:IdentifiedObject.bianhao>
<cim:Equipment.EquipmentContainer rdf:resource="#30000000_75206"/>
<cim:PowerSystemResource.Circuit rdf:resource="#_" />
<cim:ConductingEquipment.BaseVoltage rdf:resource="#BaseVoltage_5"/>
<iescim:PowerSystemResource.SubType>0</iescim:PowerSystemResource.SubType>
<iescim:PowerSystemResource.DeviceID>5348024557508496</iescim:PowerSystemResource.DeviceID>
<iescim:PowerSystemResource.DeviceType>19</iescim:PowerSystemResource.DeviceType>
</cim:BusbarSection>
<cim:BusbarSection rdf:ID="31100000_661809">
<cim:IdentifiedObject.name>岚后变电站.10kV.Ⅳ段母线</cim:IdentifiedObject.name>
<cim:IdentifiedObject.bianhao></cim:IdentifiedObject.bianhao>
<cim:Equipment.EquipmentContainer rdf:resource="#30000000_74694"/>
<cim:PowerSystemResource.Circuit rdf:resource="#_" />
<cim:ConductingEquipment.BaseVoltage rdf:resource="#BaseVoltage_5"/>
<iescim:PowerSystemResource.SubType>0</iescim:PowerSystemResource.SubType>
<iescim:PowerSystemResource.DeviceID>5348024557515519</iescim:PowerSystemResource.DeviceID>
<iescim:PowerSystemResource.DeviceType>19</iescim:PowerSystemResource.DeviceType>
</cim:BusbarSection>
<cim:BusbarSection rdf:ID="31100000_1092732">
<cim:IdentifiedObject.name>霞浦西关变电站.10kV.开关站Ⅰ段母线</cim:IdentifiedObject.name>
<cim:IdentifiedObject.bianhao></cim:IdentifiedObject.bianhao>
<cim:Equipment.EquipmentContainer rdf:resource="#30000000_75206"/>
<cim:PowerSystemResource.Circuit rdf:resource="#_" />
<cim:ConductingEquipment.BaseVoltage rdf:resource="#BaseVoltage_5"/>
<iescim:PowerSystemResource.SubType>0</iescim:PowerSystemResource.SubType>
<iescim:PowerSystemResource.DeviceID>5348024557530917</iescim:PowerSystemResource.DeviceID>
<iescim:PowerSystemResource.DeviceType>19</iescim:PowerSystemResource.DeviceType>
</cim:BusbarSection>
<cim:BusbarSection rdf:ID="6921351">
<cim:IdentifiedObject.name>霞浦西关变电站.10kV.Ⅱ段母线（旧）母线</cim:IdentifiedObject.name>
<cim:IdentifiedObject.bianhao></cim:IdentifiedObject.bianhao>
<cim:Equipment.EquipmentContainer rdf:resource="#30000000_75206"/>
<cim:PowerSystemResource.Circuit rdf:resource="#_" />
<cim:ConductingEquipment.BaseVoltage rdf:resource="#BaseVoltage_5"/>
<iescim:PowerSystemResource.SubType>0</iescim:PowerSystemResource.SubType>
<iescim:PowerSystemResource.DeviceID>5348024557554534</iescim:PowerSystemResource.DeviceID>
<iescim:PowerSystemResource.DeviceType>19</iescim:PowerSystemResource.DeviceType>
</cim:BusbarSection>
<cim:BusbarSection rdf:ID="6921331">
<cim:IdentifiedObject.name>霞浦西关变电站.10kV.旧Ⅰ段母线</cim:IdentifiedObject.name>
<cim:IdentifiedObject.bianhao></cim:IdentifiedObject.bianhao>
<cim:Equipment.EquipmentContainer rdf:resource="#30000000_75206"/>
<cim:PowerSystemResource.Circuit rdf:resource="#_" />
<cim:ConductingEquipment.BaseVoltage rdf:resource="#BaseVoltage_5"/>
<iescim:PowerSystemResource.SubType>0</iescim:PowerSystemResource.SubType>
<iescim:PowerSystemResource.DeviceID>5348024557554535</iescim:PowerSystemResource.DeviceID>
<iescim:PowerSystemResource.DeviceType>19</iescim:PowerSystemResource.DeviceType>
</cim:BusbarSection>
<cim:ACLineSegment rdf:ID="10100000_12236192">
<cim:IdentifiedObject.name>10kV七宝洋II回#001杆-10kV七宝洋II回#002杆导线</cim:IdentifiedObject.name>
<cim:IdentifiedObject.bianhao></cim:IdentifiedObject.bianhao>
<cim:PowerSystemResource.Circuit rdf:resource="#10000100_1541149148" />
<cim:ConductingEquipment.BaseVoltage rdf:resource="#BaseVoltage_5"/>
<iescim:PowerSystemResource.SubType>2</iescim:PowerSystemResource.SubType>
<iescim:PowerSystemResource.DeviceID>5629499534602822</iescim:PowerSystemResource.DeviceID>
<iescim:PowerSystemResource.DeviceType>20</iescim:PowerSystemResource.DeviceType>
</cim:ACLineSegment>
<cim:ACLineSegment rdf:ID="13000000_15723606">
<cim:IdentifiedObject.name>-连接线-</cim:IdentifiedObject.name>
<cim:IdentifiedObject.bianhao></cim:IdentifiedObject.bianhao>
<cim:PowerSystemResource.Circuit rdf:resource="#10000100_1541149148" />
<cim:ConductingEquipment.BaseVoltage rdf:resource="#BaseVoltage_5"/>
<iescim:PowerSystemResource.SubType>3</iescim:PowerSystemResource.SubType>
<iescim:PowerSystemResource.DeviceID>5629499534602824</iescim:PowerSystemResource.DeviceID>
<iescim:PowerSystemResource.DeviceType>20</iescim:PowerSystemResource.DeviceType>
</cim:ACLineSegment>
<cim:ACLineSegment rdf:ID="13000000_15723617">
<cim:IdentifiedObject.name>-连接线-</cim:IdentifiedObject.name>
<cim:IdentifiedObject.bianhao></cim:IdentifiedObject.bianhao>
<cim:PowerSystemResource.Circuit rdf:resource="#10000100_1541149148" />
<cim:ConductingEquipment.BaseVoltage rdf:resource="#BaseVoltage_5"/>
<iescim:PowerSystemResource.SubType>3</iescim:PowerSystemResource.SubType>
<iescim:PowerSystemResource.DeviceID>5629499534602825</iescim:PowerSystemResource.DeviceID>
<iescim:PowerSystemResource.DeviceType>20</iescim:PowerSystemResource.DeviceType>
</cim:ACLineSegment>
<cim:ACLineSegment rdf:ID="13000000_15723635">
<cim:IdentifiedObject.name>-连接线-</cim:IdentifiedObject.name>
<cim:IdentifiedObject.bianhao></cim:IdentifiedObject.bianhao>
<cim:PowerSystemResource.Circuit rdf:resource="#10000100_1541149148" />
<cim:ConductingEquipment.BaseVoltage rdf:resource="#BaseVoltage_5"/>
<iescim:PowerSystemResource.SubType>3</iescim:PowerSystemResource.SubType>
<iescim:PowerSystemResource.DeviceID>5629499534602826</iescim:PowerSystemResource.DeviceID>
<iescim:PowerSystemResource.DeviceType>20</iescim:PowerSystemResource.DeviceType>
</cim:ACLineSegment>
<cim:ACLineSegment rdf:ID="13000000_15723646">
<cim:IdentifiedObject.name>10kV七宝洋II回#001杆-电缆终端头2079314</cim:IdentifiedObject.name>
<cim:IdentifiedObject.bianhao></cim:IdentifiedObject.bianhao>
<cim:PowerSystemResource.Circuit rdf:resource="#10000100_1541149148" />
<cim:ConductingEquipment.BaseVoltage rdf:resource="#BaseVoltage_5"/>
<iescim:PowerSystemResource.SubType>3</iescim:PowerSystemResource.SubType>
<iescim:PowerSystemResource.DeviceID>5629499534602827</iescim:PowerSystemResource.DeviceID>
<iescim:PowerSystemResource.DeviceType>20</iescim:PowerSystemResource.DeviceType>
</cim:ACLineSegment>
<cim:ACLineSegment rdf:ID="20100000_1396837">
<cim:IdentifiedObject.name>电缆终端头2079314-电缆终端头2079315</cim:IdentifiedObject.name>
<cim:IdentifiedObject.bianhao></cim:IdentifiedObject.bianhao>
<cim:PowerSystemResource.Circuit rdf:resource="#10000100_1541149148" />
<cim:ConductingEquipment.BaseVoltage rdf:resource="#BaseVoltage_5"/>
<iescim:PowerSystemResource.SubType>1</iescim:PowerSystemResource.SubType>
<iescim:PowerSystemResource.DeviceID>5629499534602831</iescim:PowerSystemResource.DeviceID>
<iescim:PowerSystemResource.DeviceType>20</iescim:PowerSystemResource.DeviceType>
</cim:ACLineSegment>
<cim:ACLineSegment rdf:ID="14000000_1541179052">
<cim:IdentifiedObject.name>站内-出线点站外-超连接线</cim:IdentifiedObject.name>
<cim:IdentifiedObject.bianhao></cim:IdentifiedObject.bianhao>
<cim:PowerSystemResource.Circuit rdf:resource="#10000100_1541149148" />
<cim:ConductingEquipment.BaseVoltage rdf:resource="#BaseVoltage_5"/>
<iescim:PowerSystemResource.SubType>1</iescim:PowerSystemResource.SubType>
<iescim:PowerSystemResource.DeviceID>5629499537922295</iescim:PowerSystemResource.DeviceID>
<iescim:PowerSystemResource.DeviceType>20</iescim:PowerSystemResource.DeviceType>
</cim:ACLineSegment>
<cim:ACLineSegment rdf:ID="10100000_12236241">
<cim:IdentifiedObject.name>10kV七宝洋II回#016杆-10kV七宝洋II回#017杆导线</cim:IdentifiedObject.name>
<cim:IdentifiedObject.bianhao></cim:IdentifiedObject.bianhao>
<cim:PowerSystemResource.Circuit rdf:resource="#10000100_1541149148" />
<cim:ConductingEquipment.BaseVoltage rdf:resource="#BaseVoltage_5"/>
<iescim:PowerSystemResource.SubType>2</iescim:PowerSystemResource.SubType>
<iescim:PowerSystemResource.DeviceID>5629499538146838</iescim:PowerSystemResource.DeviceID>
<iescim:PowerSystemResource.DeviceType>20</iescim:PowerSystemResource.DeviceType>
</cim:ACLineSegment>
<cim:ACLineSegment rdf:ID="13000000_1551263776">
<cim:IdentifiedObject.name>站外-连接线</cim:IdentifiedObject.name>
<cim:IdentifiedObject.bianhao></cim:IdentifiedObject.bianhao>
<cim:PowerSystemResource.Circuit rdf:resource="#10000100_1541149148" />
<cim:ConductingEquipment.BaseVoltage rdf:resource="#BaseVoltage_5"/>
<iescim:PowerSystemResource.SubType>3</iescim:PowerSystemResource.SubType>
<iescim:PowerSystemResource.DeviceID>5629499538146849</iescim:PowerSystemResource.DeviceID>
<iescim:PowerSystemResource.DeviceType>20</iescim:PowerSystemResource.DeviceType>
</cim:ACLineSegment>
<cim:Pole rdf:ID="10200001_6274145">
<cim:IdentifiedObject.name>10kV七宝洋II回#031-1甲杆</cim:IdentifiedObject.name>
<cim:IdentifiedObject.bianhao></cim:IdentifiedObject.bianhao>
<cim:PowerSystemResource.Circuit rdf:resource="#10000100_59933" />
<cim:ConductingEquipment.BaseVoltage rdf:resource="#BaseVoltage_5"/>
<iescim:PowerSystemResource.DeviceType>43</iescim:PowerSystemResource.DeviceType>
<iescim:PowerSystemResource.SubType>1</iescim:PowerSystemResource.SubType>
<iescim:PowerSystemResource.DeviceID>12103423998581280</iescim:PowerSystemResource.DeviceID>
</cim:Pole>
<cim:Pole rdf:ID="10200001_6289292">
<cim:IdentifiedObject.name>10kV七宝洋II回#038-1杆</cim:IdentifiedObject.name>
<cim:IdentifiedObject.bianhao></cim:IdentifiedObject.bianhao>
<cim:PowerSystemResource.Circuit rdf:resource="#10000100_59933" />
<cim:ConductingEquipment.BaseVoltage rdf:resource="#BaseVoltage_5"/>
<iescim:PowerSystemResource.DeviceType>43</iescim:PowerSystemResource.DeviceType>
<iescim:PowerSystemResource.SubType>1</iescim:PowerSystemResource.SubType>
<iescim:PowerSystemResource.DeviceID>12103423998581291</iescim:PowerSystemResource.DeviceID>
</cim:Pole>
<cim:Pole rdf:ID="10200001_6300534">
<cim:IdentifiedObject.name>10kV七宝洋II回#032杆</cim:IdentifiedObject.name>
<cim:IdentifiedObject.bianhao></cim:IdentifiedObject.bianhao>
<cim:PowerSystemResource.Circuit rdf:resource="#10000100_59933" />
<cim:ConductingEquipment.BaseVoltage rdf:resource="#BaseVoltage_5"/>
<iescim:PowerSystemResource.DeviceType>43</iescim:PowerSystemResource.DeviceType>
<iescim:PowerSystemResource.SubType>1</iescim:PowerSystemResource.SubType>
<iescim:PowerSystemResource.DeviceID>12103423998581299</iescim:PowerSystemResource.DeviceID>
</cim:Pole>
<cim:Pole rdf:ID="10200001_6306438">
<cim:IdentifiedObject.name>10kV七宝洋II回#032-1杆</cim:IdentifiedObject.name>
<cim:IdentifiedObject.bianhao></cim:IdentifiedObject.bianhao>
<cim:PowerSystemResource.Circuit rdf:resource="#10000100_59933" />
<cim:ConductingEquipment.BaseVoltage rdf:resource="#BaseVoltage_5"/>
<iescim:PowerSystemResource.DeviceType>43</iescim:PowerSystemResource.DeviceType>
<iescim:PowerSystemResource.SubType>1</iescim:PowerSystemResource.SubType>
<iescim:PowerSystemResource.DeviceID>12103423998581309</iescim:PowerSystemResource.DeviceID>
</cim:Pole>
<cim:Pole rdf:ID="10200001_6306439">
<cim:IdentifiedObject.name>10kV七宝洋II回#032-1甲杆</cim:IdentifiedObject.name>
<cim:IdentifiedObject.bianhao></cim:IdentifiedObject.bianhao>
<cim:PowerSystemResource.Circuit rdf:resource="#10000100_59933" />
<cim:ConductingEquipment.BaseVoltage rdf:resource="#BaseVoltage_5"/>
<iescim:PowerSystemResource.DeviceType>43</iescim:PowerSystemResource.DeviceType>
<iescim:PowerSystemResource.SubType>1</iescim:PowerSystemResource.SubType>
<iescim:PowerSystemResource.DeviceID>12103423998581310</iescim:PowerSystemResource.DeviceID>
</cim:Pole>
<cim:Pole rdf:ID="10200001_6351053">
<cim:IdentifiedObject.name>10kV七宝洋II回#032-3杆</cim:IdentifiedObject.name>
<cim:IdentifiedObject.bianhao></cim:IdentifiedObject.bianhao>
<cim:PowerSystemResource.Circuit rdf:resource="#10000100_59933" />
<cim:ConductingEquipment.BaseVoltage rdf:resource="#BaseVoltage_5"/>
<iescim:PowerSystemResource.DeviceType>43</iescim:PowerSystemResource.DeviceType>
<iescim:PowerSystemResource.SubType>1</iescim:PowerSystemResource.SubType>
<iescim:PowerSystemResource.DeviceID>12103423998581350</iescim:PowerSystemResource.DeviceID>
</cim:Pole>
<cim:Pole rdf:ID="10200001_6354010">
<cim:IdentifiedObject.name>10kV七宝洋II回#040杆</cim:IdentifiedObject.name>
<cim:IdentifiedObject.bianhao></cim:IdentifiedObject.bianhao>
<cim:PowerSystemResource.Circuit rdf:resource="#10000100_59933" />
<cim:ConductingEquipment.BaseVoltage rdf:resource="#BaseVoltage_5"/>
<iescim:PowerSystemResource.DeviceType>43</iescim:PowerSystemResource.DeviceType>
<iescim:PowerSystemResource.SubType>1</iescim:PowerSystemResource.SubType>
<iescim:PowerSystemResource.DeviceID>12103423998581353</iescim:PowerSystemResource.DeviceID>
</cim:Pole>
<cim:Pole rdf:ID="10200001_6382490">
<cim:IdentifiedObject.name>10kV七宝洋II回#032-4杆</cim:IdentifiedObject.name>
<cim:IdentifiedObject.bianhao></cim:IdentifiedObject.bianhao>
<cim:PowerSystemResource.Circuit rdf:resource="#10000100_59933" />
<cim:ConductingEquipment.BaseVoltage rdf:resource="#BaseVoltage_5"/>
<iescim:PowerSystemResource.DeviceType>43</iescim:PowerSystemResource.DeviceType>
<iescim:PowerSystemResource.SubType>1</iescim:PowerSystemResource.SubType>
<iescim:PowerSystemResource.DeviceID>12103423998581377</iescim:PowerSystemResource.DeviceID>
</cim:Pole>
<cim:Pole rdf:ID="10200001_6389504">
<cim:IdentifiedObject.name>10kV七宝洋II回#031-1杆</cim:IdentifiedObject.name>
<cim:IdentifiedObject.bianhao></cim:IdentifiedObject.bianhao>
<cim:PowerSystemResource.Circuit rdf:resource="#10000100_59933" />
<cim:ConductingEquipment.BaseVoltage rdf:resource="#BaseVoltage_5"/>
<iescim:PowerSystemResource.DeviceType>43</iescim:PowerSystemResource.DeviceType>
<iescim:PowerSystemResource.SubType>1</iescim:PowerSystemResource.SubType>
<iescim:PowerSystemResource.DeviceID>12103423998581381</iescim:PowerSystemResource.DeviceID>
</cim:Pole>
<cim:Pole rdf:ID="10200001_10585175">
<cim:IdentifiedObject.name>10kV七宝洋II回#044杆</cim:IdentifiedObject.name>
<cim:IdentifiedObject.bianhao></cim:IdentifiedObject.bianhao>
<cim:PowerSystemResource.Circuit rdf:resource="#10000100_59933" />
<cim:ConductingEquipment.BaseVoltage rdf:resource="#BaseVoltage_5"/>
<iescim:PowerSystemResource.DeviceType>43</iescim:PowerSystemResource.DeviceType>
<iescim:PowerSystemResource.SubType>1</iescim:PowerSystemResource.SubType>
<iescim:PowerSystemResource.DeviceID>12103423998611356</iescim:PowerSystemResource.DeviceID>
</cim:Pole>
<cim:Pole rdf:ID="10200001_10585176">
<cim:IdentifiedObject.name>10kV七宝洋II回#045杆</cim:IdentifiedObject.name>
<cim:IdentifiedObject.bianhao></cim:IdentifiedObject.bianhao>
<cim:PowerSystemResource.Circuit rdf:resource="#10000100_59933" />
<cim:ConductingEquipment.BaseVoltage rdf:resource="#BaseVoltage_5"/>
<iescim:PowerSystemResource.DeviceType>43</iescim:PowerSystemResource.DeviceType>
<iescim:PowerSystemResource.SubType>1</iescim:PowerSystemResource.SubType>
<iescim:PowerSystemResource.DeviceID>12103423998611357</iescim:PowerSystemResource.DeviceID>
</cim:Pole>
<cim:Pole rdf:ID="10200001_6354011">
<cim:IdentifiedObject.name>10kV七宝洋II回#042杆</cim:IdentifiedObject.name>
<cim:IdentifiedObject.bianhao></cim:IdentifiedObject.bianhao>
<cim:PowerSystemResource.Circuit rdf:resource="#10000100_59933" />
<cim:ConductingEquipment.BaseVoltage rdf:resource="#BaseVoltage_5"/>
<iescim:PowerSystemResource.DeviceType>43</iescim:PowerSystemResource.DeviceType>
<iescim:PowerSystemResource.SubType>1</iescim:PowerSystemResource.SubType>
<iescim:PowerSystemResource.DeviceID>12103423998611358</iescim:PowerSystemResource.DeviceID>
</cim:Pole>
<cim:Pole rdf:ID="10200001_10949387">
<cim:IdentifiedObject.name>10kV七宝洋II回#031杆</cim:IdentifiedObject.name>
<cim:IdentifiedObject.bianhao></cim:IdentifiedObject.bianhao>
<cim:PowerSystemResource.Circuit rdf:resource="#10000100_59933" />
<cim:ConductingEquipment.BaseVoltage rdf:resource="#BaseVoltage_5"/>
<iescim:PowerSystemResource.DeviceType>43</iescim:PowerSystemResource.DeviceType>
<iescim:PowerSystemResource.SubType>1</iescim:PowerSystemResource.SubType>
<iescim:PowerSystemResource.DeviceID>12103423998613306</iescim:PowerSystemResource.DeviceID>
</cim:Pole>
<cim:Pole rdf:ID="10200001_12276687">
<cim:IdentifiedObject.name>10kV七宝洋II回#001杆</cim:IdentifiedObject.name>
<cim:IdentifiedObject.bianhao></cim:IdentifiedObject.bianhao>
<cim:PowerSystemResource.Circuit rdf:resource="#10000100_1541149148" />
<cim:ConductingEquipment.BaseVoltage rdf:resource="#BaseVoltage_5"/>
<iescim:PowerSystemResource.DeviceType>43</iescim:PowerSystemResource.DeviceType>
<iescim:PowerSystemResource.SubType>1</iescim:PowerSystemResource.SubType>
<iescim:PowerSystemResource.DeviceID>12103423998621812</iescim:PowerSystemResource.DeviceID>
</cim:Pole>
<cim:Pole rdf:ID="10200001_12276703">
<cim:IdentifiedObject.name>10kV七宝洋II回#017杆</cim:IdentifiedObject.name>
<cim:IdentifiedObject.bianhao></cim:IdentifiedObject.bianhao>
<cim:PowerSystemResource.Circuit rdf:resource="#10000100_1541149148" />
<cim:ConductingEquipment.BaseVoltage rdf:resource="#BaseVoltage_5"/>
<iescim:PowerSystemResource.DeviceType>43</iescim:PowerSystemResource.DeviceType>
<iescim:PowerSystemResource.SubType>1</iescim:PowerSystemResource.SubType>
<iescim:PowerSystemResource.DeviceID>12103423998621813</iescim:PowerSystemResource.DeviceID>
</cim:Pole>
<cim:Pole rdf:ID="10200001_6342675">
<cim:IdentifiedObject.name>10kV七宝洋II回#038杆</cim:IdentifiedObject.name>
<cim:IdentifiedObject.bianhao></cim:IdentifiedObject.bianhao>
<cim:PowerSystemResource.Circuit rdf:resource="#10000100_59933" />
<cim:ConductingEquipment.BaseVoltage rdf:resource="#BaseVoltage_5"/>
<iescim:PowerSystemResource.DeviceType>43</iescim:PowerSystemResource.DeviceType>
<iescim:PowerSystemResource.SubType>1</iescim:PowerSystemResource.SubType>
<iescim:PowerSystemResource.DeviceID>12103423998621875</iescim:PowerSystemResource.DeviceID>
</cim:Pole>
<cim:Pole rdf:ID="10200001_10585174">
<cim:IdentifiedObject.name>10kV七宝洋II回#043杆</cim:IdentifiedObject.name>
<cim:IdentifiedObject.bianhao></cim:IdentifiedObject.bianhao>
<cim:PowerSystemResource.Circuit rdf:resource="#10000100_59933" />
<cim:ConductingEquipment.BaseVoltage rdf:resource="#BaseVoltage_5"/>
<iescim:PowerSystemResource.DeviceType>43</iescim:PowerSystemResource.DeviceType>
<iescim:PowerSystemResource.SubType>1</iescim:PowerSystemResource.SubType>
<iescim:PowerSystemResource.DeviceID>12103423998635633</iescim:PowerSystemResource.DeviceID>
</cim:Pole>
<cim:Pole rdf:ID="10200001_1514837173">
<cim:IdentifiedObject.name>10kV七宝洋II回#032-6杆</cim:IdentifiedObject.name>
<cim:IdentifiedObject.bianhao></cim:IdentifiedObject.bianhao>
<cim:PowerSystemResource.Circuit rdf:resource="#10000100_59933" />
<cim:ConductingEquipment.BaseVoltage rdf:resource="#BaseVoltage_5"/>
<iescim:PowerSystemResource.DeviceType>43</iescim:PowerSystemResource.DeviceType>
<iescim:PowerSystemResource.SubType>1</iescim:PowerSystemResource.SubType>
<iescim:PowerSystemResource.DeviceID>12103423998636674</iescim:PowerSystemResource.DeviceID>
</cim:Pole>
<cim:Pole rdf:ID="10200001_1514837172">
<cim:IdentifiedObject.name>10kV七宝洋II回#032-5杆</cim:IdentifiedObject.name>
<cim:IdentifiedObject.bianhao></cim:IdentifiedObject.bianhao>
<cim:PowerSystemResource.Circuit rdf:resource="#10000100_59933" />
<cim:ConductingEquipment.BaseVoltage rdf:resource="#BaseVoltage_5"/>
<iescim:PowerSystemResource.DeviceType>43</iescim:PowerSystemResource.DeviceType>
<iescim:PowerSystemResource.SubType>1</iescim:PowerSystemResource.SubType>
<iescim:PowerSystemResource.DeviceID>12103423998636675</iescim:PowerSystemResource.DeviceID>
</cim:Pole>
<cim:Pole rdf:ID="10200001_12276702">
<cim:IdentifiedObject.name>10kV七宝洋II回#016杆</cim:IdentifiedObject.name>
<cim:IdentifiedObject.bianhao></cim:IdentifiedObject.bianhao>
<cim:PowerSystemResource.Circuit rdf:resource="#10000100_1541149148" />
<cim:ConductingEquipment.BaseVoltage rdf:resource="#BaseVoltage_5"/>
<iescim:PowerSystemResource.DeviceType>43</iescim:PowerSystemResource.DeviceType>
<iescim:PowerSystemResource.SubType>1</iescim:PowerSystemResource.SubType>
<iescim:PowerSystemResource.DeviceID>12103423998653975</iescim:PowerSystemResource.DeviceID>
</cim:Pole>
<cim:Faultindicator rdf:ID="11700000_1551214449">
<cim:IdentifiedObject.name>10kV七宝洋II回#016杆大号侧高精度故障指示器</cim:IdentifiedObject.name>
<cim:IdentifiedObject.bianhao></cim:IdentifiedObject.bianhao>
<cim:PowerSystemResource.Circuit rdf:resource="#10000100_1541149148" />
<cim:ConductingEquipment.BaseVoltage rdf:resource="#BaseVoltage_5"/>
<iescim:PowerSystemResource.SubType>2</iescim:PowerSystemResource.SubType>
<iescim:PowerSystemResource.DeviceID>11821949021855357</iescim:PowerSystemResource.DeviceID>
<iescim:PowerSystemResource.DeviceType>42</iescim:PowerSystemResource.DeviceType>
</cim:Faultindicator>
<cim:ConnectivityNode rdf:ID="0">
<iescim:PowerSystemResource.SubType>0</iescim:PowerSystemResource.SubType>
<iescim:PowerSystemResource.DeviceID>0</iescim:PowerSystemResource.DeviceID>
<iescim:PowerSystemResource.DeviceType>33</iescim:PowerSystemResource.DeviceType>
</cim:ConnectivityNode>
<cim:ConnectivityNode rdf:ID="9288674231452892">
<iescim:PowerSystemResource.SubType>0</iescim:PowerSystemResource.SubType>
<iescim:PowerSystemResource.DeviceID>9288674231452892</iescim:PowerSystemResource.DeviceID>
<iescim:PowerSystemResource.DeviceType>33</iescim:PowerSystemResource.DeviceType>
</cim:ConnectivityNode>
<cim:ConnectivityNode rdf:ID="9288674231452912">
<iescim:PowerSystemResource.SubType>0</iescim:PowerSystemResource.SubType>
<iescim:PowerSystemResource.DeviceID>9288674231452912</iescim:PowerSystemResource.DeviceID>
<iescim:PowerSystemResource.DeviceType>33</iescim:PowerSystemResource.DeviceType>
</cim:ConnectivityNode>
<cim:ConnectivityNode rdf:ID="9288674231452914">
<iescim:PowerSystemResource.SubType>0</iescim:PowerSystemResource.SubType>
<iescim:PowerSystemResource.DeviceID>9288674231452914</iescim:PowerSystemResource.DeviceID>
<iescim:PowerSystemResource.DeviceType>33</iescim:PowerSystemResource.DeviceType>
</cim:ConnectivityNode>
<cim:ConnectivityNode rdf:ID="9288674231456058">
<iescim:PowerSystemResource.SubType>0</iescim:PowerSystemResource.SubType>
<iescim:PowerSystemResource.DeviceID>9288674231456058</iescim:PowerSystemResource.DeviceID>
<iescim:PowerSystemResource.DeviceType>33</iescim:PowerSystemResource.DeviceType>
</cim:ConnectivityNode>
<cim:ConnectivityNode rdf:ID="9288674231456890">
<iescim:PowerSystemResource.SubType>0</iescim:PowerSystemResource.SubType>
<iescim:PowerSystemResource.DeviceID>9288674231456890</iescim:PowerSystemResource.DeviceID>
<iescim:PowerSystemResource.DeviceType>33</iescim:PowerSystemResource.DeviceType>
</cim:ConnectivityNode>
<cim:ConnectivityNode rdf:ID="9288674231459615">
<iescim:PowerSystemResource.SubType>0</iescim:PowerSystemResource.SubType>
<iescim:PowerSystemResource.DeviceID>9288674231459615</iescim:PowerSystemResource.DeviceID>
<iescim:PowerSystemResource.DeviceType>33</iescim:PowerSystemResource.DeviceType>
</cim:ConnectivityNode>
<cim:ConnectivityNode rdf:ID="9288674231459616">
<iescim:PowerSystemResource.SubType>0</iescim:PowerSystemResource.SubType>
<iescim:PowerSystemResource.DeviceID>9288674231459616</iescim:PowerSystemResource.DeviceID>
<iescim:PowerSystemResource.DeviceType>33</iescim:PowerSystemResource.DeviceType>
</cim:ConnectivityNode>
<cim:ConnectivityNode rdf:ID="9288674231481909">
<iescim:PowerSystemResource.SubType>0</iescim:PowerSystemResource.SubType>
<iescim:PowerSystemResource.DeviceID>9288674231481909</iescim:PowerSystemResource.DeviceID>
<iescim:PowerSystemResource.DeviceType>33</iescim:PowerSystemResource.DeviceType>
</cim:ConnectivityNode>
<cim:ConnectivityNode rdf:ID="9288674231501526">
<iescim:PowerSystemResource.SubType>0</iescim:PowerSystemResource.SubType>
<iescim:PowerSystemResource.DeviceID>9288674231501526</iescim:PowerSystemResource.DeviceID>
<iescim:PowerSystemResource.DeviceType>33</iescim:PowerSystemResource.DeviceType>
</cim:ConnectivityNode>
<cim:ConnectivityNode rdf:ID="9288674231526385">
<iescim:PowerSystemResource.SubType>0</iescim:PowerSystemResource.SubType>
<iescim:PowerSystemResource.DeviceID>9288674231526385</iescim:PowerSystemResource.DeviceID>
<iescim:PowerSystemResource.DeviceType>33</iescim:PowerSystemResource.DeviceType>
</cim:ConnectivityNode>
<cim:ConnectivityNode rdf:ID="9288674231546305">
<iescim:PowerSystemResource.SubType>0</iescim:PowerSystemResource.SubType>
<iescim:PowerSystemResource.DeviceID>9288674231546305</iescim:PowerSystemResource.DeviceID>
<iescim:PowerSystemResource.DeviceType>33</iescim:PowerSystemResource.DeviceType>
</cim:ConnectivityNode>
<cim:ConnectivityNode rdf:ID="9288674231611495">
<iescim:PowerSystemResource.SubType>0</iescim:PowerSystemResource.SubType>
<iescim:PowerSystemResource.DeviceID>9288674231611495</iescim:PowerSystemResource.DeviceID>
<iescim:PowerSystemResource.DeviceType>33</iescim:PowerSystemResource.DeviceType>
</cim:ConnectivityNode>
<cim:ConnectivityNode rdf:ID="9288674231611496">
<iescim:PowerSystemResource.SubType>0</iescim:PowerSystemResource.SubType>
<iescim:PowerSystemResource.DeviceID>9288674231611496</iescim:PowerSystemResource.DeviceID>
<iescim:PowerSystemResource.DeviceType>33</iescim:PowerSystemResource.DeviceType>
</cim:ConnectivityNode>
<cim:ConnectivityNode rdf:ID="9288674231706520">
<iescim:PowerSystemResource.SubType>0</iescim:PowerSystemResource.SubType>
<iescim:PowerSystemResource.DeviceID>9288674231706520</iescim:PowerSystemResource.DeviceID>
<iescim:PowerSystemResource.DeviceType>33</iescim:PowerSystemResource.DeviceType>
</cim:ConnectivityNode>
<cim:ConnectivityNode rdf:ID="9288674231706521">
<iescim:PowerSystemResource.SubType>0</iescim:PowerSystemResource.SubType>
<iescim:PowerSystemResource.DeviceID>9288674231706521</iescim:PowerSystemResource.DeviceID>
<iescim:PowerSystemResource.DeviceType>33</iescim:PowerSystemResource.DeviceType>
</cim:ConnectivityNode>
<cim:ConnectivityNode rdf:ID="9288674231788385">
<iescim:PowerSystemResource.SubType>0</iescim:PowerSystemResource.SubType>
<iescim:PowerSystemResource.DeviceID>9288674231788385</iescim:PowerSystemResource.DeviceID>
<iescim:PowerSystemResource.DeviceType>33</iescim:PowerSystemResource.DeviceType>
</cim:ConnectivityNode>
<cim:ConnectivityNode rdf:ID="9288674231788387">
<iescim:PowerSystemResource.SubType>0</iescim:PowerSystemResource.SubType>
<iescim:PowerSystemResource.DeviceID>9288674231788387</iescim:PowerSystemResource.DeviceID>
<iescim:PowerSystemResource.DeviceType>33</iescim:PowerSystemResource.DeviceType>
</cim:ConnectivityNode>
<cim:ConnectivityNode rdf:ID="9288674231788394">
<iescim:PowerSystemResource.SubType>0</iescim:PowerSystemResource.SubType>
<iescim:PowerSystemResource.DeviceID>9288674231788394</iescim:PowerSystemResource.DeviceID>
<iescim:PowerSystemResource.DeviceType>33</iescim:PowerSystemResource.DeviceType>
</cim:ConnectivityNode>
<cim:ConnectivityNode rdf:ID="9288674231788396">
<iescim:PowerSystemResource.SubType>0</iescim:PowerSystemResource.SubType>
<iescim:PowerSystemResource.DeviceID>9288674231788396</iescim:PowerSystemResource.DeviceID>
<iescim:PowerSystemResource.DeviceType>33</iescim:PowerSystemResource.DeviceType>
</cim:ConnectivityNode>
<cim:ConnectivityNode rdf:ID="9288674231788397">
<iescim:PowerSystemResource.SubType>0</iescim:PowerSystemResource.SubType>
<iescim:PowerSystemResource.DeviceID>9288674231788397</iescim:PowerSystemResource.DeviceID>
<iescim:PowerSystemResource.DeviceType>33</iescim:PowerSystemResource.DeviceType>
</cim:ConnectivityNode>
<cim:ConnectivityNode rdf:ID="9288674231788399">
<iescim:PowerSystemResource.SubType>0</iescim:PowerSystemResource.SubType>
<iescim:PowerSystemResource.DeviceID>9288674231788399</iescim:PowerSystemResource.DeviceID>
<iescim:PowerSystemResource.DeviceType>33</iescim:PowerSystemResource.DeviceType>
</cim:ConnectivityNode>
<cim:ConnectivityNode rdf:ID="9288674231788430">
<iescim:PowerSystemResource.SubType>0</iescim:PowerSystemResource.SubType>
<iescim:PowerSystemResource.DeviceID>9288674231788430</iescim:PowerSystemResource.DeviceID>
<iescim:PowerSystemResource.DeviceType>33</iescim:PowerSystemResource.DeviceType>
</cim:ConnectivityNode>
<cim:ConnectivityNode rdf:ID="9288674231788442">
<iescim:PowerSystemResource.SubType>0</iescim:PowerSystemResource.SubType>
<iescim:PowerSystemResource.DeviceID>9288674231788442</iescim:PowerSystemResource.DeviceID>
<iescim:PowerSystemResource.DeviceType>33</iescim:PowerSystemResource.DeviceType>
</cim:ConnectivityNode>
<cim:ConnectivityNode rdf:ID="9288674231788447">
<iescim:PowerSystemResource.SubType>0</iescim:PowerSystemResource.SubType>
<iescim:PowerSystemResource.DeviceID>9288674231788447</iescim:PowerSystemResource.DeviceID>
<iescim:PowerSystemResource.DeviceType>33</iescim:PowerSystemResource.DeviceType>
</cim:ConnectivityNode>
<cim:ConnectivityNode rdf:ID="9288674231788448">
<iescim:PowerSystemResource.SubType>0</iescim:PowerSystemResource.SubType>
<iescim:PowerSystemResource.DeviceID>9288674231788448</iescim:PowerSystemResource.DeviceID>
<iescim:PowerSystemResource.DeviceType>33</iescim:PowerSystemResource.DeviceType>
</cim:ConnectivityNode>
<cim:ConnectivityNode rdf:ID="9288674231788461">
<iescim:PowerSystemResource.SubType>0</iescim:PowerSystemResource.SubType>
<iescim:PowerSystemResource.DeviceID>9288674231788461</iescim:PowerSystemResource.DeviceID>
<iescim:PowerSystemResource.DeviceType>33</iescim:PowerSystemResource.DeviceType>
</cim:ConnectivityNode>
<cim:ConnectivityNode rdf:ID="9288674231814224">
<iescim:PowerSystemResource.SubType>0</iescim:PowerSystemResource.SubType>
<iescim:PowerSystemResource.DeviceID>9288674231814224</iescim:PowerSystemResource.DeviceID>
<iescim:PowerSystemResource.DeviceType>33</iescim:PowerSystemResource.DeviceType>
</cim:ConnectivityNode>
<cim:ConnectivityNode rdf:ID="9288674231814225">
<iescim:PowerSystemResource.SubType>0</iescim:PowerSystemResource.SubType>
<iescim:PowerSystemResource.DeviceID>9288674231814225</iescim:PowerSystemResource.DeviceID>
<iescim:PowerSystemResource.DeviceType>33</iescim:PowerSystemResource.DeviceType>
</cim:ConnectivityNode>
<cim:ConnectivityNode rdf:ID="9288674231814226">
<iescim:PowerSystemResource.SubType>0</iescim:PowerSystemResource.SubType>
<iescim:PowerSystemResource.DeviceID>9288674231814226</iescim:PowerSystemResource.DeviceID>
<iescim:PowerSystemResource.DeviceType>33</iescim:PowerSystemResource.DeviceType>
</cim:ConnectivityNode>
<cim:ConnectivityNode rdf:ID="9288674231839753">
<iescim:PowerSystemResource.SubType>0</iescim:PowerSystemResource.SubType>
<iescim:PowerSystemResource.DeviceID>9288674231839753</iescim:PowerSystemResource.DeviceID>
<iescim:PowerSystemResource.DeviceType>33</iescim:PowerSystemResource.DeviceType>
</cim:ConnectivityNode>
<cim:ConnectivityNode rdf:ID="9288674231839754">
<iescim:PowerSystemResource.SubType>0</iescim:PowerSystemResource.SubType>
<iescim:PowerSystemResource.DeviceID>9288674231839754</iescim:PowerSystemResource.DeviceID>
<iescim:PowerSystemResource.DeviceType>33</iescim:PowerSystemResource.DeviceType>
</cim:ConnectivityNode>
<cim:ConnectivityNode rdf:ID="9288674231839756">
<iescim:PowerSystemResource.SubType>0</iescim:PowerSystemResource.SubType>
<iescim:PowerSystemResource.DeviceID>9288674231839756</iescim:PowerSystemResource.DeviceID>
<iescim:PowerSystemResource.DeviceType>33</iescim:PowerSystemResource.DeviceType>
</cim:ConnectivityNode>
<cim:ConnectivityNode rdf:ID="9288674231839757">
<iescim:PowerSystemResource.SubType>0</iescim:PowerSystemResource.SubType>
<iescim:PowerSystemResource.DeviceID>9288674231839757</iescim:PowerSystemResource.DeviceID>
<iescim:PowerSystemResource.DeviceType>33</iescim:PowerSystemResource.DeviceType>
</cim:ConnectivityNode>
<cim:ConnectivityNode rdf:ID="9288674246613514">
<iescim:PowerSystemResource.SubType>0</iescim:PowerSystemResource.SubType>
<iescim:PowerSystemResource.DeviceID>9288674246613514</iescim:PowerSystemResource.DeviceID>
<iescim:PowerSystemResource.DeviceType>33</iescim:PowerSystemResource.DeviceType>
</cim:ConnectivityNode>
<cim:ConnectivityNode rdf:ID="9288674246613515">
<iescim:PowerSystemResource.SubType>0</iescim:PowerSystemResource.SubType>
<iescim:PowerSystemResource.DeviceID>9288674246613515</iescim:PowerSystemResource.DeviceID>
<iescim:PowerSystemResource.DeviceType>33</iescim:PowerSystemResource.DeviceType>
</cim:ConnectivityNode>
<cim:ConnectivityNode rdf:ID="9288674254002196">
<iescim:PowerSystemResource.SubType>0</iescim:PowerSystemResource.SubType>
<iescim:PowerSystemResource.DeviceID>9288674254002196</iescim:PowerSystemResource.DeviceID>
<iescim:PowerSystemResource.DeviceType>33</iescim:PowerSystemResource.DeviceType>
</cim:ConnectivityNode>
<cim:ConnectivityNode rdf:ID="9288674254002208">
<iescim:PowerSystemResource.SubType>0</iescim:PowerSystemResource.SubType>
<iescim:PowerSystemResource.DeviceID>9288674254002208</iescim:PowerSystemResource.DeviceID>
<iescim:PowerSystemResource.DeviceType>33</iescim:PowerSystemResource.DeviceType>
</cim:ConnectivityNode>
<cim:Terminal rdf:ID="11300000_3348214_1">
<cim:Terminal.ConductingEquipment rdf:resource="#11300000_3348214"/>
<cim:Terminal.ConnectivityNode rdf:resource="#9288674231611495"/>
</cim:Terminal>
<cim:Terminal rdf:ID="11300000_3348214_2">
<cim:Terminal.ConductingEquipment rdf:resource="#11300000_3348214"/>
<cim:Terminal.ConnectivityNode rdf:resource="#9288674231706520"/>
</cim:Terminal>
<cim:Terminal rdf:ID="11300000_3348221_1">
<cim:Terminal.ConductingEquipment rdf:resource="#11300000_3348221"/>
<cim:Terminal.ConnectivityNode rdf:resource="#9288674231611496"/>
</cim:Terminal>
<cim:Terminal rdf:ID="11300000_3348221_2">
<cim:Terminal.ConductingEquipment rdf:resource="#11300000_3348221"/>
<cim:Terminal.ConnectivityNode rdf:resource="#9288674231706521"/>
</cim:Terminal>
<cim:Terminal rdf:ID="2466330">
<cim:Terminal.ConductingEquipment rdf:resource="#31100000_661809"/>
<cim:Terminal.ConnectivityNode rdf:resource="#9288674231456058"/>
</cim:Terminal>
<cim:Terminal rdf:ID="6894427">
<cim:Terminal.ConductingEquipment rdf:resource="#30600001_1521850890"/>
<cim:Terminal.ConnectivityNode rdf:resource="#9288674231546305"/>
</cim:Terminal>
<cim:Terminal rdf:ID="6894423">
<cim:Terminal.ConductingEquipment rdf:resource="#6894421"/>
<cim:Terminal.ConnectivityNode rdf:resource="#9288674246613514"/>
</cim:Terminal>
<cim:Terminal rdf:ID="6894424">
<cim:Terminal.ConductingEquipment rdf:resource="#6894421"/>
<cim:Terminal.ConnectivityNode rdf:resource="#9288674231501526"/>
</cim:Terminal>
<cim:Terminal rdf:ID="10200001_6274145_1">
<cim:Terminal.ConductingEquipment rdf:resource="#10200001_6274145"/>
<cim:Terminal.ConnectivityNode rdf:resource="#9288674231788430"/>
</cim:Terminal>
<cim:Terminal rdf:ID="10200001_6289292_1">
<cim:Terminal.ConductingEquipment rdf:resource="#10200001_6289292"/>
<cim:Terminal.ConnectivityNode rdf:resource="#9288674231788461"/>
</cim:Terminal>
<cim:Terminal rdf:ID="10200001_6300534_1">
<cim:Terminal.ConductingEquipment rdf:resource="#10200001_6300534"/>
<cim:Terminal.ConnectivityNode rdf:resource="#9288674231788442"/>
</cim:Terminal>
<cim:Terminal rdf:ID="10200001_6306438_1">
<cim:Terminal.ConductingEquipment rdf:resource="#10200001_6306438"/>
<cim:Terminal.ConnectivityNode rdf:resource="#9288674231788396"/>
</cim:Terminal>
<cim:Terminal rdf:ID="10200001_6306439_1">
<cim:Terminal.ConductingEquipment rdf:resource="#10200001_6306439"/>
<cim:Terminal.ConnectivityNode rdf:resource="#9288674231788394"/>
</cim:Terminal>
<cim:Terminal rdf:ID="10200001_6351053_1">
<cim:Terminal.ConductingEquipment rdf:resource="#10200001_6351053"/>
<cim:Terminal.ConnectivityNode rdf:resource="#9288674231788399"/>
</cim:Terminal>
<cim:Terminal rdf:ID="10200001_6354010_1">
<cim:Terminal.ConductingEquipment rdf:resource="#10200001_6354010"/>
<cim:Terminal.ConnectivityNode rdf:resource="#9288674231788385"/>
</cim:Terminal>
<cim:Terminal rdf:ID="10200001_6382490_1">
<cim:Terminal.ConductingEquipment rdf:resource="#10200001_6382490"/>
<cim:Terminal.ConnectivityNode rdf:resource="#9288674231788447"/>
</cim:Terminal>
<cim:Terminal rdf:ID="10200001_6389504_1">
<cim:Terminal.ConductingEquipment rdf:resource="#10200001_6389504"/>
<cim:Terminal.ConnectivityNode rdf:resource="#9288674231788397"/>
</cim:Terminal>
<cim:Terminal rdf:ID="6894419">
<cim:Terminal.ConductingEquipment rdf:resource="#30500000_1521850757"/>
<cim:Terminal.ConnectivityNode rdf:resource="#9288674231501526"/>
</cim:Terminal>
<cim:Terminal rdf:ID="6894420">
<cim:Terminal.ConductingEquipment rdf:resource="#30500000_1521850757"/>
<cim:Terminal.ConnectivityNode rdf:resource="#9288674231546305"/>
</cim:Terminal>
<cim:Terminal rdf:ID="1740314">
<cim:Terminal.ConductingEquipment rdf:resource="#31100000_1092732"/>
<cim:Terminal.ConnectivityNode rdf:resource="#9288674231456890"/>
</cim:Terminal>
<cim:Terminal rdf:ID="32000000_1521825026_1">
<cim:Terminal.ConductingEquipment rdf:resource="#32000000_1521825026"/>
<cim:Terminal.ConnectivityNode rdf:resource="#9288674231546305"/>
</cim:Terminal>
<cim:Terminal rdf:ID="14000000_1541179052_1">
<cim:Terminal.ConductingEquipment rdf:resource="#14000000_1541179052"/>
<cim:Terminal.ConnectivityNode rdf:resource="#9288674231546305"/>
</cim:Terminal>
<cim:Terminal rdf:ID="14000000_1541179052_2">
<cim:Terminal.ConductingEquipment rdf:resource="#14000000_1541179052"/>
<cim:Terminal.ConnectivityNode rdf:resource="#9288674231839756"/>
</cim:Terminal>
<cim:Terminal rdf:ID="10100000_12236192_1">
<cim:Terminal.ConductingEquipment rdf:resource="#10100000_12236192"/>
<cim:Terminal.ConnectivityNode rdf:resource="#9288674231706521"/>
</cim:Terminal>
<cim:Terminal rdf:ID="10100000_12236192_2">
<cim:Terminal.ConductingEquipment rdf:resource="#10100000_12236192"/>
<cim:Terminal.ConnectivityNode rdf:resource="#9288674254002208"/>
</cim:Terminal>
<cim:Terminal rdf:ID="13000000_15723606_1">
<cim:Terminal.ConductingEquipment rdf:resource="#13000000_15723606"/>
<cim:Terminal.ConnectivityNode rdf:resource="#9288674231839753"/>
</cim:Terminal>
<cim:Terminal rdf:ID="13000000_15723606_2">
<cim:Terminal.ConductingEquipment rdf:resource="#13000000_15723606"/>
<cim:Terminal.ConnectivityNode rdf:resource="#9288674231611495"/>
</cim:Terminal>
<cim:Terminal rdf:ID="13000000_15723617_1">
<cim:Terminal.ConductingEquipment rdf:resource="#13000000_15723617"/>
<cim:Terminal.ConnectivityNode rdf:resource="#9288674231706520"/>
</cim:Terminal>
<cim:Terminal rdf:ID="13000000_15723617_2">
<cim:Terminal.ConductingEquipment rdf:resource="#13000000_15723617"/>
<cim:Terminal.ConnectivityNode rdf:resource="#9288674231481909"/>
</cim:Terminal>
<cim:Terminal rdf:ID="13000000_15723635_1">
<cim:Terminal.ConductingEquipment rdf:resource="#13000000_15723635"/>
<cim:Terminal.ConnectivityNode rdf:resource="#9288674231839754"/>
</cim:Terminal>
<cim:Terminal rdf:ID="13000000_15723635_2">
<cim:Terminal.ConductingEquipment rdf:resource="#13000000_15723635"/>
<cim:Terminal.ConnectivityNode rdf:resource="#9288674231611496"/>
</cim:Terminal>
<cim:Terminal rdf:ID="13000000_15723646_1">
<cim:Terminal.ConductingEquipment rdf:resource="#13000000_15723646"/>
<cim:Terminal.ConnectivityNode rdf:resource="#9288674231839754"/>
</cim:Terminal>
<cim:Terminal rdf:ID="13000000_15723646_2">
<cim:Terminal.ConductingEquipment rdf:resource="#13000000_15723646"/>
<cim:Terminal.ConnectivityNode rdf:resource="#9288674231839757"/>
</cim:Terminal>
<cim:Terminal rdf:ID="20100000_1396837_1">
<cim:Terminal.ConductingEquipment rdf:resource="#20100000_1396837"/>
<cim:Terminal.ConnectivityNode rdf:resource="#9288674231839757"/>
</cim:Terminal>
<cim:Terminal rdf:ID="20100000_1396837_2">
<cim:Terminal.ConductingEquipment rdf:resource="#20100000_1396837"/>
<cim:Terminal.ConnectivityNode rdf:resource="#9288674231839756"/>
</cim:Terminal>
<cim:Terminal rdf:ID="10100000_12236241_1">
<cim:Terminal.ConductingEquipment rdf:resource="#10100000_12236241"/>
<cim:Terminal.ConnectivityNode rdf:resource="#9288674254002196"/>
</cim:Terminal>
<cim:Terminal rdf:ID="10100000_12236241_2">
<cim:Terminal.ConductingEquipment rdf:resource="#10100000_12236241"/>
<cim:Terminal.ConnectivityNode rdf:resource="#9288674231839753"/>
</cim:Terminal>
<cim:Terminal rdf:ID="13000000_1551263776_1">
<cim:Terminal.ConductingEquipment rdf:resource="#13000000_1551263776"/>
<cim:Terminal.ConnectivityNode rdf:resource="#9288674254002208"/>
</cim:Terminal>
<cim:Terminal rdf:ID="13000000_1551263776_2">
<cim:Terminal.ConductingEquipment rdf:resource="#13000000_1551263776"/>
<cim:Terminal.ConnectivityNode rdf:resource="#9288674254002196"/>
</cim:Terminal>
<cim:Terminal rdf:ID="11100000_759736_1">
<cim:Terminal.ConductingEquipment rdf:resource="#11100000_759736"/>
<cim:Terminal.ConnectivityNode rdf:resource="#9288674231481909"/>
</cim:Terminal>
<cim:Terminal rdf:ID="11100000_759736_2">
<cim:Terminal.ConductingEquipment rdf:resource="#11100000_759736"/>
<cim:Terminal.ConnectivityNode rdf:resource="#9288674231526385"/>
</cim:Terminal>
<cim:Terminal rdf:ID="20200000_2079314_1">
<cim:Terminal.ConductingEquipment rdf:resource="#20200000_2079314"/>
<cim:Terminal.ConnectivityNode rdf:resource="#9288674231839757"/>
</cim:Terminal>
<cim:Terminal rdf:ID="20200000_2079315_1">
<cim:Terminal.ConductingEquipment rdf:resource="#20200000_2079315"/>
<cim:Terminal.ConnectivityNode rdf:resource="#9288674231839756"/>
</cim:Terminal>
<cim:Terminal rdf:ID="6921352">
<cim:Terminal.ConductingEquipment rdf:resource="#6921351"/>
<cim:Terminal.ConnectivityNode rdf:resource="#9288674231459615"/>
</cim:Terminal>
<cim:Terminal rdf:ID="6921332">
<cim:Terminal.ConductingEquipment rdf:resource="#6921331"/>
<cim:Terminal.ConnectivityNode rdf:resource="#9288674231459616"/>
</cim:Terminal>
<cim:Terminal rdf:ID="10200001_10585175_1">
<cim:Terminal.ConductingEquipment rdf:resource="#10200001_10585175"/>
<cim:Terminal.ConnectivityNode rdf:resource="#9288674231814225"/>
</cim:Terminal>
<cim:Terminal rdf:ID="10200001_10585176_1">
<cim:Terminal.ConductingEquipment rdf:resource="#10200001_10585176"/>
<cim:Terminal.ConnectivityNode rdf:resource="#9288674231814226"/>
</cim:Terminal>
<cim:Terminal rdf:ID="10200001_6354011_1">
<cim:Terminal.ConductingEquipment rdf:resource="#10200001_6354011"/>
<cim:Terminal.ConnectivityNode rdf:resource="#9288674231814224"/>
</cim:Terminal>
<cim:Terminal rdf:ID="10200001_10949387_1">
<cim:Terminal.ConductingEquipment rdf:resource="#10200001_10949387"/>
<cim:Terminal.ConnectivityNode rdf:resource="#9288674231788448"/>
</cim:Terminal>
<cim:Terminal rdf:ID="583539">
<cim:Terminal.ConductingEquipment rdf:resource="#31100000_1521850927"/>
<cim:Terminal.ConnectivityNode rdf:resource="#9288674246613515"/>
</cim:Terminal>
<cim:Terminal rdf:ID="12311">
<cim:Terminal.ConductingEquipment rdf:resource="#31100000_89579"/>
<cim:Terminal.ConnectivityNode rdf:resource="#9288674231452892"/>
</cim:Terminal>
<cim:Terminal rdf:ID="13054">
<cim:Terminal.ConductingEquipment rdf:resource="#31100000_88996"/>
<cim:Terminal.ConnectivityNode rdf:resource="#9288674231452912"/>
</cim:Terminal>
<cim:Terminal rdf:ID="11174">
<cim:Terminal.ConductingEquipment rdf:resource="#31100000_88995"/>
<cim:Terminal.ConnectivityNode rdf:resource="#9288674231452914"/>
</cim:Terminal>
<cim:Terminal rdf:ID="583520">
<cim:Terminal.ConductingEquipment rdf:resource="#31100000_1521850924"/>
<cim:Terminal.ConnectivityNode rdf:resource="#9288674246613514"/>
</cim:Terminal>
<cim:Terminal rdf:ID="10200001_12276687_1">
<cim:Terminal.ConductingEquipment rdf:resource="#10200001_12276687"/>
<cim:Terminal.ConnectivityNode rdf:resource="#9288674231839754"/>
</cim:Terminal>
<cim:Terminal rdf:ID="10200001_12276703_1">
<cim:Terminal.ConductingEquipment rdf:resource="#10200001_12276703"/>
<cim:Terminal.ConnectivityNode rdf:resource="#9288674231839753"/>
</cim:Terminal>
<cim:Terminal rdf:ID="10200001_6342675_1">
<cim:Terminal.ConductingEquipment rdf:resource="#10200001_6342675"/>
<cim:Terminal.ConnectivityNode rdf:resource="#9288674231788387"/>
</cim:Terminal>
<cim:Terminal rdf:ID="10200001_10585174_1">
<cim:Terminal.ConductingEquipment rdf:resource="#10200001_10585174"/>
<cim:Terminal.ConnectivityNode rdf:resource="#0"/>
</cim:Terminal>
<cim:Terminal rdf:ID="11700000_1551214449_1">
<cim:Terminal.ConductingEquipment rdf:resource="#11700000_1551214449"/>
<cim:Terminal.ConnectivityNode rdf:resource="#9288674254002196"/>
</cim:Terminal>
<cim:Terminal rdf:ID="10200001_1514837173_1">
<cim:Terminal.ConductingEquipment rdf:resource="#10200001_1514837173"/>
<cim:Terminal.ConnectivityNode rdf:resource="#0"/>
</cim:Terminal>
<cim:Terminal rdf:ID="10200001_1514837172_1">
<cim:Terminal.ConductingEquipment rdf:resource="#10200001_1514837172"/>
<cim:Terminal.ConnectivityNode rdf:resource="#0"/>
</cim:Terminal>
<cim:Terminal rdf:ID="10200001_12276702_1">
<cim:Terminal.ConductingEquipment rdf:resource="#10200001_12276702"/>
<cim:Terminal.ConnectivityNode rdf:resource="#9288674254002208"/>
</cim:Terminal>
</rdf:RDF>
