<?xml version="1.0" encoding="UTF-8"?>

<rdf:RDF xmlns:rdf="http://www.w3.org/1999/02/22-rdf-syntax-ns#" xmlns:cim="http://www.sgcc.com.cn/SG-CIM/2010MAY#" xmlns:iescim="http://www.ieslab.com.cn">

<cim:BaseVoltage rdf:ID="BaseVoltage_5">
<cim:IdentifiedObject.name>10kV</cim:IdentifiedObject.name>
<cim:BaseVoltage.isDC>false</cim:BaseVoltage.isDC>
<cim:BaseVoltage.nominalVoltage>10.00</cim:BaseVoltage.nominalVoltage>
<iescim:PowerSystemResource.DeviceID>5</iescim:PowerSystemResource.DeviceID>
</cim:BaseVoltage>
<cim:SubGeographicalRegion rdf:ID="8a0f688f46db11f00146db1363fa0ee0">
<cim:IdentifiedObject.name>城区供电服务中心</cim:IdentifiedObject.name>
<cim:SubGeographicalRegion.Region rdf:resource="#_"/>
</cim:SubGeographicalRegion>
<cim:Circuit rdf:ID="10000100_8990">
<cim:IdentifiedObject.name>红树林Ⅱ线917线路</cim:IdentifiedObject.name>
<cim:Circuit.BelongtoHVSubstation rdf:resource="#30000000_74947"/>
<cim:PowerSystemResource.SubGeographicalRegion rdf:resource="#8a0f688f46db11f00146db1363fa0ee0"/>
<cim:iscurrentfeeder>1</cim:iscurrentfeeder>
</cim:Circuit>
<cim:Circuit rdf:ID="10000100_11113">
<cim:IdentifiedObject.name>铁五施工线914线路</cim:IdentifiedObject.name>
<cim:Circuit.BelongtoHVSubstation rdf:resource="#30000000_74172"/>
<cim:PowerSystemResource.SubGeographicalRegion rdf:resource="#8a0f688f46db11f00146db1363fa0ee0"/>
<cim:iscurrentfeeder>1</cim:iscurrentfeeder>
</cim:Circuit>
<cim:Circuit rdf:ID="10000100_16867">
<cim:IdentifiedObject.name>美福甲线947线路</cim:IdentifiedObject.name>
<cim:Circuit.BelongtoHVSubstation rdf:resource="#30000000_74947"/>
<cim:PowerSystemResource.SubGeographicalRegion rdf:resource="#8a0f688f46db11f00146db1363fa0ee0"/>
<cim:iscurrentfeeder>1</cim:iscurrentfeeder>
</cim:Circuit>
<cim:Circuit rdf:ID="10000100_16295">
<cim:IdentifiedObject.name>金港乙线928线路</cim:IdentifiedObject.name>
<cim:Circuit.BelongtoHVSubstation rdf:resource="#30000000_74632"/>
<cim:PowerSystemResource.SubGeographicalRegion rdf:resource="#8a0f688f46db11f00146db1363fa0ee0"/>
<cim:iscurrentfeeder>1</cim:iscurrentfeeder>
</cim:Circuit>
<cim:Circuit rdf:ID="10000100_35133">
<cim:IdentifiedObject.name>10kV新源甲线933线路</cim:IdentifiedObject.name>
<cim:Circuit.BelongtoHVSubstation rdf:resource="#30000000_3409392"/>
<cim:PowerSystemResource.SubGeographicalRegion rdf:resource="#8a0f688f46db11f00146db1363fa0ee0"/>
<cim:iscurrentfeeder>1</cim:iscurrentfeeder>
</cim:Circuit>
<cim:Circuit rdf:ID="10000100_35188">
<cim:IdentifiedObject.name>10kV厅科线931线路</cim:IdentifiedObject.name>
<cim:Circuit.BelongtoHVSubstation rdf:resource="#30000000_3409392"/>
<cim:PowerSystemResource.SubGeographicalRegion rdf:resource="#8a0f688f46db11f00146db1363fa0ee0"/>
<cim:iscurrentfeeder>1</cim:iscurrentfeeder>
</cim:Circuit>
<cim:Circuit rdf:ID="10000100_40369">
<cim:IdentifiedObject.name>备用十四967线路</cim:IdentifiedObject.name>
<cim:Circuit.BelongtoHVSubstation rdf:resource="#30000000_73908"/>
<cim:PowerSystemResource.SubGeographicalRegion rdf:resource="#8a0f688f46db11f00146db1363fa0ee0"/>
<cim:iscurrentfeeder>1</cim:iscurrentfeeder>
</cim:Circuit>
<cim:Circuit rdf:ID="10000100_47149">
<cim:IdentifiedObject.name>10kV汽车城丙线923线路</cim:IdentifiedObject.name>
<cim:Circuit.BelongtoHVSubstation rdf:resource="#30000000_3409392"/>
<cim:PowerSystemResource.SubGeographicalRegion rdf:resource="#8a0f688f46db11f00146db1363fa0ee0"/>
<cim:iscurrentfeeder>1</cim:iscurrentfeeder>
</cim:Circuit>
<cim:Circuit rdf:ID="10000100_52280">
<cim:IdentifiedObject.name>10kV厅德线936线路</cim:IdentifiedObject.name>
<cim:Circuit.BelongtoHVSubstation rdf:resource="#30000000_3409392"/>
<cim:PowerSystemResource.SubGeographicalRegion rdf:resource="#8a0f688f46db11f00146db1363fa0ee0"/>
<cim:iscurrentfeeder>1</cim:iscurrentfeeder>
</cim:Circuit>
<cim:Circuit rdf:ID="10000100_59893">
<cim:IdentifiedObject.name>10kV金涵Ⅱ线939线路</cim:IdentifiedObject.name>
<cim:Circuit.BelongtoHVSubstation rdf:resource="#30000000_73908"/>
<cim:PowerSystemResource.SubGeographicalRegion rdf:resource="#8a0f688f46db11f00146db1363fa0ee0"/>
<cim:iscurrentfeeder>1</cim:iscurrentfeeder>
</cim:Circuit>
<cim:Circuit rdf:ID="10000100_61233">
<cim:IdentifiedObject.name>坪山线929线路</cim:IdentifiedObject.name>
<cim:Circuit.BelongtoHVSubstation rdf:resource="#30000000_3273049"/>
<cim:PowerSystemResource.SubGeographicalRegion rdf:resource="#8a0f688f46db11f00146db1363fa0ee0"/>
<cim:iscurrentfeeder>1</cim:iscurrentfeeder>
</cim:Circuit>
<cim:Circuit rdf:ID="10000100_62081">
<cim:IdentifiedObject.name>10kV大万甲线918线路</cim:IdentifiedObject.name>
<cim:Circuit.BelongtoHVSubstation rdf:resource="#30000000_3409392"/>
<cim:PowerSystemResource.SubGeographicalRegion rdf:resource="#8a0f688f46db11f00146db1363fa0ee0"/>
<cim:iscurrentfeeder>1</cim:iscurrentfeeder>
</cim:Circuit>
<cim:Circuit rdf:ID="10000100_62082">
<cim:IdentifiedObject.name>10kV大万乙线925线路</cim:IdentifiedObject.name>
<cim:Circuit.BelongtoHVSubstation rdf:resource="#30000000_3409392"/>
<cim:PowerSystemResource.SubGeographicalRegion rdf:resource="#8a0f688f46db11f00146db1363fa0ee0"/>
<cim:iscurrentfeeder>1</cim:iscurrentfeeder>
</cim:Circuit>
<cim:Substation rdf:ID="30000000_74947">
<cim:IdentifiedObject.name>碧山变电站</cim:IdentifiedObject.name>
<iescim:PowerSystemResource.DeviceType>13</iescim:PowerSystemResource.DeviceType>
<iescim:PowerSystemResource.SubType>1</iescim:PowerSystemResource.SubType>
<cim:PowerSystemResource.PSRType rdf:resource="#30000000"/>
<iescim:PowerSystemResource.DeviceID>3659174697238566</iescim:PowerSystemResource.DeviceID>
<cim:PowerSystemResource.SubGeographicalRegion rdf:resource="#8a0f688f46db11f00146db1363fa0ee0"/>
</cim:Substation>
<cim:Substation rdf:ID="30000000_74632">
<cim:IdentifiedObject.name>东侨变电站</cim:IdentifiedObject.name>
<iescim:PowerSystemResource.DeviceType>13</iescim:PowerSystemResource.DeviceType>
<iescim:PowerSystemResource.SubType>1</iescim:PowerSystemResource.SubType>
<cim:PowerSystemResource.PSRType rdf:resource="#30000000"/>
<iescim:PowerSystemResource.DeviceID>3659174697238580</iescim:PowerSystemResource.DeviceID>
<cim:PowerSystemResource.SubGeographicalRegion rdf:resource="#8a0f688f46db11f00146db1363fa0ee0"/>
</cim:Substation>
<cim:Substation rdf:ID="30000000_74172">
<cim:IdentifiedObject.name>增坂变电站</cim:IdentifiedObject.name>
<iescim:PowerSystemResource.DeviceType>13</iescim:PowerSystemResource.DeviceType>
<iescim:PowerSystemResource.SubType>1</iescim:PowerSystemResource.SubType>
<cim:PowerSystemResource.PSRType rdf:resource="#30000000"/>
<iescim:PowerSystemResource.DeviceID>3659174697240991</iescim:PowerSystemResource.DeviceID>
<cim:PowerSystemResource.SubGeographicalRegion rdf:resource="#8a0f688f46db11f00146db1363fa0ee0"/>
</cim:Substation>
<cim:Substation rdf:ID="30000000_73908">
<cim:IdentifiedObject.name>新厝变电站</cim:IdentifiedObject.name>
<iescim:PowerSystemResource.DeviceType>13</iescim:PowerSystemResource.DeviceType>
<iescim:PowerSystemResource.SubType>1</iescim:PowerSystemResource.SubType>
<cim:PowerSystemResource.PSRType rdf:resource="#30000000"/>
<iescim:PowerSystemResource.DeviceID>3659174697241077</iescim:PowerSystemResource.DeviceID>
<cim:PowerSystemResource.SubGeographicalRegion rdf:resource="#8a0f688f46db11f00146db1363fa0ee0"/>
</cim:Substation>
<cim:Substation rdf:ID="30000000_3273049">
<cim:IdentifiedObject.name>岙村变电站</cim:IdentifiedObject.name>
<iescim:PowerSystemResource.DeviceType>13</iescim:PowerSystemResource.DeviceType>
<iescim:PowerSystemResource.SubType>1</iescim:PowerSystemResource.SubType>
<cim:PowerSystemResource.PSRType rdf:resource="#30000000"/>
<iescim:PowerSystemResource.DeviceID>3659174697298987</iescim:PowerSystemResource.DeviceID>
<cim:PowerSystemResource.SubGeographicalRegion rdf:resource="#8a0f688f46db11f00146db1363fa0ee0"/>
</cim:Substation>
<cim:Substation rdf:ID="30000000_3409392">
<cim:IdentifiedObject.name>大厅变电站</cim:IdentifiedObject.name>
<iescim:PowerSystemResource.DeviceType>13</iescim:PowerSystemResource.DeviceType>
<iescim:PowerSystemResource.SubType>1</iescim:PowerSystemResource.SubType>
<cim:PowerSystemResource.PSRType rdf:resource="#30000000"/>
<iescim:PowerSystemResource.DeviceID>3659174697300446</iescim:PowerSystemResource.DeviceID>
<cim:PowerSystemResource.SubGeographicalRegion rdf:resource="#8a0f688f46db11f00146db1363fa0ee0"/>
</cim:Substation>
<cim:Breaker rdf:ID="30500000_100987">
<cim:IdentifiedObject.name>碧山变电站.10kV.红树林Ⅱ线间隔.917开关</cim:IdentifiedObject.name>
<cim:IdentifiedObject.bianhao>_</cim:IdentifiedObject.bianhao>
<cim:Equipment.EquipmentContainer rdf:resource="#30000000_74947"/>
<cim:PowerSystemResource.Circuit rdf:resource="#10000100_8990" />
<cim:ConductingEquipment.BaseVoltage rdf:resource="#BaseVoltage_5"/>
<iescim:PowerSystemResource.SubType>1</iescim:PowerSystemResource.SubType>
<iescim:PowerSystemResource.DeviceID>4503599627373787</iescim:PowerSystemResource.DeviceID>
<iescim:PowerSystemResource.DeviceType>16</iescim:PowerSystemResource.DeviceType>
<iescim:PowerSystemResource.Cxmc></iescim:PowerSystemResource.Cxmc>
</cim:Breaker>
<cim:Breaker rdf:ID="30500000_116598">
<cim:IdentifiedObject.name>增坂变电站.10kV.铁五施工线间隔.914开关</cim:IdentifiedObject.name>
<cim:IdentifiedObject.bianhao>_</cim:IdentifiedObject.bianhao>
<cim:Equipment.EquipmentContainer rdf:resource="#30000000_74172"/>
<cim:PowerSystemResource.Circuit rdf:resource="#10000100_11113" />
<cim:ConductingEquipment.BaseVoltage rdf:resource="#BaseVoltage_5"/>
<iescim:PowerSystemResource.SubType>1</iescim:PowerSystemResource.SubType>
<iescim:PowerSystemResource.DeviceID>4503599627382751</iescim:PowerSystemResource.DeviceID>
<iescim:PowerSystemResource.DeviceType>16</iescim:PowerSystemResource.DeviceType>
<iescim:PowerSystemResource.Cxmc></iescim:PowerSystemResource.Cxmc>
</cim:Breaker>
<cim:Breaker rdf:ID="30500000_1332736">
<cim:IdentifiedObject.name>东侨变电站.10kV.金港乙线间隔.928开关</cim:IdentifiedObject.name>
<cim:IdentifiedObject.bianhao>_</cim:IdentifiedObject.bianhao>
<cim:Equipment.EquipmentContainer rdf:resource="#30000000_74632"/>
<cim:PowerSystemResource.Circuit rdf:resource="#10000100_16295" />
<cim:ConductingEquipment.BaseVoltage rdf:resource="#BaseVoltage_5"/>
<iescim:PowerSystemResource.SubType>1</iescim:PowerSystemResource.SubType>
<iescim:PowerSystemResource.DeviceID>4503599627394214</iescim:PowerSystemResource.DeviceID>
<iescim:PowerSystemResource.DeviceType>16</iescim:PowerSystemResource.DeviceType>
<iescim:PowerSystemResource.Cxmc></iescim:PowerSystemResource.Cxmc>
</cim:Breaker>
<cim:Breaker rdf:ID="30500000_836130">
<cim:IdentifiedObject.name>碧山变电站.10kV.美福甲线间隔.947开关</cim:IdentifiedObject.name>
<cim:IdentifiedObject.bianhao>_</cim:IdentifiedObject.bianhao>
<cim:Equipment.EquipmentContainer rdf:resource="#30000000_74947"/>
<cim:PowerSystemResource.Circuit rdf:resource="#10000100_16867" />
<cim:ConductingEquipment.BaseVoltage rdf:resource="#BaseVoltage_5"/>
<iescim:PowerSystemResource.SubType>1</iescim:PowerSystemResource.SubType>
<iescim:PowerSystemResource.DeviceID>4503599627395485</iescim:PowerSystemResource.DeviceID>
<iescim:PowerSystemResource.DeviceType>16</iescim:PowerSystemResource.DeviceType>
<iescim:PowerSystemResource.Cxmc></iescim:PowerSystemResource.Cxmc>
</cim:Breaker>
<cim:Breaker rdf:ID="30500000_2003390">
<cim:IdentifiedObject.name>岙村变电站.10kV.坪山线间隔.929开关</cim:IdentifiedObject.name>
<cim:IdentifiedObject.bianhao>_</cim:IdentifiedObject.bianhao>
<cim:Equipment.EquipmentContainer rdf:resource="#30000000_3273049"/>
<cim:PowerSystemResource.Circuit rdf:resource="#10000100_61233" />
<cim:ConductingEquipment.BaseVoltage rdf:resource="#BaseVoltage_5"/>
<iescim:PowerSystemResource.SubType>1</iescim:PowerSystemResource.SubType>
<iescim:PowerSystemResource.DeviceID>4503599627417133</iescim:PowerSystemResource.DeviceID>
<iescim:PowerSystemResource.DeviceType>16</iescim:PowerSystemResource.DeviceType>
<iescim:PowerSystemResource.Cxmc></iescim:PowerSystemResource.Cxmc>
</cim:Breaker>
<cim:Breaker rdf:ID="30500000_2003079">
<cim:IdentifiedObject.name>大厅变电站.10kV.大万甲线间隔.918开关</cim:IdentifiedObject.name>
<cim:IdentifiedObject.bianhao>_</cim:IdentifiedObject.bianhao>
<cim:Equipment.EquipmentContainer rdf:resource="#30000000_3409392"/>
<cim:PowerSystemResource.Circuit rdf:resource="#10000100_62081" />
<cim:ConductingEquipment.BaseVoltage rdf:resource="#BaseVoltage_5"/>
<iescim:PowerSystemResource.SubType>1</iescim:PowerSystemResource.SubType>
<iescim:PowerSystemResource.DeviceID>4503599627417263</iescim:PowerSystemResource.DeviceID>
<iescim:PowerSystemResource.DeviceType>16</iescim:PowerSystemResource.DeviceType>
<iescim:PowerSystemResource.Cxmc></iescim:PowerSystemResource.Cxmc>
</cim:Breaker>
<cim:Breaker rdf:ID="30500000_2003092">
<cim:IdentifiedObject.name>大厅变电站.10kV.汽车城丙线间隔.923开关</cim:IdentifiedObject.name>
<cim:IdentifiedObject.bianhao>_</cim:IdentifiedObject.bianhao>
<cim:Equipment.EquipmentContainer rdf:resource="#30000000_3409392"/>
<cim:PowerSystemResource.Circuit rdf:resource="#10000100_47149" />
<cim:ConductingEquipment.BaseVoltage rdf:resource="#BaseVoltage_5"/>
<iescim:PowerSystemResource.SubType>1</iescim:PowerSystemResource.SubType>
<iescim:PowerSystemResource.DeviceID>4503599627417272</iescim:PowerSystemResource.DeviceID>
<iescim:PowerSystemResource.DeviceType>16</iescim:PowerSystemResource.DeviceType>
<iescim:PowerSystemResource.Cxmc></iescim:PowerSystemResource.Cxmc>
</cim:Breaker>
<cim:Breaker rdf:ID="30500000_2003102">
<cim:IdentifiedObject.name>大厅变电站.10kV.大万乙线间隔.925开关</cim:IdentifiedObject.name>
<cim:IdentifiedObject.bianhao>_</cim:IdentifiedObject.bianhao>
<cim:Equipment.EquipmentContainer rdf:resource="#30000000_3409392"/>
<cim:PowerSystemResource.Circuit rdf:resource="#10000100_62082" />
<cim:ConductingEquipment.BaseVoltage rdf:resource="#BaseVoltage_5"/>
<iescim:PowerSystemResource.SubType>1</iescim:PowerSystemResource.SubType>
<iescim:PowerSystemResource.DeviceID>4503599627417274</iescim:PowerSystemResource.DeviceID>
<iescim:PowerSystemResource.DeviceType>16</iescim:PowerSystemResource.DeviceType>
<iescim:PowerSystemResource.Cxmc></iescim:PowerSystemResource.Cxmc>
</cim:Breaker>
<cim:Breaker rdf:ID="30500000_2003109">
<cim:IdentifiedObject.name>大厅变电站.10kV.厅科线间隔.931开关</cim:IdentifiedObject.name>
<cim:IdentifiedObject.bianhao>_</cim:IdentifiedObject.bianhao>
<cim:Equipment.EquipmentContainer rdf:resource="#30000000_3409392"/>
<cim:PowerSystemResource.Circuit rdf:resource="#10000100_35188" />
<cim:ConductingEquipment.BaseVoltage rdf:resource="#BaseVoltage_5"/>
<iescim:PowerSystemResource.SubType>1</iescim:PowerSystemResource.SubType>
<iescim:PowerSystemResource.DeviceID>4503599627421140</iescim:PowerSystemResource.DeviceID>
<iescim:PowerSystemResource.DeviceType>16</iescim:PowerSystemResource.DeviceType>
<iescim:PowerSystemResource.Cxmc></iescim:PowerSystemResource.Cxmc>
</cim:Breaker>
<cim:Breaker rdf:ID="30500000_2003111">
<cim:IdentifiedObject.name>大厅变电站.10kV.幸福佳园线间隔.933开关</cim:IdentifiedObject.name>
<cim:IdentifiedObject.bianhao>_</cim:IdentifiedObject.bianhao>
<cim:Equipment.EquipmentContainer rdf:resource="#30000000_3409392"/>
<cim:PowerSystemResource.Circuit rdf:resource="#10000100_35133" />
<cim:ConductingEquipment.BaseVoltage rdf:resource="#BaseVoltage_5"/>
<iescim:PowerSystemResource.SubType>1</iescim:PowerSystemResource.SubType>
<iescim:PowerSystemResource.DeviceID>4503599627452209</iescim:PowerSystemResource.DeviceID>
<iescim:PowerSystemResource.DeviceType>16</iescim:PowerSystemResource.DeviceType>
<iescim:PowerSystemResource.Cxmc></iescim:PowerSystemResource.Cxmc>
</cim:Breaker>
<cim:Breaker rdf:ID="30500000_2003114">
<cim:IdentifiedObject.name>大厅变电站.10kV.厅德线间隔.936开关</cim:IdentifiedObject.name>
<cim:IdentifiedObject.bianhao>_</cim:IdentifiedObject.bianhao>
<cim:Equipment.EquipmentContainer rdf:resource="#30000000_3409392"/>
<cim:PowerSystemResource.Circuit rdf:resource="#10000100_52280" />
<cim:ConductingEquipment.BaseVoltage rdf:resource="#BaseVoltage_5"/>
<iescim:PowerSystemResource.SubType>1</iescim:PowerSystemResource.SubType>
<iescim:PowerSystemResource.DeviceID>4503599627452211</iescim:PowerSystemResource.DeviceID>
<iescim:PowerSystemResource.DeviceType>16</iescim:PowerSystemResource.DeviceType>
<iescim:PowerSystemResource.Cxmc></iescim:PowerSystemResource.Cxmc>
</cim:Breaker>
<cim:Breaker rdf:ID="30500000_2036361">
<cim:IdentifiedObject.name>新厝变电站.10kV.金涵Ⅱ线间隔.939开关</cim:IdentifiedObject.name>
<cim:IdentifiedObject.bianhao>_</cim:IdentifiedObject.bianhao>
<cim:Equipment.EquipmentContainer rdf:resource="#30000000_73908"/>
<cim:PowerSystemResource.Circuit rdf:resource="#10000100_59893" />
<cim:ConductingEquipment.BaseVoltage rdf:resource="#BaseVoltage_5"/>
<iescim:PowerSystemResource.SubType>1</iescim:PowerSystemResource.SubType>
<iescim:PowerSystemResource.DeviceID>4503599627453239</iescim:PowerSystemResource.DeviceID>
<iescim:PowerSystemResource.DeviceType>16</iescim:PowerSystemResource.DeviceType>
<iescim:PowerSystemResource.Cxmc></iescim:PowerSystemResource.Cxmc>
</cim:Breaker>
<cim:Breaker rdf:ID="30500000_117313">
<cim:IdentifiedObject.name>#1接地变10kV侧967开关</cim:IdentifiedObject.name>
<cim:IdentifiedObject.bianhao>967</cim:IdentifiedObject.bianhao>
<cim:Equipment.EquipmentContainer rdf:resource="#30000000_73908"/>
<cim:PowerSystemResource.Circuit rdf:resource="#10000100_40369" />
<cim:ConductingEquipment.BaseVoltage rdf:resource="#BaseVoltage_5"/>
<iescim:PowerSystemResource.SubType>5</iescim:PowerSystemResource.SubType>
<iescim:PowerSystemResource.DeviceID>4503599627467349</iescim:PowerSystemResource.DeviceID>
<iescim:PowerSystemResource.DeviceType>16</iescim:PowerSystemResource.DeviceType>
<iescim:PowerSystemResource.Cxmc></iescim:PowerSystemResource.Cxmc>
</cim:Breaker>
<cim:Disconnector rdf:ID="30600001_168389">
<cim:IdentifiedObject.name>碧山变电站.10kV.红树林Ⅱ线间隔.9176接地刀闸</cim:IdentifiedObject.name>
<cim:IdentifiedObject.bianhao>_</cim:IdentifiedObject.bianhao>
<cim:Equipment.EquipmentContainer rdf:resource="#30000000_74947"/>
<cim:PowerSystemResource.Circuit rdf:resource="#10000100_8990" />
<cim:ConductingEquipment.BaseVoltage rdf:resource="#BaseVoltage_5"/>
<iescim:PowerSystemResource.SubType>9</iescim:PowerSystemResource.SubType>
<iescim:PowerSystemResource.DeviceID>4785074604084147</iescim:PowerSystemResource.DeviceID>
<iescim:PowerSystemResource.DeviceType>17</iescim:PowerSystemResource.DeviceType>
<iescim:PowerSystemResource.Cxmc></iescim:PowerSystemResource.Cxmc>
</cim:Disconnector>
<cim:Disconnector rdf:ID="30600001_189809">
<cim:IdentifiedObject.name>增坂变电站.10kV.铁五施工线间隔.9146接地刀闸</cim:IdentifiedObject.name>
<cim:IdentifiedObject.bianhao>_</cim:IdentifiedObject.bianhao>
<cim:Equipment.EquipmentContainer rdf:resource="#30000000_74172"/>
<cim:PowerSystemResource.Circuit rdf:resource="#10000100_11113" />
<cim:ConductingEquipment.BaseVoltage rdf:resource="#BaseVoltage_5"/>
<iescim:PowerSystemResource.SubType>9</iescim:PowerSystemResource.SubType>
<iescim:PowerSystemResource.DeviceID>4785074604100409</iescim:PowerSystemResource.DeviceID>
<iescim:PowerSystemResource.DeviceType>17</iescim:PowerSystemResource.DeviceType>
<iescim:PowerSystemResource.Cxmc></iescim:PowerSystemResource.Cxmc>
</cim:Disconnector>
<cim:Disconnector rdf:ID="30600001_860201">
<cim:IdentifiedObject.name>碧山变电站.10kV.美福甲线间隔.9476接地刀闸</cim:IdentifiedObject.name>
<cim:IdentifiedObject.bianhao>_</cim:IdentifiedObject.bianhao>
<cim:Equipment.EquipmentContainer rdf:resource="#30000000_74947"/>
<cim:PowerSystemResource.Circuit rdf:resource="#10000100_16867" />
<cim:ConductingEquipment.BaseVoltage rdf:resource="#BaseVoltage_5"/>
<iescim:PowerSystemResource.SubType>9</iescim:PowerSystemResource.SubType>
<iescim:PowerSystemResource.DeviceID>4785074604152575</iescim:PowerSystemResource.DeviceID>
<iescim:PowerSystemResource.DeviceType>17</iescim:PowerSystemResource.DeviceType>
<iescim:PowerSystemResource.Cxmc></iescim:PowerSystemResource.Cxmc>
</cim:Disconnector>
<cim:Disconnector rdf:ID="283364">
<cim:IdentifiedObject.name>碧山变电站.10kV.红树林Ⅱ线间隔.917手车刀闸</cim:IdentifiedObject.name>
<cim:IdentifiedObject.bianhao>_</cim:IdentifiedObject.bianhao>
<cim:Equipment.EquipmentContainer rdf:resource="#30000000_74947"/>
<cim:PowerSystemResource.Circuit rdf:resource="#10000100_8990" />
<cim:ConductingEquipment.BaseVoltage rdf:resource="#BaseVoltage_5"/>
<iescim:PowerSystemResource.SubType>5</iescim:PowerSystemResource.SubType>
<iescim:PowerSystemResource.DeviceID>4785074604184440</iescim:PowerSystemResource.DeviceID>
<iescim:PowerSystemResource.DeviceType>17</iescim:PowerSystemResource.DeviceType>
<iescim:PowerSystemResource.Cxmc></iescim:PowerSystemResource.Cxmc>
</cim:Disconnector>
<cim:Disconnector rdf:ID="1562068">
<cim:IdentifiedObject.name>新厝变电站.10kV.#1接地变间隔.967手车刀闸</cim:IdentifiedObject.name>
<cim:IdentifiedObject.bianhao>_</cim:IdentifiedObject.bianhao>
<cim:Equipment.EquipmentContainer rdf:resource="#30000000_73908"/>
<cim:PowerSystemResource.Circuit rdf:resource="#10000100_40369" />
<cim:ConductingEquipment.BaseVoltage rdf:resource="#BaseVoltage_5"/>
<iescim:PowerSystemResource.SubType>5</iescim:PowerSystemResource.SubType>
<iescim:PowerSystemResource.DeviceID>4785074604188611</iescim:PowerSystemResource.DeviceID>
<iescim:PowerSystemResource.DeviceType>17</iescim:PowerSystemResource.DeviceType>
<iescim:PowerSystemResource.Cxmc></iescim:PowerSystemResource.Cxmc>
</cim:Disconnector>
<cim:Disconnector rdf:ID="1722771">
<cim:IdentifiedObject.name>增坂变电站.10kV.铁五施工线间隔.914刀闸</cim:IdentifiedObject.name>
<cim:IdentifiedObject.bianhao>_</cim:IdentifiedObject.bianhao>
<cim:Equipment.EquipmentContainer rdf:resource="#30000000_74172"/>
<cim:PowerSystemResource.Circuit rdf:resource="#10000100_11113" />
<cim:ConductingEquipment.BaseVoltage rdf:resource="#BaseVoltage_5"/>
<iescim:PowerSystemResource.SubType>5</iescim:PowerSystemResource.SubType>
<iescim:PowerSystemResource.DeviceID>4785074604188991</iescim:PowerSystemResource.DeviceID>
<iescim:PowerSystemResource.DeviceType>17</iescim:PowerSystemResource.DeviceType>
<iescim:PowerSystemResource.Cxmc></iescim:PowerSystemResource.Cxmc>
</cim:Disconnector>
<cim:Disconnector rdf:ID="2174027">
<cim:IdentifiedObject.name>碧山变电站.10kV.美福甲线间隔.947手车刀闸</cim:IdentifiedObject.name>
<cim:IdentifiedObject.bianhao>_</cim:IdentifiedObject.bianhao>
<cim:Equipment.EquipmentContainer rdf:resource="#30000000_74947"/>
<cim:PowerSystemResource.Circuit rdf:resource="#10000100_16867" />
<cim:ConductingEquipment.BaseVoltage rdf:resource="#BaseVoltage_5"/>
<iescim:PowerSystemResource.SubType>5</iescim:PowerSystemResource.SubType>
<iescim:PowerSystemResource.DeviceID>4785074604189880</iescim:PowerSystemResource.DeviceID>
<iescim:PowerSystemResource.DeviceType>17</iescim:PowerSystemResource.DeviceType>
<iescim:PowerSystemResource.Cxmc></iescim:PowerSystemResource.Cxmc>
</cim:Disconnector>
<cim:Disconnector rdf:ID="2464176">
<cim:IdentifiedObject.name>东侨变电站.10kV.金港乙线间隔.928手车刀闸</cim:IdentifiedObject.name>
<cim:IdentifiedObject.bianhao>_</cim:IdentifiedObject.bianhao>
<cim:Equipment.EquipmentContainer rdf:resource="#30000000_74632"/>
<cim:PowerSystemResource.Circuit rdf:resource="#10000100_16295" />
<cim:ConductingEquipment.BaseVoltage rdf:resource="#BaseVoltage_5"/>
<iescim:PowerSystemResource.SubType>5</iescim:PowerSystemResource.SubType>
<iescim:PowerSystemResource.DeviceID>4785074604190642</iescim:PowerSystemResource.DeviceID>
<iescim:PowerSystemResource.DeviceType>17</iescim:PowerSystemResource.DeviceType>
<iescim:PowerSystemResource.Cxmc></iescim:PowerSystemResource.Cxmc>
</cim:Disconnector>
<cim:Disconnector rdf:ID="3356535">
<cim:IdentifiedObject.name>岙村变电站.10kV.坪山线间隔.929手车刀闸</cim:IdentifiedObject.name>
<cim:IdentifiedObject.bianhao>_</cim:IdentifiedObject.bianhao>
<cim:Equipment.EquipmentContainer rdf:resource="#30000000_3273049"/>
<cim:PowerSystemResource.Circuit rdf:resource="#10000100_61233" />
<cim:ConductingEquipment.BaseVoltage rdf:resource="#BaseVoltage_5"/>
<iescim:PowerSystemResource.SubType>5</iescim:PowerSystemResource.SubType>
<iescim:PowerSystemResource.DeviceID>4785074604192718</iescim:PowerSystemResource.DeviceID>
<iescim:PowerSystemResource.DeviceType>17</iescim:PowerSystemResource.DeviceType>
<iescim:PowerSystemResource.Cxmc></iescim:PowerSystemResource.Cxmc>
</cim:Disconnector>
<cim:Disconnector rdf:ID="3516198">
<cim:IdentifiedObject.name>大厅变电站.10kV.大万甲线间隔.918手车刀闸</cim:IdentifiedObject.name>
<cim:IdentifiedObject.bianhao>_</cim:IdentifiedObject.bianhao>
<cim:Equipment.EquipmentContainer rdf:resource="#30000000_3409392"/>
<cim:PowerSystemResource.Circuit rdf:resource="#10000100_62081" />
<cim:ConductingEquipment.BaseVoltage rdf:resource="#BaseVoltage_5"/>
<iescim:PowerSystemResource.SubType>5</iescim:PowerSystemResource.SubType>
<iescim:PowerSystemResource.DeviceID>4785074604192883</iescim:PowerSystemResource.DeviceID>
<iescim:PowerSystemResource.DeviceType>17</iescim:PowerSystemResource.DeviceType>
<iescim:PowerSystemResource.Cxmc></iescim:PowerSystemResource.Cxmc>
</cim:Disconnector>
<cim:Disconnector rdf:ID="3516568">
<cim:IdentifiedObject.name>大厅变电站.10kV.汽车城丙线间隔.923手车刀闸</cim:IdentifiedObject.name>
<cim:IdentifiedObject.bianhao>_</cim:IdentifiedObject.bianhao>
<cim:Equipment.EquipmentContainer rdf:resource="#30000000_3409392"/>
<cim:PowerSystemResource.Circuit rdf:resource="#10000100_47149" />
<cim:ConductingEquipment.BaseVoltage rdf:resource="#BaseVoltage_5"/>
<iescim:PowerSystemResource.SubType>5</iescim:PowerSystemResource.SubType>
<iescim:PowerSystemResource.DeviceID>4785074604192893</iescim:PowerSystemResource.DeviceID>
<iescim:PowerSystemResource.DeviceType>17</iescim:PowerSystemResource.DeviceType>
<iescim:PowerSystemResource.Cxmc></iescim:PowerSystemResource.Cxmc>
</cim:Disconnector>
<cim:Disconnector rdf:ID="3516620">
<cim:IdentifiedObject.name>大厅变电站.10kV.大万乙线间隔.925手车刀闸</cim:IdentifiedObject.name>
<cim:IdentifiedObject.bianhao>_</cim:IdentifiedObject.bianhao>
<cim:Equipment.EquipmentContainer rdf:resource="#30000000_3409392"/>
<cim:PowerSystemResource.Circuit rdf:resource="#10000100_62082" />
<cim:ConductingEquipment.BaseVoltage rdf:resource="#BaseVoltage_5"/>
<iescim:PowerSystemResource.SubType>5</iescim:PowerSystemResource.SubType>
<iescim:PowerSystemResource.DeviceID>4785074604192895</iescim:PowerSystemResource.DeviceID>
<iescim:PowerSystemResource.DeviceType>17</iescim:PowerSystemResource.DeviceType>
<iescim:PowerSystemResource.Cxmc></iescim:PowerSystemResource.Cxmc>
</cim:Disconnector>
<cim:Disconnector rdf:ID="30600001_2831581">
<cim:IdentifiedObject.name>岙村变电站.10kV.坪山线间隔.9296接地刀闸</cim:IdentifiedObject.name>
<cim:IdentifiedObject.bianhao>_</cim:IdentifiedObject.bianhao>
<cim:Equipment.EquipmentContainer rdf:resource="#30000000_3273049"/>
<cim:PowerSystemResource.Circuit rdf:resource="#10000100_61233" />
<cim:ConductingEquipment.BaseVoltage rdf:resource="#BaseVoltage_5"/>
<iescim:PowerSystemResource.SubType>9</iescim:PowerSystemResource.SubType>
<iescim:PowerSystemResource.DeviceID>4785074604200290</iescim:PowerSystemResource.DeviceID>
<iescim:PowerSystemResource.DeviceType>17</iescim:PowerSystemResource.DeviceType>
<iescim:PowerSystemResource.Cxmc></iescim:PowerSystemResource.Cxmc>
</cim:Disconnector>
<cim:Disconnector rdf:ID="30600001_2895779">
<cim:IdentifiedObject.name>大厅变电站.10kV.大万甲线间隔.9186接地刀闸</cim:IdentifiedObject.name>
<cim:IdentifiedObject.bianhao>_</cim:IdentifiedObject.bianhao>
<cim:Equipment.EquipmentContainer rdf:resource="#30000000_3409392"/>
<cim:PowerSystemResource.Circuit rdf:resource="#10000100_62081" />
<cim:ConductingEquipment.BaseVoltage rdf:resource="#BaseVoltage_5"/>
<iescim:PowerSystemResource.SubType>9</iescim:PowerSystemResource.SubType>
<iescim:PowerSystemResource.DeviceID>4785074604200444</iescim:PowerSystemResource.DeviceID>
<iescim:PowerSystemResource.DeviceType>17</iescim:PowerSystemResource.DeviceType>
<iescim:PowerSystemResource.Cxmc></iescim:PowerSystemResource.Cxmc>
</cim:Disconnector>
<cim:Disconnector rdf:ID="30600001_2895927">
<cim:IdentifiedObject.name>大厅变电站.10kV.汽车城丙线间隔.9236接地刀闸</cim:IdentifiedObject.name>
<cim:IdentifiedObject.bianhao>_</cim:IdentifiedObject.bianhao>
<cim:Equipment.EquipmentContainer rdf:resource="#30000000_3409392"/>
<cim:PowerSystemResource.Circuit rdf:resource="#10000100_47149" />
<cim:ConductingEquipment.BaseVoltage rdf:resource="#BaseVoltage_5"/>
<iescim:PowerSystemResource.SubType>9</iescim:PowerSystemResource.SubType>
<iescim:PowerSystemResource.DeviceID>4785074604200452</iescim:PowerSystemResource.DeviceID>
<iescim:PowerSystemResource.DeviceType>17</iescim:PowerSystemResource.DeviceType>
<iescim:PowerSystemResource.Cxmc></iescim:PowerSystemResource.Cxmc>
</cim:Disconnector>
<cim:Disconnector rdf:ID="30600001_2895930">
<cim:IdentifiedObject.name>大厅变电站.10kV.大万乙线间隔.9256接地刀闸</cim:IdentifiedObject.name>
<cim:IdentifiedObject.bianhao>_</cim:IdentifiedObject.bianhao>
<cim:Equipment.EquipmentContainer rdf:resource="#30000000_3409392"/>
<cim:PowerSystemResource.Circuit rdf:resource="#10000100_62082" />
<cim:ConductingEquipment.BaseVoltage rdf:resource="#BaseVoltage_5"/>
<iescim:PowerSystemResource.SubType>9</iescim:PowerSystemResource.SubType>
<iescim:PowerSystemResource.DeviceID>4785074604200454</iescim:PowerSystemResource.DeviceID>
<iescim:PowerSystemResource.DeviceType>17</iescim:PowerSystemResource.DeviceType>
<iescim:PowerSystemResource.Cxmc></iescim:PowerSystemResource.Cxmc>
</cim:Disconnector>
<cim:Disconnector rdf:ID="30600001_2896337">
<cim:IdentifiedObject.name>大厅变电站.10kV.厅科线间隔.9316接地刀闸</cim:IdentifiedObject.name>
<cim:IdentifiedObject.bianhao>_</cim:IdentifiedObject.bianhao>
<cim:Equipment.EquipmentContainer rdf:resource="#30000000_3409392"/>
<cim:PowerSystemResource.Circuit rdf:resource="#10000100_35188" />
<cim:ConductingEquipment.BaseVoltage rdf:resource="#BaseVoltage_5"/>
<iescim:PowerSystemResource.SubType>9</iescim:PowerSystemResource.SubType>
<iescim:PowerSystemResource.DeviceID>4785074604206583</iescim:PowerSystemResource.DeviceID>
<iescim:PowerSystemResource.DeviceType>17</iescim:PowerSystemResource.DeviceType>
<iescim:PowerSystemResource.Cxmc></iescim:PowerSystemResource.Cxmc>
</cim:Disconnector>
<cim:Disconnector rdf:ID="3516880">
<cim:IdentifiedObject.name>大厅变电站.10kV.幸福佳园线间隔.933手车刀闸</cim:IdentifiedObject.name>
<cim:IdentifiedObject.bianhao>_</cim:IdentifiedObject.bianhao>
<cim:Equipment.EquipmentContainer rdf:resource="#30000000_3409392"/>
<cim:PowerSystemResource.Circuit rdf:resource="#10000100_35133" />
<cim:ConductingEquipment.BaseVoltage rdf:resource="#BaseVoltage_5"/>
<iescim:PowerSystemResource.SubType>5</iescim:PowerSystemResource.SubType>
<iescim:PowerSystemResource.DeviceID>4785074604225304</iescim:PowerSystemResource.DeviceID>
<iescim:PowerSystemResource.DeviceType>17</iescim:PowerSystemResource.DeviceType>
<iescim:PowerSystemResource.Cxmc></iescim:PowerSystemResource.Cxmc>
</cim:Disconnector>
<cim:Disconnector rdf:ID="3516828">
<cim:IdentifiedObject.name>大厅变电站.10kV.厅德线间隔.936手车刀闸</cim:IdentifiedObject.name>
<cim:IdentifiedObject.bianhao>_</cim:IdentifiedObject.bianhao>
<cim:Equipment.EquipmentContainer rdf:resource="#30000000_3409392"/>
<cim:PowerSystemResource.Circuit rdf:resource="#10000100_52280" />
<cim:ConductingEquipment.BaseVoltage rdf:resource="#BaseVoltage_5"/>
<iescim:PowerSystemResource.SubType>5</iescim:PowerSystemResource.SubType>
<iescim:PowerSystemResource.DeviceID>4785074604225306</iescim:PowerSystemResource.DeviceID>
<iescim:PowerSystemResource.DeviceType>17</iescim:PowerSystemResource.DeviceType>
<iescim:PowerSystemResource.Cxmc></iescim:PowerSystemResource.Cxmc>
</cim:Disconnector>
<cim:Disconnector rdf:ID="3516754">
<cim:IdentifiedObject.name>大厅变电站.10kV.厅科线间隔.931手车刀闸</cim:IdentifiedObject.name>
<cim:IdentifiedObject.bianhao>_</cim:IdentifiedObject.bianhao>
<cim:Equipment.EquipmentContainer rdf:resource="#30000000_3409392"/>
<cim:PowerSystemResource.Circuit rdf:resource="#10000100_35188" />
<cim:ConductingEquipment.BaseVoltage rdf:resource="#BaseVoltage_5"/>
<iescim:PowerSystemResource.SubType>5</iescim:PowerSystemResource.SubType>
<iescim:PowerSystemResource.DeviceID>4785074604225307</iescim:PowerSystemResource.DeviceID>
<iescim:PowerSystemResource.DeviceType>17</iescim:PowerSystemResource.DeviceType>
<iescim:PowerSystemResource.Cxmc></iescim:PowerSystemResource.Cxmc>
</cim:Disconnector>
<cim:Disconnector rdf:ID="30600001_2896344">
<cim:IdentifiedObject.name>大厅变电站.10kV.幸福佳园线间隔.9336接地刀闸</cim:IdentifiedObject.name>
<cim:IdentifiedObject.bianhao>_</cim:IdentifiedObject.bianhao>
<cim:Equipment.EquipmentContainer rdf:resource="#30000000_3409392"/>
<cim:PowerSystemResource.Circuit rdf:resource="#10000100_35133" />
<cim:ConductingEquipment.BaseVoltage rdf:resource="#BaseVoltage_5"/>
<iescim:PowerSystemResource.SubType>9</iescim:PowerSystemResource.SubType>
<iescim:PowerSystemResource.DeviceID>4785074604226048</iescim:PowerSystemResource.DeviceID>
<iescim:PowerSystemResource.DeviceType>17</iescim:PowerSystemResource.DeviceType>
<iescim:PowerSystemResource.Cxmc></iescim:PowerSystemResource.Cxmc>
</cim:Disconnector>
<cim:Disconnector rdf:ID="30600001_2896358">
<cim:IdentifiedObject.name>大厅变电站.10kV.厅德线间隔.9366接地刀闸</cim:IdentifiedObject.name>
<cim:IdentifiedObject.bianhao>_</cim:IdentifiedObject.bianhao>
<cim:Equipment.EquipmentContainer rdf:resource="#30000000_3409392"/>
<cim:PowerSystemResource.Circuit rdf:resource="#10000100_52280" />
<cim:ConductingEquipment.BaseVoltage rdf:resource="#BaseVoltage_5"/>
<iescim:PowerSystemResource.SubType>9</iescim:PowerSystemResource.SubType>
<iescim:PowerSystemResource.DeviceID>4785074604226050</iescim:PowerSystemResource.DeviceID>
<iescim:PowerSystemResource.DeviceType>17</iescim:PowerSystemResource.DeviceType>
<iescim:PowerSystemResource.Cxmc></iescim:PowerSystemResource.Cxmc>
</cim:Disconnector>
<cim:Disconnector rdf:ID="3579797">
<cim:IdentifiedObject.name>新厝变电站.10kV.金涵Ⅱ线间隔.939手车刀闸</cim:IdentifiedObject.name>
<cim:IdentifiedObject.bianhao>_</cim:IdentifiedObject.bianhao>
<cim:Equipment.EquipmentContainer rdf:resource="#30000000_73908"/>
<cim:PowerSystemResource.Circuit rdf:resource="#10000100_59893" />
<cim:ConductingEquipment.BaseVoltage rdf:resource="#BaseVoltage_5"/>
<iescim:PowerSystemResource.SubType>5</iescim:PowerSystemResource.SubType>
<iescim:PowerSystemResource.DeviceID>4785074604226399</iescim:PowerSystemResource.DeviceID>
<iescim:PowerSystemResource.DeviceType>17</iescim:PowerSystemResource.DeviceType>
<iescim:PowerSystemResource.Cxmc></iescim:PowerSystemResource.Cxmc>
</cim:Disconnector>
<cim:Disconnector rdf:ID="30600001_3103600">
<cim:IdentifiedObject.name>新厝变电站.10kV.金涵Ⅱ线间隔.9396接地刀闸</cim:IdentifiedObject.name>
<cim:IdentifiedObject.bianhao>_</cim:IdentifiedObject.bianhao>
<cim:Equipment.EquipmentContainer rdf:resource="#30000000_73908"/>
<cim:PowerSystemResource.Circuit rdf:resource="#10000100_59893" />
<cim:ConductingEquipment.BaseVoltage rdf:resource="#BaseVoltage_5"/>
<iescim:PowerSystemResource.SubType>9</iescim:PowerSystemResource.SubType>
<iescim:PowerSystemResource.DeviceID>4785074604227202</iescim:PowerSystemResource.DeviceID>
<iescim:PowerSystemResource.DeviceType>17</iescim:PowerSystemResource.DeviceType>
<iescim:PowerSystemResource.Cxmc></iescim:PowerSystemResource.Cxmc>
</cim:Disconnector>
<cim:Disconnector rdf:ID="30600001_3220604">
<cim:IdentifiedObject.name>新厝变电站.10kV.#1接地变间隔.9676接地刀闸</cim:IdentifiedObject.name>
<cim:IdentifiedObject.bianhao>_</cim:IdentifiedObject.bianhao>
<cim:Equipment.EquipmentContainer rdf:resource="#30000000_73908"/>
<cim:PowerSystemResource.Circuit rdf:resource="#10000100_40369" />
<cim:ConductingEquipment.BaseVoltage rdf:resource="#BaseVoltage_5"/>
<iescim:PowerSystemResource.SubType>9</iescim:PowerSystemResource.SubType>
<iescim:PowerSystemResource.DeviceID>4785074604236212</iescim:PowerSystemResource.DeviceID>
<iescim:PowerSystemResource.DeviceType>17</iescim:PowerSystemResource.DeviceType>
<iescim:PowerSystemResource.Cxmc></iescim:PowerSystemResource.Cxmc>
</cim:Disconnector>
<cim:BusbarSection rdf:ID="31100000_89578">
<cim:IdentifiedObject.name>碧山变电站.10kV.Ⅰ段母线</cim:IdentifiedObject.name>
<cim:IdentifiedObject.bianhao></cim:IdentifiedObject.bianhao>
<cim:Equipment.EquipmentContainer rdf:resource="#30000000_74947"/>
<cim:PowerSystemResource.Circuit rdf:resource="#_" />
<cim:ConductingEquipment.BaseVoltage rdf:resource="#BaseVoltage_5"/>
<iescim:PowerSystemResource.SubType>0</iescim:PowerSystemResource.SubType>
<iescim:PowerSystemResource.DeviceID>5348024557502997</iescim:PowerSystemResource.DeviceID>
<iescim:PowerSystemResource.DeviceType>19</iescim:PowerSystemResource.DeviceType>
</cim:BusbarSection>
<cim:BusbarSection rdf:ID="31100000_88961">
<cim:IdentifiedObject.name>东侨变电站.10kV.Ⅱ段母线</cim:IdentifiedObject.name>
<cim:IdentifiedObject.bianhao></cim:IdentifiedObject.bianhao>
<cim:Equipment.EquipmentContainer rdf:resource="#30000000_74632"/>
<cim:PowerSystemResource.Circuit rdf:resource="#_" />
<cim:ConductingEquipment.BaseVoltage rdf:resource="#BaseVoltage_5"/>
<iescim:PowerSystemResource.SubType>0</iescim:PowerSystemResource.SubType>
<iescim:PowerSystemResource.DeviceID>5348024557505170</iescim:PowerSystemResource.DeviceID>
<iescim:PowerSystemResource.DeviceType>19</iescim:PowerSystemResource.DeviceType>
</cim:BusbarSection>
<cim:BusbarSection rdf:ID="31100000_89573">
<cim:IdentifiedObject.name>东侨变电站.10kV.Ⅰ段母线</cim:IdentifiedObject.name>
<cim:IdentifiedObject.bianhao></cim:IdentifiedObject.bianhao>
<cim:Equipment.EquipmentContainer rdf:resource="#30000000_74632"/>
<cim:PowerSystemResource.Circuit rdf:resource="#_" />
<cim:ConductingEquipment.BaseVoltage rdf:resource="#BaseVoltage_5"/>
<iescim:PowerSystemResource.SubType>0</iescim:PowerSystemResource.SubType>
<iescim:PowerSystemResource.DeviceID>5348024557505171</iescim:PowerSystemResource.DeviceID>
<iescim:PowerSystemResource.DeviceType>19</iescim:PowerSystemResource.DeviceType>
</cim:BusbarSection>
<cim:BusbarSection rdf:ID="31100000_90318">
<cim:IdentifiedObject.name>增坂变电站.10kV.Ⅰ段母线</cim:IdentifiedObject.name>
<cim:IdentifiedObject.bianhao></cim:IdentifiedObject.bianhao>
<cim:Equipment.EquipmentContainer rdf:resource="#30000000_74172"/>
<cim:PowerSystemResource.Circuit rdf:resource="#_" />
<cim:ConductingEquipment.BaseVoltage rdf:resource="#BaseVoltage_5"/>
<iescim:PowerSystemResource.SubType>0</iescim:PowerSystemResource.SubType>
<iescim:PowerSystemResource.DeviceID>5348024557506658</iescim:PowerSystemResource.DeviceID>
<iescim:PowerSystemResource.DeviceType>19</iescim:PowerSystemResource.DeviceType>
</cim:BusbarSection>
<cim:BusbarSection rdf:ID="31100000_193923">
<cim:IdentifiedObject.name>新厝变电站.10kV.Ⅱ段母线</cim:IdentifiedObject.name>
<cim:IdentifiedObject.bianhao></cim:IdentifiedObject.bianhao>
<cim:Equipment.EquipmentContainer rdf:resource="#30000000_73908"/>
<cim:PowerSystemResource.Circuit rdf:resource="#_" />
<cim:ConductingEquipment.BaseVoltage rdf:resource="#BaseVoltage_5"/>
<iescim:PowerSystemResource.SubType>0</iescim:PowerSystemResource.SubType>
<iescim:PowerSystemResource.DeviceID>5348024557506785</iescim:PowerSystemResource.DeviceID>
<iescim:PowerSystemResource.DeviceType>19</iescim:PowerSystemResource.DeviceType>
</cim:BusbarSection>
<cim:BusbarSection rdf:ID="31100000_193922">
<cim:IdentifiedObject.name>碧山变电站.10kV.Ⅳ段母线</cim:IdentifiedObject.name>
<cim:IdentifiedObject.bianhao></cim:IdentifiedObject.bianhao>
<cim:Equipment.EquipmentContainer rdf:resource="#30000000_74947"/>
<cim:PowerSystemResource.Circuit rdf:resource="#_" />
<cim:ConductingEquipment.BaseVoltage rdf:resource="#BaseVoltage_5"/>
<iescim:PowerSystemResource.SubType>0</iescim:PowerSystemResource.SubType>
<iescim:PowerSystemResource.DeviceID>5348024557507194</iescim:PowerSystemResource.DeviceID>
<iescim:PowerSystemResource.DeviceType>19</iescim:PowerSystemResource.DeviceType>
</cim:BusbarSection>
<cim:BusbarSection rdf:ID="31100000_89664">
<cim:IdentifiedObject.name>碧山变电站.10kV.Ⅱ段母线</cim:IdentifiedObject.name>
<cim:IdentifiedObject.bianhao></cim:IdentifiedObject.bianhao>
<cim:Equipment.EquipmentContainer rdf:resource="#30000000_74947"/>
<cim:PowerSystemResource.Circuit rdf:resource="#_" />
<cim:ConductingEquipment.BaseVoltage rdf:resource="#BaseVoltage_5"/>
<iescim:PowerSystemResource.SubType>0</iescim:PowerSystemResource.SubType>
<iescim:PowerSystemResource.DeviceID>5348024557507195</iescim:PowerSystemResource.DeviceID>
<iescim:PowerSystemResource.DeviceType>19</iescim:PowerSystemResource.DeviceType>
</cim:BusbarSection>
<cim:BusbarSection rdf:ID="31100000_818955">
<cim:IdentifiedObject.name>增坂变电站.10kV.Ⅱ段母线</cim:IdentifiedObject.name>
<cim:IdentifiedObject.bianhao></cim:IdentifiedObject.bianhao>
<cim:Equipment.EquipmentContainer rdf:resource="#30000000_74172"/>
<cim:PowerSystemResource.Circuit rdf:resource="#_" />
<cim:ConductingEquipment.BaseVoltage rdf:resource="#BaseVoltage_5"/>
<iescim:PowerSystemResource.SubType>0</iescim:PowerSystemResource.SubType>
<iescim:PowerSystemResource.DeviceID>5348024557511798</iescim:PowerSystemResource.DeviceID>
<iescim:PowerSystemResource.DeviceType>19</iescim:PowerSystemResource.DeviceType>
</cim:BusbarSection>
<cim:BusbarSection rdf:ID="31100000_818956">
<cim:IdentifiedObject.name>增坂变电站.10kV.Ⅲ段母线</cim:IdentifiedObject.name>
<cim:IdentifiedObject.bianhao></cim:IdentifiedObject.bianhao>
<cim:Equipment.EquipmentContainer rdf:resource="#30000000_74172"/>
<cim:PowerSystemResource.Circuit rdf:resource="#_" />
<cim:ConductingEquipment.BaseVoltage rdf:resource="#BaseVoltage_5"/>
<iescim:PowerSystemResource.SubType>0</iescim:PowerSystemResource.SubType>
<iescim:PowerSystemResource.DeviceID>5348024557512096</iescim:PowerSystemResource.DeviceID>
<iescim:PowerSystemResource.DeviceType>19</iescim:PowerSystemResource.DeviceType>
</cim:BusbarSection>
<cim:BusbarSection rdf:ID="3362551">
<cim:IdentifiedObject.name>岙村变电站.10kV.Ⅰ段母线</cim:IdentifiedObject.name>
<cim:IdentifiedObject.bianhao></cim:IdentifiedObject.bianhao>
<cim:Equipment.EquipmentContainer rdf:resource="#30000000_3273049"/>
<cim:PowerSystemResource.Circuit rdf:resource="#_" />
<cim:ConductingEquipment.BaseVoltage rdf:resource="#BaseVoltage_5"/>
<iescim:PowerSystemResource.SubType>0</iescim:PowerSystemResource.SubType>
<iescim:PowerSystemResource.DeviceID>5348024557515796</iescim:PowerSystemResource.DeviceID>
<iescim:PowerSystemResource.DeviceType>19</iescim:PowerSystemResource.DeviceType>
</cim:BusbarSection>
<cim:BusbarSection rdf:ID="31100000_988760">
<cim:IdentifiedObject.name>岙村变电站.10kV.Ⅱ段母线</cim:IdentifiedObject.name>
<cim:IdentifiedObject.bianhao></cim:IdentifiedObject.bianhao>
<cim:Equipment.EquipmentContainer rdf:resource="#30000000_3273049"/>
<cim:PowerSystemResource.Circuit rdf:resource="#_" />
<cim:ConductingEquipment.BaseVoltage rdf:resource="#BaseVoltage_5"/>
<iescim:PowerSystemResource.SubType>0</iescim:PowerSystemResource.SubType>
<iescim:PowerSystemResource.DeviceID>5348024557517643</iescim:PowerSystemResource.DeviceID>
<iescim:PowerSystemResource.DeviceType>19</iescim:PowerSystemResource.DeviceType>
</cim:BusbarSection>
<cim:BusbarSection rdf:ID="31100000_1009242">
<cim:IdentifiedObject.name>大厅变电站.10kV.Ⅰ段母线</cim:IdentifiedObject.name>
<cim:IdentifiedObject.bianhao></cim:IdentifiedObject.bianhao>
<cim:Equipment.EquipmentContainer rdf:resource="#30000000_3409392"/>
<cim:PowerSystemResource.Circuit rdf:resource="#_" />
<cim:ConductingEquipment.BaseVoltage rdf:resource="#BaseVoltage_5"/>
<iescim:PowerSystemResource.SubType>0</iescim:PowerSystemResource.SubType>
<iescim:PowerSystemResource.DeviceID>5348024557518390</iescim:PowerSystemResource.DeviceID>
<iescim:PowerSystemResource.DeviceType>19</iescim:PowerSystemResource.DeviceType>
</cim:BusbarSection>
<cim:BusbarSection rdf:ID="31100000_1009448">
<cim:IdentifiedObject.name>大厅变电站.10kV.Ⅲ段母线</cim:IdentifiedObject.name>
<cim:IdentifiedObject.bianhao></cim:IdentifiedObject.bianhao>
<cim:Equipment.EquipmentContainer rdf:resource="#30000000_3409392"/>
<cim:PowerSystemResource.Circuit rdf:resource="#_" />
<cim:ConductingEquipment.BaseVoltage rdf:resource="#BaseVoltage_5"/>
<iescim:PowerSystemResource.SubType>0</iescim:PowerSystemResource.SubType>
<iescim:PowerSystemResource.DeviceID>5348024557528663</iescim:PowerSystemResource.DeviceID>
<iescim:PowerSystemResource.DeviceType>19</iescim:PowerSystemResource.DeviceType>
</cim:BusbarSection>
<cim:BusbarSection rdf:ID="31100000_1068765">
<cim:IdentifiedObject.name>新厝变电站.10kV.Ⅲ段母线</cim:IdentifiedObject.name>
<cim:IdentifiedObject.bianhao></cim:IdentifiedObject.bianhao>
<cim:Equipment.EquipmentContainer rdf:resource="#30000000_73908"/>
<cim:PowerSystemResource.Circuit rdf:resource="#_" />
<cim:ConductingEquipment.BaseVoltage rdf:resource="#BaseVoltage_5"/>
<iescim:PowerSystemResource.SubType>0</iescim:PowerSystemResource.SubType>
<iescim:PowerSystemResource.DeviceID>5348024557533710</iescim:PowerSystemResource.DeviceID>
<iescim:PowerSystemResource.DeviceType>19</iescim:PowerSystemResource.DeviceType>
</cim:BusbarSection>
<cim:BusbarSection rdf:ID="31100000_1009324">
<cim:IdentifiedObject.name>大厅变电站.10kV.Ⅱ段母线</cim:IdentifiedObject.name>
<cim:IdentifiedObject.bianhao></cim:IdentifiedObject.bianhao>
<cim:Equipment.EquipmentContainer rdf:resource="#30000000_3409392"/>
<cim:PowerSystemResource.Circuit rdf:resource="#_" />
<cim:ConductingEquipment.BaseVoltage rdf:resource="#BaseVoltage_5"/>
<iescim:PowerSystemResource.SubType>0</iescim:PowerSystemResource.SubType>
<iescim:PowerSystemResource.DeviceID>5348024557539697</iescim:PowerSystemResource.DeviceID>
<iescim:PowerSystemResource.DeviceType>19</iescim:PowerSystemResource.DeviceType>
</cim:BusbarSection>
<cim:BusbarSection rdf:ID="31100000_1254118">
<cim:IdentifiedObject.name>碧山变电站.10kV.Ⅲ段母线</cim:IdentifiedObject.name>
<cim:IdentifiedObject.bianhao></cim:IdentifiedObject.bianhao>
<cim:Equipment.EquipmentContainer rdf:resource="#30000000_74947"/>
<cim:PowerSystemResource.Circuit rdf:resource="#_" />
<cim:ConductingEquipment.BaseVoltage rdf:resource="#BaseVoltage_5"/>
<iescim:PowerSystemResource.SubType>0</iescim:PowerSystemResource.SubType>
<iescim:PowerSystemResource.DeviceID>5348024557546247</iescim:PowerSystemResource.DeviceID>
<iescim:PowerSystemResource.DeviceType>19</iescim:PowerSystemResource.DeviceType>
</cim:BusbarSection>
<cim:BusbarSection rdf:ID="7052562">
<cim:IdentifiedObject.name>新厝变电站.10kV.Ⅳ段母线</cim:IdentifiedObject.name>
<cim:IdentifiedObject.bianhao></cim:IdentifiedObject.bianhao>
<cim:Equipment.EquipmentContainer rdf:resource="#30000000_73908"/>
<cim:PowerSystemResource.Circuit rdf:resource="#_" />
<cim:ConductingEquipment.BaseVoltage rdf:resource="#BaseVoltage_5"/>
<iescim:PowerSystemResource.SubType>0</iescim:PowerSystemResource.SubType>
<iescim:PowerSystemResource.DeviceID>5348024557557700</iescim:PowerSystemResource.DeviceID>
<iescim:PowerSystemResource.DeviceType>19</iescim:PowerSystemResource.DeviceType>
</cim:BusbarSection>
<cim:ConnectivityNode rdf:ID="9288674231452034">
<iescim:PowerSystemResource.SubType>0</iescim:PowerSystemResource.SubType>
<iescim:PowerSystemResource.DeviceID>9288674231452034</iescim:PowerSystemResource.DeviceID>
<iescim:PowerSystemResource.DeviceType>33</iescim:PowerSystemResource.DeviceType>
</cim:ConnectivityNode>
<cim:ConnectivityNode rdf:ID="9288674231452035">
<iescim:PowerSystemResource.SubType>0</iescim:PowerSystemResource.SubType>
<iescim:PowerSystemResource.DeviceID>9288674231452035</iescim:PowerSystemResource.DeviceID>
<iescim:PowerSystemResource.DeviceType>33</iescim:PowerSystemResource.DeviceType>
</cim:ConnectivityNode>
<cim:ConnectivityNode rdf:ID="9288674231452168">
<iescim:PowerSystemResource.SubType>0</iescim:PowerSystemResource.SubType>
<iescim:PowerSystemResource.DeviceID>9288674231452168</iescim:PowerSystemResource.DeviceID>
<iescim:PowerSystemResource.DeviceType>33</iescim:PowerSystemResource.DeviceType>
</cim:ConnectivityNode>
<cim:ConnectivityNode rdf:ID="9288674231452396">
<iescim:PowerSystemResource.SubType>0</iescim:PowerSystemResource.SubType>
<iescim:PowerSystemResource.DeviceID>9288674231452396</iescim:PowerSystemResource.DeviceID>
<iescim:PowerSystemResource.DeviceType>33</iescim:PowerSystemResource.DeviceType>
</cim:ConnectivityNode>
<cim:ConnectivityNode rdf:ID="9288674231452397">
<iescim:PowerSystemResource.SubType>0</iescim:PowerSystemResource.SubType>
<iescim:PowerSystemResource.DeviceID>9288674231452397</iescim:PowerSystemResource.DeviceID>
<iescim:PowerSystemResource.DeviceType>33</iescim:PowerSystemResource.DeviceType>
</cim:ConnectivityNode>
<cim:ConnectivityNode rdf:ID="9288674231454498">
<iescim:PowerSystemResource.SubType>0</iescim:PowerSystemResource.SubType>
<iescim:PowerSystemResource.DeviceID>9288674231454498</iescim:PowerSystemResource.DeviceID>
<iescim:PowerSystemResource.DeviceType>33</iescim:PowerSystemResource.DeviceType>
</cim:ConnectivityNode>
<cim:ConnectivityNode rdf:ID="9288674231454619">
<iescim:PowerSystemResource.SubType>0</iescim:PowerSystemResource.SubType>
<iescim:PowerSystemResource.DeviceID>9288674231454619</iescim:PowerSystemResource.DeviceID>
<iescim:PowerSystemResource.DeviceType>33</iescim:PowerSystemResource.DeviceType>
</cim:ConnectivityNode>
<cim:ConnectivityNode rdf:ID="9288674231456133">
<iescim:PowerSystemResource.SubType>0</iescim:PowerSystemResource.SubType>
<iescim:PowerSystemResource.DeviceID>9288674231456133</iescim:PowerSystemResource.DeviceID>
<iescim:PowerSystemResource.DeviceType>33</iescim:PowerSystemResource.DeviceType>
</cim:ConnectivityNode>
<cim:ConnectivityNode rdf:ID="9288674231456180">
<iescim:PowerSystemResource.SubType>0</iescim:PowerSystemResource.SubType>
<iescim:PowerSystemResource.DeviceID>9288674231456180</iescim:PowerSystemResource.DeviceID>
<iescim:PowerSystemResource.DeviceType>33</iescim:PowerSystemResource.DeviceType>
</cim:ConnectivityNode>
<cim:ConnectivityNode rdf:ID="9288674231459983">
<iescim:PowerSystemResource.SubType>0</iescim:PowerSystemResource.SubType>
<iescim:PowerSystemResource.DeviceID>9288674231459983</iescim:PowerSystemResource.DeviceID>
<iescim:PowerSystemResource.DeviceType>33</iescim:PowerSystemResource.DeviceType>
</cim:ConnectivityNode>
<cim:ConnectivityNode rdf:ID="9288674231461970">
<iescim:PowerSystemResource.SubType>0</iescim:PowerSystemResource.SubType>
<iescim:PowerSystemResource.DeviceID>9288674231461970</iescim:PowerSystemResource.DeviceID>
<iescim:PowerSystemResource.DeviceType>33</iescim:PowerSystemResource.DeviceType>
</cim:ConnectivityNode>
<cim:ConnectivityNode rdf:ID="9288674231469003">
<iescim:PowerSystemResource.SubType>0</iescim:PowerSystemResource.SubType>
<iescim:PowerSystemResource.DeviceID>9288674231469003</iescim:PowerSystemResource.DeviceID>
<iescim:PowerSystemResource.DeviceType>33</iescim:PowerSystemResource.DeviceType>
</cim:ConnectivityNode>
<cim:ConnectivityNode rdf:ID="9288674231485020">
<iescim:PowerSystemResource.SubType>0</iescim:PowerSystemResource.SubType>
<iescim:PowerSystemResource.DeviceID>9288674231485020</iescim:PowerSystemResource.DeviceID>
<iescim:PowerSystemResource.DeviceType>33</iescim:PowerSystemResource.DeviceType>
</cim:ConnectivityNode>
<cim:ConnectivityNode rdf:ID="9288674231503703">
<iescim:PowerSystemResource.SubType>0</iescim:PowerSystemResource.SubType>
<iescim:PowerSystemResource.DeviceID>9288674231503703</iescim:PowerSystemResource.DeviceID>
<iescim:PowerSystemResource.DeviceType>33</iescim:PowerSystemResource.DeviceType>
</cim:ConnectivityNode>
<cim:ConnectivityNode rdf:ID="9288674231505719">
<iescim:PowerSystemResource.SubType>0</iescim:PowerSystemResource.SubType>
<iescim:PowerSystemResource.DeviceID>9288674231505719</iescim:PowerSystemResource.DeviceID>
<iescim:PowerSystemResource.DeviceType>33</iescim:PowerSystemResource.DeviceType>
</cim:ConnectivityNode>
<cim:ConnectivityNode rdf:ID="9288674231512166">
<iescim:PowerSystemResource.SubType>0</iescim:PowerSystemResource.SubType>
<iescim:PowerSystemResource.DeviceID>9288674231512166</iescim:PowerSystemResource.DeviceID>
<iescim:PowerSystemResource.DeviceType>33</iescim:PowerSystemResource.DeviceType>
</cim:ConnectivityNode>
<cim:ConnectivityNode rdf:ID="9288674231512899">
<iescim:PowerSystemResource.SubType>0</iescim:PowerSystemResource.SubType>
<iescim:PowerSystemResource.DeviceID>9288674231512899</iescim:PowerSystemResource.DeviceID>
<iescim:PowerSystemResource.DeviceType>33</iescim:PowerSystemResource.DeviceType>
</cim:ConnectivityNode>
<cim:ConnectivityNode rdf:ID="9288674231524818">
<iescim:PowerSystemResource.SubType>0</iescim:PowerSystemResource.SubType>
<iescim:PowerSystemResource.DeviceID>9288674231524818</iescim:PowerSystemResource.DeviceID>
<iescim:PowerSystemResource.DeviceType>33</iescim:PowerSystemResource.DeviceType>
</cim:ConnectivityNode>
<cim:ConnectivityNode rdf:ID="9288674231524902">
<iescim:PowerSystemResource.SubType>0</iescim:PowerSystemResource.SubType>
<iescim:PowerSystemResource.DeviceID>9288674231524902</iescim:PowerSystemResource.DeviceID>
<iescim:PowerSystemResource.DeviceType>33</iescim:PowerSystemResource.DeviceType>
</cim:ConnectivityNode>
<cim:ConnectivityNode rdf:ID="9288674231524909">
<iescim:PowerSystemResource.SubType>0</iescim:PowerSystemResource.SubType>
<iescim:PowerSystemResource.DeviceID>9288674231524909</iescim:PowerSystemResource.DeviceID>
<iescim:PowerSystemResource.DeviceType>33</iescim:PowerSystemResource.DeviceType>
</cim:ConnectivityNode>
<cim:ConnectivityNode rdf:ID="9288674231524910">
<iescim:PowerSystemResource.SubType>0</iescim:PowerSystemResource.SubType>
<iescim:PowerSystemResource.DeviceID>9288674231524910</iescim:PowerSystemResource.DeviceID>
<iescim:PowerSystemResource.DeviceType>33</iescim:PowerSystemResource.DeviceType>
</cim:ConnectivityNode>
<cim:ConnectivityNode rdf:ID="9288674231527140">
<iescim:PowerSystemResource.SubType>0</iescim:PowerSystemResource.SubType>
<iescim:PowerSystemResource.DeviceID>9288674231527140</iescim:PowerSystemResource.DeviceID>
<iescim:PowerSystemResource.DeviceType>33</iescim:PowerSystemResource.DeviceType>
</cim:ConnectivityNode>
<cim:ConnectivityNode rdf:ID="9288674231528765">
<iescim:PowerSystemResource.SubType>0</iescim:PowerSystemResource.SubType>
<iescim:PowerSystemResource.DeviceID>9288674231528765</iescim:PowerSystemResource.DeviceID>
<iescim:PowerSystemResource.DeviceType>33</iescim:PowerSystemResource.DeviceType>
</cim:ConnectivityNode>
<cim:ConnectivityNode rdf:ID="9288674231528766">
<iescim:PowerSystemResource.SubType>0</iescim:PowerSystemResource.SubType>
<iescim:PowerSystemResource.DeviceID>9288674231528766</iescim:PowerSystemResource.DeviceID>
<iescim:PowerSystemResource.DeviceType>33</iescim:PowerSystemResource.DeviceType>
</cim:ConnectivityNode>
<cim:ConnectivityNode rdf:ID="9288674231529007">
<iescim:PowerSystemResource.SubType>0</iescim:PowerSystemResource.SubType>
<iescim:PowerSystemResource.DeviceID>9288674231529007</iescim:PowerSystemResource.DeviceID>
<iescim:PowerSystemResource.DeviceType>33</iescim:PowerSystemResource.DeviceType>
</cim:ConnectivityNode>
<cim:ConnectivityNode rdf:ID="9288674231529612">
<iescim:PowerSystemResource.SubType>0</iescim:PowerSystemResource.SubType>
<iescim:PowerSystemResource.DeviceID>9288674231529612</iescim:PowerSystemResource.DeviceID>
<iescim:PowerSystemResource.DeviceType>33</iescim:PowerSystemResource.DeviceType>
</cim:ConnectivityNode>
<cim:ConnectivityNode rdf:ID="9288674231531899">
<iescim:PowerSystemResource.SubType>0</iescim:PowerSystemResource.SubType>
<iescim:PowerSystemResource.DeviceID>9288674231531899</iescim:PowerSystemResource.DeviceID>
<iescim:PowerSystemResource.DeviceType>33</iescim:PowerSystemResource.DeviceType>
</cim:ConnectivityNode>
<cim:ConnectivityNode rdf:ID="9288674231585936">
<iescim:PowerSystemResource.SubType>0</iescim:PowerSystemResource.SubType>
<iescim:PowerSystemResource.DeviceID>9288674231585936</iescim:PowerSystemResource.DeviceID>
<iescim:PowerSystemResource.DeviceType>33</iescim:PowerSystemResource.DeviceType>
</cim:ConnectivityNode>
<cim:ConnectivityNode rdf:ID="9288674231608373">
<iescim:PowerSystemResource.SubType>0</iescim:PowerSystemResource.SubType>
<iescim:PowerSystemResource.DeviceID>9288674231608373</iescim:PowerSystemResource.DeviceID>
<iescim:PowerSystemResource.DeviceType>33</iescim:PowerSystemResource.DeviceType>
</cim:ConnectivityNode>
<cim:ConnectivityNode rdf:ID="9288674231608424">
<iescim:PowerSystemResource.SubType>0</iescim:PowerSystemResource.SubType>
<iescim:PowerSystemResource.DeviceID>9288674231608424</iescim:PowerSystemResource.DeviceID>
<iescim:PowerSystemResource.DeviceType>33</iescim:PowerSystemResource.DeviceType>
</cim:ConnectivityNode>
<cim:ConnectivityNode rdf:ID="9288674231608431">
<iescim:PowerSystemResource.SubType>0</iescim:PowerSystemResource.SubType>
<iescim:PowerSystemResource.DeviceID>9288674231608431</iescim:PowerSystemResource.DeviceID>
<iescim:PowerSystemResource.DeviceType>33</iescim:PowerSystemResource.DeviceType>
</cim:ConnectivityNode>
<cim:ConnectivityNode rdf:ID="9288674231612734">
<iescim:PowerSystemResource.SubType>0</iescim:PowerSystemResource.SubType>
<iescim:PowerSystemResource.DeviceID>9288674231612734</iescim:PowerSystemResource.DeviceID>
<iescim:PowerSystemResource.DeviceType>33</iescim:PowerSystemResource.DeviceType>
</cim:ConnectivityNode>
<cim:ConnectivityNode rdf:ID="9288674231616255">
<iescim:PowerSystemResource.SubType>0</iescim:PowerSystemResource.SubType>
<iescim:PowerSystemResource.DeviceID>9288674231616255</iescim:PowerSystemResource.DeviceID>
<iescim:PowerSystemResource.DeviceType>33</iescim:PowerSystemResource.DeviceType>
</cim:ConnectivityNode>
<cim:ConnectivityNode rdf:ID="9288674231616359">
<iescim:PowerSystemResource.SubType>0</iescim:PowerSystemResource.SubType>
<iescim:PowerSystemResource.DeviceID>9288674231616359</iescim:PowerSystemResource.DeviceID>
<iescim:PowerSystemResource.DeviceType>33</iescim:PowerSystemResource.DeviceType>
</cim:ConnectivityNode>
<cim:ConnectivityNode rdf:ID="9288674231617548">
<iescim:PowerSystemResource.SubType>0</iescim:PowerSystemResource.SubType>
<iescim:PowerSystemResource.DeviceID>9288674231617548</iescim:PowerSystemResource.DeviceID>
<iescim:PowerSystemResource.DeviceType>33</iescim:PowerSystemResource.DeviceType>
</cim:ConnectivityNode>
<cim:ConnectivityNode rdf:ID="9288674246229396">
<iescim:PowerSystemResource.SubType>0</iescim:PowerSystemResource.SubType>
<iescim:PowerSystemResource.DeviceID>9288674246229396</iescim:PowerSystemResource.DeviceID>
<iescim:PowerSystemResource.DeviceType>33</iescim:PowerSystemResource.DeviceType>
</cim:ConnectivityNode>
<cim:ConnectivityNode rdf:ID="9288674246229398">
<iescim:PowerSystemResource.SubType>0</iescim:PowerSystemResource.SubType>
<iescim:PowerSystemResource.DeviceID>9288674246229398</iescim:PowerSystemResource.DeviceID>
<iescim:PowerSystemResource.DeviceType>33</iescim:PowerSystemResource.DeviceType>
</cim:ConnectivityNode>
<cim:ConnectivityNode rdf:ID="9288674246362664">
<iescim:PowerSystemResource.SubType>0</iescim:PowerSystemResource.SubType>
<iescim:PowerSystemResource.DeviceID>9288674246362664</iescim:PowerSystemResource.DeviceID>
<iescim:PowerSystemResource.DeviceType>33</iescim:PowerSystemResource.DeviceType>
</cim:ConnectivityNode>
<cim:ConnectivityNode rdf:ID="9288674246362665">
<iescim:PowerSystemResource.SubType>0</iescim:PowerSystemResource.SubType>
<iescim:PowerSystemResource.DeviceID>9288674246362665</iescim:PowerSystemResource.DeviceID>
<iescim:PowerSystemResource.DeviceType>33</iescim:PowerSystemResource.DeviceType>
</cim:ConnectivityNode>
<cim:ConnectivityNode rdf:ID="9288674246634232">
<iescim:PowerSystemResource.SubType>0</iescim:PowerSystemResource.SubType>
<iescim:PowerSystemResource.DeviceID>9288674246634232</iescim:PowerSystemResource.DeviceID>
<iescim:PowerSystemResource.DeviceType>33</iescim:PowerSystemResource.DeviceType>
</cim:ConnectivityNode>
<cim:ConnectivityNode rdf:ID="9288674246634236">
<iescim:PowerSystemResource.SubType>0</iescim:PowerSystemResource.SubType>
<iescim:PowerSystemResource.DeviceID>9288674246634236</iescim:PowerSystemResource.DeviceID>
<iescim:PowerSystemResource.DeviceType>33</iescim:PowerSystemResource.DeviceType>
</cim:ConnectivityNode>
<cim:ConnectivityNode rdf:ID="9288674247579284">
<iescim:PowerSystemResource.SubType>0</iescim:PowerSystemResource.SubType>
<iescim:PowerSystemResource.DeviceID>9288674247579284</iescim:PowerSystemResource.DeviceID>
<iescim:PowerSystemResource.DeviceType>33</iescim:PowerSystemResource.DeviceType>
</cim:ConnectivityNode>
<cim:ConnectivityNode rdf:ID="9288674251179875">
<iescim:PowerSystemResource.SubType>0</iescim:PowerSystemResource.SubType>
<iescim:PowerSystemResource.DeviceID>9288674251179875</iescim:PowerSystemResource.DeviceID>
<iescim:PowerSystemResource.DeviceType>33</iescim:PowerSystemResource.DeviceType>
</cim:ConnectivityNode>
<cim:ConnectivityNode rdf:ID="9288674251179878">
<iescim:PowerSystemResource.SubType>0</iescim:PowerSystemResource.SubType>
<iescim:PowerSystemResource.DeviceID>9288674251179878</iescim:PowerSystemResource.DeviceID>
<iescim:PowerSystemResource.DeviceType>33</iescim:PowerSystemResource.DeviceType>
</cim:ConnectivityNode>
<cim:Terminal rdf:ID="283366">
<cim:Terminal.ConductingEquipment rdf:resource="#283364"/>
<cim:Terminal.ConnectivityNode rdf:resource="#9288674246229396"/>
</cim:Terminal>
<cim:Terminal rdf:ID="283367">
<cim:Terminal.ConductingEquipment rdf:resource="#283364"/>
<cim:Terminal.ConnectivityNode rdf:resource="#9288674231459983"/>
</cim:Terminal>
<cim:Terminal rdf:ID="1562070">
<cim:Terminal.ConductingEquipment rdf:resource="#1562068"/>
<cim:Terminal.ConnectivityNode rdf:resource="#9288674231531899"/>
</cim:Terminal>
<cim:Terminal rdf:ID="1562071">
<cim:Terminal.ConductingEquipment rdf:resource="#1562068"/>
<cim:Terminal.ConnectivityNode rdf:resource="#9288674231617548"/>
</cim:Terminal>
<cim:Terminal rdf:ID="1722773">
<cim:Terminal.ConductingEquipment rdf:resource="#1722771"/>
<cim:Terminal.ConnectivityNode rdf:resource="#9288674231452168"/>
</cim:Terminal>
<cim:Terminal rdf:ID="1722774">
<cim:Terminal.ConductingEquipment rdf:resource="#1722771"/>
<cim:Terminal.ConnectivityNode rdf:resource="#9288674231461970"/>
</cim:Terminal>
<cim:Terminal rdf:ID="2174029">
<cim:Terminal.ConductingEquipment rdf:resource="#2174027"/>
<cim:Terminal.ConnectivityNode rdf:resource="#9288674231452396"/>
</cim:Terminal>
<cim:Terminal rdf:ID="2174030">
<cim:Terminal.ConductingEquipment rdf:resource="#2174027"/>
<cim:Terminal.ConnectivityNode rdf:resource="#9288674231469003"/>
</cim:Terminal>
<cim:Terminal rdf:ID="2464178">
<cim:Terminal.ConductingEquipment rdf:resource="#2464176"/>
<cim:Terminal.ConnectivityNode rdf:resource="#9288674231512166"/>
</cim:Terminal>
<cim:Terminal rdf:ID="2464179">
<cim:Terminal.ConductingEquipment rdf:resource="#2464176"/>
<cim:Terminal.ConnectivityNode rdf:resource="#9288674231585936"/>
</cim:Terminal>
<cim:Terminal rdf:ID="3356539">
<cim:Terminal.ConductingEquipment rdf:resource="#3356535"/>
<cim:Terminal.ConnectivityNode rdf:resource="#9288674231524818"/>
</cim:Terminal>
<cim:Terminal rdf:ID="3356540">
<cim:Terminal.ConductingEquipment rdf:resource="#3356535"/>
<cim:Terminal.ConnectivityNode rdf:resource="#9288674231608373"/>
</cim:Terminal>
<cim:Terminal rdf:ID="3516202">
<cim:Terminal.ConductingEquipment rdf:resource="#3516198"/>
<cim:Terminal.ConnectivityNode rdf:resource="#9288674231524902"/>
</cim:Terminal>
<cim:Terminal rdf:ID="3516203">
<cim:Terminal.ConductingEquipment rdf:resource="#3516198"/>
<cim:Terminal.ConnectivityNode rdf:resource="#9288674231608424"/>
</cim:Terminal>
<cim:Terminal rdf:ID="3516572">
<cim:Terminal.ConductingEquipment rdf:resource="#3516568"/>
<cim:Terminal.ConnectivityNode rdf:resource="#9288674231524909"/>
</cim:Terminal>
<cim:Terminal rdf:ID="3516573">
<cim:Terminal.ConductingEquipment rdf:resource="#3516568"/>
<cim:Terminal.ConnectivityNode rdf:resource="#9288674251179875"/>
</cim:Terminal>
<cim:Terminal rdf:ID="3516624">
<cim:Terminal.ConductingEquipment rdf:resource="#3516620"/>
<cim:Terminal.ConnectivityNode rdf:resource="#9288674231524910"/>
</cim:Terminal>
<cim:Terminal rdf:ID="3516625">
<cim:Terminal.ConductingEquipment rdf:resource="#3516620"/>
<cim:Terminal.ConnectivityNode rdf:resource="#9288674231608431"/>
</cim:Terminal>
<cim:Terminal rdf:ID="3356543">
<cim:Terminal.ConductingEquipment rdf:resource="#30600001_2831581"/>
<cim:Terminal.ConnectivityNode rdf:resource="#9288674231608373"/>
</cim:Terminal>
<cim:Terminal rdf:ID="3516206">
<cim:Terminal.ConductingEquipment rdf:resource="#30600001_2895779"/>
<cim:Terminal.ConnectivityNode rdf:resource="#9288674231608424"/>
</cim:Terminal>
<cim:Terminal rdf:ID="3516576">
<cim:Terminal.ConductingEquipment rdf:resource="#30600001_2895927"/>
<cim:Terminal.ConnectivityNode rdf:resource="#9288674251179875"/>
</cim:Terminal>
<cim:Terminal rdf:ID="3516628">
<cim:Terminal.ConductingEquipment rdf:resource="#30600001_2895930"/>
<cim:Terminal.ConnectivityNode rdf:resource="#9288674231608431"/>
</cim:Terminal>
<cim:Terminal rdf:ID="1722769">
<cim:Terminal.ConductingEquipment rdf:resource="#30500000_116598"/>
<cim:Terminal.ConnectivityNode rdf:resource="#9288674231461970"/>
</cim:Terminal>
<cim:Terminal rdf:ID="1722770">
<cim:Terminal.ConductingEquipment rdf:resource="#30500000_116598"/>
<cim:Terminal.ConnectivityNode rdf:resource="#9288674231505719"/>
</cim:Terminal>
<cim:Terminal rdf:ID="3516762">
<cim:Terminal.ConductingEquipment rdf:resource="#30600001_2896337"/>
<cim:Terminal.ConnectivityNode rdf:resource="#9288674231612734"/>
</cim:Terminal>
<cim:Terminal rdf:ID="3362552">
<cim:Terminal.ConductingEquipment rdf:resource="#3362551"/>
<cim:Terminal.ConnectivityNode rdf:resource="#9288674231456133"/>
</cim:Terminal>
<cim:Terminal rdf:ID="3516884">
<cim:Terminal.ConductingEquipment rdf:resource="#3516880"/>
<cim:Terminal.ConnectivityNode rdf:resource="#9288674231528765"/>
</cim:Terminal>
<cim:Terminal rdf:ID="3516885">
<cim:Terminal.ConductingEquipment rdf:resource="#3516880"/>
<cim:Terminal.ConnectivityNode rdf:resource="#9288674246362665"/>
</cim:Terminal>
<cim:Terminal rdf:ID="3516832">
<cim:Terminal.ConductingEquipment rdf:resource="#3516828"/>
<cim:Terminal.ConnectivityNode rdf:resource="#9288674231528766"/>
</cim:Terminal>
<cim:Terminal rdf:ID="3516833">
<cim:Terminal.ConductingEquipment rdf:resource="#3516828"/>
<cim:Terminal.ConnectivityNode rdf:resource="#9288674231616255"/>
</cim:Terminal>
<cim:Terminal rdf:ID="3516758">
<cim:Terminal.ConductingEquipment rdf:resource="#3516754"/>
<cim:Terminal.ConnectivityNode rdf:resource="#9288674231527140"/>
</cim:Terminal>
<cim:Terminal rdf:ID="3516759">
<cim:Terminal.ConductingEquipment rdf:resource="#3516754"/>
<cim:Terminal.ConnectivityNode rdf:resource="#9288674231612734"/>
</cim:Terminal>
<cim:Terminal rdf:ID="3516888">
<cim:Terminal.ConductingEquipment rdf:resource="#30600001_2896344"/>
<cim:Terminal.ConnectivityNode rdf:resource="#9288674246362665"/>
</cim:Terminal>
<cim:Terminal rdf:ID="3516836">
<cim:Terminal.ConductingEquipment rdf:resource="#30600001_2896358"/>
<cim:Terminal.ConnectivityNode rdf:resource="#9288674231616255"/>
</cim:Terminal>
<cim:Terminal rdf:ID="3579801">
<cim:Terminal.ConductingEquipment rdf:resource="#3579797"/>
<cim:Terminal.ConnectivityNode rdf:resource="#9288674231529007"/>
</cim:Terminal>
<cim:Terminal rdf:ID="3579802">
<cim:Terminal.ConductingEquipment rdf:resource="#3579797"/>
<cim:Terminal.ConnectivityNode rdf:resource="#9288674231616359"/>
</cim:Terminal>
<cim:Terminal rdf:ID="3579805">
<cim:Terminal.ConductingEquipment rdf:resource="#30600001_3103600"/>
<cim:Terminal.ConnectivityNode rdf:resource="#9288674231616359"/>
</cim:Terminal>
<cim:Terminal rdf:ID="3355594">
<cim:Terminal.ConductingEquipment rdf:resource="#31100000_988760"/>
<cim:Terminal.ConnectivityNode rdf:resource="#9288674231456180"/>
</cim:Terminal>
<cim:Terminal rdf:ID="1562074">
<cim:Terminal.ConductingEquipment rdf:resource="#30600001_3220604"/>
<cim:Terminal.ConnectivityNode rdf:resource="#9288674231617548"/>
</cim:Terminal>
<cim:Terminal rdf:ID="3515868">
<cim:Terminal.ConductingEquipment rdf:resource="#31100000_1009242"/>
<cim:Terminal.ConnectivityNode rdf:resource="#9288674251179878"/>
</cim:Terminal>
<cim:Terminal rdf:ID="1722777">
<cim:Terminal.ConductingEquipment rdf:resource="#30600001_189809"/>
<cim:Terminal.ConnectivityNode rdf:resource="#9288674231505719"/>
</cim:Terminal>
<cim:Terminal rdf:ID="2464174">
<cim:Terminal.ConductingEquipment rdf:resource="#30500000_1332736"/>
<cim:Terminal.ConnectivityNode rdf:resource="#9288674231452034"/>
</cim:Terminal>
<cim:Terminal rdf:ID="2464175">
<cim:Terminal.ConductingEquipment rdf:resource="#30500000_1332736"/>
<cim:Terminal.ConnectivityNode rdf:resource="#9288674231512166"/>
</cim:Terminal>
<cim:Terminal rdf:ID="2174025">
<cim:Terminal.ConductingEquipment rdf:resource="#30500000_836130"/>
<cim:Terminal.ConnectivityNode rdf:resource="#9288674231469003"/>
</cim:Terminal>
<cim:Terminal rdf:ID="2174026">
<cim:Terminal.ConductingEquipment rdf:resource="#30500000_836130"/>
<cim:Terminal.ConnectivityNode rdf:resource="#9288674231512899"/>
</cim:Terminal>
<cim:Terminal rdf:ID="3515888">
<cim:Terminal.ConductingEquipment rdf:resource="#31100000_1009448"/>
<cim:Terminal.ConnectivityNode rdf:resource="#9288674246362664"/>
</cim:Terminal>
<cim:Terminal rdf:ID="323609">
<cim:Terminal.ConductingEquipment rdf:resource="#31100000_88961"/>
<cim:Terminal.ConnectivityNode rdf:resource="#9288674231452034"/>
</cim:Terminal>
<cim:Terminal rdf:ID="323593">
<cim:Terminal.ConductingEquipment rdf:resource="#31100000_89573"/>
<cim:Terminal.ConnectivityNode rdf:resource="#9288674231452035"/>
</cim:Terminal>
<cim:Terminal rdf:ID="283370">
<cim:Terminal.ConductingEquipment rdf:resource="#30600001_168389"/>
<cim:Terminal.ConnectivityNode rdf:resource="#9288674231503703"/>
</cim:Terminal>
<cim:Terminal rdf:ID="3528242">
<cim:Terminal.ConductingEquipment rdf:resource="#31100000_1068765"/>
<cim:Terminal.ConnectivityNode rdf:resource="#9288674246634236"/>
</cim:Terminal>
<cim:Terminal rdf:ID="283362">
<cim:Terminal.ConductingEquipment rdf:resource="#30500000_100987"/>
<cim:Terminal.ConnectivityNode rdf:resource="#9288674231459983"/>
</cim:Terminal>
<cim:Terminal rdf:ID="283363">
<cim:Terminal.ConductingEquipment rdf:resource="#30500000_100987"/>
<cim:Terminal.ConnectivityNode rdf:resource="#9288674231503703"/>
</cim:Terminal>
<cim:Terminal rdf:ID="3515878">
<cim:Terminal.ConductingEquipment rdf:resource="#31100000_1009324"/>
<cim:Terminal.ConnectivityNode rdf:resource="#9288674246362664"/>
</cim:Terminal>
<cim:Terminal rdf:ID="1722424">
<cim:Terminal.ConductingEquipment rdf:resource="#31100000_90318"/>
<cim:Terminal.ConnectivityNode rdf:resource="#9288674231452168"/>
</cim:Terminal>
<cim:Terminal rdf:ID="1561614">
<cim:Terminal.ConductingEquipment rdf:resource="#31100000_193923"/>
<cim:Terminal.ConnectivityNode rdf:resource="#9288674247579284"/>
</cim:Terminal>
<cim:Terminal rdf:ID="5245234">
<cim:Terminal.ConductingEquipment rdf:resource="#31100000_1254118"/>
<cim:Terminal.ConnectivityNode rdf:resource="#9288674246229398"/>
</cim:Terminal>
<cim:Terminal rdf:ID="3356533">
<cim:Terminal.ConductingEquipment rdf:resource="#30500000_2003390"/>
<cim:Terminal.ConnectivityNode rdf:resource="#9288674231456180"/>
</cim:Terminal>
<cim:Terminal rdf:ID="3356534">
<cim:Terminal.ConductingEquipment rdf:resource="#30500000_2003390"/>
<cim:Terminal.ConnectivityNode rdf:resource="#9288674231524818"/>
</cim:Terminal>
<cim:Terminal rdf:ID="3516196">
<cim:Terminal.ConductingEquipment rdf:resource="#30500000_2003079"/>
<cim:Terminal.ConnectivityNode rdf:resource="#9288674251179878"/>
</cim:Terminal>
<cim:Terminal rdf:ID="3516197">
<cim:Terminal.ConductingEquipment rdf:resource="#30500000_2003079"/>
<cim:Terminal.ConnectivityNode rdf:resource="#9288674231524902"/>
</cim:Terminal>
<cim:Terminal rdf:ID="3516566">
<cim:Terminal.ConductingEquipment rdf:resource="#30500000_2003092"/>
<cim:Terminal.ConnectivityNode rdf:resource="#9288674246362664"/>
</cim:Terminal>
<cim:Terminal rdf:ID="3516567">
<cim:Terminal.ConductingEquipment rdf:resource="#30500000_2003092"/>
<cim:Terminal.ConnectivityNode rdf:resource="#9288674231524909"/>
</cim:Terminal>
<cim:Terminal rdf:ID="3516618">
<cim:Terminal.ConductingEquipment rdf:resource="#30500000_2003102"/>
<cim:Terminal.ConnectivityNode rdf:resource="#9288674246362664"/>
</cim:Terminal>
<cim:Terminal rdf:ID="3516619">
<cim:Terminal.ConductingEquipment rdf:resource="#30500000_2003102"/>
<cim:Terminal.ConnectivityNode rdf:resource="#9288674231524910"/>
</cim:Terminal>
<cim:Terminal rdf:ID="2173577">
<cim:Terminal.ConductingEquipment rdf:resource="#31100000_193922"/>
<cim:Terminal.ConnectivityNode rdf:resource="#9288674231452396"/>
</cim:Terminal>
<cim:Terminal rdf:ID="347370">
<cim:Terminal.ConductingEquipment rdf:resource="#31100000_89664"/>
<cim:Terminal.ConnectivityNode rdf:resource="#9288674231452397"/>
</cim:Terminal>
<cim:Terminal rdf:ID="3516752">
<cim:Terminal.ConductingEquipment rdf:resource="#30500000_2003109"/>
<cim:Terminal.ConnectivityNode rdf:resource="#9288674246362664"/>
</cim:Terminal>
<cim:Terminal rdf:ID="3516753">
<cim:Terminal.ConductingEquipment rdf:resource="#30500000_2003109"/>
<cim:Terminal.ConnectivityNode rdf:resource="#9288674231527140"/>
</cim:Terminal>
<cim:Terminal rdf:ID="283097">
<cim:Terminal.ConductingEquipment rdf:resource="#31100000_89578"/>
<cim:Terminal.ConnectivityNode rdf:resource="#9288674246229396"/>
</cim:Terminal>
<cim:Terminal rdf:ID="7052563">
<cim:Terminal.ConductingEquipment rdf:resource="#7052562"/>
<cim:Terminal.ConnectivityNode rdf:resource="#9288674246634232"/>
</cim:Terminal>
<cim:Terminal rdf:ID="2174033">
<cim:Terminal.ConductingEquipment rdf:resource="#30600001_860201"/>
<cim:Terminal.ConnectivityNode rdf:resource="#9288674231512899"/>
</cim:Terminal>
<cim:Terminal rdf:ID="3516878">
<cim:Terminal.ConductingEquipment rdf:resource="#30500000_2003111"/>
<cim:Terminal.ConnectivityNode rdf:resource="#9288674246362664"/>
</cim:Terminal>
<cim:Terminal rdf:ID="3516879">
<cim:Terminal.ConductingEquipment rdf:resource="#30500000_2003111"/>
<cim:Terminal.ConnectivityNode rdf:resource="#9288674231528765"/>
</cim:Terminal>
<cim:Terminal rdf:ID="3516826">
<cim:Terminal.ConductingEquipment rdf:resource="#30500000_2003114"/>
<cim:Terminal.ConnectivityNode rdf:resource="#9288674246362664"/>
</cim:Terminal>
<cim:Terminal rdf:ID="3516827">
<cim:Terminal.ConductingEquipment rdf:resource="#30500000_2003114"/>
<cim:Terminal.ConnectivityNode rdf:resource="#9288674231528766"/>
</cim:Terminal>
<cim:Terminal rdf:ID="3579795">
<cim:Terminal.ConductingEquipment rdf:resource="#30500000_2036361"/>
<cim:Terminal.ConnectivityNode rdf:resource="#9288674246634236"/>
</cim:Terminal>
<cim:Terminal rdf:ID="3579796">
<cim:Terminal.ConductingEquipment rdf:resource="#30500000_2036361"/>
<cim:Terminal.ConnectivityNode rdf:resource="#9288674231529007"/>
</cim:Terminal>
<cim:Terminal rdf:ID="2743925">
<cim:Terminal.ConductingEquipment rdf:resource="#31100000_818955"/>
<cim:Terminal.ConnectivityNode rdf:resource="#9288674231454498"/>
</cim:Terminal>
<cim:Terminal rdf:ID="2743935">
<cim:Terminal.ConductingEquipment rdf:resource="#31100000_818956"/>
<cim:Terminal.ConnectivityNode rdf:resource="#9288674231454619"/>
</cim:Terminal>
<cim:Terminal rdf:ID="30500000_117313_1">
<cim:Terminal.ConductingEquipment rdf:resource="#30500000_117313"/>
<cim:Terminal.ConnectivityNode rdf:resource="#9288674231485020"/>
</cim:Terminal>
<cim:Terminal rdf:ID="30500000_117313_2">
<cim:Terminal.ConductingEquipment rdf:resource="#30500000_117313"/>
<cim:Terminal.ConnectivityNode rdf:resource="#9288674231529612"/>
</cim:Terminal>
</rdf:RDF>
