<?xml version="1.0" encoding="UTF-8"?>

<rdf:RDF xmlns:rdf="http://www.w3.org/1999/02/22-rdf-syntax-ns#" xmlns:cim="http://www.sgcc.com.cn/SG-CIM/2010MAY#" xmlns:iescim="http://www.ieslab.com.cn">

<cim:BaseVoltage rdf:ID="BaseVoltage_5">
<cim:IdentifiedObject.name>10kV</cim:IdentifiedObject.name>
<cim:BaseVoltage.isDC>false</cim:BaseVoltage.isDC>
<cim:BaseVoltage.nominalVoltage>10.00</cim:BaseVoltage.nominalVoltage>
<iescim:PowerSystemResource.DeviceID>5</iescim:PowerSystemResource.DeviceID>
</cim:BaseVoltage>
<cim:SubGeographicalRegion rdf:ID="8a0f688f46db11f00146db1363fa0ee0">
<cim:IdentifiedObject.name>城区供电服务中心</cim:IdentifiedObject.name>
<cim:SubGeographicalRegion.Region rdf:resource="#_"/>
</cim:SubGeographicalRegion>
<cim:Circuit rdf:ID="10000100_1518948363">
<cim:IdentifiedObject.name>10kV九都甲线921线路</cim:IdentifiedObject.name>
<cim:Circuit.BelongtoHVSubstation rdf:resource="#30000000_1516821867"/>
<cim:PowerSystemResource.SubGeographicalRegion rdf:resource="#8a0f688f46db11f00146db1363fa0ee0"/>
<cim:iscurrentfeeder>0</cim:iscurrentfeeder>
</cim:Circuit>
<cim:Circuit rdf:ID="10000100_1542318444">
<cim:IdentifiedObject.name>10kV九都丙线925线路</cim:IdentifiedObject.name>
<cim:Circuit.BelongtoHVSubstation rdf:resource="#30000000_1516821867"/>
<cim:PowerSystemResource.SubGeographicalRegion rdf:resource="#8a0f688f46db11f00146db1363fa0ee0"/>
<cim:iscurrentfeeder>1</cim:iscurrentfeeder>
</cim:Circuit>
<cim:Substation rdf:ID="30000000_1516821867">
<cim:IdentifiedObject.name>霍童变电站</cim:IdentifiedObject.name>
<iescim:PowerSystemResource.DeviceType>13</iescim:PowerSystemResource.DeviceType>
<iescim:PowerSystemResource.SubType>1</iescim:PowerSystemResource.SubType>
<cim:PowerSystemResource.PSRType rdf:resource="#30000000"/>
<iescim:PowerSystemResource.DeviceID>3659174697328806</iescim:PowerSystemResource.DeviceID>
<cim:PowerSystemResource.SubGeographicalRegion rdf:resource="#8a0f688f46db11f00146db1363fa0ee0"/>
</cim:Substation>
<cim:Substation rdf:ID="30000006_4116192">
<cim:IdentifiedObject.name>火车站路灯变（ZE065）变</cim:IdentifiedObject.name>
<iescim:PowerSystemResource.DeviceType>153</iescim:PowerSystemResource.DeviceType>
<iescim:PowerSystemResource.SubType>18</iescim:PowerSystemResource.SubType>
<cim:PowerSystemResource.PSRType rdf:resource="#30000006"/>
<iescim:PowerSystemResource.DeviceID>43065671436792748</iescim:PowerSystemResource.DeviceID>
<cim:PowerSystemResource.SubGeographicalRegion rdf:resource="#8a0f688f46db11f00146db1363fa0ee0"/>
</cim:Substation>
<cim:Breaker rdf:ID="11100000_214194">
<cim:IdentifiedObject.name>10kV九都II线#002杆002开关</cim:IdentifiedObject.name>
<cim:IdentifiedObject.bianhao>002</cim:IdentifiedObject.bianhao>
<cim:PowerSystemResource.Circuit rdf:resource="#10000100_1542318444" />
<cim:ConductingEquipment.BaseVoltage rdf:resource="#BaseVoltage_5"/>
<iescim:PowerSystemResource.SubType>2</iescim:PowerSystemResource.SubType>
<iescim:PowerSystemResource.DeviceID>4503599627382752</iescim:PowerSystemResource.DeviceID>
<iescim:PowerSystemResource.DeviceType>16</iescim:PowerSystemResource.DeviceType>
<iescim:PowerSystemResource.Cxmc></iescim:PowerSystemResource.Cxmc>
</cim:Breaker>
<cim:Breaker rdf:ID="11100000_741497">
<cim:IdentifiedObject.name>10kV九都Ⅱ线#037-1-2杆037-1-2开关</cim:IdentifiedObject.name>
<cim:IdentifiedObject.bianhao>037-1-2</cim:IdentifiedObject.bianhao>
<cim:PowerSystemResource.Circuit rdf:resource="#10000100_1542318444" />
<cim:ConductingEquipment.BaseVoltage rdf:resource="#BaseVoltage_5"/>
<iescim:PowerSystemResource.SubType>2</iescim:PowerSystemResource.SubType>
<iescim:PowerSystemResource.DeviceID>4503599627419126</iescim:PowerSystemResource.DeviceID>
<iescim:PowerSystemResource.DeviceType>16</iescim:PowerSystemResource.DeviceType>
<iescim:PowerSystemResource.Cxmc></iescim:PowerSystemResource.Cxmc>
</cim:Breaker>
<cim:Breaker rdf:ID="30700000_1300069">
<cim:IdentifiedObject.name>10kV火车站路灯变（ZE065）变九都II线901开关</cim:IdentifiedObject.name>
<cim:IdentifiedObject.bianhao>九都II线901</cim:IdentifiedObject.bianhao>
<cim:Equipment.EquipmentContainer rdf:resource="#30000006_4116192"/>
<cim:PowerSystemResource.Circuit rdf:resource="#10000100_1542318444" />
<cim:ConductingEquipment.BaseVoltage rdf:resource="#BaseVoltage_5"/>
<iescim:PowerSystemResource.SubType>4</iescim:PowerSystemResource.SubType>
<iescim:PowerSystemResource.DeviceID>4503599627422369</iescim:PowerSystemResource.DeviceID>
<iescim:PowerSystemResource.DeviceType>16</iescim:PowerSystemResource.DeviceType>
<iescim:PowerSystemResource.Cxmc></iescim:PowerSystemResource.Cxmc>
</cim:Breaker>
<cim:Breaker rdf:ID="30700000_1300070">
<cim:IdentifiedObject.name>10kV火车站路灯变（ZE065）变备用902开关</cim:IdentifiedObject.name>
<cim:IdentifiedObject.bianhao>备用902</cim:IdentifiedObject.bianhao>
<cim:Equipment.EquipmentContainer rdf:resource="#30000006_4116192"/>
<cim:PowerSystemResource.Circuit rdf:resource="#10000100_1542318444" />
<cim:ConductingEquipment.BaseVoltage rdf:resource="#BaseVoltage_5"/>
<iescim:PowerSystemResource.SubType>4</iescim:PowerSystemResource.SubType>
<iescim:PowerSystemResource.DeviceID>4503599627422370</iescim:PowerSystemResource.DeviceID>
<iescim:PowerSystemResource.DeviceType>16</iescim:PowerSystemResource.DeviceType>
<iescim:PowerSystemResource.Cxmc></iescim:PowerSystemResource.Cxmc>
</cim:Breaker>
<cim:Breaker rdf:ID="30700000_1300071">
<cim:IdentifiedObject.name>10kV火车站路灯变（ZE065）变火车站路灯变903开关</cim:IdentifiedObject.name>
<cim:IdentifiedObject.bianhao>火车站路灯变903</cim:IdentifiedObject.bianhao>
<cim:Equipment.EquipmentContainer rdf:resource="#30000006_4116192"/>
<cim:PowerSystemResource.Circuit rdf:resource="#10000100_1542318444" />
<cim:ConductingEquipment.BaseVoltage rdf:resource="#BaseVoltage_5"/>
<iescim:PowerSystemResource.SubType>4</iescim:PowerSystemResource.SubType>
<iescim:PowerSystemResource.DeviceID>4503599627422371</iescim:PowerSystemResource.DeviceID>
<iescim:PowerSystemResource.DeviceType>16</iescim:PowerSystemResource.DeviceType>
<iescim:PowerSystemResource.Cxmc></iescim:PowerSystemResource.Cxmc>
</cim:Breaker>
<cim:Breaker rdf:ID="30500000_1517094402">
<cim:IdentifiedObject.name>霍童变电站.10kV.九都丙线间隔.925开关</cim:IdentifiedObject.name>
<cim:IdentifiedObject.bianhao>_</cim:IdentifiedObject.bianhao>
<cim:Equipment.EquipmentContainer rdf:resource="#30000000_1516821867"/>
<cim:PowerSystemResource.Circuit rdf:resource="#10000100_1542318444" />
<cim:ConductingEquipment.BaseVoltage rdf:resource="#BaseVoltage_5"/>
<iescim:PowerSystemResource.SubType>1</iescim:PowerSystemResource.SubType>
<iescim:PowerSystemResource.DeviceID>4503599627600228</iescim:PowerSystemResource.DeviceID>
<iescim:PowerSystemResource.DeviceType>16</iescim:PowerSystemResource.DeviceType>
<iescim:PowerSystemResource.Cxmc></iescim:PowerSystemResource.Cxmc>
</cim:Breaker>
<cim:Disconnector rdf:ID="11300000_1272135">
<cim:IdentifiedObject.name>10kV九都II线#002杆0021刀闸</cim:IdentifiedObject.name>
<cim:IdentifiedObject.bianhao>0021</cim:IdentifiedObject.bianhao>
<cim:PowerSystemResource.Circuit rdf:resource="#10000100_1542318444" />
<cim:ConductingEquipment.BaseVoltage rdf:resource="#BaseVoltage_5"/>
<iescim:PowerSystemResource.SubType>6</iescim:PowerSystemResource.SubType>
<iescim:PowerSystemResource.DeviceID>4785074604100433</iescim:PowerSystemResource.DeviceID>
<iescim:PowerSystemResource.DeviceType>17</iescim:PowerSystemResource.DeviceType>
<iescim:PowerSystemResource.Cxmc></iescim:PowerSystemResource.Cxmc>
</cim:Disconnector>
<cim:Disconnector rdf:ID="11300000_1556080">
<cim:IdentifiedObject.name>10kV九都II线#037杆0371刀闸</cim:IdentifiedObject.name>
<cim:IdentifiedObject.bianhao>0371</cim:IdentifiedObject.bianhao>
<cim:PowerSystemResource.Circuit rdf:resource="#10000100_1542318444" />
<cim:ConductingEquipment.BaseVoltage rdf:resource="#BaseVoltage_5"/>
<iescim:PowerSystemResource.SubType>6</iescim:PowerSystemResource.SubType>
<iescim:PowerSystemResource.DeviceID>4785074604149089</iescim:PowerSystemResource.DeviceID>
<iescim:PowerSystemResource.DeviceType>17</iescim:PowerSystemResource.DeviceType>
<iescim:PowerSystemResource.Cxmc></iescim:PowerSystemResource.Cxmc>
</cim:Disconnector>
<cim:Disconnector rdf:ID="11300000_1556081">
<cim:IdentifiedObject.name>10kV九都II线#037-3杆037-31刀闸</cim:IdentifiedObject.name>
<cim:IdentifiedObject.bianhao>037-31</cim:IdentifiedObject.bianhao>
<cim:PowerSystemResource.Circuit rdf:resource="#10000100_1542318444" />
<cim:ConductingEquipment.BaseVoltage rdf:resource="#BaseVoltage_5"/>
<iescim:PowerSystemResource.SubType>6</iescim:PowerSystemResource.SubType>
<iescim:PowerSystemResource.DeviceID>4785074604149090</iescim:PowerSystemResource.DeviceID>
<iescim:PowerSystemResource.DeviceType>17</iescim:PowerSystemResource.DeviceType>
<iescim:PowerSystemResource.Cxmc></iescim:PowerSystemResource.Cxmc>
</cim:Disconnector>
<cim:Disconnector rdf:ID="11300000_3291503">
<cim:IdentifiedObject.name>10kV九都Ⅱ线#037-1杆037-11刀闸</cim:IdentifiedObject.name>
<cim:IdentifiedObject.bianhao>037-11</cim:IdentifiedObject.bianhao>
<cim:PowerSystemResource.Circuit rdf:resource="#10000100_1542318444" />
<cim:ConductingEquipment.BaseVoltage rdf:resource="#BaseVoltage_5"/>
<iescim:PowerSystemResource.SubType>6</iescim:PowerSystemResource.SubType>
<iescim:PowerSystemResource.DeviceID>4785074604203104</iescim:PowerSystemResource.DeviceID>
<iescim:PowerSystemResource.DeviceType>17</iescim:PowerSystemResource.DeviceType>
<iescim:PowerSystemResource.Cxmc></iescim:PowerSystemResource.Cxmc>
</cim:Disconnector>
<cim:Disconnector rdf:ID="11300000_3291508">
<cim:IdentifiedObject.name>10kV九都Ⅱ线#037-1-2杆037-1-21刀闸</cim:IdentifiedObject.name>
<cim:IdentifiedObject.bianhao>037-1-21</cim:IdentifiedObject.bianhao>
<cim:PowerSystemResource.Circuit rdf:resource="#10000100_1542318444" />
<cim:ConductingEquipment.BaseVoltage rdf:resource="#BaseVoltage_5"/>
<iescim:PowerSystemResource.SubType>6</iescim:PowerSystemResource.SubType>
<iescim:PowerSystemResource.DeviceID>4785074604203105</iescim:PowerSystemResource.DeviceID>
<iescim:PowerSystemResource.DeviceType>17</iescim:PowerSystemResource.DeviceType>
<iescim:PowerSystemResource.Cxmc></iescim:PowerSystemResource.Cxmc>
</cim:Disconnector>
<cim:Disconnector rdf:ID="11300000_3291530">
<cim:IdentifiedObject.name>10kV九都II线#037-1-3杆037-1-31刀闸</cim:IdentifiedObject.name>
<cim:IdentifiedObject.bianhao>037-1-31</cim:IdentifiedObject.bianhao>
<cim:PowerSystemResource.Circuit rdf:resource="#10000100_1542318444" />
<cim:ConductingEquipment.BaseVoltage rdf:resource="#BaseVoltage_5"/>
<iescim:PowerSystemResource.SubType>6</iescim:PowerSystemResource.SubType>
<iescim:PowerSystemResource.DeviceID>4785074604203106</iescim:PowerSystemResource.DeviceID>
<iescim:PowerSystemResource.DeviceType>17</iescim:PowerSystemResource.DeviceType>
<iescim:PowerSystemResource.Cxmc></iescim:PowerSystemResource.Cxmc>
</cim:Disconnector>
<cim:Disconnector rdf:ID="30600001_3114555">
<cim:IdentifiedObject.name>10kV火车站路灯变（ZE065）变备用9026接地刀闸</cim:IdentifiedObject.name>
<cim:IdentifiedObject.bianhao>备用9026</cim:IdentifiedObject.bianhao>
<cim:Equipment.EquipmentContainer rdf:resource="#30000006_4116192"/>
<cim:PowerSystemResource.Circuit rdf:resource="#10000100_1542318444" />
<cim:ConductingEquipment.BaseVoltage rdf:resource="#BaseVoltage_5"/>
<iescim:PowerSystemResource.SubType>9</iescim:PowerSystemResource.SubType>
<iescim:PowerSystemResource.DeviceID>4785074604209346</iescim:PowerSystemResource.DeviceID>
<iescim:PowerSystemResource.DeviceType>17</iescim:PowerSystemResource.DeviceType>
<iescim:PowerSystemResource.Cxmc></iescim:PowerSystemResource.Cxmc>
</cim:Disconnector>
<cim:Disconnector rdf:ID="30600001_3114556">
<cim:IdentifiedObject.name>10kV火车站路灯变（ZE065）变火车站路灯变9036接地刀闸</cim:IdentifiedObject.name>
<cim:IdentifiedObject.bianhao>_</cim:IdentifiedObject.bianhao>
<cim:Equipment.EquipmentContainer rdf:resource="#30000006_4116192"/>
<cim:PowerSystemResource.Circuit rdf:resource="#10000100_1542318444" />
<cim:ConductingEquipment.BaseVoltage rdf:resource="#BaseVoltage_5"/>
<iescim:PowerSystemResource.SubType>9</iescim:PowerSystemResource.SubType>
<iescim:PowerSystemResource.DeviceID>4785074604209347</iescim:PowerSystemResource.DeviceID>
<iescim:PowerSystemResource.DeviceType>17</iescim:PowerSystemResource.DeviceType>
<iescim:PowerSystemResource.Cxmc></iescim:PowerSystemResource.Cxmc>
</cim:Disconnector>
<cim:Disconnector rdf:ID="11300000_3451542">
<cim:IdentifiedObject.name>10kV九都II线#037-1-7杆037-1-71刀闸</cim:IdentifiedObject.name>
<cim:IdentifiedObject.bianhao>037-1-71</cim:IdentifiedObject.bianhao>
<cim:PowerSystemResource.Circuit rdf:resource="#10000100_1542318444" />
<cim:ConductingEquipment.BaseVoltage rdf:resource="#BaseVoltage_5"/>
<iescim:PowerSystemResource.SubType>6</iescim:PowerSystemResource.SubType>
<iescim:PowerSystemResource.DeviceID>4785074604209349</iescim:PowerSystemResource.DeviceID>
<iescim:PowerSystemResource.DeviceType>17</iescim:PowerSystemResource.DeviceType>
<iescim:PowerSystemResource.Cxmc></iescim:PowerSystemResource.Cxmc>
</cim:Disconnector>
<cim:Disconnector rdf:ID="30600001_1517094599">
<cim:IdentifiedObject.name>霍童变电站.10kV.九都丙线间隔.9256接地刀闸</cim:IdentifiedObject.name>
<cim:IdentifiedObject.bianhao>_</cim:IdentifiedObject.bianhao>
<cim:Equipment.EquipmentContainer rdf:resource="#30000000_1516821867"/>
<cim:PowerSystemResource.Circuit rdf:resource="#10000100_1542318444" />
<cim:ConductingEquipment.BaseVoltage rdf:resource="#BaseVoltage_5"/>
<iescim:PowerSystemResource.SubType>9</iescim:PowerSystemResource.SubType>
<iescim:PowerSystemResource.DeviceID>4785074604298859</iescim:PowerSystemResource.DeviceID>
<iescim:PowerSystemResource.DeviceType>17</iescim:PowerSystemResource.DeviceType>
<iescim:PowerSystemResource.Cxmc></iescim:PowerSystemResource.Cxmc>
</cim:Disconnector>
<cim:Fuse rdf:ID="30900002_603881">
<cim:IdentifiedObject.name>10kV火车站路灯变（ZE065）变903变压器间隔熔丝</cim:IdentifiedObject.name>
<cim:IdentifiedObject.bianhao>_</cim:IdentifiedObject.bianhao>
<cim:Equipment.EquipmentContainer rdf:resource="#30000006_4116192"/>
<cim:PowerSystemResource.Circuit rdf:resource="#10000100_1542318444" />
<cim:ConductingEquipment.BaseVoltage rdf:resource="#BaseVoltage_5"/>
<iescim:PowerSystemResource.SubType>1</iescim:PowerSystemResource.SubType>
<iescim:PowerSystemResource.DeviceID>8162774324737220</iescim:PowerSystemResource.DeviceID>
<iescim:PowerSystemResource.DeviceType>29</iescim:PowerSystemResource.DeviceType>
<iescim:PowerSystemResource.Cxmc></iescim:PowerSystemResource.Cxmc>
</cim:Fuse>
<cim:PowerTransformer rdf:ID="30200003_1255123">
<cim:IdentifiedObject.name>火车站路灯变（ZE065）变</cim:IdentifiedObject.name>
<cim:IdentifiedObject.bianhao></cim:IdentifiedObject.bianhao>
<cim:Equipment.EquipmentContainer rdf:resource="#30000006_4116192"/>
<cim:PowerSystemResource.Circuit rdf:resource="#10000100_1542318444" />
<cim:ConductingEquipment.BaseVoltage rdf:resource="#BaseVoltage_5"/>
<iescim:PowerSystemResource.SubType>1</iescim:PowerSystemResource.SubType>
<iescim:PowerSystemResource.DeviceID>12384898975302424</iescim:PowerSystemResource.DeviceID>
<iescim:PowerSystemResource.DeviceType>44</iescim:PowerSystemResource.DeviceType>
<iescim:PowerSystemResource.UserType>0</iescim:PowerSystemResource.UserType>
<iescim:PowerSystemResource.TaiQuHao>_</iescim:PowerSystemResource.TaiQuHao>
</cim:PowerTransformer>
<cim:BusbarSection rdf:ID="31100000_1071752">
<cim:IdentifiedObject.name>10kV火车站路灯变（ZE065）变10kV母线</cim:IdentifiedObject.name>
<cim:IdentifiedObject.bianhao></cim:IdentifiedObject.bianhao>
<cim:Equipment.EquipmentContainer rdf:resource="#30000006_4116192"/>
<cim:PowerSystemResource.Circuit rdf:resource="#10000100_1542318444" />
<cim:ConductingEquipment.BaseVoltage rdf:resource="#BaseVoltage_5"/>
<iescim:PowerSystemResource.SubType>0</iescim:PowerSystemResource.SubType>
<iescim:PowerSystemResource.DeviceID>5348024557518801</iescim:PowerSystemResource.DeviceID>
<iescim:PowerSystemResource.DeviceType>19</iescim:PowerSystemResource.DeviceType>
</cim:BusbarSection>
<cim:BusbarSection rdf:ID="31100000_1516821988">
<cim:IdentifiedObject.name>霍童变电站.10kV.Ⅱ段母线</cim:IdentifiedObject.name>
<cim:IdentifiedObject.bianhao></cim:IdentifiedObject.bianhao>
<cim:Equipment.EquipmentContainer rdf:resource="#30000000_1516821867"/>
<cim:PowerSystemResource.Circuit rdf:resource="#_" />
<cim:ConductingEquipment.BaseVoltage rdf:resource="#BaseVoltage_5"/>
<iescim:PowerSystemResource.SubType>0</iescim:PowerSystemResource.SubType>
<iescim:PowerSystemResource.DeviceID>5348024557553934</iescim:PowerSystemResource.DeviceID>
<iescim:PowerSystemResource.DeviceType>19</iescim:PowerSystemResource.DeviceType>
</cim:BusbarSection>
<cim:BusbarSection rdf:ID="31100000_1517093703">
<cim:IdentifiedObject.name>霍童变电站.10kV.Ⅰ段母线</cim:IdentifiedObject.name>
<cim:IdentifiedObject.bianhao></cim:IdentifiedObject.bianhao>
<cim:Equipment.EquipmentContainer rdf:resource="#30000000_1516821867"/>
<cim:PowerSystemResource.Circuit rdf:resource="#_" />
<cim:ConductingEquipment.BaseVoltage rdf:resource="#BaseVoltage_5"/>
<iescim:PowerSystemResource.SubType>0</iescim:PowerSystemResource.SubType>
<iescim:PowerSystemResource.DeviceID>5348024557553936</iescim:PowerSystemResource.DeviceID>
<iescim:PowerSystemResource.DeviceType>19</iescim:PowerSystemResource.DeviceType>
</cim:BusbarSection>
<cim:ACLineSegment rdf:ID="10100000_6149454">
<cim:IdentifiedObject.name>10kV九都II线#016-10kV九都II线#017</cim:IdentifiedObject.name>
<cim:IdentifiedObject.bianhao></cim:IdentifiedObject.bianhao>
<cim:PowerSystemResource.Circuit rdf:resource="#10000100_1542318444" />
<cim:ConductingEquipment.BaseVoltage rdf:resource="#BaseVoltage_5"/>
<iescim:PowerSystemResource.SubType>2</iescim:PowerSystemResource.SubType>
<iescim:PowerSystemResource.DeviceID>5629499534215916</iescim:PowerSystemResource.DeviceID>
<iescim:PowerSystemResource.DeviceType>20</iescim:PowerSystemResource.DeviceType>
</cim:ACLineSegment>
<cim:ACLineSegment rdf:ID="10100000_7428150">
<cim:IdentifiedObject.name>10kV九都II线#036-1-10kV九都II线#036-2导线</cim:IdentifiedObject.name>
<cim:IdentifiedObject.bianhao></cim:IdentifiedObject.bianhao>
<cim:PowerSystemResource.Circuit rdf:resource="#10000100_1542318444" />
<cim:ConductingEquipment.BaseVoltage rdf:resource="#BaseVoltage_5"/>
<iescim:PowerSystemResource.SubType>2</iescim:PowerSystemResource.SubType>
<iescim:PowerSystemResource.DeviceID>5629499534216040</iescim:PowerSystemResource.DeviceID>
<iescim:PowerSystemResource.DeviceType>20</iescim:PowerSystemResource.DeviceType>
</cim:ACLineSegment>
<cim:ACLineSegment rdf:ID="13000000_10256467">
<cim:IdentifiedObject.name>-连接线-</cim:IdentifiedObject.name>
<cim:IdentifiedObject.bianhao></cim:IdentifiedObject.bianhao>
<cim:PowerSystemResource.Circuit rdf:resource="#10000100_1542318444" />
<cim:ConductingEquipment.BaseVoltage rdf:resource="#BaseVoltage_5"/>
<iescim:PowerSystemResource.SubType>3</iescim:PowerSystemResource.SubType>
<iescim:PowerSystemResource.DeviceID>5629499534216054</iescim:PowerSystemResource.DeviceID>
<iescim:PowerSystemResource.DeviceType>20</iescim:PowerSystemResource.DeviceType>
</cim:ACLineSegment>
<cim:ACLineSegment rdf:ID="13000000_9216070">
<cim:IdentifiedObject.name>站外-连接线</cim:IdentifiedObject.name>
<cim:IdentifiedObject.bianhao></cim:IdentifiedObject.bianhao>
<cim:PowerSystemResource.Circuit rdf:resource="#10000100_1542318444" />
<cim:ConductingEquipment.BaseVoltage rdf:resource="#BaseVoltage_5"/>
<iescim:PowerSystemResource.SubType>3</iescim:PowerSystemResource.SubType>
<iescim:PowerSystemResource.DeviceID>5629499534216187</iescim:PowerSystemResource.DeviceID>
<iescim:PowerSystemResource.DeviceType>20</iescim:PowerSystemResource.DeviceType>
</cim:ACLineSegment>
<cim:ACLineSegment rdf:ID="13000000_9230472">
<cim:IdentifiedObject.name>站外-连接线</cim:IdentifiedObject.name>
<cim:IdentifiedObject.bianhao></cim:IdentifiedObject.bianhao>
<cim:PowerSystemResource.Circuit rdf:resource="#10000100_1542318444" />
<cim:ConductingEquipment.BaseVoltage rdf:resource="#BaseVoltage_5"/>
<iescim:PowerSystemResource.SubType>3</iescim:PowerSystemResource.SubType>
<iescim:PowerSystemResource.DeviceID>5629499534216231</iescim:PowerSystemResource.DeviceID>
<iescim:PowerSystemResource.DeviceType>20</iescim:PowerSystemResource.DeviceType>
</cim:ACLineSegment>
<cim:ACLineSegment rdf:ID="10100000_6204473">
<cim:IdentifiedObject.name>10kV九都II线#001-10kV九都II线#002</cim:IdentifiedObject.name>
<cim:IdentifiedObject.bianhao></cim:IdentifiedObject.bianhao>
<cim:PowerSystemResource.Circuit rdf:resource="#10000100_1542318444" />
<cim:ConductingEquipment.BaseVoltage rdf:resource="#BaseVoltage_5"/>
<iescim:PowerSystemResource.SubType>2</iescim:PowerSystemResource.SubType>
<iescim:PowerSystemResource.DeviceID>5629499534410969</iescim:PowerSystemResource.DeviceID>
<iescim:PowerSystemResource.DeviceType>20</iescim:PowerSystemResource.DeviceType>
</cim:ACLineSegment>
<cim:ACLineSegment rdf:ID="13000000_12705353">
<cim:IdentifiedObject.name>站外-连接线</cim:IdentifiedObject.name>
<cim:IdentifiedObject.bianhao></cim:IdentifiedObject.bianhao>
<cim:PowerSystemResource.Circuit rdf:resource="#10000100_1542318444" />
<cim:ConductingEquipment.BaseVoltage rdf:resource="#BaseVoltage_5"/>
<iescim:PowerSystemResource.SubType>3</iescim:PowerSystemResource.SubType>
<iescim:PowerSystemResource.DeviceID>5629499534410971</iescim:PowerSystemResource.DeviceID>
<iescim:PowerSystemResource.DeviceType>20</iescim:PowerSystemResource.DeviceType>
</cim:ACLineSegment>
<cim:ACLineSegment rdf:ID="20100000_985855">
<cim:IdentifiedObject.name>站外-电缆终端头-站外-电缆终端头1404229</cim:IdentifiedObject.name>
<cim:IdentifiedObject.bianhao></cim:IdentifiedObject.bianhao>
<cim:PowerSystemResource.Circuit rdf:resource="#10000100_1542318444" />
<cim:ConductingEquipment.BaseVoltage rdf:resource="#BaseVoltage_5"/>
<iescim:PowerSystemResource.SubType>1</iescim:PowerSystemResource.SubType>
<iescim:PowerSystemResource.DeviceID>5629499534410977</iescim:PowerSystemResource.DeviceID>
<iescim:PowerSystemResource.DeviceType>20</iescim:PowerSystemResource.DeviceType>
</cim:ACLineSegment>
<cim:ACLineSegment rdf:ID="13000000_15501022">
<cim:IdentifiedObject.name>站外-连接线</cim:IdentifiedObject.name>
<cim:IdentifiedObject.bianhao></cim:IdentifiedObject.bianhao>
<cim:PowerSystemResource.Circuit rdf:resource="#10000100_1542318444" />
<cim:ConductingEquipment.BaseVoltage rdf:resource="#BaseVoltage_5"/>
<iescim:PowerSystemResource.SubType>3</iescim:PowerSystemResource.SubType>
<iescim:PowerSystemResource.DeviceID>5629499534592133</iescim:PowerSystemResource.DeviceID>
<iescim:PowerSystemResource.DeviceType>20</iescim:PowerSystemResource.DeviceType>
</cim:ACLineSegment>
<cim:ACLineSegment rdf:ID="10100000_12106224">
<cim:IdentifiedObject.name>10kV九都II线#037-1-001杆-10kV九都II线#037-1-002杆导线</cim:IdentifiedObject.name>
<cim:IdentifiedObject.bianhao></cim:IdentifiedObject.bianhao>
<cim:PowerSystemResource.Circuit rdf:resource="#10000100_1542318444" />
<cim:ConductingEquipment.BaseVoltage rdf:resource="#BaseVoltage_5"/>
<iescim:PowerSystemResource.SubType>2</iescim:PowerSystemResource.SubType>
<iescim:PowerSystemResource.DeviceID>5629499534593798</iescim:PowerSystemResource.DeviceID>
<iescim:PowerSystemResource.DeviceType>20</iescim:PowerSystemResource.DeviceType>
</cim:ACLineSegment>
<cim:ACLineSegment rdf:ID="10100000_12106225">
<cim:IdentifiedObject.name>10kV九都II线#037-1-3杆-10kV九都II线#037-1-4杆导线</cim:IdentifiedObject.name>
<cim:IdentifiedObject.bianhao></cim:IdentifiedObject.bianhao>
<cim:PowerSystemResource.Circuit rdf:resource="#10000100_1542318444" />
<cim:ConductingEquipment.BaseVoltage rdf:resource="#BaseVoltage_5"/>
<iescim:PowerSystemResource.SubType>2</iescim:PowerSystemResource.SubType>
<iescim:PowerSystemResource.DeviceID>5629499534593799</iescim:PowerSystemResource.DeviceID>
<iescim:PowerSystemResource.DeviceType>20</iescim:PowerSystemResource.DeviceType>
</cim:ACLineSegment>
<cim:ACLineSegment rdf:ID="10100000_7428620">
<cim:IdentifiedObject.name>未命名-10kV九都II线#036-1导线</cim:IdentifiedObject.name>
<cim:IdentifiedObject.bianhao></cim:IdentifiedObject.bianhao>
<cim:PowerSystemResource.Circuit rdf:resource="#10000100_1542318444" />
<cim:ConductingEquipment.BaseVoltage rdf:resource="#BaseVoltage_5"/>
<iescim:PowerSystemResource.SubType>2</iescim:PowerSystemResource.SubType>
<iescim:PowerSystemResource.DeviceID>5629499534593800</iescim:PowerSystemResource.DeviceID>
<iescim:PowerSystemResource.DeviceType>20</iescim:PowerSystemResource.DeviceType>
</cim:ACLineSegment>
<cim:ACLineSegment rdf:ID="13000000_15536896">
<cim:IdentifiedObject.name>-连接线-</cim:IdentifiedObject.name>
<cim:IdentifiedObject.bianhao></cim:IdentifiedObject.bianhao>
<cim:PowerSystemResource.Circuit rdf:resource="#10000100_1542318444" />
<cim:ConductingEquipment.BaseVoltage rdf:resource="#BaseVoltage_5"/>
<iescim:PowerSystemResource.SubType>3</iescim:PowerSystemResource.SubType>
<iescim:PowerSystemResource.DeviceID>5629499534593801</iescim:PowerSystemResource.DeviceID>
<iescim:PowerSystemResource.DeviceType>20</iescim:PowerSystemResource.DeviceType>
</cim:ACLineSegment>
<cim:ACLineSegment rdf:ID="13000000_15536897">
<cim:IdentifiedObject.name>站外-连接线</cim:IdentifiedObject.name>
<cim:IdentifiedObject.bianhao></cim:IdentifiedObject.bianhao>
<cim:PowerSystemResource.Circuit rdf:resource="#10000100_1542318444" />
<cim:ConductingEquipment.BaseVoltage rdf:resource="#BaseVoltage_5"/>
<iescim:PowerSystemResource.SubType>3</iescim:PowerSystemResource.SubType>
<iescim:PowerSystemResource.DeviceID>5629499534593802</iescim:PowerSystemResource.DeviceID>
<iescim:PowerSystemResource.DeviceType>20</iescim:PowerSystemResource.DeviceType>
</cim:ACLineSegment>
<cim:ACLineSegment rdf:ID="13000000_15536906">
<cim:IdentifiedObject.name>-连接线-</cim:IdentifiedObject.name>
<cim:IdentifiedObject.bianhao></cim:IdentifiedObject.bianhao>
<cim:PowerSystemResource.Circuit rdf:resource="#10000100_1542318444" />
<cim:ConductingEquipment.BaseVoltage rdf:resource="#BaseVoltage_5"/>
<iescim:PowerSystemResource.SubType>3</iescim:PowerSystemResource.SubType>
<iescim:PowerSystemResource.DeviceID>5629499534593803</iescim:PowerSystemResource.DeviceID>
<iescim:PowerSystemResource.DeviceType>20</iescim:PowerSystemResource.DeviceType>
</cim:ACLineSegment>
<cim:ACLineSegment rdf:ID="13000000_15536922">
<cim:IdentifiedObject.name>-连接线-</cim:IdentifiedObject.name>
<cim:IdentifiedObject.bianhao></cim:IdentifiedObject.bianhao>
<cim:PowerSystemResource.Circuit rdf:resource="#10000100_1542318444" />
<cim:ConductingEquipment.BaseVoltage rdf:resource="#BaseVoltage_5"/>
<iescim:PowerSystemResource.SubType>3</iescim:PowerSystemResource.SubType>
<iescim:PowerSystemResource.DeviceID>5629499534593804</iescim:PowerSystemResource.DeviceID>
<iescim:PowerSystemResource.DeviceType>20</iescim:PowerSystemResource.DeviceType>
</cim:ACLineSegment>
<cim:ACLineSegment rdf:ID="13000000_15536970">
<cim:IdentifiedObject.name>-连接线-</cim:IdentifiedObject.name>
<cim:IdentifiedObject.bianhao></cim:IdentifiedObject.bianhao>
<cim:PowerSystemResource.Circuit rdf:resource="#10000100_1542318444" />
<cim:ConductingEquipment.BaseVoltage rdf:resource="#BaseVoltage_5"/>
<iescim:PowerSystemResource.SubType>3</iescim:PowerSystemResource.SubType>
<iescim:PowerSystemResource.DeviceID>5629499534593805</iescim:PowerSystemResource.DeviceID>
<iescim:PowerSystemResource.DeviceType>20</iescim:PowerSystemResource.DeviceType>
</cim:ACLineSegment>
<cim:ACLineSegment rdf:ID="13000000_15536977">
<cim:IdentifiedObject.name>站外-连接线</cim:IdentifiedObject.name>
<cim:IdentifiedObject.bianhao></cim:IdentifiedObject.bianhao>
<cim:PowerSystemResource.Circuit rdf:resource="#10000100_1542318444" />
<cim:ConductingEquipment.BaseVoltage rdf:resource="#BaseVoltage_5"/>
<iescim:PowerSystemResource.SubType>3</iescim:PowerSystemResource.SubType>
<iescim:PowerSystemResource.DeviceID>5629499534593806</iescim:PowerSystemResource.DeviceID>
<iescim:PowerSystemResource.DeviceType>20</iescim:PowerSystemResource.DeviceType>
</cim:ACLineSegment>
<cim:ACLineSegment rdf:ID="13000000_15536978">
<cim:IdentifiedObject.name>站外-连接线</cim:IdentifiedObject.name>
<cim:IdentifiedObject.bianhao></cim:IdentifiedObject.bianhao>
<cim:PowerSystemResource.Circuit rdf:resource="#10000100_1542318444" />
<cim:ConductingEquipment.BaseVoltage rdf:resource="#BaseVoltage_5"/>
<iescim:PowerSystemResource.SubType>3</iescim:PowerSystemResource.SubType>
<iescim:PowerSystemResource.DeviceID>5629499534593807</iescim:PowerSystemResource.DeviceID>
<iescim:PowerSystemResource.DeviceType>20</iescim:PowerSystemResource.DeviceType>
</cim:ACLineSegment>
<cim:ACLineSegment rdf:ID="20100000_1374352">
<cim:IdentifiedObject.name>10kV九都II线#037-1-2杆-10kV九都II线#037-1-3杆</cim:IdentifiedObject.name>
<cim:IdentifiedObject.bianhao></cim:IdentifiedObject.bianhao>
<cim:PowerSystemResource.Circuit rdf:resource="#10000100_1542318444" />
<cim:ConductingEquipment.BaseVoltage rdf:resource="#BaseVoltage_5"/>
<iescim:PowerSystemResource.SubType>1</iescim:PowerSystemResource.SubType>
<iescim:PowerSystemResource.DeviceID>5629499534593810</iescim:PowerSystemResource.DeviceID>
<iescim:PowerSystemResource.DeviceType>20</iescim:PowerSystemResource.DeviceType>
</cim:ACLineSegment>
<cim:ACLineSegment rdf:ID="36000000_21610128">
<cim:IdentifiedObject.name>站内-连接线</cim:IdentifiedObject.name>
<cim:IdentifiedObject.bianhao></cim:IdentifiedObject.bianhao>
<cim:Equipment.EquipmentContainer rdf:resource="#30000006_4116192"/>
<cim:PowerSystemResource.Circuit rdf:resource="#10000100_1542318444" />
<cim:ConductingEquipment.BaseVoltage rdf:resource="#BaseVoltage_5"/>
<iescim:PowerSystemResource.SubType>3</iescim:PowerSystemResource.SubType>
<iescim:PowerSystemResource.DeviceID>5629499534623039</iescim:PowerSystemResource.DeviceID>
<iescim:PowerSystemResource.DeviceType>20</iescim:PowerSystemResource.DeviceType>
</cim:ACLineSegment>
<cim:ACLineSegment rdf:ID="13000000_16022228">
<cim:IdentifiedObject.name>-连接线-</cim:IdentifiedObject.name>
<cim:IdentifiedObject.bianhao></cim:IdentifiedObject.bianhao>
<cim:PowerSystemResource.Circuit rdf:resource="#10000100_1542318444" />
<cim:ConductingEquipment.BaseVoltage rdf:resource="#BaseVoltage_5"/>
<iescim:PowerSystemResource.SubType>3</iescim:PowerSystemResource.SubType>
<iescim:PowerSystemResource.DeviceID>5629499534623043</iescim:PowerSystemResource.DeviceID>
<iescim:PowerSystemResource.DeviceType>20</iescim:PowerSystemResource.DeviceType>
</cim:ACLineSegment>
<cim:ACLineSegment rdf:ID="13000000_16022229">
<cim:IdentifiedObject.name>站外-连接线</cim:IdentifiedObject.name>
<cim:IdentifiedObject.bianhao></cim:IdentifiedObject.bianhao>
<cim:PowerSystemResource.Circuit rdf:resource="#10000100_1542318444" />
<cim:ConductingEquipment.BaseVoltage rdf:resource="#BaseVoltage_5"/>
<iescim:PowerSystemResource.SubType>3</iescim:PowerSystemResource.SubType>
<iescim:PowerSystemResource.DeviceID>5629499534623044</iescim:PowerSystemResource.DeviceID>
<iescim:PowerSystemResource.DeviceType>20</iescim:PowerSystemResource.DeviceType>
</cim:ACLineSegment>
<cim:ACLineSegment rdf:ID="14000000_7481346">
<cim:IdentifiedObject.name>站外-超连接线</cim:IdentifiedObject.name>
<cim:IdentifiedObject.bianhao></cim:IdentifiedObject.bianhao>
<cim:PowerSystemResource.Circuit rdf:resource="#10000100_1542318444" />
<cim:ConductingEquipment.BaseVoltage rdf:resource="#BaseVoltage_5"/>
<iescim:PowerSystemResource.SubType>1</iescim:PowerSystemResource.SubType>
<iescim:PowerSystemResource.DeviceID>5629499534623045</iescim:PowerSystemResource.DeviceID>
<iescim:PowerSystemResource.DeviceType>20</iescim:PowerSystemResource.DeviceType>
</cim:ACLineSegment>
<cim:ACLineSegment rdf:ID="20100000_1444777">
<cim:IdentifiedObject.name>10kV九都II线#037-1-7杆电缆终端头-10kV火车站路灯变（ZE065）变901间隔电缆终端头</cim:IdentifiedObject.name>
<cim:IdentifiedObject.bianhao></cim:IdentifiedObject.bianhao>
<cim:PowerSystemResource.Circuit rdf:resource="#10000100_1542318444" />
<cim:ConductingEquipment.BaseVoltage rdf:resource="#BaseVoltage_5"/>
<iescim:PowerSystemResource.SubType>1</iescim:PowerSystemResource.SubType>
<iescim:PowerSystemResource.DeviceID>5629499534623046</iescim:PowerSystemResource.DeviceID>
<iescim:PowerSystemResource.DeviceType>20</iescim:PowerSystemResource.DeviceType>
</cim:ACLineSegment>
<cim:ACLineSegment rdf:ID="14000000_1542475074">
<cim:IdentifiedObject.name>站外-超连接线</cim:IdentifiedObject.name>
<cim:IdentifiedObject.bianhao></cim:IdentifiedObject.bianhao>
<cim:PowerSystemResource.Circuit rdf:resource="#10000100_1542318444" />
<cim:ConductingEquipment.BaseVoltage rdf:resource="#BaseVoltage_5"/>
<iescim:PowerSystemResource.SubType>1</iescim:PowerSystemResource.SubType>
<iescim:PowerSystemResource.DeviceID>5629499537948133</iescim:PowerSystemResource.DeviceID>
<iescim:PowerSystemResource.DeviceType>20</iescim:PowerSystemResource.DeviceType>
</cim:ACLineSegment>
<cim:Pole rdf:ID="10200001_6327070">
<cim:IdentifiedObject.name>10kV九都II线#002杆</cim:IdentifiedObject.name>
<cim:IdentifiedObject.bianhao></cim:IdentifiedObject.bianhao>
<cim:PowerSystemResource.Circuit rdf:resource="#10000100_1542318444" />
<cim:ConductingEquipment.BaseVoltage rdf:resource="#BaseVoltage_5"/>
<iescim:PowerSystemResource.DeviceType>43</iescim:PowerSystemResource.DeviceType>
<iescim:PowerSystemResource.SubType>1</iescim:PowerSystemResource.SubType>
<iescim:PowerSystemResource.DeviceID>12103423998558929</iescim:PowerSystemResource.DeviceID>
</cim:Pole>
<cim:Pole rdf:ID="10200001_7579639">
<cim:IdentifiedObject.name>10kV九都II线#037-3杆</cim:IdentifiedObject.name>
<cim:IdentifiedObject.bianhao></cim:IdentifiedObject.bianhao>
<cim:PowerSystemResource.Circuit rdf:resource="#10000100_1542318444" />
<cim:ConductingEquipment.BaseVoltage rdf:resource="#BaseVoltage_5"/>
<iescim:PowerSystemResource.DeviceType>43</iescim:PowerSystemResource.DeviceType>
<iescim:PowerSystemResource.SubType>1</iescim:PowerSystemResource.SubType>
<iescim:PowerSystemResource.DeviceID>12103423998559037</iescim:PowerSystemResource.DeviceID>
</cim:Pole>
<cim:Pole rdf:ID="10200001_6401485">
<cim:IdentifiedObject.name>10kV九都II线#001杆</cim:IdentifiedObject.name>
<cim:IdentifiedObject.bianhao></cim:IdentifiedObject.bianhao>
<cim:PowerSystemResource.Circuit rdf:resource="#10000100_1542318444" />
<cim:ConductingEquipment.BaseVoltage rdf:resource="#BaseVoltage_5"/>
<iescim:PowerSystemResource.DeviceType>43</iescim:PowerSystemResource.DeviceType>
<iescim:PowerSystemResource.SubType>1</iescim:PowerSystemResource.SubType>
<iescim:PowerSystemResource.DeviceID>12103423998607094</iescim:PowerSystemResource.DeviceID>
</cim:Pole>
<cim:Pole rdf:ID="10200001_6320294">
<cim:IdentifiedObject.name>10kV九都II线#037杆</cim:IdentifiedObject.name>
<cim:IdentifiedObject.bianhao></cim:IdentifiedObject.bianhao>
<cim:PowerSystemResource.Circuit rdf:resource="#10000100_1542318444" />
<cim:ConductingEquipment.BaseVoltage rdf:resource="#BaseVoltage_5"/>
<iescim:PowerSystemResource.DeviceType>43</iescim:PowerSystemResource.DeviceType>
<iescim:PowerSystemResource.SubType>1</iescim:PowerSystemResource.SubType>
<iescim:PowerSystemResource.DeviceID>12103423998620568</iescim:PowerSystemResource.DeviceID>
</cim:Pole>
<cim:Pole rdf:ID="10200001_12149964">
<cim:IdentifiedObject.name>10kV九都II线#037-1-1杆</cim:IdentifiedObject.name>
<cim:IdentifiedObject.bianhao></cim:IdentifiedObject.bianhao>
<cim:PowerSystemResource.Circuit rdf:resource="#10000100_1542318444" />
<cim:ConductingEquipment.BaseVoltage rdf:resource="#BaseVoltage_5"/>
<iescim:PowerSystemResource.DeviceType>43</iescim:PowerSystemResource.DeviceType>
<iescim:PowerSystemResource.SubType>1</iescim:PowerSystemResource.SubType>
<iescim:PowerSystemResource.DeviceID>12103423998620681</iescim:PowerSystemResource.DeviceID>
</cim:Pole>
<cim:Pole rdf:ID="10200001_12149965">
<cim:IdentifiedObject.name>10kV九都II线#037-1-2杆</cim:IdentifiedObject.name>
<cim:IdentifiedObject.bianhao></cim:IdentifiedObject.bianhao>
<cim:PowerSystemResource.Circuit rdf:resource="#10000100_1542318444" />
<cim:ConductingEquipment.BaseVoltage rdf:resource="#BaseVoltage_5"/>
<iescim:PowerSystemResource.DeviceType>43</iescim:PowerSystemResource.DeviceType>
<iescim:PowerSystemResource.SubType>1</iescim:PowerSystemResource.SubType>
<iescim:PowerSystemResource.DeviceID>12103423998620682</iescim:PowerSystemResource.DeviceID>
</cim:Pole>
<cim:Pole rdf:ID="10200001_12149966">
<cim:IdentifiedObject.name>10kV九都II线#037-1-3杆</cim:IdentifiedObject.name>
<cim:IdentifiedObject.bianhao></cim:IdentifiedObject.bianhao>
<cim:PowerSystemResource.Circuit rdf:resource="#10000100_1542318444" />
<cim:ConductingEquipment.BaseVoltage rdf:resource="#BaseVoltage_5"/>
<iescim:PowerSystemResource.DeviceType>43</iescim:PowerSystemResource.DeviceType>
<iescim:PowerSystemResource.SubType>1</iescim:PowerSystemResource.SubType>
<iescim:PowerSystemResource.DeviceID>12103423998620683</iescim:PowerSystemResource.DeviceID>
</cim:Pole>
<cim:Pole rdf:ID="10200001_7568940">
<cim:IdentifiedObject.name>10kV九都II线#037-1杆</cim:IdentifiedObject.name>
<cim:IdentifiedObject.bianhao></cim:IdentifiedObject.bianhao>
<cim:PowerSystemResource.Circuit rdf:resource="#10000100_1542318444" />
<cim:ConductingEquipment.BaseVoltage rdf:resource="#BaseVoltage_5"/>
<iescim:PowerSystemResource.DeviceType>43</iescim:PowerSystemResource.DeviceType>
<iescim:PowerSystemResource.SubType>1</iescim:PowerSystemResource.SubType>
<iescim:PowerSystemResource.DeviceID>12103423998620685</iescim:PowerSystemResource.DeviceID>
</cim:Pole>
<cim:Pole rdf:ID="10200001_12149997">
<cim:IdentifiedObject.name>10kV九都II线#037-1-7杆</cim:IdentifiedObject.name>
<cim:IdentifiedObject.bianhao></cim:IdentifiedObject.bianhao>
<cim:PowerSystemResource.Circuit rdf:resource="#10000100_1542318444" />
<cim:ConductingEquipment.BaseVoltage rdf:resource="#BaseVoltage_5"/>
<iescim:PowerSystemResource.DeviceType>43</iescim:PowerSystemResource.DeviceType>
<iescim:PowerSystemResource.SubType>1</iescim:PowerSystemResource.SubType>
<iescim:PowerSystemResource.DeviceID>12103423998623676</iescim:PowerSystemResource.DeviceID>
</cim:Pole>
<cim:ConnectivityNode rdf:ID="9288674231459506">
<iescim:PowerSystemResource.SubType>0</iescim:PowerSystemResource.SubType>
<iescim:PowerSystemResource.DeviceID>9288674231459506</iescim:PowerSystemResource.DeviceID>
<iescim:PowerSystemResource.DeviceType>33</iescim:PowerSystemResource.DeviceType>
</cim:ConnectivityNode>
<cim:ConnectivityNode rdf:ID="9288674231459508">
<iescim:PowerSystemResource.SubType>0</iescim:PowerSystemResource.SubType>
<iescim:PowerSystemResource.DeviceID>9288674231459508</iescim:PowerSystemResource.DeviceID>
<iescim:PowerSystemResource.DeviceType>33</iescim:PowerSystemResource.DeviceType>
</cim:ConnectivityNode>
<cim:ConnectivityNode rdf:ID="9288674231461971">
<iescim:PowerSystemResource.SubType>0</iescim:PowerSystemResource.SubType>
<iescim:PowerSystemResource.DeviceID>9288674231461971</iescim:PowerSystemResource.DeviceID>
<iescim:PowerSystemResource.DeviceType>33</iescim:PowerSystemResource.DeviceType>
</cim:ConnectivityNode>
<cim:ConnectivityNode rdf:ID="9288674231481363">
<iescim:PowerSystemResource.SubType>0</iescim:PowerSystemResource.SubType>
<iescim:PowerSystemResource.DeviceID>9288674231481363</iescim:PowerSystemResource.DeviceID>
<iescim:PowerSystemResource.DeviceType>33</iescim:PowerSystemResource.DeviceType>
</cim:ConnectivityNode>
<cim:ConnectivityNode rdf:ID="9288674231500739">
<iescim:PowerSystemResource.SubType>0</iescim:PowerSystemResource.SubType>
<iescim:PowerSystemResource.DeviceID>9288674231500739</iescim:PowerSystemResource.DeviceID>
<iescim:PowerSystemResource.DeviceType>33</iescim:PowerSystemResource.DeviceType>
</cim:ConnectivityNode>
<cim:ConnectivityNode rdf:ID="9288674231505720">
<iescim:PowerSystemResource.SubType>0</iescim:PowerSystemResource.SubType>
<iescim:PowerSystemResource.DeviceID>9288674231505720</iescim:PowerSystemResource.DeviceID>
<iescim:PowerSystemResource.DeviceType>33</iescim:PowerSystemResource.DeviceType>
</cim:ConnectivityNode>
<cim:ConnectivityNode rdf:ID="9288674231525835">
<iescim:PowerSystemResource.SubType>0</iescim:PowerSystemResource.SubType>
<iescim:PowerSystemResource.DeviceID>9288674231525835</iescim:PowerSystemResource.DeviceID>
<iescim:PowerSystemResource.DeviceType>33</iescim:PowerSystemResource.DeviceType>
</cim:ConnectivityNode>
<cim:ConnectivityNode rdf:ID="9288674231545513">
<iescim:PowerSystemResource.SubType>0</iescim:PowerSystemResource.SubType>
<iescim:PowerSystemResource.DeviceID>9288674231545513</iescim:PowerSystemResource.DeviceID>
<iescim:PowerSystemResource.DeviceType>33</iescim:PowerSystemResource.DeviceType>
</cim:ConnectivityNode>
<cim:ConnectivityNode rdf:ID="9288674231554392">
<iescim:PowerSystemResource.SubType>0</iescim:PowerSystemResource.SubType>
<iescim:PowerSystemResource.DeviceID>9288674231554392</iescim:PowerSystemResource.DeviceID>
<iescim:PowerSystemResource.DeviceType>33</iescim:PowerSystemResource.DeviceType>
</cim:ConnectivityNode>
<cim:ConnectivityNode rdf:ID="9288674231584937">
<iescim:PowerSystemResource.SubType>0</iescim:PowerSystemResource.SubType>
<iescim:PowerSystemResource.DeviceID>9288674231584937</iescim:PowerSystemResource.DeviceID>
<iescim:PowerSystemResource.DeviceType>33</iescim:PowerSystemResource.DeviceType>
</cim:ConnectivityNode>
<cim:ConnectivityNode rdf:ID="9288674231584938">
<iescim:PowerSystemResource.SubType>0</iescim:PowerSystemResource.SubType>
<iescim:PowerSystemResource.DeviceID>9288674231584938</iescim:PowerSystemResource.DeviceID>
<iescim:PowerSystemResource.DeviceType>33</iescim:PowerSystemResource.DeviceType>
</cim:ConnectivityNode>
<cim:ConnectivityNode rdf:ID="9288674231610260">
<iescim:PowerSystemResource.SubType>0</iescim:PowerSystemResource.SubType>
<iescim:PowerSystemResource.DeviceID>9288674231610260</iescim:PowerSystemResource.DeviceID>
<iescim:PowerSystemResource.DeviceType>33</iescim:PowerSystemResource.DeviceType>
</cim:ConnectivityNode>
<cim:ConnectivityNode rdf:ID="9288674231610261">
<iescim:PowerSystemResource.SubType>0</iescim:PowerSystemResource.SubType>
<iescim:PowerSystemResource.DeviceID>9288674231610261</iescim:PowerSystemResource.DeviceID>
<iescim:PowerSystemResource.DeviceType>33</iescim:PowerSystemResource.DeviceType>
</cim:ConnectivityNode>
<cim:ConnectivityNode rdf:ID="9288674231610262">
<iescim:PowerSystemResource.SubType>0</iescim:PowerSystemResource.SubType>
<iescim:PowerSystemResource.DeviceID>9288674231610262</iescim:PowerSystemResource.DeviceID>
<iescim:PowerSystemResource.DeviceType>33</iescim:PowerSystemResource.DeviceType>
</cim:ConnectivityNode>
<cim:ConnectivityNode rdf:ID="9288674231614776">
<iescim:PowerSystemResource.SubType>0</iescim:PowerSystemResource.SubType>
<iescim:PowerSystemResource.DeviceID>9288674231614776</iescim:PowerSystemResource.DeviceID>
<iescim:PowerSystemResource.DeviceType>33</iescim:PowerSystemResource.DeviceType>
</cim:ConnectivityNode>
<cim:ConnectivityNode rdf:ID="9288674231658274">
<iescim:PowerSystemResource.SubType>0</iescim:PowerSystemResource.SubType>
<iescim:PowerSystemResource.DeviceID>9288674231658274</iescim:PowerSystemResource.DeviceID>
<iescim:PowerSystemResource.DeviceType>33</iescim:PowerSystemResource.DeviceType>
</cim:ConnectivityNode>
<cim:ConnectivityNode rdf:ID="9288674231687257">
<iescim:PowerSystemResource.SubType>0</iescim:PowerSystemResource.SubType>
<iescim:PowerSystemResource.DeviceID>9288674231687257</iescim:PowerSystemResource.DeviceID>
<iescim:PowerSystemResource.DeviceType>33</iescim:PowerSystemResource.DeviceType>
</cim:ConnectivityNode>
<cim:ConnectivityNode rdf:ID="9288674231687258">
<iescim:PowerSystemResource.SubType>0</iescim:PowerSystemResource.SubType>
<iescim:PowerSystemResource.DeviceID>9288674231687258</iescim:PowerSystemResource.DeviceID>
<iescim:PowerSystemResource.DeviceType>33</iescim:PowerSystemResource.DeviceType>
</cim:ConnectivityNode>
<cim:ConnectivityNode rdf:ID="9288674231705579">
<iescim:PowerSystemResource.SubType>0</iescim:PowerSystemResource.SubType>
<iescim:PowerSystemResource.DeviceID>9288674231705579</iescim:PowerSystemResource.DeviceID>
<iescim:PowerSystemResource.DeviceType>33</iescim:PowerSystemResource.DeviceType>
</cim:ConnectivityNode>
<cim:ConnectivityNode rdf:ID="9288674231705580">
<iescim:PowerSystemResource.SubType>0</iescim:PowerSystemResource.SubType>
<iescim:PowerSystemResource.DeviceID>9288674231705580</iescim:PowerSystemResource.DeviceID>
<iescim:PowerSystemResource.DeviceType>33</iescim:PowerSystemResource.DeviceType>
</cim:ConnectivityNode>
<cim:ConnectivityNode rdf:ID="9288674231705581">
<iescim:PowerSystemResource.SubType>0</iescim:PowerSystemResource.SubType>
<iescim:PowerSystemResource.DeviceID>9288674231705581</iescim:PowerSystemResource.DeviceID>
<iescim:PowerSystemResource.DeviceType>33</iescim:PowerSystemResource.DeviceType>
</cim:ConnectivityNode>
<cim:ConnectivityNode rdf:ID="9288674231708733">
<iescim:PowerSystemResource.SubType>0</iescim:PowerSystemResource.SubType>
<iescim:PowerSystemResource.DeviceID>9288674231708733</iescim:PowerSystemResource.DeviceID>
<iescim:PowerSystemResource.DeviceType>33</iescim:PowerSystemResource.DeviceType>
</cim:ConnectivityNode>
<cim:ConnectivityNode rdf:ID="9288674231755601">
<iescim:PowerSystemResource.SubType>0</iescim:PowerSystemResource.SubType>
<iescim:PowerSystemResource.DeviceID>9288674231755601</iescim:PowerSystemResource.DeviceID>
<iescim:PowerSystemResource.DeviceType>33</iescim:PowerSystemResource.DeviceType>
</cim:ConnectivityNode>
<cim:ConnectivityNode rdf:ID="9288674231764362">
<iescim:PowerSystemResource.SubType>0</iescim:PowerSystemResource.SubType>
<iescim:PowerSystemResource.DeviceID>9288674231764362</iescim:PowerSystemResource.DeviceID>
<iescim:PowerSystemResource.DeviceType>33</iescim:PowerSystemResource.DeviceType>
</cim:ConnectivityNode>
<cim:ConnectivityNode rdf:ID="9288674231764392">
<iescim:PowerSystemResource.SubType>0</iescim:PowerSystemResource.SubType>
<iescim:PowerSystemResource.DeviceID>9288674231764392</iescim:PowerSystemResource.DeviceID>
<iescim:PowerSystemResource.DeviceType>33</iescim:PowerSystemResource.DeviceType>
</cim:ConnectivityNode>
<cim:ConnectivityNode rdf:ID="9288674231764396">
<iescim:PowerSystemResource.SubType>0</iescim:PowerSystemResource.SubType>
<iescim:PowerSystemResource.DeviceID>9288674231764396</iescim:PowerSystemResource.DeviceID>
<iescim:PowerSystemResource.DeviceType>33</iescim:PowerSystemResource.DeviceType>
</cim:ConnectivityNode>
<cim:ConnectivityNode rdf:ID="9288674231805856">
<iescim:PowerSystemResource.SubType>0</iescim:PowerSystemResource.SubType>
<iescim:PowerSystemResource.DeviceID>9288674231805856</iescim:PowerSystemResource.DeviceID>
<iescim:PowerSystemResource.DeviceType>33</iescim:PowerSystemResource.DeviceType>
</cim:ConnectivityNode>
<cim:ConnectivityNode rdf:ID="9288674231805857">
<iescim:PowerSystemResource.SubType>0</iescim:PowerSystemResource.SubType>
<iescim:PowerSystemResource.DeviceID>9288674231805857</iescim:PowerSystemResource.DeviceID>
<iescim:PowerSystemResource.DeviceType>33</iescim:PowerSystemResource.DeviceType>
</cim:ConnectivityNode>
<cim:ConnectivityNode rdf:ID="9288674231837714">
<iescim:PowerSystemResource.SubType>0</iescim:PowerSystemResource.SubType>
<iescim:PowerSystemResource.DeviceID>9288674231837714</iescim:PowerSystemResource.DeviceID>
<iescim:PowerSystemResource.DeviceType>33</iescim:PowerSystemResource.DeviceType>
</cim:ConnectivityNode>
<cim:ConnectivityNode rdf:ID="9288674231837715">
<iescim:PowerSystemResource.SubType>0</iescim:PowerSystemResource.SubType>
<iescim:PowerSystemResource.DeviceID>9288674231837715</iescim:PowerSystemResource.DeviceID>
<iescim:PowerSystemResource.DeviceType>33</iescim:PowerSystemResource.DeviceType>
</cim:ConnectivityNode>
<cim:ConnectivityNode rdf:ID="9288674231837716">
<iescim:PowerSystemResource.SubType>0</iescim:PowerSystemResource.SubType>
<iescim:PowerSystemResource.DeviceID>9288674231837716</iescim:PowerSystemResource.DeviceID>
<iescim:PowerSystemResource.DeviceType>33</iescim:PowerSystemResource.DeviceType>
</cim:ConnectivityNode>
<cim:ConnectivityNode rdf:ID="9288674231837717">
<iescim:PowerSystemResource.SubType>0</iescim:PowerSystemResource.SubType>
<iescim:PowerSystemResource.DeviceID>9288674231837717</iescim:PowerSystemResource.DeviceID>
<iescim:PowerSystemResource.DeviceType>33</iescim:PowerSystemResource.DeviceType>
</cim:ConnectivityNode>
<cim:ConnectivityNode rdf:ID="9288674231844862">
<iescim:PowerSystemResource.SubType>0</iescim:PowerSystemResource.SubType>
<iescim:PowerSystemResource.DeviceID>9288674231844862</iescim:PowerSystemResource.DeviceID>
<iescim:PowerSystemResource.DeviceType>33</iescim:PowerSystemResource.DeviceType>
</cim:ConnectivityNode>
<cim:ConnectivityNode rdf:ID="9288674231844863">
<iescim:PowerSystemResource.SubType>0</iescim:PowerSystemResource.SubType>
<iescim:PowerSystemResource.DeviceID>9288674231844863</iescim:PowerSystemResource.DeviceID>
<iescim:PowerSystemResource.DeviceType>33</iescim:PowerSystemResource.DeviceType>
</cim:ConnectivityNode>
<cim:ConnectivityNode rdf:ID="9288674231844864">
<iescim:PowerSystemResource.SubType>0</iescim:PowerSystemResource.SubType>
<iescim:PowerSystemResource.DeviceID>9288674231844864</iescim:PowerSystemResource.DeviceID>
<iescim:PowerSystemResource.DeviceType>33</iescim:PowerSystemResource.DeviceType>
</cim:ConnectivityNode>
<cim:ConnectivityNode rdf:ID="9288674231898564">
<iescim:PowerSystemResource.SubType>0</iescim:PowerSystemResource.SubType>
<iescim:PowerSystemResource.DeviceID>9288674231898564</iescim:PowerSystemResource.DeviceID>
<iescim:PowerSystemResource.DeviceType>33</iescim:PowerSystemResource.DeviceType>
</cim:ConnectivityNode>
<cim:ConnectivityNode rdf:ID="9288674231906854">
<iescim:PowerSystemResource.SubType>0</iescim:PowerSystemResource.SubType>
<iescim:PowerSystemResource.DeviceID>9288674231906854</iescim:PowerSystemResource.DeviceID>
<iescim:PowerSystemResource.DeviceType>33</iescim:PowerSystemResource.DeviceType>
</cim:ConnectivityNode>
<cim:ConnectivityNode rdf:ID="9288674231914310">
<iescim:PowerSystemResource.SubType>0</iescim:PowerSystemResource.SubType>
<iescim:PowerSystemResource.DeviceID>9288674231914310</iescim:PowerSystemResource.DeviceID>
<iescim:PowerSystemResource.DeviceType>33</iescim:PowerSystemResource.DeviceType>
</cim:ConnectivityNode>
<cim:ConnectivityNode rdf:ID="9288674231915805">
<iescim:PowerSystemResource.SubType>0</iescim:PowerSystemResource.SubType>
<iescim:PowerSystemResource.DeviceID>9288674231915805</iescim:PowerSystemResource.DeviceID>
<iescim:PowerSystemResource.DeviceType>33</iescim:PowerSystemResource.DeviceType>
</cim:ConnectivityNode>
<cim:Terminal rdf:ID="11300000_3291503_1">
<cim:Terminal.ConductingEquipment rdf:resource="#11300000_3291503"/>
<cim:Terminal.ConnectivityNode rdf:resource="#9288674231610260"/>
</cim:Terminal>
<cim:Terminal rdf:ID="11300000_3291503_2">
<cim:Terminal.ConductingEquipment rdf:resource="#11300000_3291503"/>
<cim:Terminal.ConnectivityNode rdf:resource="#9288674231705579"/>
</cim:Terminal>
<cim:Terminal rdf:ID="11300000_3291508_1">
<cim:Terminal.ConductingEquipment rdf:resource="#11300000_3291508"/>
<cim:Terminal.ConnectivityNode rdf:resource="#9288674231610261"/>
</cim:Terminal>
<cim:Terminal rdf:ID="11300000_3291508_2">
<cim:Terminal.ConductingEquipment rdf:resource="#11300000_3291508"/>
<cim:Terminal.ConnectivityNode rdf:resource="#9288674231705580"/>
</cim:Terminal>
<cim:Terminal rdf:ID="11300000_3291530_1">
<cim:Terminal.ConductingEquipment rdf:resource="#11300000_3291530"/>
<cim:Terminal.ConnectivityNode rdf:resource="#9288674231610262"/>
</cim:Terminal>
<cim:Terminal rdf:ID="11300000_3291530_2">
<cim:Terminal.ConductingEquipment rdf:resource="#11300000_3291530"/>
<cim:Terminal.ConnectivityNode rdf:resource="#9288674231705581"/>
</cim:Terminal>
<cim:Terminal rdf:ID="11100000_214194_1">
<cim:Terminal.ConductingEquipment rdf:resource="#11100000_214194"/>
<cim:Terminal.ConnectivityNode rdf:resource="#9288674231461971"/>
</cim:Terminal>
<cim:Terminal rdf:ID="11100000_214194_2">
<cim:Terminal.ConductingEquipment rdf:resource="#11100000_214194"/>
<cim:Terminal.ConnectivityNode rdf:resource="#9288674231505720"/>
</cim:Terminal>
<cim:Terminal rdf:ID="11300000_3451542_1">
<cim:Terminal.ConductingEquipment rdf:resource="#11300000_3451542"/>
<cim:Terminal.ConnectivityNode rdf:resource="#9288674231614776"/>
</cim:Terminal>
<cim:Terminal rdf:ID="11300000_3451542_2">
<cim:Terminal.ConductingEquipment rdf:resource="#11300000_3451542"/>
<cim:Terminal.ConnectivityNode rdf:resource="#9288674231708733"/>
</cim:Terminal>
<cim:Terminal rdf:ID="11300000_1272135_1">
<cim:Terminal.ConductingEquipment rdf:resource="#11300000_1272135"/>
<cim:Terminal.ConnectivityNode rdf:resource="#9288674231554392"/>
</cim:Terminal>
<cim:Terminal rdf:ID="11300000_1272135_2">
<cim:Terminal.ConductingEquipment rdf:resource="#11300000_1272135"/>
<cim:Terminal.ConnectivityNode rdf:resource="#9288674231658274"/>
</cim:Terminal>
<cim:Terminal rdf:ID="10100000_6204473_1">
<cim:Terminal.ConductingEquipment rdf:resource="#10100000_6204473"/>
<cim:Terminal.ConnectivityNode rdf:resource="#9288674231505720"/>
</cim:Terminal>
<cim:Terminal rdf:ID="10100000_6204473_2">
<cim:Terminal.ConductingEquipment rdf:resource="#10100000_6204473"/>
<cim:Terminal.ConnectivityNode rdf:resource="#9288674231805856"/>
</cim:Terminal>
<cim:Terminal rdf:ID="13000000_12705353_1">
<cim:Terminal.ConductingEquipment rdf:resource="#13000000_12705353"/>
<cim:Terminal.ConnectivityNode rdf:resource="#9288674231805856"/>
</cim:Terminal>
<cim:Terminal rdf:ID="13000000_12705353_2">
<cim:Terminal.ConductingEquipment rdf:resource="#13000000_12705353"/>
<cim:Terminal.ConnectivityNode rdf:resource="#9288674231805857"/>
</cim:Terminal>
<cim:Terminal rdf:ID="20100000_985855_1">
<cim:Terminal.ConductingEquipment rdf:resource="#20100000_985855"/>
<cim:Terminal.ConnectivityNode rdf:resource="#9288674231805857"/>
</cim:Terminal>
<cim:Terminal rdf:ID="20100000_985855_2">
<cim:Terminal.ConductingEquipment rdf:resource="#20100000_985855"/>
<cim:Terminal.ConnectivityNode rdf:resource="#9288674231906854"/>
</cim:Terminal>
<cim:Terminal rdf:ID="6796732">
<cim:Terminal.ConductingEquipment rdf:resource="#30600001_1517094599"/>
<cim:Terminal.ConnectivityNode rdf:resource="#9288674231545513"/>
</cim:Terminal>
<cim:Terminal rdf:ID="6796722">
<cim:Terminal.ConductingEquipment rdf:resource="#30500000_1517094402"/>
<cim:Terminal.ConnectivityNode rdf:resource="#9288674231500739"/>
</cim:Terminal>
<cim:Terminal rdf:ID="6796723">
<cim:Terminal.ConductingEquipment rdf:resource="#30500000_1517094402"/>
<cim:Terminal.ConnectivityNode rdf:resource="#9288674231545513"/>
</cim:Terminal>
<cim:Terminal rdf:ID="10100000_6149454_1">
<cim:Terminal.ConductingEquipment rdf:resource="#10100000_6149454"/>
<cim:Terminal.ConnectivityNode rdf:resource="#9288674231764362"/>
</cim:Terminal>
<cim:Terminal rdf:ID="10100000_6149454_2">
<cim:Terminal.ConductingEquipment rdf:resource="#10100000_6149454"/>
<cim:Terminal.ConnectivityNode rdf:resource="#9288674231898564"/>
</cim:Terminal>
<cim:Terminal rdf:ID="10100000_7428150_1">
<cim:Terminal.ConductingEquipment rdf:resource="#10100000_7428150"/>
<cim:Terminal.ConnectivityNode rdf:resource="#9288674231764392"/>
</cim:Terminal>
<cim:Terminal rdf:ID="10100000_7428150_2">
<cim:Terminal.ConductingEquipment rdf:resource="#10100000_7428150"/>
<cim:Terminal.ConnectivityNode rdf:resource="#9288674231764396"/>
</cim:Terminal>
<cim:Terminal rdf:ID="13000000_10256467_1">
<cim:Terminal.ConductingEquipment rdf:resource="#13000000_10256467"/>
<cim:Terminal.ConnectivityNode rdf:resource="#9288674231764396"/>
</cim:Terminal>
<cim:Terminal rdf:ID="13000000_10256467_2">
<cim:Terminal.ConductingEquipment rdf:resource="#13000000_10256467"/>
<cim:Terminal.ConnectivityNode rdf:resource="#9288674231584938"/>
</cim:Terminal>
<cim:Terminal rdf:ID="20200000_1404226_1">
<cim:Terminal.ConductingEquipment rdf:resource="#20200000_1404226"/>
<cim:Terminal.ConnectivityNode rdf:resource="#9288674231805857"/>
</cim:Terminal>
<cim:Terminal rdf:ID="20200000_1404229_1">
<cim:Terminal.ConductingEquipment rdf:resource="#20200000_1404229"/>
<cim:Terminal.ConnectivityNode rdf:resource="#9288674231906854"/>
</cim:Terminal>
<cim:Terminal rdf:ID="13000000_9216070_1">
<cim:Terminal.ConductingEquipment rdf:resource="#13000000_9216070"/>
<cim:Terminal.ConnectivityNode rdf:resource="#9288674231658274"/>
</cim:Terminal>
<cim:Terminal rdf:ID="13000000_9216070_2">
<cim:Terminal.ConductingEquipment rdf:resource="#13000000_9216070"/>
<cim:Terminal.ConnectivityNode rdf:resource="#9288674231461971"/>
</cim:Terminal>
<cim:Terminal rdf:ID="13000000_9230472_1">
<cim:Terminal.ConductingEquipment rdf:resource="#13000000_9230472"/>
<cim:Terminal.ConnectivityNode rdf:resource="#9288674231764362"/>
</cim:Terminal>
<cim:Terminal rdf:ID="13000000_9230472_2">
<cim:Terminal.ConductingEquipment rdf:resource="#13000000_9230472"/>
<cim:Terminal.ConnectivityNode rdf:resource="#9288674231554392"/>
</cim:Terminal>
<cim:Terminal rdf:ID="30200003_125512301">
<cim:Terminal.ConductingEquipment rdf:resource="#30200003_1255123"/>
<cim:Terminal.ConnectivityNode rdf:resource="#9288674231755601"/>
</cim:Terminal>
<cim:Terminal rdf:ID="32000000_1517094425_1">
<cim:Terminal.ConductingEquipment rdf:resource="#32000000_1517094425"/>
<cim:Terminal.ConnectivityNode rdf:resource="#9288674231545513"/>
</cim:Terminal>
<cim:Terminal rdf:ID="14000000_1542475074_1">
<cim:Terminal.ConductingEquipment rdf:resource="#14000000_1542475074"/>
<cim:Terminal.ConnectivityNode rdf:resource="#9288674231545513"/>
</cim:Terminal>
<cim:Terminal rdf:ID="14000000_1542475074_2">
<cim:Terminal.ConductingEquipment rdf:resource="#14000000_1542475074"/>
<cim:Terminal.ConnectivityNode rdf:resource="#9288674231906854"/>
</cim:Terminal>
<cim:Terminal rdf:ID="13000000_15501022_1">
<cim:Terminal.ConductingEquipment rdf:resource="#13000000_15501022"/>
<cim:Terminal.ConnectivityNode rdf:resource="#9288674231584937"/>
</cim:Terminal>
<cim:Terminal rdf:ID="13000000_15501022_2">
<cim:Terminal.ConductingEquipment rdf:resource="#13000000_15501022"/>
<cim:Terminal.ConnectivityNode rdf:resource="#9288674231898564"/>
</cim:Terminal>
<cim:Terminal rdf:ID="10100000_12106224_1">
<cim:Terminal.ConductingEquipment rdf:resource="#10100000_12106224"/>
<cim:Terminal.ConnectivityNode rdf:resource="#9288674231837714"/>
</cim:Terminal>
<cim:Terminal rdf:ID="10100000_12106224_2">
<cim:Terminal.ConductingEquipment rdf:resource="#10100000_12106224"/>
<cim:Terminal.ConnectivityNode rdf:resource="#9288674231837716"/>
</cim:Terminal>
<cim:Terminal rdf:ID="10100000_12106225_1">
<cim:Terminal.ConductingEquipment rdf:resource="#10100000_12106225"/>
<cim:Terminal.ConnectivityNode rdf:resource="#9288674231837715"/>
</cim:Terminal>
<cim:Terminal rdf:ID="10100000_12106225_2">
<cim:Terminal.ConductingEquipment rdf:resource="#10100000_12106225"/>
<cim:Terminal.ConnectivityNode rdf:resource="#9288674231844862"/>
</cim:Terminal>
<cim:Terminal rdf:ID="10100000_7428620_1">
<cim:Terminal.ConductingEquipment rdf:resource="#10100000_7428620"/>
<cim:Terminal.ConnectivityNode rdf:resource="#9288674231687257"/>
</cim:Terminal>
<cim:Terminal rdf:ID="10100000_7428620_2">
<cim:Terminal.ConductingEquipment rdf:resource="#10100000_7428620"/>
<cim:Terminal.ConnectivityNode rdf:resource="#9288674231764392"/>
</cim:Terminal>
<cim:Terminal rdf:ID="13000000_15536896_1">
<cim:Terminal.ConductingEquipment rdf:resource="#13000000_15536896"/>
<cim:Terminal.ConnectivityNode rdf:resource="#9288674231764392"/>
</cim:Terminal>
<cim:Terminal rdf:ID="13000000_15536896_2">
<cim:Terminal.ConductingEquipment rdf:resource="#13000000_15536896"/>
<cim:Terminal.ConnectivityNode rdf:resource="#9288674231610260"/>
</cim:Terminal>
<cim:Terminal rdf:ID="13000000_15536897_1">
<cim:Terminal.ConductingEquipment rdf:resource="#13000000_15536897"/>
<cim:Terminal.ConnectivityNode rdf:resource="#9288674231705579"/>
</cim:Terminal>
<cim:Terminal rdf:ID="13000000_15536897_2">
<cim:Terminal.ConductingEquipment rdf:resource="#13000000_15536897"/>
<cim:Terminal.ConnectivityNode rdf:resource="#9288674231837714"/>
</cim:Terminal>
<cim:Terminal rdf:ID="13000000_15536906_1">
<cim:Terminal.ConductingEquipment rdf:resource="#13000000_15536906"/>
<cim:Terminal.ConnectivityNode rdf:resource="#9288674231837716"/>
</cim:Terminal>
<cim:Terminal rdf:ID="13000000_15536906_2">
<cim:Terminal.ConductingEquipment rdf:resource="#13000000_15536906"/>
<cim:Terminal.ConnectivityNode rdf:resource="#9288674231610261"/>
</cim:Terminal>
<cim:Terminal rdf:ID="13000000_15536922_1">
<cim:Terminal.ConductingEquipment rdf:resource="#13000000_15536922"/>
<cim:Terminal.ConnectivityNode rdf:resource="#9288674231705580"/>
</cim:Terminal>
<cim:Terminal rdf:ID="13000000_15536922_2">
<cim:Terminal.ConductingEquipment rdf:resource="#13000000_15536922"/>
<cim:Terminal.ConnectivityNode rdf:resource="#9288674231481363"/>
</cim:Terminal>
<cim:Terminal rdf:ID="13000000_15536970_1">
<cim:Terminal.ConductingEquipment rdf:resource="#13000000_15536970"/>
<cim:Terminal.ConnectivityNode rdf:resource="#9288674231837715"/>
</cim:Terminal>
<cim:Terminal rdf:ID="13000000_15536970_2">
<cim:Terminal.ConductingEquipment rdf:resource="#13000000_15536970"/>
<cim:Terminal.ConnectivityNode rdf:resource="#9288674231610262"/>
</cim:Terminal>
<cim:Terminal rdf:ID="13000000_15536977_1">
<cim:Terminal.ConductingEquipment rdf:resource="#13000000_15536977"/>
<cim:Terminal.ConnectivityNode rdf:resource="#9288674231525835"/>
</cim:Terminal>
<cim:Terminal rdf:ID="13000000_15536977_2">
<cim:Terminal.ConductingEquipment rdf:resource="#13000000_15536977"/>
<cim:Terminal.ConnectivityNode rdf:resource="#9288674231837717"/>
</cim:Terminal>
<cim:Terminal rdf:ID="13000000_15536978_1">
<cim:Terminal.ConductingEquipment rdf:resource="#13000000_15536978"/>
<cim:Terminal.ConnectivityNode rdf:resource="#9288674231705581"/>
</cim:Terminal>
<cim:Terminal rdf:ID="13000000_15536978_2">
<cim:Terminal.ConductingEquipment rdf:resource="#13000000_15536978"/>
<cim:Terminal.ConnectivityNode rdf:resource="#9288674231914310"/>
</cim:Terminal>
<cim:Terminal rdf:ID="20100000_1374352_1">
<cim:Terminal.ConductingEquipment rdf:resource="#20100000_1374352"/>
<cim:Terminal.ConnectivityNode rdf:resource="#9288674231837717"/>
</cim:Terminal>
<cim:Terminal rdf:ID="20100000_1374352_2">
<cim:Terminal.ConductingEquipment rdf:resource="#20100000_1374352"/>
<cim:Terminal.ConnectivityNode rdf:resource="#9288674231914310"/>
</cim:Terminal>
<cim:Terminal rdf:ID="36000000_21610128_1">
<cim:Terminal.ConductingEquipment rdf:resource="#36000000_21610128"/>
<cim:Terminal.ConnectivityNode rdf:resource="#9288674231755601"/>
</cim:Terminal>
<cim:Terminal rdf:ID="36000000_21610128_2">
<cim:Terminal.ConductingEquipment rdf:resource="#36000000_21610128"/>
<cim:Terminal.ConnectivityNode rdf:resource="#9288674231844863"/>
</cim:Terminal>
<cim:Terminal rdf:ID="13000000_16022228_1">
<cim:Terminal.ConductingEquipment rdf:resource="#13000000_16022228"/>
<cim:Terminal.ConnectivityNode rdf:resource="#9288674231844862"/>
</cim:Terminal>
<cim:Terminal rdf:ID="13000000_16022228_2">
<cim:Terminal.ConductingEquipment rdf:resource="#13000000_16022228"/>
<cim:Terminal.ConnectivityNode rdf:resource="#9288674231614776"/>
</cim:Terminal>
<cim:Terminal rdf:ID="13000000_16022229_1">
<cim:Terminal.ConductingEquipment rdf:resource="#13000000_16022229"/>
<cim:Terminal.ConnectivityNode rdf:resource="#9288674231708733"/>
</cim:Terminal>
<cim:Terminal rdf:ID="13000000_16022229_2">
<cim:Terminal.ConductingEquipment rdf:resource="#13000000_16022229"/>
<cim:Terminal.ConnectivityNode rdf:resource="#9288674231844864"/>
</cim:Terminal>
<cim:Terminal rdf:ID="14000000_7481346_1">
<cim:Terminal.ConductingEquipment rdf:resource="#14000000_7481346"/>
<cim:Terminal.ConnectivityNode rdf:resource="#9288674231844863"/>
</cim:Terminal>
<cim:Terminal rdf:ID="14000000_7481346_2">
<cim:Terminal.ConductingEquipment rdf:resource="#14000000_7481346"/>
<cim:Terminal.ConnectivityNode rdf:resource="#9288674231915805"/>
</cim:Terminal>
<cim:Terminal rdf:ID="20100000_1444777_1">
<cim:Terminal.ConductingEquipment rdf:resource="#20100000_1444777"/>
<cim:Terminal.ConnectivityNode rdf:resource="#9288674231844864"/>
</cim:Terminal>
<cim:Terminal rdf:ID="20100000_1444777_2">
<cim:Terminal.ConductingEquipment rdf:resource="#20100000_1444777"/>
<cim:Terminal.ConnectivityNode rdf:resource="#9288674231915805"/>
</cim:Terminal>
<cim:Terminal rdf:ID="11100000_741497_1">
<cim:Terminal.ConductingEquipment rdf:resource="#11100000_741497"/>
<cim:Terminal.ConnectivityNode rdf:resource="#9288674231481363"/>
</cim:Terminal>
<cim:Terminal rdf:ID="11100000_741497_2">
<cim:Terminal.ConductingEquipment rdf:resource="#11100000_741497"/>
<cim:Terminal.ConnectivityNode rdf:resource="#9288674231525835"/>
</cim:Terminal>
<cim:Terminal rdf:ID="10200001_6401485_1">
<cim:Terminal.ConductingEquipment rdf:resource="#10200001_6401485"/>
<cim:Terminal.ConnectivityNode rdf:resource="#9288674231805856"/>
</cim:Terminal>
<cim:Terminal rdf:ID="20200000_2042098_1">
<cim:Terminal.ConductingEquipment rdf:resource="#20200000_2042098"/>
<cim:Terminal.ConnectivityNode rdf:resource="#9288674231837717"/>
</cim:Terminal>
<cim:Terminal rdf:ID="20200000_2042101_1">
<cim:Terminal.ConductingEquipment rdf:resource="#20200000_2042101"/>
<cim:Terminal.ConnectivityNode rdf:resource="#9288674231914310"/>
</cim:Terminal>
<cim:Terminal rdf:ID="6794543">
<cim:Terminal.ConductingEquipment rdf:resource="#31100000_1516821988"/>
<cim:Terminal.ConnectivityNode rdf:resource="#9288674231459506"/>
</cim:Terminal>
<cim:Terminal rdf:ID="6794523">
<cim:Terminal.ConductingEquipment rdf:resource="#31100000_1517093703"/>
<cim:Terminal.ConnectivityNode rdf:resource="#9288674231459508"/>
</cim:Terminal>
<cim:Terminal rdf:ID="32000000_5071840_1">
<cim:Terminal.ConductingEquipment rdf:resource="#32000000_5071840"/>
<cim:Terminal.ConnectivityNode rdf:resource="#9288674231844863"/>
</cim:Terminal>
<cim:Terminal rdf:ID="20200000_2159958_1">
<cim:Terminal.ConductingEquipment rdf:resource="#20200000_2159958"/>
<cim:Terminal.ConnectivityNode rdf:resource="#9288674231844864"/>
</cim:Terminal>
<cim:Terminal rdf:ID="20200000_2159985_1">
<cim:Terminal.ConductingEquipment rdf:resource="#20200000_2159985"/>
<cim:Terminal.ConnectivityNode rdf:resource="#9288674231915805"/>
</cim:Terminal>
<cim:Terminal rdf:ID="10200001_6320294_1">
<cim:Terminal.ConductingEquipment rdf:resource="#10200001_6320294"/>
<cim:Terminal.ConnectivityNode rdf:resource="#9288674231898564"/>
</cim:Terminal>
<cim:Terminal rdf:ID="10200001_12149964_1">
<cim:Terminal.ConductingEquipment rdf:resource="#10200001_12149964"/>
<cim:Terminal.ConnectivityNode rdf:resource="#9288674231837714"/>
</cim:Terminal>
<cim:Terminal rdf:ID="10200001_12149965_1">
<cim:Terminal.ConductingEquipment rdf:resource="#10200001_12149965"/>
<cim:Terminal.ConnectivityNode rdf:resource="#9288674231837716"/>
</cim:Terminal>
<cim:Terminal rdf:ID="10200001_12149966_1">
<cim:Terminal.ConductingEquipment rdf:resource="#10200001_12149966"/>
<cim:Terminal.ConnectivityNode rdf:resource="#9288674231837715"/>
</cim:Terminal>
<cim:Terminal rdf:ID="10200001_7568940_1">
<cim:Terminal.ConductingEquipment rdf:resource="#10200001_7568940"/>
<cim:Terminal.ConnectivityNode rdf:resource="#9288674231764392"/>
</cim:Terminal>
<cim:Terminal rdf:ID="10200001_12149997_1">
<cim:Terminal.ConductingEquipment rdf:resource="#10200001_12149997"/>
<cim:Terminal.ConnectivityNode rdf:resource="#9288674231844862"/>
</cim:Terminal>
<cim:Terminal rdf:ID="11300000_1556080_1">
<cim:Terminal.ConductingEquipment rdf:resource="#11300000_1556080"/>
<cim:Terminal.ConnectivityNode rdf:resource="#9288674231584937"/>
</cim:Terminal>
<cim:Terminal rdf:ID="11300000_1556080_2">
<cim:Terminal.ConductingEquipment rdf:resource="#11300000_1556080"/>
<cim:Terminal.ConnectivityNode rdf:resource="#9288674231687257"/>
</cim:Terminal>
<cim:Terminal rdf:ID="11300000_1556081_1">
<cim:Terminal.ConductingEquipment rdf:resource="#11300000_1556081"/>
<cim:Terminal.ConnectivityNode rdf:resource="#9288674231584938"/>
</cim:Terminal>
<cim:Terminal rdf:ID="11300000_1556081_2">
<cim:Terminal.ConductingEquipment rdf:resource="#11300000_1556081"/>
<cim:Terminal.ConnectivityNode rdf:resource="#9288674231687258"/>
</cim:Terminal>
<cim:Terminal rdf:ID="10200001_6327070_1">
<cim:Terminal.ConductingEquipment rdf:resource="#10200001_6327070"/>
<cim:Terminal.ConnectivityNode rdf:resource="#9288674231764362"/>
</cim:Terminal>
<cim:Terminal rdf:ID="10200001_7579639_1">
<cim:Terminal.ConductingEquipment rdf:resource="#10200001_7579639"/>
<cim:Terminal.ConnectivityNode rdf:resource="#9288674231764396"/>
</cim:Terminal>
</rdf:RDF>
