<?xml version="1.0" encoding="UTF-8"?>

<rdf:RDF xmlns:rdf="http://www.w3.org/1999/02/22-rdf-syntax-ns#" xmlns:cim="http://www.sgcc.com.cn/SG-CIM/2010MAY#" xmlns:iescim="http://www.ieslab.com.cn">

<cim:BaseVoltage rdf:ID="BaseVoltage_5">
<cim:IdentifiedObject.name>10kV</cim:IdentifiedObject.name>
<cim:BaseVoltage.isDC>false</cim:BaseVoltage.isDC>
<cim:BaseVoltage.nominalVoltage>10.00</cim:BaseVoltage.nominalVoltage>
<iescim:PowerSystemResource.DeviceID>5</iescim:PowerSystemResource.DeviceID>
</cim:BaseVoltage>
<cim:SubGeographicalRegion rdf:ID="8a0f688f46db11f00146db136a8210ee">
<cim:IdentifiedObject.name>国网周宁县供电公司</cim:IdentifiedObject.name>
<cim:SubGeographicalRegion.Region rdf:resource="#_"/>
</cim:SubGeographicalRegion>
<cim:Circuit rdf:ID="10000100_1544187780">
<cim:IdentifiedObject.name>10kV福新变下库左岸线989线路</cim:IdentifiedObject.name>
<cim:Circuit.BelongtoHVSubstation rdf:resource="#30000000_75285"/>
<cim:PowerSystemResource.SubGeographicalRegion rdf:resource="#8a0f688f46db11f00146db136a8210ee"/>
<cim:iscurrentfeeder>1</cim:iscurrentfeeder>
</cim:Circuit>
<cim:Substation rdf:ID="30000000_75285">
<cim:IdentifiedObject.name>登科变电站</cim:IdentifiedObject.name>
<iescim:PowerSystemResource.DeviceType>13</iescim:PowerSystemResource.DeviceType>
<iescim:PowerSystemResource.SubType>1</iescim:PowerSystemResource.SubType>
<cim:PowerSystemResource.PSRType rdf:resource="#30000000"/>
<iescim:PowerSystemResource.DeviceID>3659174697243488</iescim:PowerSystemResource.DeviceID>
<cim:PowerSystemResource.SubGeographicalRegion rdf:resource="#8a0f688f46db11f00146db136a8210ee"/>
</cim:Substation>
<cim:Breaker rdf:ID="11100000_1544693684">
<cim:IdentifiedObject.name>10kV下库左岸线路#010杆010开关</cim:IdentifiedObject.name>
<cim:IdentifiedObject.bianhao>010</cim:IdentifiedObject.bianhao>
<cim:PowerSystemResource.Circuit rdf:resource="#10000100_1544187780" />
<cim:ConductingEquipment.BaseVoltage rdf:resource="#BaseVoltage_5"/>
<iescim:PowerSystemResource.SubType>2</iescim:PowerSystemResource.SubType>
<iescim:PowerSystemResource.DeviceID>4503599627631977</iescim:PowerSystemResource.DeviceID>
<iescim:PowerSystemResource.DeviceType>16</iescim:PowerSystemResource.DeviceType>
<iescim:PowerSystemResource.Cxmc></iescim:PowerSystemResource.Cxmc>
</cim:Breaker>
<cim:Breaker rdf:ID="30500000_1544203180">
<cim:IdentifiedObject.name>10kV福新变下库左岸线989开关</cim:IdentifiedObject.name>
<cim:IdentifiedObject.bianhao>989</cim:IdentifiedObject.bianhao>
<cim:Equipment.EquipmentContainer rdf:resource="#30000000_75285"/>
<cim:PowerSystemResource.Circuit rdf:resource="#10000100_1544187780" />
<cim:ConductingEquipment.BaseVoltage rdf:resource="#BaseVoltage_5"/>
<iescim:PowerSystemResource.SubType>5</iescim:PowerSystemResource.SubType>
<iescim:PowerSystemResource.DeviceID>4503599627631978</iescim:PowerSystemResource.DeviceID>
<iescim:PowerSystemResource.DeviceType>16</iescim:PowerSystemResource.DeviceType>
<iescim:PowerSystemResource.Cxmc></iescim:PowerSystemResource.Cxmc>
</cim:Breaker>
<cim:Disconnector rdf:ID="11300000_1544689026">
<cim:IdentifiedObject.name>10kV下库左岸线路#010杆0101刀闸</cim:IdentifiedObject.name>
<cim:IdentifiedObject.bianhao>0101</cim:IdentifiedObject.bianhao>
<cim:PowerSystemResource.Circuit rdf:resource="#10000100_1544187780" />
<cim:ConductingEquipment.BaseVoltage rdf:resource="#BaseVoltage_5"/>
<iescim:PowerSystemResource.SubType>6</iescim:PowerSystemResource.SubType>
<iescim:PowerSystemResource.DeviceID>4785074604332289</iescim:PowerSystemResource.DeviceID>
<iescim:PowerSystemResource.DeviceType>17</iescim:PowerSystemResource.DeviceType>
<iescim:PowerSystemResource.Cxmc></iescim:PowerSystemResource.Cxmc>
</cim:Disconnector>
<cim:BusbarSection rdf:ID="31100000_89246">
<cim:IdentifiedObject.name>登科变电站.10kV.Ⅱ段母线</cim:IdentifiedObject.name>
<cim:IdentifiedObject.bianhao></cim:IdentifiedObject.bianhao>
<cim:Equipment.EquipmentContainer rdf:resource="#30000000_75285"/>
<cim:PowerSystemResource.Circuit rdf:resource="#_" />
<cim:ConductingEquipment.BaseVoltage rdf:resource="#BaseVoltage_5"/>
<iescim:PowerSystemResource.SubType>0</iescim:PowerSystemResource.SubType>
<iescim:PowerSystemResource.DeviceID>5348024557509374</iescim:PowerSystemResource.DeviceID>
<iescim:PowerSystemResource.DeviceType>19</iescim:PowerSystemResource.DeviceType>
</cim:BusbarSection>
<cim:BusbarSection rdf:ID="31100000_89255">
<cim:IdentifiedObject.name>登科变电站.10kV.Ⅰ段母线</cim:IdentifiedObject.name>
<cim:IdentifiedObject.bianhao></cim:IdentifiedObject.bianhao>
<cim:Equipment.EquipmentContainer rdf:resource="#30000000_75285"/>
<cim:PowerSystemResource.Circuit rdf:resource="#_" />
<cim:ConductingEquipment.BaseVoltage rdf:resource="#BaseVoltage_5"/>
<iescim:PowerSystemResource.SubType>0</iescim:PowerSystemResource.SubType>
<iescim:PowerSystemResource.DeviceID>5348024557509375</iescim:PowerSystemResource.DeviceID>
<iescim:PowerSystemResource.DeviceType>19</iescim:PowerSystemResource.DeviceType>
</cim:BusbarSection>
<cim:BusbarSection rdf:ID="31100000_90175">
<cim:IdentifiedObject.name>登科变电站.10kV.Ⅲ段母线</cim:IdentifiedObject.name>
<cim:IdentifiedObject.bianhao></cim:IdentifiedObject.bianhao>
<cim:Equipment.EquipmentContainer rdf:resource="#30000000_75285"/>
<cim:PowerSystemResource.Circuit rdf:resource="#_" />
<cim:ConductingEquipment.BaseVoltage rdf:resource="#BaseVoltage_5"/>
<iescim:PowerSystemResource.SubType>0</iescim:PowerSystemResource.SubType>
<iescim:PowerSystemResource.DeviceID>5348024557511728</iescim:PowerSystemResource.DeviceID>
<iescim:PowerSystemResource.DeviceType>19</iescim:PowerSystemResource.DeviceType>
</cim:BusbarSection>
<cim:BusbarSection rdf:ID="31100000_745795">
<cim:IdentifiedObject.name>登科变电站.10kV.Ⅳ段母线</cim:IdentifiedObject.name>
<cim:IdentifiedObject.bianhao></cim:IdentifiedObject.bianhao>
<cim:Equipment.EquipmentContainer rdf:resource="#30000000_75285"/>
<cim:PowerSystemResource.Circuit rdf:resource="#_" />
<cim:ConductingEquipment.BaseVoltage rdf:resource="#BaseVoltage_5"/>
<iescim:PowerSystemResource.SubType>0</iescim:PowerSystemResource.SubType>
<iescim:PowerSystemResource.DeviceID>5348024557533604</iescim:PowerSystemResource.DeviceID>
<iescim:PowerSystemResource.DeviceType>19</iescim:PowerSystemResource.DeviceType>
</cim:BusbarSection>
<cim:ACLineSegment rdf:ID="13000000_1544692668">
<cim:IdentifiedObject.name>站外-连接线</cim:IdentifiedObject.name>
<cim:IdentifiedObject.bianhao></cim:IdentifiedObject.bianhao>
<cim:PowerSystemResource.Circuit rdf:resource="#10000100_1544187780" />
<cim:ConductingEquipment.BaseVoltage rdf:resource="#BaseVoltage_5"/>
<iescim:PowerSystemResource.SubType>3</iescim:PowerSystemResource.SubType>
<iescim:PowerSystemResource.DeviceID>5629499537987499</iescim:PowerSystemResource.DeviceID>
<iescim:PowerSystemResource.DeviceType>20</iescim:PowerSystemResource.DeviceType>
</cim:ACLineSegment>
<cim:ACLineSegment rdf:ID="13000000_1544694108">
<cim:IdentifiedObject.name>10kV下库左岸线路#010杆连接线</cim:IdentifiedObject.name>
<cim:IdentifiedObject.bianhao></cim:IdentifiedObject.bianhao>
<cim:PowerSystemResource.Circuit rdf:resource="#10000100_1544187780" />
<cim:ConductingEquipment.BaseVoltage rdf:resource="#BaseVoltage_5"/>
<iescim:PowerSystemResource.SubType>3</iescim:PowerSystemResource.SubType>
<iescim:PowerSystemResource.DeviceID>5629499537987500</iescim:PowerSystemResource.DeviceID>
<iescim:PowerSystemResource.DeviceType>20</iescim:PowerSystemResource.DeviceType>
</cim:ACLineSegment>
<cim:ACLineSegment rdf:ID="13000000_1544714601">
<cim:IdentifiedObject.name>站外-连接线</cim:IdentifiedObject.name>
<cim:IdentifiedObject.bianhao></cim:IdentifiedObject.bianhao>
<cim:PowerSystemResource.Circuit rdf:resource="#10000100_1544187780" />
<cim:ConductingEquipment.BaseVoltage rdf:resource="#BaseVoltage_5"/>
<iescim:PowerSystemResource.SubType>3</iescim:PowerSystemResource.SubType>
<iescim:PowerSystemResource.DeviceID>5629499537987501</iescim:PowerSystemResource.DeviceID>
<iescim:PowerSystemResource.DeviceType>20</iescim:PowerSystemResource.DeviceType>
</cim:ACLineSegment>
<cim:ACLineSegment rdf:ID="14000000_1544677824">
<cim:IdentifiedObject.name>站外-超连接线</cim:IdentifiedObject.name>
<cim:IdentifiedObject.bianhao></cim:IdentifiedObject.bianhao>
<cim:PowerSystemResource.Circuit rdf:resource="#10000100_1544187780" />
<cim:ConductingEquipment.BaseVoltage rdf:resource="#BaseVoltage_5"/>
<iescim:PowerSystemResource.SubType>1</iescim:PowerSystemResource.SubType>
<iescim:PowerSystemResource.DeviceID>5629499537987502</iescim:PowerSystemResource.DeviceID>
<iescim:PowerSystemResource.DeviceType>20</iescim:PowerSystemResource.DeviceType>
</cim:ACLineSegment>
<cim:ACLineSegment rdf:ID="20100000_1544681121">
<cim:IdentifiedObject.name>登科变下库左岸线989-下库左岸线#010杆</cim:IdentifiedObject.name>
<cim:IdentifiedObject.bianhao></cim:IdentifiedObject.bianhao>
<cim:PowerSystemResource.Circuit rdf:resource="#10000100_1544187780" />
<cim:ConductingEquipment.BaseVoltage rdf:resource="#BaseVoltage_5"/>
<iescim:PowerSystemResource.SubType>1</iescim:PowerSystemResource.SubType>
<iescim:PowerSystemResource.DeviceID>5629499537987503</iescim:PowerSystemResource.DeviceID>
<iescim:PowerSystemResource.DeviceType>20</iescim:PowerSystemResource.DeviceType>
</cim:ACLineSegment>
<cim:ACLineSegment rdf:ID="36000000_1544203177">
<cim:IdentifiedObject.name>_</cim:IdentifiedObject.name>
<cim:IdentifiedObject.bianhao></cim:IdentifiedObject.bianhao>
<cim:Equipment.EquipmentContainer rdf:resource="#30000000_75285"/>
<cim:PowerSystemResource.Circuit rdf:resource="#10000100_1544187780" />
<cim:ConductingEquipment.BaseVoltage rdf:resource="#BaseVoltage_5"/>
<iescim:PowerSystemResource.SubType>3</iescim:PowerSystemResource.SubType>
<iescim:PowerSystemResource.DeviceID>5629499537987504</iescim:PowerSystemResource.DeviceID>
<iescim:PowerSystemResource.DeviceType>20</iescim:PowerSystemResource.DeviceType>
</cim:ACLineSegment>
<cim:ACLineSegment rdf:ID="36000000_1544203182">
<cim:IdentifiedObject.name>_</cim:IdentifiedObject.name>
<cim:IdentifiedObject.bianhao></cim:IdentifiedObject.bianhao>
<cim:Equipment.EquipmentContainer rdf:resource="#30000000_75285"/>
<cim:PowerSystemResource.Circuit rdf:resource="#10000100_1544187780" />
<cim:ConductingEquipment.BaseVoltage rdf:resource="#BaseVoltage_5"/>
<iescim:PowerSystemResource.SubType>3</iescim:PowerSystemResource.SubType>
<iescim:PowerSystemResource.DeviceID>5629499537987505</iescim:PowerSystemResource.DeviceID>
<iescim:PowerSystemResource.DeviceType>20</iescim:PowerSystemResource.DeviceType>
</cim:ACLineSegment>
<cim:Pole rdf:ID="10200001_1544692388">
<cim:IdentifiedObject.name>10kV下库左岸线路#010杆</cim:IdentifiedObject.name>
<cim:IdentifiedObject.bianhao></cim:IdentifiedObject.bianhao>
<cim:PowerSystemResource.Circuit rdf:resource="#10000100_1544187780" />
<cim:ConductingEquipment.BaseVoltage rdf:resource="#BaseVoltage_5"/>
<iescim:PowerSystemResource.DeviceType>43</iescim:PowerSystemResource.DeviceType>
<iescim:PowerSystemResource.SubType>1</iescim:PowerSystemResource.SubType>
<iescim:PowerSystemResource.DeviceID>12103423998650346</iescim:PowerSystemResource.DeviceID>
</cim:Pole>
<cim:ConnectivityNode rdf:ID="9288674231453312">
<iescim:PowerSystemResource.SubType>0</iescim:PowerSystemResource.SubType>
<iescim:PowerSystemResource.DeviceID>9288674231453312</iescim:PowerSystemResource.DeviceID>
<iescim:PowerSystemResource.DeviceType>33</iescim:PowerSystemResource.DeviceType>
</cim:ConnectivityNode>
<cim:ConnectivityNode rdf:ID="9288674231453313">
<iescim:PowerSystemResource.SubType>0</iescim:PowerSystemResource.SubType>
<iescim:PowerSystemResource.DeviceID>9288674231453313</iescim:PowerSystemResource.DeviceID>
<iescim:PowerSystemResource.DeviceType>33</iescim:PowerSystemResource.DeviceType>
</cim:ConnectivityNode>
<cim:ConnectivityNode rdf:ID="9288674231454471">
<iescim:PowerSystemResource.SubType>0</iescim:PowerSystemResource.SubType>
<iescim:PowerSystemResource.DeviceID>9288674231454471</iescim:PowerSystemResource.DeviceID>
<iescim:PowerSystemResource.DeviceType>33</iescim:PowerSystemResource.DeviceType>
</cim:ConnectivityNode>
<cim:ConnectivityNode rdf:ID="9288674231456942">
<iescim:PowerSystemResource.SubType>0</iescim:PowerSystemResource.SubType>
<iescim:PowerSystemResource.DeviceID>9288674231456942</iescim:PowerSystemResource.DeviceID>
<iescim:PowerSystemResource.DeviceType>33</iescim:PowerSystemResource.DeviceType>
</cim:ConnectivityNode>
<cim:ConnectivityNode rdf:ID="9288674231934295">
<iescim:PowerSystemResource.SubType>0</iescim:PowerSystemResource.SubType>
<iescim:PowerSystemResource.DeviceID>9288674231934295</iescim:PowerSystemResource.DeviceID>
<iescim:PowerSystemResource.DeviceType>33</iescim:PowerSystemResource.DeviceType>
</cim:ConnectivityNode>
<cim:ConnectivityNode rdf:ID="9288674250570362">
<iescim:PowerSystemResource.SubType>0</iescim:PowerSystemResource.SubType>
<iescim:PowerSystemResource.DeviceID>9288674250570362</iescim:PowerSystemResource.DeviceID>
<iescim:PowerSystemResource.DeviceType>33</iescim:PowerSystemResource.DeviceType>
</cim:ConnectivityNode>
<cim:ConnectivityNode rdf:ID="9288674250570363">
<iescim:PowerSystemResource.SubType>0</iescim:PowerSystemResource.SubType>
<iescim:PowerSystemResource.DeviceID>9288674250570363</iescim:PowerSystemResource.DeviceID>
<iescim:PowerSystemResource.DeviceType>33</iescim:PowerSystemResource.DeviceType>
</cim:ConnectivityNode>
<cim:ConnectivityNode rdf:ID="9288674250570364">
<iescim:PowerSystemResource.SubType>0</iescim:PowerSystemResource.SubType>
<iescim:PowerSystemResource.DeviceID>9288674250570364</iescim:PowerSystemResource.DeviceID>
<iescim:PowerSystemResource.DeviceType>33</iescim:PowerSystemResource.DeviceType>
</cim:ConnectivityNode>
<cim:ConnectivityNode rdf:ID="9288674250570369">
<iescim:PowerSystemResource.SubType>0</iescim:PowerSystemResource.SubType>
<iescim:PowerSystemResource.DeviceID>9288674250570369</iescim:PowerSystemResource.DeviceID>
<iescim:PowerSystemResource.DeviceType>33</iescim:PowerSystemResource.DeviceType>
</cim:ConnectivityNode>
<cim:ConnectivityNode rdf:ID="9288674250570370">
<iescim:PowerSystemResource.SubType>0</iescim:PowerSystemResource.SubType>
<iescim:PowerSystemResource.DeviceID>9288674250570370</iescim:PowerSystemResource.DeviceID>
<iescim:PowerSystemResource.DeviceType>33</iescim:PowerSystemResource.DeviceType>
</cim:ConnectivityNode>
<cim:ConnectivityNode rdf:ID="9288674250570371">
<iescim:PowerSystemResource.SubType>0</iescim:PowerSystemResource.SubType>
<iescim:PowerSystemResource.DeviceID>9288674250570371</iescim:PowerSystemResource.DeviceID>
<iescim:PowerSystemResource.DeviceType>33</iescim:PowerSystemResource.DeviceType>
</cim:ConnectivityNode>
<cim:ConnectivityNode rdf:ID="9288674250570372">
<iescim:PowerSystemResource.SubType>0</iescim:PowerSystemResource.SubType>
<iescim:PowerSystemResource.DeviceID>9288674250570372</iescim:PowerSystemResource.DeviceID>
<iescim:PowerSystemResource.DeviceType>33</iescim:PowerSystemResource.DeviceType>
</cim:ConnectivityNode>
<cim:ConnectivityNode rdf:ID="9288674250570373">
<iescim:PowerSystemResource.SubType>0</iescim:PowerSystemResource.SubType>
<iescim:PowerSystemResource.DeviceID>9288674250570373</iescim:PowerSystemResource.DeviceID>
<iescim:PowerSystemResource.DeviceType>33</iescim:PowerSystemResource.DeviceType>
</cim:ConnectivityNode>
<cim:ConnectivityNode rdf:ID="9288674250570374">
<iescim:PowerSystemResource.SubType>0</iescim:PowerSystemResource.SubType>
<iescim:PowerSystemResource.DeviceID>9288674250570374</iescim:PowerSystemResource.DeviceID>
<iescim:PowerSystemResource.DeviceType>33</iescim:PowerSystemResource.DeviceType>
</cim:ConnectivityNode>
<cim:ConnectivityNode rdf:ID="9288674250570375">
<iescim:PowerSystemResource.SubType>0</iescim:PowerSystemResource.SubType>
<iescim:PowerSystemResource.DeviceID>9288674250570375</iescim:PowerSystemResource.DeviceID>
<iescim:PowerSystemResource.DeviceType>33</iescim:PowerSystemResource.DeviceType>
</cim:ConnectivityNode>
<cim:Terminal rdf:ID="11300000_1544689026_1">
<cim:Terminal.ConductingEquipment rdf:resource="#11300000_1544689026"/>
<cim:Terminal.ConnectivityNode rdf:resource="#9288674250570364"/>
</cim:Terminal>
<cim:Terminal rdf:ID="11300000_1544689026_2">
<cim:Terminal.ConductingEquipment rdf:resource="#11300000_1544689026"/>
<cim:Terminal.ConnectivityNode rdf:resource="#9288674250570363"/>
</cim:Terminal>
<cim:Terminal rdf:ID="11100000_1544693684_1">
<cim:Terminal.ConductingEquipment rdf:resource="#11100000_1544693684"/>
<cim:Terminal.ConnectivityNode rdf:resource="#9288674250570371"/>
</cim:Terminal>
<cim:Terminal rdf:ID="11100000_1544693684_2">
<cim:Terminal.ConductingEquipment rdf:resource="#11100000_1544693684"/>
<cim:Terminal.ConnectivityNode rdf:resource="#9288674250570372"/>
</cim:Terminal>
<cim:Terminal rdf:ID="30500000_1544203180_1">
<cim:Terminal.ConductingEquipment rdf:resource="#30500000_1544203180"/>
<cim:Terminal.ConnectivityNode rdf:resource="#9288674250570374"/>
</cim:Terminal>
<cim:Terminal rdf:ID="30500000_1544203180_2">
<cim:Terminal.ConductingEquipment rdf:resource="#30500000_1544203180"/>
<cim:Terminal.ConnectivityNode rdf:resource="#9288674250570375"/>
</cim:Terminal>
<cim:Terminal rdf:ID="2670090">
<cim:Terminal.ConductingEquipment rdf:resource="#31100000_745795"/>
<cim:Terminal.ConnectivityNode rdf:resource="#9288674231456942"/>
</cim:Terminal>
<cim:Terminal rdf:ID="20200000_1544689183_1">
<cim:Terminal.ConductingEquipment rdf:resource="#20200000_1544689183"/>
<cim:Terminal.ConnectivityNode rdf:resource="#9288674250570369"/>
</cim:Terminal>
<cim:Terminal rdf:ID="20200000_1544689184_1">
<cim:Terminal.ConductingEquipment rdf:resource="#20200000_1544689184"/>
<cim:Terminal.ConnectivityNode rdf:resource="#9288674250570370"/>
</cim:Terminal>
<cim:Terminal rdf:ID="32000000_1544203176_1">
<cim:Terminal.ConductingEquipment rdf:resource="#32000000_1544203176"/>
<cim:Terminal.ConnectivityNode rdf:resource="#9288674250570373"/>
</cim:Terminal>
<cim:Terminal rdf:ID="13000000_1544692668_1">
<cim:Terminal.ConductingEquipment rdf:resource="#13000000_1544692668"/>
<cim:Terminal.ConnectivityNode rdf:resource="#9288674250570362"/>
</cim:Terminal>
<cim:Terminal rdf:ID="13000000_1544692668_2">
<cim:Terminal.ConductingEquipment rdf:resource="#13000000_1544692668"/>
<cim:Terminal.ConnectivityNode rdf:resource="#9288674250570364"/>
</cim:Terminal>
<cim:Terminal rdf:ID="13000000_1544694108_1">
<cim:Terminal.ConductingEquipment rdf:resource="#13000000_1544694108"/>
<cim:Terminal.ConnectivityNode rdf:resource="#9288674250570362"/>
</cim:Terminal>
<cim:Terminal rdf:ID="13000000_1544694108_2">
<cim:Terminal.ConductingEquipment rdf:resource="#13000000_1544694108"/>
<cim:Terminal.ConnectivityNode rdf:resource="#9288674250570370"/>
</cim:Terminal>
<cim:Terminal rdf:ID="13000000_1544714601_1">
<cim:Terminal.ConductingEquipment rdf:resource="#13000000_1544714601"/>
<cim:Terminal.ConnectivityNode rdf:resource="#9288674250570363"/>
</cim:Terminal>
<cim:Terminal rdf:ID="13000000_1544714601_2">
<cim:Terminal.ConductingEquipment rdf:resource="#13000000_1544714601"/>
<cim:Terminal.ConnectivityNode rdf:resource="#9288674250570371"/>
</cim:Terminal>
<cim:Terminal rdf:ID="14000000_1544677824_1">
<cim:Terminal.ConductingEquipment rdf:resource="#14000000_1544677824"/>
<cim:Terminal.ConnectivityNode rdf:resource="#9288674250570373"/>
</cim:Terminal>
<cim:Terminal rdf:ID="14000000_1544677824_2">
<cim:Terminal.ConductingEquipment rdf:resource="#14000000_1544677824"/>
<cim:Terminal.ConnectivityNode rdf:resource="#9288674250570369"/>
</cim:Terminal>
<cim:Terminal rdf:ID="20100000_1544681121_1">
<cim:Terminal.ConductingEquipment rdf:resource="#20100000_1544681121"/>
<cim:Terminal.ConnectivityNode rdf:resource="#9288674250570369"/>
</cim:Terminal>
<cim:Terminal rdf:ID="20100000_1544681121_2">
<cim:Terminal.ConductingEquipment rdf:resource="#20100000_1544681121"/>
<cim:Terminal.ConnectivityNode rdf:resource="#9288674250570370"/>
</cim:Terminal>
<cim:Terminal rdf:ID="36000000_1544203177_1">
<cim:Terminal.ConductingEquipment rdf:resource="#36000000_1544203177"/>
<cim:Terminal.ConnectivityNode rdf:resource="#9288674250570375"/>
</cim:Terminal>
<cim:Terminal rdf:ID="36000000_1544203177_2">
<cim:Terminal.ConductingEquipment rdf:resource="#36000000_1544203177"/>
<cim:Terminal.ConnectivityNode rdf:resource="#9288674250570373"/>
</cim:Terminal>
<cim:Terminal rdf:ID="36000000_1544203182_1">
<cim:Terminal.ConductingEquipment rdf:resource="#36000000_1544203182"/>
<cim:Terminal.ConnectivityNode rdf:resource="#9288674231934295"/>
</cim:Terminal>
<cim:Terminal rdf:ID="36000000_1544203182_2">
<cim:Terminal.ConductingEquipment rdf:resource="#36000000_1544203182"/>
<cim:Terminal.ConnectivityNode rdf:resource="#9288674250570374"/>
</cim:Terminal>
<cim:Terminal rdf:ID="997411">
<cim:Terminal.ConductingEquipment rdf:resource="#31100000_89246"/>
<cim:Terminal.ConnectivityNode rdf:resource="#9288674231453312"/>
</cim:Terminal>
<cim:Terminal rdf:ID="997404">
<cim:Terminal.ConductingEquipment rdf:resource="#31100000_89255"/>
<cim:Terminal.ConnectivityNode rdf:resource="#9288674231453313"/>
</cim:Terminal>
<cim:Terminal rdf:ID="10200001_1544692388_1">
<cim:Terminal.ConductingEquipment rdf:resource="#10200001_1544692388"/>
<cim:Terminal.ConnectivityNode rdf:resource="#9288674250570362"/>
</cim:Terminal>
<cim:Terminal rdf:ID="1445376">
<cim:Terminal.ConductingEquipment rdf:resource="#31100000_90175"/>
<cim:Terminal.ConnectivityNode rdf:resource="#9288674231454471"/>
</cim:Terminal>
</rdf:RDF>
