<?xml version="1.0" encoding="UTF-8"?>

<rdf:RDF xmlns:rdf="http://www.w3.org/1999/02/22-rdf-syntax-ns#" xmlns:cim="http://www.sgcc.com.cn/SG-CIM/2010MAY#" xmlns:iescim="http://www.ieslab.com.cn">

<cim:BaseVoltage rdf:ID="BaseVoltage_5">
<cim:IdentifiedObject.name>10kV</cim:IdentifiedObject.name>
<cim:BaseVoltage.isDC>false</cim:BaseVoltage.isDC>
<cim:BaseVoltage.nominalVoltage>10.00</cim:BaseVoltage.nominalVoltage>
<iescim:PowerSystemResource.DeviceID>5</iescim:PowerSystemResource.DeviceID>
</cim:BaseVoltage>
<cim:SubGeographicalRegion rdf:ID="8a0f688f46db11f00146db1368011028">
<cim:IdentifiedObject.name>国网霞浦县供电公司</cim:IdentifiedObject.name>
<cim:SubGeographicalRegion.Region rdf:resource="#_"/>
</cim:SubGeographicalRegion>
<cim:Circuit rdf:ID="10000100_38733">
<cim:IdentifiedObject.name>10kV后山线921线路</cim:IdentifiedObject.name>
<cim:Circuit.BelongtoHVSubstation rdf:resource="#30000000_524166"/>
<cim:PowerSystemResource.SubGeographicalRegion rdf:resource="#8a0f688f46db11f00146db1368011028"/>
<cim:iscurrentfeeder>1</cim:iscurrentfeeder>
</cim:Circuit>
<cim:Substation rdf:ID="30000000_524166">
<cim:IdentifiedObject.name>霞浦东洋变电站</cim:IdentifiedObject.name>
<iescim:PowerSystemResource.DeviceType>13</iescim:PowerSystemResource.DeviceType>
<iescim:PowerSystemResource.SubType>1</iescim:PowerSystemResource.SubType>
<cim:PowerSystemResource.PSRType rdf:resource="#30000000"/>
<iescim:PowerSystemResource.DeviceID>3659174697242711</iescim:PowerSystemResource.DeviceID>
<cim:PowerSystemResource.SubGeographicalRegion rdf:resource="#8a0f688f46db11f00146db1368011028"/>
</cim:Substation>
<cim:Substation rdf:ID="30000000_5846881">
<cim:IdentifiedObject.name>牙城变电站</cim:IdentifiedObject.name>
<iescim:PowerSystemResource.DeviceType>13</iescim:PowerSystemResource.DeviceType>
<iescim:PowerSystemResource.SubType>1</iescim:PowerSystemResource.SubType>
<cim:PowerSystemResource.PSRType rdf:resource="#30000000"/>
<iescim:PowerSystemResource.DeviceID>3659174697323253</iescim:PowerSystemResource.DeviceID>
<cim:PowerSystemResource.SubGeographicalRegion rdf:resource="#8a0f688f46db11f00146db1368011028"/>
</cim:Substation>
<cim:Breaker rdf:ID="30500000_2079294">
<cim:IdentifiedObject.name>霞浦东洋变电站.10kV.后山线间隔.921开关</cim:IdentifiedObject.name>
<cim:IdentifiedObject.bianhao>921</cim:IdentifiedObject.bianhao>
<cim:Equipment.EquipmentContainer rdf:resource="#30000000_524166"/>
<cim:PowerSystemResource.Circuit rdf:resource="#10000100_38733" />
<cim:ConductingEquipment.BaseVoltage rdf:resource="#BaseVoltage_5"/>
<iescim:PowerSystemResource.SubType>1</iescim:PowerSystemResource.SubType>
<iescim:PowerSystemResource.DeviceID>4503599627461669</iescim:PowerSystemResource.DeviceID>
<iescim:PowerSystemResource.DeviceType>16</iescim:PowerSystemResource.DeviceType>
<iescim:PowerSystemResource.Cxmc></iescim:PowerSystemResource.Cxmc>
</cim:Breaker>
<cim:Disconnector rdf:ID="30600001_2950115">
<cim:IdentifiedObject.name>霞浦东洋变电站.10kV.后山线间隔.9216接地刀闸</cim:IdentifiedObject.name>
<cim:IdentifiedObject.bianhao>_</cim:IdentifiedObject.bianhao>
<cim:Equipment.EquipmentContainer rdf:resource="#30000000_524166"/>
<cim:PowerSystemResource.Circuit rdf:resource="#10000100_38733" />
<cim:ConductingEquipment.BaseVoltage rdf:resource="#BaseVoltage_5"/>
<iescim:PowerSystemResource.SubType>9</iescim:PowerSystemResource.SubType>
<iescim:PowerSystemResource.DeviceID>4785074604223180</iescim:PowerSystemResource.DeviceID>
<iescim:PowerSystemResource.DeviceType>17</iescim:PowerSystemResource.DeviceType>
<iescim:PowerSystemResource.Cxmc></iescim:PowerSystemResource.Cxmc>
</cim:Disconnector>
<cim:Disconnector rdf:ID="3535184">
<cim:IdentifiedObject.name>霞浦东洋变电站.10kV.后山线间隔.921手车刀闸</cim:IdentifiedObject.name>
<cim:IdentifiedObject.bianhao>_</cim:IdentifiedObject.bianhao>
<cim:Equipment.EquipmentContainer rdf:resource="#30000000_524166"/>
<cim:PowerSystemResource.Circuit rdf:resource="#10000100_38733" />
<cim:ConductingEquipment.BaseVoltage rdf:resource="#BaseVoltage_5"/>
<iescim:PowerSystemResource.SubType>5</iescim:PowerSystemResource.SubType>
<iescim:PowerSystemResource.DeviceID>4785074604226436</iescim:PowerSystemResource.DeviceID>
<iescim:PowerSystemResource.DeviceType>17</iescim:PowerSystemResource.DeviceType>
<iescim:PowerSystemResource.Cxmc></iescim:PowerSystemResource.Cxmc>
</cim:Disconnector>
<cim:BusbarSection rdf:ID="31100000_193782">
<cim:IdentifiedObject.name>霞浦东洋变电站.10kV.Ⅰ段母线</cim:IdentifiedObject.name>
<cim:IdentifiedObject.bianhao></cim:IdentifiedObject.bianhao>
<cim:Equipment.EquipmentContainer rdf:resource="#30000000_524166"/>
<cim:PowerSystemResource.Circuit rdf:resource="#_" />
<cim:ConductingEquipment.BaseVoltage rdf:resource="#BaseVoltage_5"/>
<iescim:PowerSystemResource.SubType>0</iescim:PowerSystemResource.SubType>
<iescim:PowerSystemResource.DeviceID>5348024557510810</iescim:PowerSystemResource.DeviceID>
<iescim:PowerSystemResource.DeviceType>19</iescim:PowerSystemResource.DeviceType>
</cim:BusbarSection>
<cim:BusbarSection rdf:ID="31100000_1025809">
<cim:IdentifiedObject.name>霞浦东洋变电站.10kV.Ⅱ段母线</cim:IdentifiedObject.name>
<cim:IdentifiedObject.bianhao></cim:IdentifiedObject.bianhao>
<cim:Equipment.EquipmentContainer rdf:resource="#30000000_524166"/>
<cim:PowerSystemResource.Circuit rdf:resource="#_" />
<cim:ConductingEquipment.BaseVoltage rdf:resource="#BaseVoltage_5"/>
<iescim:PowerSystemResource.SubType>0</iescim:PowerSystemResource.SubType>
<iescim:PowerSystemResource.DeviceID>5348024557518281</iescim:PowerSystemResource.DeviceID>
<iescim:PowerSystemResource.DeviceType>19</iescim:PowerSystemResource.DeviceType>
</cim:BusbarSection>
<cim:BusbarSection rdf:ID="31100000_1238299">
<cim:IdentifiedObject.name>牙城变电站.10kV.Ⅱ段母线</cim:IdentifiedObject.name>
<cim:IdentifiedObject.bianhao></cim:IdentifiedObject.bianhao>
<cim:Equipment.EquipmentContainer rdf:resource="#30000000_5846881"/>
<cim:PowerSystemResource.Circuit rdf:resource="#_" />
<cim:ConductingEquipment.BaseVoltage rdf:resource="#BaseVoltage_5"/>
<iescim:PowerSystemResource.SubType>0</iescim:PowerSystemResource.SubType>
<iescim:PowerSystemResource.DeviceID>5348024557545984</iescim:PowerSystemResource.DeviceID>
<iescim:PowerSystemResource.DeviceType>19</iescim:PowerSystemResource.DeviceType>
</cim:BusbarSection>
<cim:BusbarSection rdf:ID="3216123">
<cim:IdentifiedObject.name>霞浦东洋变电站.10kV.虚拟母线</cim:IdentifiedObject.name>
<cim:IdentifiedObject.bianhao></cim:IdentifiedObject.bianhao>
<cim:Equipment.EquipmentContainer rdf:resource="#30000000_524166"/>
<cim:PowerSystemResource.Circuit rdf:resource="#_" />
<cim:ConductingEquipment.BaseVoltage rdf:resource="#BaseVoltage_5"/>
<iescim:PowerSystemResource.SubType>0</iescim:PowerSystemResource.SubType>
<iescim:PowerSystemResource.DeviceID>5348024557548115</iescim:PowerSystemResource.DeviceID>
<iescim:PowerSystemResource.DeviceType>19</iescim:PowerSystemResource.DeviceType>
</cim:BusbarSection>
<cim:ACLineSegment rdf:ID="20100000_1466078">
<cim:IdentifiedObject.name>35kV东洋变10kV后山线921线路-电缆终端头2197881</cim:IdentifiedObject.name>
<cim:IdentifiedObject.bianhao></cim:IdentifiedObject.bianhao>
<cim:PowerSystemResource.Circuit rdf:resource="#10000100_38733" />
<cim:ConductingEquipment.BaseVoltage rdf:resource="#BaseVoltage_5"/>
<iescim:PowerSystemResource.SubType>1</iescim:PowerSystemResource.SubType>
<iescim:PowerSystemResource.DeviceID>5629499535171096</iescim:PowerSystemResource.DeviceID>
<iescim:PowerSystemResource.DeviceType>20</iescim:PowerSystemResource.DeviceType>
</cim:ACLineSegment>
<cim:ACLineSegment rdf:ID="14000000_7511876">
<cim:IdentifiedObject.name>10kV后山Ⅱ回921线路_起始设备</cim:IdentifiedObject.name>
<cim:IdentifiedObject.bianhao></cim:IdentifiedObject.bianhao>
<cim:PowerSystemResource.Circuit rdf:resource="#10000100_38733" />
<cim:ConductingEquipment.BaseVoltage rdf:resource="#BaseVoltage_5"/>
<iescim:PowerSystemResource.SubType>4</iescim:PowerSystemResource.SubType>
<iescim:PowerSystemResource.DeviceID>5629499535171097</iescim:PowerSystemResource.DeviceID>
<iescim:PowerSystemResource.DeviceType>20</iescim:PowerSystemResource.DeviceType>
</cim:ACLineSegment>
<cim:ConnectivityNode rdf:ID="9288674231453979">
<iescim:PowerSystemResource.SubType>0</iescim:PowerSystemResource.SubType>
<iescim:PowerSystemResource.DeviceID>9288674231453979</iescim:PowerSystemResource.DeviceID>
<iescim:PowerSystemResource.DeviceType>33</iescim:PowerSystemResource.DeviceType>
</cim:ConnectivityNode>
<cim:ConnectivityNode rdf:ID="9288674231456113">
<iescim:PowerSystemResource.SubType>0</iescim:PowerSystemResource.SubType>
<iescim:PowerSystemResource.DeviceID>9288674231456113</iescim:PowerSystemResource.DeviceID>
<iescim:PowerSystemResource.DeviceType>33</iescim:PowerSystemResource.DeviceType>
</cim:ConnectivityNode>
<cim:ConnectivityNode rdf:ID="9288674231456461">
<iescim:PowerSystemResource.SubType>0</iescim:PowerSystemResource.SubType>
<iescim:PowerSystemResource.DeviceID>9288674231456461</iescim:PowerSystemResource.DeviceID>
<iescim:PowerSystemResource.DeviceType>33</iescim:PowerSystemResource.DeviceType>
</cim:ConnectivityNode>
<cim:ConnectivityNode rdf:ID="9288674231457961">
<iescim:PowerSystemResource.SubType>0</iescim:PowerSystemResource.SubType>
<iescim:PowerSystemResource.DeviceID>9288674231457961</iescim:PowerSystemResource.DeviceID>
<iescim:PowerSystemResource.DeviceType>33</iescim:PowerSystemResource.DeviceType>
</cim:ConnectivityNode>
<cim:ConnectivityNode rdf:ID="9288674231529255">
<iescim:PowerSystemResource.SubType>0</iescim:PowerSystemResource.SubType>
<iescim:PowerSystemResource.DeviceID>9288674231529255</iescim:PowerSystemResource.DeviceID>
<iescim:PowerSystemResource.DeviceType>33</iescim:PowerSystemResource.DeviceType>
</cim:ConnectivityNode>
<cim:ConnectivityNode rdf:ID="9288674231615997">
<iescim:PowerSystemResource.SubType>0</iescim:PowerSystemResource.SubType>
<iescim:PowerSystemResource.DeviceID>9288674231615997</iescim:PowerSystemResource.DeviceID>
<iescim:PowerSystemResource.DeviceType>33</iescim:PowerSystemResource.DeviceType>
</cim:ConnectivityNode>
<cim:ConnectivityNode rdf:ID="9288674231846939">
<iescim:PowerSystemResource.SubType>0</iescim:PowerSystemResource.SubType>
<iescim:PowerSystemResource.DeviceID>9288674231846939</iescim:PowerSystemResource.DeviceID>
<iescim:PowerSystemResource.DeviceType>33</iescim:PowerSystemResource.DeviceType>
</cim:ConnectivityNode>
<cim:ConnectivityNode rdf:ID="9288674231895899">
<iescim:PowerSystemResource.SubType>0</iescim:PowerSystemResource.SubType>
<iescim:PowerSystemResource.DeviceID>9288674231895899</iescim:PowerSystemResource.DeviceID>
<iescim:PowerSystemResource.DeviceType>33</iescim:PowerSystemResource.DeviceType>
</cim:ConnectivityNode>
<cim:Terminal rdf:ID="32000000_4899884_1">
<cim:Terminal.ConductingEquipment rdf:resource="#32000000_4899884"/>
<cim:Terminal.ConnectivityNode rdf:resource="#9288674231615997"/>
</cim:Terminal>
<cim:Terminal rdf:ID="20200000_2197881_1">
<cim:Terminal.ConductingEquipment rdf:resource="#20200000_2197881"/>
<cim:Terminal.ConnectivityNode rdf:resource="#9288674231895899"/>
</cim:Terminal>
<cim:Terminal rdf:ID="20200000_2197880_1">
<cim:Terminal.ConductingEquipment rdf:resource="#20200000_2197880"/>
<cim:Terminal.ConnectivityNode rdf:resource="#9288674231846939"/>
</cim:Terminal>
<cim:Terminal rdf:ID="3216124">
<cim:Terminal.ConductingEquipment rdf:resource="#"/>
<cim:Terminal.ConnectivityNode rdf:resource="#9288674231456113"/>
</cim:Terminal>
<cim:Terminal rdf:ID="3535190">
<cim:Terminal.ConductingEquipment rdf:resource="#30600001_2950115"/>
<cim:Terminal.ConnectivityNode rdf:resource="#9288674231615997"/>
</cim:Terminal>
<cim:Terminal rdf:ID="3535186">
<cim:Terminal.ConductingEquipment rdf:resource="#3535184"/>
<cim:Terminal.ConnectivityNode rdf:resource="#9288674231529255"/>
</cim:Terminal>
<cim:Terminal rdf:ID="3535187">
<cim:Terminal.ConductingEquipment rdf:resource="#3535184"/>
<cim:Terminal.ConnectivityNode rdf:resource="#9288674231615997"/>
</cim:Terminal>
<cim:Terminal rdf:ID="3535077">
<cim:Terminal.ConductingEquipment rdf:resource="#31100000_1025809"/>
<cim:Terminal.ConnectivityNode rdf:resource="#9288674231456461"/>
</cim:Terminal>
<cim:Terminal rdf:ID="5181816">
<cim:Terminal.ConductingEquipment rdf:resource="#31100000_1238299"/>
<cim:Terminal.ConnectivityNode rdf:resource="#9288674231457961"/>
</cim:Terminal>
<cim:Terminal rdf:ID="2037513">
<cim:Terminal.ConductingEquipment rdf:resource="#31100000_193782"/>
<cim:Terminal.ConnectivityNode rdf:resource="#9288674231453979"/>
</cim:Terminal>
<cim:Terminal rdf:ID="3535182">
<cim:Terminal.ConductingEquipment rdf:resource="#30500000_2079294"/>
<cim:Terminal.ConnectivityNode rdf:resource="#9288674231456461"/>
</cim:Terminal>
<cim:Terminal rdf:ID="3535183">
<cim:Terminal.ConductingEquipment rdf:resource="#30500000_2079294"/>
<cim:Terminal.ConnectivityNode rdf:resource="#9288674231529255"/>
</cim:Terminal>
<cim:Terminal rdf:ID="20100000_1466078_1">
<cim:Terminal.ConductingEquipment rdf:resource="#20100000_1466078"/>
<cim:Terminal.ConnectivityNode rdf:resource="#9288674231846939"/>
</cim:Terminal>
<cim:Terminal rdf:ID="20100000_1466078_2">
<cim:Terminal.ConductingEquipment rdf:resource="#20100000_1466078"/>
<cim:Terminal.ConnectivityNode rdf:resource="#9288674231895899"/>
</cim:Terminal>
<cim:Terminal rdf:ID="14000000_7511876_1">
<cim:Terminal.ConductingEquipment rdf:resource="#14000000_7511876"/>
<cim:Terminal.ConnectivityNode rdf:resource="#9288674231615997"/>
</cim:Terminal>
<cim:Terminal rdf:ID="14000000_7511876_2">
<cim:Terminal.ConductingEquipment rdf:resource="#14000000_7511876"/>
<cim:Terminal.ConnectivityNode rdf:resource="#9288674231846939"/>
</cim:Terminal>
</rdf:RDF>
