<?xml version="1.0" encoding="UTF-8"?>

<rdf:RDF xmlns:rdf="http://www.w3.org/1999/02/22-rdf-syntax-ns#" xmlns:cim="http://www.sgcc.com.cn/SG-CIM/2010MAY#" xmlns:iescim="http://www.ieslab.com.cn">

<cim:BaseVoltage rdf:ID="BaseVoltage_5">
<cim:IdentifiedObject.name>10kV</cim:IdentifiedObject.name>
<cim:BaseVoltage.isDC>false</cim:BaseVoltage.isDC>
<cim:BaseVoltage.nominalVoltage>10.00</cim:BaseVoltage.nominalVoltage>
<iescim:PowerSystemResource.DeviceID>5</iescim:PowerSystemResource.DeviceID>
</cim:BaseVoltage>
<cim:SubGeographicalRegion rdf:ID="8a0f688f46db11f00146db13630f0e96">
<cim:IdentifiedObject.name>国网寿宁县供电公司</cim:IdentifiedObject.name>
<cim:SubGeographicalRegion.Region rdf:resource="#_"/>
</cim:SubGeographicalRegion>
<cim:Circuit rdf:ID="10000100_1531316240">
<cim:IdentifiedObject.name>10kV清田Ⅰ线916线路</cim:IdentifiedObject.name>
<cim:Circuit.BelongtoHVSubstation rdf:resource="#30000000_2907917"/>
<cim:PowerSystemResource.SubGeographicalRegion rdf:resource="#8a0f688f46db11f00146db13630f0e96"/>
<cim:iscurrentfeeder>1</cim:iscurrentfeeder>
</cim:Circuit>
<cim:Circuit rdf:ID="10000100_1531316241">
<cim:IdentifiedObject.name>10kV清田Ⅱ线924线路</cim:IdentifiedObject.name>
<cim:Circuit.BelongtoHVSubstation rdf:resource="#30000000_2907917"/>
<cim:PowerSystemResource.SubGeographicalRegion rdf:resource="#8a0f688f46db11f00146db13630f0e96"/>
<cim:iscurrentfeeder>0</cim:iscurrentfeeder>
</cim:Circuit>
<cim:Substation rdf:ID="30000000_2907917">
<cim:IdentifiedObject.name>清竹变电站</cim:IdentifiedObject.name>
<iescim:PowerSystemResource.DeviceType>13</iescim:PowerSystemResource.DeviceType>
<iescim:PowerSystemResource.SubType>1</iescim:PowerSystemResource.SubType>
<cim:PowerSystemResource.PSRType rdf:resource="#30000000"/>
<iescim:PowerSystemResource.DeviceID>3659174697245369</iescim:PowerSystemResource.DeviceID>
<cim:PowerSystemResource.SubGeographicalRegion rdf:resource="#8a0f688f46db11f00146db13630f0e96"/>
</cim:Substation>
<cim:Breaker rdf:ID="30500000_1639825">
<cim:IdentifiedObject.name>清竹变电站.10kV.清田Ⅰ线间隔.916开关</cim:IdentifiedObject.name>
<cim:IdentifiedObject.bianhao>_</cim:IdentifiedObject.bianhao>
<cim:Equipment.EquipmentContainer rdf:resource="#30000000_2907917"/>
<cim:PowerSystemResource.Circuit rdf:resource="#10000100_1531316240" />
<cim:ConductingEquipment.BaseVoltage rdf:resource="#BaseVoltage_5"/>
<iescim:PowerSystemResource.SubType>1</iescim:PowerSystemResource.SubType>
<iescim:PowerSystemResource.DeviceID>4503599627415809</iescim:PowerSystemResource.DeviceID>
<iescim:PowerSystemResource.DeviceType>16</iescim:PowerSystemResource.DeviceType>
<iescim:PowerSystemResource.Cxmc></iescim:PowerSystemResource.Cxmc>
</cim:Breaker>
<cim:Breaker rdf:ID="11100000_1523620299">
<cim:IdentifiedObject.name>10kV清田Ⅰ线916线路#086杆086开关</cim:IdentifiedObject.name>
<cim:IdentifiedObject.bianhao>086</cim:IdentifiedObject.bianhao>
<cim:PowerSystemResource.Circuit rdf:resource="#10000100_1531316240" />
<cim:ConductingEquipment.BaseVoltage rdf:resource="#BaseVoltage_5"/>
<iescim:PowerSystemResource.SubType>2</iescim:PowerSystemResource.SubType>
<iescim:PowerSystemResource.DeviceID>4503599627604954</iescim:PowerSystemResource.DeviceID>
<iescim:PowerSystemResource.DeviceType>16</iescim:PowerSystemResource.DeviceType>
<iescim:PowerSystemResource.Cxmc></iescim:PowerSystemResource.Cxmc>
</cim:Breaker>
<cim:Breaker rdf:ID="11100000_1531892908">
<cim:IdentifiedObject.name>10kV清田Ⅰ线916线路#001杆001开关</cim:IdentifiedObject.name>
<cim:IdentifiedObject.bianhao>001</cim:IdentifiedObject.bianhao>
<cim:PowerSystemResource.Circuit rdf:resource="#10000100_1531316240" />
<cim:ConductingEquipment.BaseVoltage rdf:resource="#BaseVoltage_5"/>
<iescim:PowerSystemResource.SubType>2</iescim:PowerSystemResource.SubType>
<iescim:PowerSystemResource.DeviceID>4503599627618278</iescim:PowerSystemResource.DeviceID>
<iescim:PowerSystemResource.DeviceType>16</iescim:PowerSystemResource.DeviceType>
<iescim:PowerSystemResource.Cxmc></iescim:PowerSystemResource.Cxmc>
</cim:Breaker>
<cim:Breaker rdf:ID="11100000_1533649676">
<cim:IdentifiedObject.name>10kV清田Ⅰ线916线路#087-3杆087-3开关</cim:IdentifiedObject.name>
<cim:IdentifiedObject.bianhao>087-3</cim:IdentifiedObject.bianhao>
<cim:PowerSystemResource.Circuit rdf:resource="#10000100_1531316240" />
<cim:ConductingEquipment.BaseVoltage rdf:resource="#BaseVoltage_5"/>
<iescim:PowerSystemResource.SubType>2</iescim:PowerSystemResource.SubType>
<iescim:PowerSystemResource.DeviceID>4503599627619104</iescim:PowerSystemResource.DeviceID>
<iescim:PowerSystemResource.DeviceType>16</iescim:PowerSystemResource.DeviceType>
<iescim:PowerSystemResource.Cxmc></iescim:PowerSystemResource.Cxmc>
</cim:Breaker>
<cim:Breaker rdf:ID="11100000_1533649677">
<cim:IdentifiedObject.name>10kV清田Ⅰ线916线路#087-2杆087-2开关</cim:IdentifiedObject.name>
<cim:IdentifiedObject.bianhao>087-2</cim:IdentifiedObject.bianhao>
<cim:PowerSystemResource.Circuit rdf:resource="#10000100_1531316240" />
<cim:ConductingEquipment.BaseVoltage rdf:resource="#BaseVoltage_5"/>
<iescim:PowerSystemResource.SubType>2</iescim:PowerSystemResource.SubType>
<iescim:PowerSystemResource.DeviceID>4503599627619105</iescim:PowerSystemResource.DeviceID>
<iescim:PowerSystemResource.DeviceType>16</iescim:PowerSystemResource.DeviceType>
<iescim:PowerSystemResource.Cxmc></iescim:PowerSystemResource.Cxmc>
</cim:Breaker>
<cim:Breaker rdf:ID="11100000_1533740009">
<cim:IdentifiedObject.name>10kV清田Ⅰ线916线路#087-5杆087-5开关</cim:IdentifiedObject.name>
<cim:IdentifiedObject.bianhao>087-5</cim:IdentifiedObject.bianhao>
<cim:PowerSystemResource.Circuit rdf:resource="#10000100_1531316240" />
<cim:ConductingEquipment.BaseVoltage rdf:resource="#BaseVoltage_5"/>
<iescim:PowerSystemResource.SubType>2</iescim:PowerSystemResource.SubType>
<iescim:PowerSystemResource.DeviceID>4503599627619180</iescim:PowerSystemResource.DeviceID>
<iescim:PowerSystemResource.DeviceType>16</iescim:PowerSystemResource.DeviceType>
<iescim:PowerSystemResource.Cxmc></iescim:PowerSystemResource.Cxmc>
</cim:Breaker>
<cim:Breaker rdf:ID="11100000_1544453044">
<cim:IdentifiedObject.name>10kV清田Ⅰ线916线路#087-2A杆087-2A开关</cim:IdentifiedObject.name>
<cim:IdentifiedObject.bianhao>087-2A</cim:IdentifiedObject.bianhao>
<cim:PowerSystemResource.Circuit rdf:resource="#10000100_1531316240" />
<cim:ConductingEquipment.BaseVoltage rdf:resource="#BaseVoltage_5"/>
<iescim:PowerSystemResource.SubType>2</iescim:PowerSystemResource.SubType>
<iescim:PowerSystemResource.DeviceID>4503599627631760</iescim:PowerSystemResource.DeviceID>
<iescim:PowerSystemResource.DeviceType>16</iescim:PowerSystemResource.DeviceType>
<iescim:PowerSystemResource.Cxmc></iescim:PowerSystemResource.Cxmc>
</cim:Breaker>
<cim:Disconnector rdf:ID="2672636">
<cim:IdentifiedObject.name>清竹变电站.10kV.清田Ⅰ线间隔.916手车刀闸</cim:IdentifiedObject.name>
<cim:IdentifiedObject.bianhao>_</cim:IdentifiedObject.bianhao>
<cim:Equipment.EquipmentContainer rdf:resource="#30000000_2907917"/>
<cim:PowerSystemResource.Circuit rdf:resource="#10000100_1531316240" />
<cim:ConductingEquipment.BaseVoltage rdf:resource="#BaseVoltage_5"/>
<iescim:PowerSystemResource.SubType>5</iescim:PowerSystemResource.SubType>
<iescim:PowerSystemResource.DeviceID>4785074604190961</iescim:PowerSystemResource.DeviceID>
<iescim:PowerSystemResource.DeviceType>17</iescim:PowerSystemResource.DeviceType>
<iescim:PowerSystemResource.Cxmc></iescim:PowerSystemResource.Cxmc>
</cim:Disconnector>
<cim:Disconnector rdf:ID="30600001_2293984">
<cim:IdentifiedObject.name>清竹变电站.10kV.清田Ⅰ线间隔.9166接地刀闸</cim:IdentifiedObject.name>
<cim:IdentifiedObject.bianhao>_</cim:IdentifiedObject.bianhao>
<cim:Equipment.EquipmentContainer rdf:resource="#30000000_2907917"/>
<cim:PowerSystemResource.Circuit rdf:resource="#10000100_1531316240" />
<cim:ConductingEquipment.BaseVoltage rdf:resource="#BaseVoltage_5"/>
<iescim:PowerSystemResource.SubType>9</iescim:PowerSystemResource.SubType>
<iescim:PowerSystemResource.DeviceID>4785074604198795</iescim:PowerSystemResource.DeviceID>
<iescim:PowerSystemResource.DeviceType>17</iescim:PowerSystemResource.DeviceType>
<iescim:PowerSystemResource.Cxmc></iescim:PowerSystemResource.Cxmc>
</cim:Disconnector>
<cim:Disconnector rdf:ID="11300000_1523611452">
<cim:IdentifiedObject.name>10kV清田Ⅰ线916线路#086杆0861刀闸</cim:IdentifiedObject.name>
<cim:IdentifiedObject.bianhao>0861</cim:IdentifiedObject.bianhao>
<cim:PowerSystemResource.Circuit rdf:resource="#10000100_1531316240" />
<cim:ConductingEquipment.BaseVoltage rdf:resource="#BaseVoltage_5"/>
<iescim:PowerSystemResource.SubType>6</iescim:PowerSystemResource.SubType>
<iescim:PowerSystemResource.DeviceID>4785074604302538</iescim:PowerSystemResource.DeviceID>
<iescim:PowerSystemResource.DeviceType>17</iescim:PowerSystemResource.DeviceType>
<iescim:PowerSystemResource.Cxmc></iescim:PowerSystemResource.Cxmc>
</cim:Disconnector>
<cim:Disconnector rdf:ID="11300000_1531883917">
<cim:IdentifiedObject.name>10kV清田Ⅰ线916线路#001杆0011刀闸</cim:IdentifiedObject.name>
<cim:IdentifiedObject.bianhao>0011</cim:IdentifiedObject.bianhao>
<cim:PowerSystemResource.Circuit rdf:resource="#10000100_1531316240" />
<cim:ConductingEquipment.BaseVoltage rdf:resource="#BaseVoltage_5"/>
<iescim:PowerSystemResource.SubType>6</iescim:PowerSystemResource.SubType>
<iescim:PowerSystemResource.DeviceID>4785074604318930</iescim:PowerSystemResource.DeviceID>
<iescim:PowerSystemResource.DeviceType>17</iescim:PowerSystemResource.DeviceType>
<iescim:PowerSystemResource.Cxmc></iescim:PowerSystemResource.Cxmc>
</cim:Disconnector>
<cim:Disconnector rdf:ID="11300000_1533644637">
<cim:IdentifiedObject.name>10kV清田Ⅰ线916线路#084杆0841刀闸</cim:IdentifiedObject.name>
<cim:IdentifiedObject.bianhao>0841</cim:IdentifiedObject.bianhao>
<cim:PowerSystemResource.Circuit rdf:resource="#10000100_1531316240" />
<cim:ConductingEquipment.BaseVoltage rdf:resource="#BaseVoltage_5"/>
<iescim:PowerSystemResource.SubType>6</iescim:PowerSystemResource.SubType>
<iescim:PowerSystemResource.DeviceID>4785074604319955</iescim:PowerSystemResource.DeviceID>
<iescim:PowerSystemResource.DeviceType>17</iescim:PowerSystemResource.DeviceType>
<iescim:PowerSystemResource.Cxmc></iescim:PowerSystemResource.Cxmc>
</cim:Disconnector>
<cim:Disconnector rdf:ID="11300000_1533651664">
<cim:IdentifiedObject.name>10kV清田Ⅰ线916线路#087-2杆087-21刀闸</cim:IdentifiedObject.name>
<cim:IdentifiedObject.bianhao>087-21</cim:IdentifiedObject.bianhao>
<cim:PowerSystemResource.Circuit rdf:resource="#10000100_1531316240" />
<cim:ConductingEquipment.BaseVoltage rdf:resource="#BaseVoltage_5"/>
<iescim:PowerSystemResource.SubType>6</iescim:PowerSystemResource.SubType>
<iescim:PowerSystemResource.DeviceID>4785074604319964</iescim:PowerSystemResource.DeviceID>
<iescim:PowerSystemResource.DeviceType>17</iescim:PowerSystemResource.DeviceType>
<iescim:PowerSystemResource.Cxmc></iescim:PowerSystemResource.Cxmc>
</cim:Disconnector>
<cim:Disconnector rdf:ID="11300000_1533651665">
<cim:IdentifiedObject.name>10kV清田Ⅰ线916线路#087-3杆087-31刀闸</cim:IdentifiedObject.name>
<cim:IdentifiedObject.bianhao>087-31</cim:IdentifiedObject.bianhao>
<cim:PowerSystemResource.Circuit rdf:resource="#10000100_1531316240" />
<cim:ConductingEquipment.BaseVoltage rdf:resource="#BaseVoltage_5"/>
<iescim:PowerSystemResource.SubType>6</iescim:PowerSystemResource.SubType>
<iescim:PowerSystemResource.DeviceID>4785074604319965</iescim:PowerSystemResource.DeviceID>
<iescim:PowerSystemResource.DeviceType>17</iescim:PowerSystemResource.DeviceType>
<iescim:PowerSystemResource.Cxmc></iescim:PowerSystemResource.Cxmc>
</cim:Disconnector>
<cim:Disconnector rdf:ID="11300000_1533651666">
<cim:IdentifiedObject.name>10kV清田Ⅰ线916线路#087杆0872刀闸</cim:IdentifiedObject.name>
<cim:IdentifiedObject.bianhao>0872</cim:IdentifiedObject.bianhao>
<cim:PowerSystemResource.Circuit rdf:resource="#10000100_1531316240" />
<cim:ConductingEquipment.BaseVoltage rdf:resource="#BaseVoltage_5"/>
<iescim:PowerSystemResource.SubType>6</iescim:PowerSystemResource.SubType>
<iescim:PowerSystemResource.DeviceID>4785074604319966</iescim:PowerSystemResource.DeviceID>
<iescim:PowerSystemResource.DeviceType>17</iescim:PowerSystemResource.DeviceType>
<iescim:PowerSystemResource.Cxmc></iescim:PowerSystemResource.Cxmc>
</cim:Disconnector>
<cim:Disconnector rdf:ID="11300000_1533656367">
<cim:IdentifiedObject.name>10kV清田Ⅰ线916线路#087-2杆087-22刀闸</cim:IdentifiedObject.name>
<cim:IdentifiedObject.bianhao>087-22</cim:IdentifiedObject.bianhao>
<cim:PowerSystemResource.Circuit rdf:resource="#10000100_1531316240" />
<cim:ConductingEquipment.BaseVoltage rdf:resource="#BaseVoltage_5"/>
<iescim:PowerSystemResource.SubType>6</iescim:PowerSystemResource.SubType>
<iescim:PowerSystemResource.DeviceID>4785074604319967</iescim:PowerSystemResource.DeviceID>
<iescim:PowerSystemResource.DeviceType>17</iescim:PowerSystemResource.DeviceType>
<iescim:PowerSystemResource.Cxmc></iescim:PowerSystemResource.Cxmc>
</cim:Disconnector>
<cim:Disconnector rdf:ID="11300000_1533656369">
<cim:IdentifiedObject.name>10kV清田Ⅰ线916线路#087-2A杆087-2A1刀闸</cim:IdentifiedObject.name>
<cim:IdentifiedObject.bianhao>087-2A1</cim:IdentifiedObject.bianhao>
<cim:PowerSystemResource.Circuit rdf:resource="#10000100_1531316240" />
<cim:ConductingEquipment.BaseVoltage rdf:resource="#BaseVoltage_5"/>
<iescim:PowerSystemResource.SubType>6</iescim:PowerSystemResource.SubType>
<iescim:PowerSystemResource.DeviceID>4785074604319968</iescim:PowerSystemResource.DeviceID>
<iescim:PowerSystemResource.DeviceType>17</iescim:PowerSystemResource.DeviceType>
<iescim:PowerSystemResource.Cxmc></iescim:PowerSystemResource.Cxmc>
</cim:Disconnector>
<cim:Disconnector rdf:ID="11300000_1533780629">
<cim:IdentifiedObject.name>10kV清田Ⅰ线916线路#087-5杆087-51刀闸</cim:IdentifiedObject.name>
<cim:IdentifiedObject.bianhao>087-51</cim:IdentifiedObject.bianhao>
<cim:PowerSystemResource.Circuit rdf:resource="#10000100_1531316240" />
<cim:ConductingEquipment.BaseVoltage rdf:resource="#BaseVoltage_5"/>
<iescim:PowerSystemResource.SubType>6</iescim:PowerSystemResource.SubType>
<iescim:PowerSystemResource.DeviceID>4785074604320011</iescim:PowerSystemResource.DeviceID>
<iescim:PowerSystemResource.DeviceType>17</iescim:PowerSystemResource.DeviceType>
<iescim:PowerSystemResource.Cxmc></iescim:PowerSystemResource.Cxmc>
</cim:Disconnector>
<cim:Disconnector rdf:ID="11300000_1544472701">
<cim:IdentifiedObject.name>10kV清田Ⅰ线916线路#087杆0871刀闸</cim:IdentifiedObject.name>
<cim:IdentifiedObject.bianhao>0871</cim:IdentifiedObject.bianhao>
<cim:PowerSystemResource.Circuit rdf:resource="#10000100_1531316240" />
<cim:ConductingEquipment.BaseVoltage rdf:resource="#BaseVoltage_5"/>
<iescim:PowerSystemResource.SubType>6</iescim:PowerSystemResource.SubType>
<iescim:PowerSystemResource.DeviceID>4785074604332290</iescim:PowerSystemResource.DeviceID>
<iescim:PowerSystemResource.DeviceType>17</iescim:PowerSystemResource.DeviceType>
<iescim:PowerSystemResource.Cxmc></iescim:PowerSystemResource.Cxmc>
</cim:Disconnector>
<cim:Fuse rdf:ID="11500000_1533638319">
<cim:IdentifiedObject.name>10kV清田Ⅰ线916线路#087-2A杆087-2AM2跌落式熔断器</cim:IdentifiedObject.name>
<cim:IdentifiedObject.bianhao>042-3M2</cim:IdentifiedObject.bianhao>
<cim:PowerSystemResource.Circuit rdf:resource="#10000100_1531316240" />
<cim:ConductingEquipment.BaseVoltage rdf:resource="#BaseVoltage_5"/>
<iescim:PowerSystemResource.SubType>1</iescim:PowerSystemResource.SubType>
<iescim:PowerSystemResource.DeviceID>8162774324837446</iescim:PowerSystemResource.DeviceID>
<iescim:PowerSystemResource.DeviceType>29</iescim:PowerSystemResource.DeviceType>
<iescim:PowerSystemResource.Cxmc></iescim:PowerSystemResource.Cxmc>
</cim:Fuse>
<cim:Fuse rdf:ID="11500000_1533713169">
<cim:IdentifiedObject.name>10kV清田Ⅰ线916线路#087-5A杆087-5AM2跌落式熔断器</cim:IdentifiedObject.name>
<cim:IdentifiedObject.bianhao>042-2-5AM2</cim:IdentifiedObject.bianhao>
<cim:PowerSystemResource.Circuit rdf:resource="#10000100_1531316240" />
<cim:ConductingEquipment.BaseVoltage rdf:resource="#BaseVoltage_5"/>
<iescim:PowerSystemResource.SubType>1</iescim:PowerSystemResource.SubType>
<iescim:PowerSystemResource.DeviceID>8162774324837458</iescim:PowerSystemResource.DeviceID>
<iescim:PowerSystemResource.DeviceType>29</iescim:PowerSystemResource.DeviceType>
<iescim:PowerSystemResource.Cxmc></iescim:PowerSystemResource.Cxmc>
</cim:Fuse>
<cim:PowerTransformer rdf:ID="11000001_1533640192">
<cim:IdentifiedObject.name>寿宁县新万安耐磨材料有限公司</cim:IdentifiedObject.name>
<cim:IdentifiedObject.bianhao></cim:IdentifiedObject.bianhao>
<cim:PowerSystemResource.Circuit rdf:resource="#10000100_1531316240" />
<cim:ConductingEquipment.BaseVoltage rdf:resource="#BaseVoltage_5"/>
<iescim:PowerSystemResource.SubType>1</iescim:PowerSystemResource.SubType>
<iescim:PowerSystemResource.DeviceID>12384898975313997</iescim:PowerSystemResource.DeviceID>
<iescim:PowerSystemResource.DeviceType>44</iescim:PowerSystemResource.DeviceType>
<iescim:PowerSystemResource.UserType>0</iescim:PowerSystemResource.UserType>
<iescim:PowerSystemResource.TaiQuHao>_</iescim:PowerSystemResource.TaiQuHao>
</cim:PowerTransformer>
<cim:PowerTransformer rdf:ID="11000001_1533657007">
<cim:IdentifiedObject.name>新万安1#变</cim:IdentifiedObject.name>
<cim:IdentifiedObject.bianhao></cim:IdentifiedObject.bianhao>
<cim:PowerSystemResource.Circuit rdf:resource="#10000100_1531316240" />
<cim:ConductingEquipment.BaseVoltage rdf:resource="#BaseVoltage_5"/>
<iescim:PowerSystemResource.SubType>1</iescim:PowerSystemResource.SubType>
<iescim:PowerSystemResource.DeviceID>12384898975314002</iescim:PowerSystemResource.DeviceID>
<iescim:PowerSystemResource.DeviceType>44</iescim:PowerSystemResource.DeviceType>
<iescim:PowerSystemResource.UserType>0</iescim:PowerSystemResource.UserType>
<iescim:PowerSystemResource.TaiQuHao>_</iescim:PowerSystemResource.TaiQuHao>
</cim:PowerTransformer>
<cim:PowerTransformer rdf:ID="11000001_1533694589">
<cim:IdentifiedObject.name>丰星厂1#变</cim:IdentifiedObject.name>
<cim:IdentifiedObject.bianhao></cim:IdentifiedObject.bianhao>
<cim:PowerSystemResource.Circuit rdf:resource="#10000100_1531316240" />
<cim:ConductingEquipment.BaseVoltage rdf:resource="#BaseVoltage_5"/>
<iescim:PowerSystemResource.SubType>1</iescim:PowerSystemResource.SubType>
<iescim:PowerSystemResource.DeviceID>12384898975314012</iescim:PowerSystemResource.DeviceID>
<iescim:PowerSystemResource.DeviceType>44</iescim:PowerSystemResource.DeviceType>
<iescim:PowerSystemResource.UserType>0</iescim:PowerSystemResource.UserType>
<iescim:PowerSystemResource.TaiQuHao>_</iescim:PowerSystemResource.TaiQuHao>
</cim:PowerTransformer>
<cim:PowerTransformer rdf:ID="11000001_1533794175">
<cim:IdentifiedObject.name>寿宁县丰星配件制造厂</cim:IdentifiedObject.name>
<cim:IdentifiedObject.bianhao></cim:IdentifiedObject.bianhao>
<cim:PowerSystemResource.Circuit rdf:resource="#10000100_1531316240" />
<cim:ConductingEquipment.BaseVoltage rdf:resource="#BaseVoltage_5"/>
<iescim:PowerSystemResource.SubType>1</iescim:PowerSystemResource.SubType>
<iescim:PowerSystemResource.DeviceID>12384898975314013</iescim:PowerSystemResource.DeviceID>
<iescim:PowerSystemResource.DeviceType>44</iescim:PowerSystemResource.DeviceType>
<iescim:PowerSystemResource.UserType>0</iescim:PowerSystemResource.UserType>
<iescim:PowerSystemResource.TaiQuHao>_</iescim:PowerSystemResource.TaiQuHao>
</cim:PowerTransformer>
<cim:BusbarSection rdf:ID="31100000_797404">
<cim:IdentifiedObject.name>清竹变电站.10kV.Ⅰ段母线</cim:IdentifiedObject.name>
<cim:IdentifiedObject.bianhao></cim:IdentifiedObject.bianhao>
<cim:Equipment.EquipmentContainer rdf:resource="#30000000_2907917"/>
<cim:PowerSystemResource.Circuit rdf:resource="#_" />
<cim:ConductingEquipment.BaseVoltage rdf:resource="#BaseVoltage_5"/>
<iescim:PowerSystemResource.SubType>0</iescim:PowerSystemResource.SubType>
<iescim:PowerSystemResource.DeviceID>5348024557511566</iescim:PowerSystemResource.DeviceID>
<iescim:PowerSystemResource.DeviceType>19</iescim:PowerSystemResource.DeviceType>
</cim:BusbarSection>
<cim:BusbarSection rdf:ID="31100000_1223365">
<cim:IdentifiedObject.name>清竹变电站.10kV.Ⅱ段母线</cim:IdentifiedObject.name>
<cim:IdentifiedObject.bianhao></cim:IdentifiedObject.bianhao>
<cim:Equipment.EquipmentContainer rdf:resource="#30000000_2907917"/>
<cim:PowerSystemResource.Circuit rdf:resource="#_" />
<cim:ConductingEquipment.BaseVoltage rdf:resource="#BaseVoltage_5"/>
<iescim:PowerSystemResource.SubType>0</iescim:PowerSystemResource.SubType>
<iescim:PowerSystemResource.DeviceID>5348024557545953</iescim:PowerSystemResource.DeviceID>
<iescim:PowerSystemResource.DeviceType>19</iescim:PowerSystemResource.DeviceType>
</cim:BusbarSection>
<cim:ACLineSegment rdf:ID="13000000_1523621782">
<cim:IdentifiedObject.name>站外-连接线</cim:IdentifiedObject.name>
<cim:IdentifiedObject.bianhao></cim:IdentifiedObject.bianhao>
<cim:PowerSystemResource.Circuit rdf:resource="#10000100_1531316240" />
<cim:ConductingEquipment.BaseVoltage rdf:resource="#BaseVoltage_5"/>
<iescim:PowerSystemResource.SubType>3</iescim:PowerSystemResource.SubType>
<iescim:PowerSystemResource.DeviceID>5629499537586934</iescim:PowerSystemResource.DeviceID>
<iescim:PowerSystemResource.DeviceType>20</iescim:PowerSystemResource.DeviceType>
</cim:ACLineSegment>
<cim:ACLineSegment rdf:ID="14000000_1531644913">
<cim:IdentifiedObject.name>站内-出线点站外-超连接线</cim:IdentifiedObject.name>
<cim:IdentifiedObject.bianhao></cim:IdentifiedObject.bianhao>
<cim:PowerSystemResource.Circuit rdf:resource="#10000100_1531316240" />
<cim:ConductingEquipment.BaseVoltage rdf:resource="#BaseVoltage_5"/>
<iescim:PowerSystemResource.SubType>1</iescim:PowerSystemResource.SubType>
<iescim:PowerSystemResource.DeviceID>5629499537704054</iescim:PowerSystemResource.DeviceID>
<iescim:PowerSystemResource.DeviceType>20</iescim:PowerSystemResource.DeviceType>
</cim:ACLineSegment>
<cim:ACLineSegment rdf:ID="20100000_1531645271">
<cim:IdentifiedObject.name>站内-出线点站外-超连接线-站内-出线点站外-超连接线</cim:IdentifiedObject.name>
<cim:IdentifiedObject.bianhao></cim:IdentifiedObject.bianhao>
<cim:PowerSystemResource.Circuit rdf:resource="#10000100_1531316240" />
<cim:ConductingEquipment.BaseVoltage rdf:resource="#BaseVoltage_5"/>
<iescim:PowerSystemResource.SubType>1</iescim:PowerSystemResource.SubType>
<iescim:PowerSystemResource.DeviceID>5629499537704056</iescim:PowerSystemResource.DeviceID>
<iescim:PowerSystemResource.DeviceType>20</iescim:PowerSystemResource.DeviceType>
</cim:ACLineSegment>
<cim:ACLineSegment rdf:ID="10100000_1531870525">
<cim:IdentifiedObject.name>10kV清田Ⅰ线916线路#003杆-10kV清田Ⅰ线916线路#004杆</cim:IdentifiedObject.name>
<cim:IdentifiedObject.bianhao></cim:IdentifiedObject.bianhao>
<cim:PowerSystemResource.Circuit rdf:resource="#10000100_1531316240" />
<cim:ConductingEquipment.BaseVoltage rdf:resource="#BaseVoltage_5"/>
<iescim:PowerSystemResource.SubType>2</iescim:PowerSystemResource.SubType>
<iescim:PowerSystemResource.DeviceID>5629499537723041</iescim:PowerSystemResource.DeviceID>
<iescim:PowerSystemResource.DeviceType>20</iescim:PowerSystemResource.DeviceType>
</cim:ACLineSegment>
<cim:ACLineSegment rdf:ID="13000000_1531891542">
<cim:IdentifiedObject.name>站外-连接线</cim:IdentifiedObject.name>
<cim:IdentifiedObject.bianhao></cim:IdentifiedObject.bianhao>
<cim:PowerSystemResource.Circuit rdf:resource="#10000100_1531316240" />
<cim:ConductingEquipment.BaseVoltage rdf:resource="#BaseVoltage_5"/>
<iescim:PowerSystemResource.SubType>3</iescim:PowerSystemResource.SubType>
<iescim:PowerSystemResource.DeviceID>5629499537723043</iescim:PowerSystemResource.DeviceID>
<iescim:PowerSystemResource.DeviceType>20</iescim:PowerSystemResource.DeviceType>
</cim:ACLineSegment>
<cim:ACLineSegment rdf:ID="13000000_1531891545">
<cim:IdentifiedObject.name>站外-连接线</cim:IdentifiedObject.name>
<cim:IdentifiedObject.bianhao></cim:IdentifiedObject.bianhao>
<cim:PowerSystemResource.Circuit rdf:resource="#10000100_1531316240" />
<cim:ConductingEquipment.BaseVoltage rdf:resource="#BaseVoltage_5"/>
<iescim:PowerSystemResource.SubType>3</iescim:PowerSystemResource.SubType>
<iescim:PowerSystemResource.DeviceID>5629499537723045</iescim:PowerSystemResource.DeviceID>
<iescim:PowerSystemResource.DeviceType>20</iescim:PowerSystemResource.DeviceType>
</cim:ACLineSegment>
<cim:ACLineSegment rdf:ID="20100000_1531885645">
<cim:IdentifiedObject.name>站内-出线点站外-超连接线-10kV清田Ⅰ线916线路#001杆</cim:IdentifiedObject.name>
<cim:IdentifiedObject.bianhao></cim:IdentifiedObject.bianhao>
<cim:PowerSystemResource.Circuit rdf:resource="#10000100_1531316240" />
<cim:ConductingEquipment.BaseVoltage rdf:resource="#BaseVoltage_5"/>
<iescim:PowerSystemResource.SubType>1</iescim:PowerSystemResource.SubType>
<iescim:PowerSystemResource.DeviceID>5629499537723050</iescim:PowerSystemResource.DeviceID>
<iescim:PowerSystemResource.DeviceType>20</iescim:PowerSystemResource.DeviceType>
</cim:ACLineSegment>
<cim:ACLineSegment rdf:ID="10100000_1531890912">
<cim:IdentifiedObject.name>10kV清田Ⅰ线916线路#084杆-10kV清田Ⅰ线916线路#085杆</cim:IdentifiedObject.name>
<cim:IdentifiedObject.bianhao></cim:IdentifiedObject.bianhao>
<cim:PowerSystemResource.Circuit rdf:resource="#10000100_1531316240" />
<cim:ConductingEquipment.BaseVoltage rdf:resource="#BaseVoltage_5"/>
<iescim:PowerSystemResource.SubType>2</iescim:PowerSystemResource.SubType>
<iescim:PowerSystemResource.DeviceID>5629499537730852</iescim:PowerSystemResource.DeviceID>
<iescim:PowerSystemResource.DeviceType>20</iescim:PowerSystemResource.DeviceType>
</cim:ACLineSegment>
<cim:ACLineSegment rdf:ID="10100000_1533655368">
<cim:IdentifiedObject.name>10kV清田Ⅰ线916线路#087-1杆-10kV清田Ⅰ线916线路#087-2杆</cim:IdentifiedObject.name>
<cim:IdentifiedObject.bianhao></cim:IdentifiedObject.bianhao>
<cim:PowerSystemResource.Circuit rdf:resource="#10000100_1531316240" />
<cim:ConductingEquipment.BaseVoltage rdf:resource="#BaseVoltage_5"/>
<iescim:PowerSystemResource.SubType>2</iescim:PowerSystemResource.SubType>
<iescim:PowerSystemResource.DeviceID>5629499537730865</iescim:PowerSystemResource.DeviceID>
<iescim:PowerSystemResource.DeviceType>20</iescim:PowerSystemResource.DeviceType>
</cim:ACLineSegment>
<cim:ACLineSegment rdf:ID="10100000_1533655370">
<cim:IdentifiedObject.name>10kV清田Ⅰ线916线路#087-2杆-10kV清田Ⅰ线916线路#087-2A杆</cim:IdentifiedObject.name>
<cim:IdentifiedObject.bianhao></cim:IdentifiedObject.bianhao>
<cim:PowerSystemResource.Circuit rdf:resource="#10000100_1531316240" />
<cim:ConductingEquipment.BaseVoltage rdf:resource="#BaseVoltage_5"/>
<iescim:PowerSystemResource.SubType>2</iescim:PowerSystemResource.SubType>
<iescim:PowerSystemResource.DeviceID>5629499537730867</iescim:PowerSystemResource.DeviceID>
<iescim:PowerSystemResource.DeviceType>20</iescim:PowerSystemResource.DeviceType>
</cim:ACLineSegment>
<cim:ACLineSegment rdf:ID="13000000_1533645883">
<cim:IdentifiedObject.name>站外-连接线</cim:IdentifiedObject.name>
<cim:IdentifiedObject.bianhao></cim:IdentifiedObject.bianhao>
<cim:PowerSystemResource.Circuit rdf:resource="#10000100_1531316240" />
<cim:ConductingEquipment.BaseVoltage rdf:resource="#BaseVoltage_5"/>
<iescim:PowerSystemResource.SubType>3</iescim:PowerSystemResource.SubType>
<iescim:PowerSystemResource.DeviceID>5629499537730880</iescim:PowerSystemResource.DeviceID>
<iescim:PowerSystemResource.DeviceType>20</iescim:PowerSystemResource.DeviceType>
</cim:ACLineSegment>
<cim:ACLineSegment rdf:ID="13000000_1533654839">
<cim:IdentifiedObject.name>站外-连接线</cim:IdentifiedObject.name>
<cim:IdentifiedObject.bianhao></cim:IdentifiedObject.bianhao>
<cim:PowerSystemResource.Circuit rdf:resource="#10000100_1531316240" />
<cim:ConductingEquipment.BaseVoltage rdf:resource="#BaseVoltage_5"/>
<iescim:PowerSystemResource.SubType>3</iescim:PowerSystemResource.SubType>
<iescim:PowerSystemResource.DeviceID>5629499537730902</iescim:PowerSystemResource.DeviceID>
<iescim:PowerSystemResource.DeviceType>20</iescim:PowerSystemResource.DeviceType>
</cim:ACLineSegment>
<cim:ACLineSegment rdf:ID="13000000_1533654840">
<cim:IdentifiedObject.name>站外-连接线</cim:IdentifiedObject.name>
<cim:IdentifiedObject.bianhao></cim:IdentifiedObject.bianhao>
<cim:PowerSystemResource.Circuit rdf:resource="#10000100_1531316240" />
<cim:ConductingEquipment.BaseVoltage rdf:resource="#BaseVoltage_5"/>
<iescim:PowerSystemResource.SubType>3</iescim:PowerSystemResource.SubType>
<iescim:PowerSystemResource.DeviceID>5629499537730903</iescim:PowerSystemResource.DeviceID>
<iescim:PowerSystemResource.DeviceType>20</iescim:PowerSystemResource.DeviceType>
</cim:ACLineSegment>
<cim:ACLineSegment rdf:ID="13000000_1533654841">
<cim:IdentifiedObject.name>站外-连接线</cim:IdentifiedObject.name>
<cim:IdentifiedObject.bianhao></cim:IdentifiedObject.bianhao>
<cim:PowerSystemResource.Circuit rdf:resource="#10000100_1531316240" />
<cim:ConductingEquipment.BaseVoltage rdf:resource="#BaseVoltage_5"/>
<iescim:PowerSystemResource.SubType>3</iescim:PowerSystemResource.SubType>
<iescim:PowerSystemResource.DeviceID>5629499537730904</iescim:PowerSystemResource.DeviceID>
<iescim:PowerSystemResource.DeviceType>20</iescim:PowerSystemResource.DeviceType>
</cim:ACLineSegment>
<cim:ACLineSegment rdf:ID="13000000_1533654842">
<cim:IdentifiedObject.name>站外-连接线</cim:IdentifiedObject.name>
<cim:IdentifiedObject.bianhao></cim:IdentifiedObject.bianhao>
<cim:PowerSystemResource.Circuit rdf:resource="#10000100_1531316240" />
<cim:ConductingEquipment.BaseVoltage rdf:resource="#BaseVoltage_5"/>
<iescim:PowerSystemResource.SubType>3</iescim:PowerSystemResource.SubType>
<iescim:PowerSystemResource.DeviceID>5629499537730905</iescim:PowerSystemResource.DeviceID>
<iescim:PowerSystemResource.DeviceType>20</iescim:PowerSystemResource.DeviceType>
</cim:ACLineSegment>
<cim:ACLineSegment rdf:ID="13000000_1533654843">
<cim:IdentifiedObject.name>站外-连接线</cim:IdentifiedObject.name>
<cim:IdentifiedObject.bianhao></cim:IdentifiedObject.bianhao>
<cim:PowerSystemResource.Circuit rdf:resource="#10000100_1531316240" />
<cim:ConductingEquipment.BaseVoltage rdf:resource="#BaseVoltage_5"/>
<iescim:PowerSystemResource.SubType>3</iescim:PowerSystemResource.SubType>
<iescim:PowerSystemResource.DeviceID>5629499537730906</iescim:PowerSystemResource.DeviceID>
<iescim:PowerSystemResource.DeviceType>20</iescim:PowerSystemResource.DeviceType>
</cim:ACLineSegment>
<cim:ACLineSegment rdf:ID="13000000_1533654844">
<cim:IdentifiedObject.name>站外-连接线</cim:IdentifiedObject.name>
<cim:IdentifiedObject.bianhao></cim:IdentifiedObject.bianhao>
<cim:PowerSystemResource.Circuit rdf:resource="#10000100_1531316240" />
<cim:ConductingEquipment.BaseVoltage rdf:resource="#BaseVoltage_5"/>
<iescim:PowerSystemResource.SubType>3</iescim:PowerSystemResource.SubType>
<iescim:PowerSystemResource.DeviceID>5629499537730907</iescim:PowerSystemResource.DeviceID>
<iescim:PowerSystemResource.DeviceType>20</iescim:PowerSystemResource.DeviceType>
</cim:ACLineSegment>
<cim:ACLineSegment rdf:ID="13000000_1533656408">
<cim:IdentifiedObject.name>站外-连接线</cim:IdentifiedObject.name>
<cim:IdentifiedObject.bianhao></cim:IdentifiedObject.bianhao>
<cim:PowerSystemResource.Circuit rdf:resource="#10000100_1531316240" />
<cim:ConductingEquipment.BaseVoltage rdf:resource="#BaseVoltage_5"/>
<iescim:PowerSystemResource.SubType>3</iescim:PowerSystemResource.SubType>
<iescim:PowerSystemResource.DeviceID>5629499537730909</iescim:PowerSystemResource.DeviceID>
<iescim:PowerSystemResource.DeviceType>20</iescim:PowerSystemResource.DeviceType>
</cim:ACLineSegment>
<cim:ACLineSegment rdf:ID="13000000_1533656410">
<cim:IdentifiedObject.name>站外-连接线</cim:IdentifiedObject.name>
<cim:IdentifiedObject.bianhao></cim:IdentifiedObject.bianhao>
<cim:PowerSystemResource.Circuit rdf:resource="#10000100_1531316240" />
<cim:ConductingEquipment.BaseVoltage rdf:resource="#BaseVoltage_5"/>
<iescim:PowerSystemResource.SubType>3</iescim:PowerSystemResource.SubType>
<iescim:PowerSystemResource.DeviceID>5629499537730910</iescim:PowerSystemResource.DeviceID>
<iescim:PowerSystemResource.DeviceType>20</iescim:PowerSystemResource.DeviceType>
</cim:ACLineSegment>
<cim:ACLineSegment rdf:ID="13000000_1533656413">
<cim:IdentifiedObject.name>站外-连接线</cim:IdentifiedObject.name>
<cim:IdentifiedObject.bianhao></cim:IdentifiedObject.bianhao>
<cim:PowerSystemResource.Circuit rdf:resource="#10000100_1531316240" />
<cim:ConductingEquipment.BaseVoltage rdf:resource="#BaseVoltage_5"/>
<iescim:PowerSystemResource.SubType>3</iescim:PowerSystemResource.SubType>
<iescim:PowerSystemResource.DeviceID>5629499537730911</iescim:PowerSystemResource.DeviceID>
<iescim:PowerSystemResource.DeviceType>20</iescim:PowerSystemResource.DeviceType>
</cim:ACLineSegment>
<cim:ACLineSegment rdf:ID="13000000_1533661176">
<cim:IdentifiedObject.name>10kV坂头线025线路#067杆连接线</cim:IdentifiedObject.name>
<cim:IdentifiedObject.bianhao></cim:IdentifiedObject.bianhao>
<cim:PowerSystemResource.Circuit rdf:resource="#10000100_1531316240" />
<cim:ConductingEquipment.BaseVoltage rdf:resource="#BaseVoltage_5"/>
<iescim:PowerSystemResource.SubType>3</iescim:PowerSystemResource.SubType>
<iescim:PowerSystemResource.DeviceID>5629499537730939</iescim:PowerSystemResource.DeviceID>
<iescim:PowerSystemResource.DeviceType>20</iescim:PowerSystemResource.DeviceType>
</cim:ACLineSegment>
<cim:ACLineSegment rdf:ID="10100000_1533793674">
<cim:IdentifiedObject.name>10kV清田Ⅰ线916线路#087-3杆-10kV清田Ⅰ线916线路#087-4杆</cim:IdentifiedObject.name>
<cim:IdentifiedObject.bianhao></cim:IdentifiedObject.bianhao>
<cim:PowerSystemResource.Circuit rdf:resource="#10000100_1531316240" />
<cim:ConductingEquipment.BaseVoltage rdf:resource="#BaseVoltage_5"/>
<iescim:PowerSystemResource.SubType>2</iescim:PowerSystemResource.SubType>
<iescim:PowerSystemResource.DeviceID>5629499537733037</iescim:PowerSystemResource.DeviceID>
<iescim:PowerSystemResource.DeviceType>20</iescim:PowerSystemResource.DeviceType>
</cim:ACLineSegment>
<cim:ACLineSegment rdf:ID="10100000_1533793776">
<cim:IdentifiedObject.name>10kV清田Ⅰ线916线路#087-5杆-10kV清田Ⅰ线916线路#087-5A杆</cim:IdentifiedObject.name>
<cim:IdentifiedObject.bianhao></cim:IdentifiedObject.bianhao>
<cim:PowerSystemResource.Circuit rdf:resource="#10000100_1531316240" />
<cim:ConductingEquipment.BaseVoltage rdf:resource="#BaseVoltage_5"/>
<iescim:PowerSystemResource.SubType>2</iescim:PowerSystemResource.SubType>
<iescim:PowerSystemResource.DeviceID>5629499537733038</iescim:PowerSystemResource.DeviceID>
<iescim:PowerSystemResource.DeviceType>20</iescim:PowerSystemResource.DeviceType>
</cim:ACLineSegment>
<cim:ACLineSegment rdf:ID="13000000_1533792589">
<cim:IdentifiedObject.name>站外-连接线</cim:IdentifiedObject.name>
<cim:IdentifiedObject.bianhao></cim:IdentifiedObject.bianhao>
<cim:PowerSystemResource.Circuit rdf:resource="#10000100_1531316240" />
<cim:ConductingEquipment.BaseVoltage rdf:resource="#BaseVoltage_5"/>
<iescim:PowerSystemResource.SubType>3</iescim:PowerSystemResource.SubType>
<iescim:PowerSystemResource.DeviceID>5629499537733040</iescim:PowerSystemResource.DeviceID>
<iescim:PowerSystemResource.DeviceType>20</iescim:PowerSystemResource.DeviceType>
</cim:ACLineSegment>
<cim:ACLineSegment rdf:ID="13000000_1533792590">
<cim:IdentifiedObject.name>站外-连接线</cim:IdentifiedObject.name>
<cim:IdentifiedObject.bianhao></cim:IdentifiedObject.bianhao>
<cim:PowerSystemResource.Circuit rdf:resource="#10000100_1531316240" />
<cim:ConductingEquipment.BaseVoltage rdf:resource="#BaseVoltage_5"/>
<iescim:PowerSystemResource.SubType>3</iescim:PowerSystemResource.SubType>
<iescim:PowerSystemResource.DeviceID>5629499537733041</iescim:PowerSystemResource.DeviceID>
<iescim:PowerSystemResource.DeviceType>20</iescim:PowerSystemResource.DeviceType>
</cim:ACLineSegment>
<cim:ACLineSegment rdf:ID="13000000_1533792592">
<cim:IdentifiedObject.name>站外-连接线</cim:IdentifiedObject.name>
<cim:IdentifiedObject.bianhao></cim:IdentifiedObject.bianhao>
<cim:PowerSystemResource.Circuit rdf:resource="#10000100_1531316240" />
<cim:ConductingEquipment.BaseVoltage rdf:resource="#BaseVoltage_5"/>
<iescim:PowerSystemResource.SubType>3</iescim:PowerSystemResource.SubType>
<iescim:PowerSystemResource.DeviceID>5629499537733042</iescim:PowerSystemResource.DeviceID>
<iescim:PowerSystemResource.DeviceType>20</iescim:PowerSystemResource.DeviceType>
</cim:ACLineSegment>
<cim:ACLineSegment rdf:ID="13000000_1533792594">
<cim:IdentifiedObject.name>站外-连接线</cim:IdentifiedObject.name>
<cim:IdentifiedObject.bianhao></cim:IdentifiedObject.bianhao>
<cim:PowerSystemResource.Circuit rdf:resource="#10000100_1531316240" />
<cim:ConductingEquipment.BaseVoltage rdf:resource="#BaseVoltage_5"/>
<iescim:PowerSystemResource.SubType>3</iescim:PowerSystemResource.SubType>
<iescim:PowerSystemResource.DeviceID>5629499537733043</iescim:PowerSystemResource.DeviceID>
<iescim:PowerSystemResource.DeviceType>20</iescim:PowerSystemResource.DeviceType>
</cim:ACLineSegment>
<cim:ACLineSegment rdf:ID="13000000_1533794256">
<cim:IdentifiedObject.name>站外-连接线</cim:IdentifiedObject.name>
<cim:IdentifiedObject.bianhao></cim:IdentifiedObject.bianhao>
<cim:PowerSystemResource.Circuit rdf:resource="#10000100_1531316240" />
<cim:ConductingEquipment.BaseVoltage rdf:resource="#BaseVoltage_5"/>
<iescim:PowerSystemResource.SubType>3</iescim:PowerSystemResource.SubType>
<iescim:PowerSystemResource.DeviceID>5629499537733044</iescim:PowerSystemResource.DeviceID>
<iescim:PowerSystemResource.DeviceType>20</iescim:PowerSystemResource.DeviceType>
</cim:ACLineSegment>
<cim:ACLineSegment rdf:ID="13000000_1544453467">
<cim:IdentifiedObject.name>站外-连接线</cim:IdentifiedObject.name>
<cim:IdentifiedObject.bianhao></cim:IdentifiedObject.bianhao>
<cim:PowerSystemResource.Circuit rdf:resource="#10000100_1531316240" />
<cim:ConductingEquipment.BaseVoltage rdf:resource="#BaseVoltage_5"/>
<iescim:PowerSystemResource.SubType>3</iescim:PowerSystemResource.SubType>
<iescim:PowerSystemResource.DeviceID>5629499537980470</iescim:PowerSystemResource.DeviceID>
<iescim:PowerSystemResource.DeviceType>20</iescim:PowerSystemResource.DeviceType>
</cim:ACLineSegment>
<cim:ACLineSegment rdf:ID="13000000_1544453469">
<cim:IdentifiedObject.name>连接线</cim:IdentifiedObject.name>
<cim:IdentifiedObject.bianhao></cim:IdentifiedObject.bianhao>
<cim:PowerSystemResource.Circuit rdf:resource="#10000100_1531316240" />
<cim:ConductingEquipment.BaseVoltage rdf:resource="#BaseVoltage_5"/>
<iescim:PowerSystemResource.SubType>3</iescim:PowerSystemResource.SubType>
<iescim:PowerSystemResource.DeviceID>5629499537980471</iescim:PowerSystemResource.DeviceID>
<iescim:PowerSystemResource.DeviceType>20</iescim:PowerSystemResource.DeviceType>
</cim:ACLineSegment>
<cim:ACLineSegment rdf:ID="13000000_1544457102">
<cim:IdentifiedObject.name>新万安连接线</cim:IdentifiedObject.name>
<cim:IdentifiedObject.bianhao></cim:IdentifiedObject.bianhao>
<cim:PowerSystemResource.Circuit rdf:resource="#10000100_1531316240" />
<cim:ConductingEquipment.BaseVoltage rdf:resource="#BaseVoltage_5"/>
<iescim:PowerSystemResource.SubType>3</iescim:PowerSystemResource.SubType>
<iescim:PowerSystemResource.DeviceID>5629499537980472</iescim:PowerSystemResource.DeviceID>
<iescim:PowerSystemResource.DeviceType>20</iescim:PowerSystemResource.DeviceType>
</cim:ACLineSegment>
<cim:ACLineSegment rdf:ID="13000000_1544457103">
<cim:IdentifiedObject.name>寿宁县新万安耐磨材料有限公司连接线</cim:IdentifiedObject.name>
<cim:IdentifiedObject.bianhao></cim:IdentifiedObject.bianhao>
<cim:PowerSystemResource.Circuit rdf:resource="#10000100_1531316240" />
<cim:ConductingEquipment.BaseVoltage rdf:resource="#BaseVoltage_5"/>
<iescim:PowerSystemResource.SubType>3</iescim:PowerSystemResource.SubType>
<iescim:PowerSystemResource.DeviceID>5629499537980473</iescim:PowerSystemResource.DeviceID>
<iescim:PowerSystemResource.DeviceType>20</iescim:PowerSystemResource.DeviceType>
</cim:ACLineSegment>
<cim:ACLineSegment rdf:ID="20100000_1544458896">
<cim:IdentifiedObject.name>10kV清田II线924线路#085-2杆085-2M2跌落式熔断器连接线-新万安</cim:IdentifiedObject.name>
<cim:IdentifiedObject.bianhao></cim:IdentifiedObject.bianhao>
<cim:PowerSystemResource.Circuit rdf:resource="#10000100_1531316240" />
<cim:ConductingEquipment.BaseVoltage rdf:resource="#BaseVoltage_5"/>
<iescim:PowerSystemResource.SubType>1</iescim:PowerSystemResource.SubType>
<iescim:PowerSystemResource.DeviceID>5629499537980474</iescim:PowerSystemResource.DeviceID>
<iescim:PowerSystemResource.DeviceType>20</iescim:PowerSystemResource.DeviceType>
</cim:ACLineSegment>
<cim:ACLineSegment rdf:ID="20100000_1544458898">
<cim:IdentifiedObject.name>站外-连接线-寿宁县新万安耐磨材料有限公司连接线</cim:IdentifiedObject.name>
<cim:IdentifiedObject.bianhao></cim:IdentifiedObject.bianhao>
<cim:PowerSystemResource.Circuit rdf:resource="#10000100_1531316240" />
<cim:ConductingEquipment.BaseVoltage rdf:resource="#BaseVoltage_5"/>
<iescim:PowerSystemResource.SubType>1</iescim:PowerSystemResource.SubType>
<iescim:PowerSystemResource.DeviceID>5629499537980475</iescim:PowerSystemResource.DeviceID>
<iescim:PowerSystemResource.DeviceType>20</iescim:PowerSystemResource.DeviceType>
</cim:ACLineSegment>
<cim:ACLineSegment rdf:ID="10100000_1523610335">
<cim:IdentifiedObject.name>10kV清田Ⅰ线916线路#087杆-10kV清田Ⅰ线916线路#086杆</cim:IdentifiedObject.name>
<cim:IdentifiedObject.bianhao></cim:IdentifiedObject.bianhao>
<cim:PowerSystemResource.Circuit rdf:resource="#10000100_1531316240" />
<cim:ConductingEquipment.BaseVoltage rdf:resource="#BaseVoltage_5"/>
<iescim:PowerSystemResource.SubType>2</iescim:PowerSystemResource.SubType>
<iescim:PowerSystemResource.DeviceID>5629499537987508</iescim:PowerSystemResource.DeviceID>
<iescim:PowerSystemResource.DeviceType>20</iescim:PowerSystemResource.DeviceType>
</cim:ACLineSegment>
<cim:ACLineSegment rdf:ID="13000000_1544477935">
<cim:IdentifiedObject.name>站外-连接线</cim:IdentifiedObject.name>
<cim:IdentifiedObject.bianhao></cim:IdentifiedObject.bianhao>
<cim:PowerSystemResource.Circuit rdf:resource="#10000100_1531316240" />
<cim:ConductingEquipment.BaseVoltage rdf:resource="#BaseVoltage_5"/>
<iescim:PowerSystemResource.SubType>3</iescim:PowerSystemResource.SubType>
<iescim:PowerSystemResource.DeviceID>5629499537987509</iescim:PowerSystemResource.DeviceID>
<iescim:PowerSystemResource.DeviceType>20</iescim:PowerSystemResource.DeviceType>
</cim:ACLineSegment>
<cim:ACLineSegment rdf:ID="13000000_1544483082">
<cim:IdentifiedObject.name>10kV清田Ⅰ线916线路#087-3杆连接线</cim:IdentifiedObject.name>
<cim:IdentifiedObject.bianhao></cim:IdentifiedObject.bianhao>
<cim:PowerSystemResource.Circuit rdf:resource="#10000100_1531316240" />
<cim:ConductingEquipment.BaseVoltage rdf:resource="#BaseVoltage_5"/>
<iescim:PowerSystemResource.SubType>3</iescim:PowerSystemResource.SubType>
<iescim:PowerSystemResource.DeviceID>5629499537987510</iescim:PowerSystemResource.DeviceID>
<iescim:PowerSystemResource.DeviceType>20</iescim:PowerSystemResource.DeviceType>
</cim:ACLineSegment>
<cim:ACLineSegment rdf:ID="13000000_1544484838">
<cim:IdentifiedObject.name>10kV清田Ⅰ线916线路#087-2杆087-21刀闸连接线</cim:IdentifiedObject.name>
<cim:IdentifiedObject.bianhao></cim:IdentifiedObject.bianhao>
<cim:PowerSystemResource.Circuit rdf:resource="#10000100_1531316240" />
<cim:ConductingEquipment.BaseVoltage rdf:resource="#BaseVoltage_5"/>
<iescim:PowerSystemResource.SubType>3</iescim:PowerSystemResource.SubType>
<iescim:PowerSystemResource.DeviceID>5629499537987511</iescim:PowerSystemResource.DeviceID>
<iescim:PowerSystemResource.DeviceType>20</iescim:PowerSystemResource.DeviceType>
</cim:ACLineSegment>
<cim:ACLineSegment rdf:ID="20100000_1544473005">
<cim:IdentifiedObject.name>10kV清田Ⅰ线916线路#087-2杆087-21刀闸连接线-10kV清田Ⅰ线916线路#087-3杆连接线</cim:IdentifiedObject.name>
<cim:IdentifiedObject.bianhao></cim:IdentifiedObject.bianhao>
<cim:PowerSystemResource.Circuit rdf:resource="#10000100_1531316240" />
<cim:ConductingEquipment.BaseVoltage rdf:resource="#BaseVoltage_5"/>
<iescim:PowerSystemResource.SubType>1</iescim:PowerSystemResource.SubType>
<iescim:PowerSystemResource.DeviceID>5629499537987512</iescim:PowerSystemResource.DeviceID>
<iescim:PowerSystemResource.DeviceType>20</iescim:PowerSystemResource.DeviceType>
</cim:ACLineSegment>
<cim:Pole rdf:ID="10200001_1523609429">
<cim:IdentifiedObject.name>10kV清田Ⅰ线916线路#086杆</cim:IdentifiedObject.name>
<cim:IdentifiedObject.bianhao></cim:IdentifiedObject.bianhao>
<cim:PowerSystemResource.Circuit rdf:resource="#10000100_1531316240" />
<cim:ConductingEquipment.BaseVoltage rdf:resource="#BaseVoltage_5"/>
<iescim:PowerSystemResource.DeviceType>43</iescim:PowerSystemResource.DeviceType>
<iescim:PowerSystemResource.SubType>1</iescim:PowerSystemResource.SubType>
<iescim:PowerSystemResource.DeviceID>12103423998638773</iescim:PowerSystemResource.DeviceID>
</cim:Pole>
<cim:Pole rdf:ID="10200001_1531868963">
<cim:IdentifiedObject.name>10kV清田Ⅰ线916线路#001杆</cim:IdentifiedObject.name>
<cim:IdentifiedObject.bianhao></cim:IdentifiedObject.bianhao>
<cim:PowerSystemResource.Circuit rdf:resource="#10000100_1531316240" />
<cim:ConductingEquipment.BaseVoltage rdf:resource="#BaseVoltage_5"/>
<iescim:PowerSystemResource.DeviceType>43</iescim:PowerSystemResource.DeviceType>
<iescim:PowerSystemResource.SubType>1</iescim:PowerSystemResource.SubType>
<iescim:PowerSystemResource.DeviceID>12103423998644127</iescim:PowerSystemResource.DeviceID>
</cim:Pole>
<cim:Pole rdf:ID="10200001_1531892400">
<cim:IdentifiedObject.name>10kV清田Ⅰ线916线路#084杆</cim:IdentifiedObject.name>
<cim:IdentifiedObject.bianhao></cim:IdentifiedObject.bianhao>
<cim:PowerSystemResource.Circuit rdf:resource="#10000100_1531316240" />
<cim:ConductingEquipment.BaseVoltage rdf:resource="#BaseVoltage_5"/>
<iescim:PowerSystemResource.DeviceType>43</iescim:PowerSystemResource.DeviceType>
<iescim:PowerSystemResource.SubType>1</iescim:PowerSystemResource.SubType>
<iescim:PowerSystemResource.DeviceID>12103423998644446</iescim:PowerSystemResource.DeviceID>
</cim:Pole>
<cim:Pole rdf:ID="10200001_1533652830">
<cim:IdentifiedObject.name>10kV清田II线924线路天丘冈分线#042杆</cim:IdentifiedObject.name>
<cim:IdentifiedObject.bianhao></cim:IdentifiedObject.bianhao>
<cim:PowerSystemResource.Circuit rdf:resource="#10000100_1531316241" />
<cim:ConductingEquipment.BaseVoltage rdf:resource="#BaseVoltage_5"/>
<iescim:PowerSystemResource.DeviceType>43</iescim:PowerSystemResource.DeviceType>
<iescim:PowerSystemResource.SubType>1</iescim:PowerSystemResource.SubType>
<iescim:PowerSystemResource.DeviceID>12103423998644457</iescim:PowerSystemResource.DeviceID>
</cim:Pole>
<cim:Pole rdf:ID="10200001_1533653678">
<cim:IdentifiedObject.name>10kV清田Ⅰ线916线路#087-2杆</cim:IdentifiedObject.name>
<cim:IdentifiedObject.bianhao></cim:IdentifiedObject.bianhao>
<cim:PowerSystemResource.Circuit rdf:resource="#10000100_1531316240" />
<cim:ConductingEquipment.BaseVoltage rdf:resource="#BaseVoltage_5"/>
<iescim:PowerSystemResource.DeviceType>43</iescim:PowerSystemResource.DeviceType>
<iescim:PowerSystemResource.SubType>1</iescim:PowerSystemResource.SubType>
<iescim:PowerSystemResource.DeviceID>12103423998644459</iescim:PowerSystemResource.DeviceID>
</cim:Pole>
<cim:Pole rdf:ID="10200001_1533653680">
<cim:IdentifiedObject.name>10kV清田Ⅰ线916线路#087-2A杆</cim:IdentifiedObject.name>
<cim:IdentifiedObject.bianhao></cim:IdentifiedObject.bianhao>
<cim:PowerSystemResource.Circuit rdf:resource="#10000100_1531316240" />
<cim:ConductingEquipment.BaseVoltage rdf:resource="#BaseVoltage_5"/>
<iescim:PowerSystemResource.DeviceType>43</iescim:PowerSystemResource.DeviceType>
<iescim:PowerSystemResource.SubType>1</iescim:PowerSystemResource.SubType>
<iescim:PowerSystemResource.DeviceID>12103423998644461</iescim:PowerSystemResource.DeviceID>
</cim:Pole>
<cim:Pole rdf:ID="10200001_1533656127">
<cim:IdentifiedObject.name>10kV清田Ⅰ线916线路#087-3杆</cim:IdentifiedObject.name>
<cim:IdentifiedObject.bianhao></cim:IdentifiedObject.bianhao>
<cim:PowerSystemResource.Circuit rdf:resource="#10000100_1531316240" />
<cim:ConductingEquipment.BaseVoltage rdf:resource="#BaseVoltage_5"/>
<iescim:PowerSystemResource.DeviceType>43</iescim:PowerSystemResource.DeviceType>
<iescim:PowerSystemResource.SubType>1</iescim:PowerSystemResource.SubType>
<iescim:PowerSystemResource.DeviceID>12103423998644469</iescim:PowerSystemResource.DeviceID>
</cim:Pole>
<cim:Pole rdf:ID="10200001_1533793650">
<cim:IdentifiedObject.name>10kV清田Ⅰ线916线路#087-5杆</cim:IdentifiedObject.name>
<cim:IdentifiedObject.bianhao></cim:IdentifiedObject.bianhao>
<cim:PowerSystemResource.Circuit rdf:resource="#10000100_1531316240" />
<cim:ConductingEquipment.BaseVoltage rdf:resource="#BaseVoltage_5"/>
<iescim:PowerSystemResource.DeviceType>43</iescim:PowerSystemResource.DeviceType>
<iescim:PowerSystemResource.SubType>1</iescim:PowerSystemResource.SubType>
<iescim:PowerSystemResource.DeviceID>12103423998644617</iescim:PowerSystemResource.DeviceID>
</cim:Pole>
<cim:Pole rdf:ID="10200001_1533793652">
<cim:IdentifiedObject.name>10kV清田Ⅰ线916线路#087-5A杆</cim:IdentifiedObject.name>
<cim:IdentifiedObject.bianhao></cim:IdentifiedObject.bianhao>
<cim:PowerSystemResource.Circuit rdf:resource="#10000100_1531316240" />
<cim:ConductingEquipment.BaseVoltage rdf:resource="#BaseVoltage_5"/>
<iescim:PowerSystemResource.DeviceType>43</iescim:PowerSystemResource.DeviceType>
<iescim:PowerSystemResource.SubType>1</iescim:PowerSystemResource.SubType>
<iescim:PowerSystemResource.DeviceID>12103423998644618</iescim:PowerSystemResource.DeviceID>
</cim:Pole>
<cim:Pole rdf:ID="10200001_1523609428">
<cim:IdentifiedObject.name>10kV清田Ⅰ线916线路#087杆</cim:IdentifiedObject.name>
<cim:IdentifiedObject.bianhao></cim:IdentifiedObject.bianhao>
<cim:PowerSystemResource.Circuit rdf:resource="#10000100_1531316240" />
<cim:ConductingEquipment.BaseVoltage rdf:resource="#BaseVoltage_5"/>
<iescim:PowerSystemResource.DeviceType>43</iescim:PowerSystemResource.DeviceType>
<iescim:PowerSystemResource.SubType>1</iescim:PowerSystemResource.SubType>
<iescim:PowerSystemResource.DeviceID>12103423998650347</iescim:PowerSystemResource.DeviceID>
</cim:Pole>
<cim:ConnectivityNode rdf:ID="0">
<iescim:PowerSystemResource.SubType>0</iescim:PowerSystemResource.SubType>
<iescim:PowerSystemResource.DeviceID>0</iescim:PowerSystemResource.DeviceID>
<iescim:PowerSystemResource.DeviceType>33</iescim:PowerSystemResource.DeviceType>
</cim:ConnectivityNode>
<cim:ConnectivityNode rdf:ID="9288674231454396">
<iescim:PowerSystemResource.SubType>0</iescim:PowerSystemResource.SubType>
<iescim:PowerSystemResource.DeviceID>9288674231454396</iescim:PowerSystemResource.DeviceID>
<iescim:PowerSystemResource.DeviceType>33</iescim:PowerSystemResource.DeviceType>
</cim:ConnectivityNode>
<cim:ConnectivityNode rdf:ID="9288674231457959">
<iescim:PowerSystemResource.SubType>0</iescim:PowerSystemResource.SubType>
<iescim:PowerSystemResource.DeviceID>9288674231457959</iescim:PowerSystemResource.DeviceID>
<iescim:PowerSystemResource.DeviceType>33</iescim:PowerSystemResource.DeviceType>
</cim:ConnectivityNode>
<cim:ConnectivityNode rdf:ID="9288674231479999">
<iescim:PowerSystemResource.SubType>0</iescim:PowerSystemResource.SubType>
<iescim:PowerSystemResource.DeviceID>9288674231479999</iescim:PowerSystemResource.DeviceID>
<iescim:PowerSystemResource.DeviceType>33</iescim:PowerSystemResource.DeviceType>
</cim:ConnectivityNode>
<cim:ConnectivityNode rdf:ID="9288674231501962">
<iescim:PowerSystemResource.SubType>0</iescim:PowerSystemResource.SubType>
<iescim:PowerSystemResource.DeviceID>9288674231501962</iescim:PowerSystemResource.DeviceID>
<iescim:PowerSystemResource.DeviceType>33</iescim:PowerSystemResource.DeviceType>
</cim:ConnectivityNode>
<cim:ConnectivityNode rdf:ID="9288674231524328">
<iescim:PowerSystemResource.SubType>0</iescim:PowerSystemResource.SubType>
<iescim:PowerSystemResource.DeviceID>9288674231524328</iescim:PowerSystemResource.DeviceID>
<iescim:PowerSystemResource.DeviceType>33</iescim:PowerSystemResource.DeviceType>
</cim:ConnectivityNode>
<cim:ConnectivityNode rdf:ID="9288674231546741">
<iescim:PowerSystemResource.SubType>0</iescim:PowerSystemResource.SubType>
<iescim:PowerSystemResource.DeviceID>9288674231546741</iescim:PowerSystemResource.DeviceID>
<iescim:PowerSystemResource.DeviceType>33</iescim:PowerSystemResource.DeviceType>
</cim:ConnectivityNode>
<cim:ConnectivityNode rdf:ID="9288674231650209">
<iescim:PowerSystemResource.SubType>0</iescim:PowerSystemResource.SubType>
<iescim:PowerSystemResource.DeviceID>9288674231650209</iescim:PowerSystemResource.DeviceID>
<iescim:PowerSystemResource.DeviceType>33</iescim:PowerSystemResource.DeviceType>
</cim:ConnectivityNode>
<cim:ConnectivityNode rdf:ID="9288674231732056">
<iescim:PowerSystemResource.SubType>0</iescim:PowerSystemResource.SubType>
<iescim:PowerSystemResource.DeviceID>9288674231732056</iescim:PowerSystemResource.DeviceID>
<iescim:PowerSystemResource.DeviceType>33</iescim:PowerSystemResource.DeviceType>
</cim:ConnectivityNode>
<cim:ConnectivityNode rdf:ID="9288674231894397">
<iescim:PowerSystemResource.SubType>0</iescim:PowerSystemResource.SubType>
<iescim:PowerSystemResource.DeviceID>9288674231894397</iescim:PowerSystemResource.DeviceID>
<iescim:PowerSystemResource.DeviceType>33</iescim:PowerSystemResource.DeviceType>
</cim:ConnectivityNode>
<cim:ConnectivityNode rdf:ID="9288674246247579">
<iescim:PowerSystemResource.SubType>0</iescim:PowerSystemResource.SubType>
<iescim:PowerSystemResource.DeviceID>9288674246247579</iescim:PowerSystemResource.DeviceID>
<iescim:PowerSystemResource.DeviceType>33</iescim:PowerSystemResource.DeviceType>
</cim:ConnectivityNode>
<cim:ConnectivityNode rdf:ID="9288674246247581">
<iescim:PowerSystemResource.SubType>0</iescim:PowerSystemResource.SubType>
<iescim:PowerSystemResource.DeviceID>9288674246247581</iescim:PowerSystemResource.DeviceID>
<iescim:PowerSystemResource.DeviceType>33</iescim:PowerSystemResource.DeviceType>
</cim:ConnectivityNode>
<cim:ConnectivityNode rdf:ID="9288674246365035">
<iescim:PowerSystemResource.SubType>0</iescim:PowerSystemResource.SubType>
<iescim:PowerSystemResource.DeviceID>9288674246365035</iescim:PowerSystemResource.DeviceID>
<iescim:PowerSystemResource.DeviceType>33</iescim:PowerSystemResource.DeviceType>
</cim:ConnectivityNode>
<cim:ConnectivityNode rdf:ID="9288674246365039">
<iescim:PowerSystemResource.SubType>0</iescim:PowerSystemResource.SubType>
<iescim:PowerSystemResource.DeviceID>9288674246365039</iescim:PowerSystemResource.DeviceID>
<iescim:PowerSystemResource.DeviceType>33</iescim:PowerSystemResource.DeviceType>
</cim:ConnectivityNode>
<cim:ConnectivityNode rdf:ID="9288674246365040">
<iescim:PowerSystemResource.SubType>0</iescim:PowerSystemResource.SubType>
<iescim:PowerSystemResource.DeviceID>9288674246365040</iescim:PowerSystemResource.DeviceID>
<iescim:PowerSystemResource.DeviceType>33</iescim:PowerSystemResource.DeviceType>
</cim:ConnectivityNode>
<cim:ConnectivityNode rdf:ID="9288674246365043">
<iescim:PowerSystemResource.SubType>0</iescim:PowerSystemResource.SubType>
<iescim:PowerSystemResource.DeviceID>9288674246365043</iescim:PowerSystemResource.DeviceID>
<iescim:PowerSystemResource.DeviceType>33</iescim:PowerSystemResource.DeviceType>
</cim:ConnectivityNode>
<cim:ConnectivityNode rdf:ID="9288674246365044">
<iescim:PowerSystemResource.SubType>0</iescim:PowerSystemResource.SubType>
<iescim:PowerSystemResource.DeviceID>9288674246365044</iescim:PowerSystemResource.DeviceID>
<iescim:PowerSystemResource.DeviceType>33</iescim:PowerSystemResource.DeviceType>
</cim:ConnectivityNode>
<cim:ConnectivityNode rdf:ID="9288674246678419">
<iescim:PowerSystemResource.SubType>0</iescim:PowerSystemResource.SubType>
<iescim:PowerSystemResource.DeviceID>9288674246678419</iescim:PowerSystemResource.DeviceID>
<iescim:PowerSystemResource.DeviceType>33</iescim:PowerSystemResource.DeviceType>
</cim:ConnectivityNode>
<cim:ConnectivityNode rdf:ID="9288674246678423">
<iescim:PowerSystemResource.SubType>0</iescim:PowerSystemResource.SubType>
<iescim:PowerSystemResource.DeviceID>9288674246678423</iescim:PowerSystemResource.DeviceID>
<iescim:PowerSystemResource.DeviceType>33</iescim:PowerSystemResource.DeviceType>
</cim:ConnectivityNode>
<cim:ConnectivityNode rdf:ID="9288674246678424">
<iescim:PowerSystemResource.SubType>0</iescim:PowerSystemResource.SubType>
<iescim:PowerSystemResource.DeviceID>9288674246678424</iescim:PowerSystemResource.DeviceID>
<iescim:PowerSystemResource.DeviceType>33</iescim:PowerSystemResource.DeviceType>
</cim:ConnectivityNode>
<cim:ConnectivityNode rdf:ID="9288674246678470">
<iescim:PowerSystemResource.SubType>0</iescim:PowerSystemResource.SubType>
<iescim:PowerSystemResource.DeviceID>9288674246678470</iescim:PowerSystemResource.DeviceID>
<iescim:PowerSystemResource.DeviceType>33</iescim:PowerSystemResource.DeviceType>
</cim:ConnectivityNode>
<cim:ConnectivityNode rdf:ID="9288674246678476">
<iescim:PowerSystemResource.SubType>0</iescim:PowerSystemResource.SubType>
<iescim:PowerSystemResource.DeviceID>9288674246678476</iescim:PowerSystemResource.DeviceID>
<iescim:PowerSystemResource.DeviceType>33</iescim:PowerSystemResource.DeviceType>
</cim:ConnectivityNode>
<cim:ConnectivityNode rdf:ID="9288674246678478">
<iescim:PowerSystemResource.SubType>0</iescim:PowerSystemResource.SubType>
<iescim:PowerSystemResource.DeviceID>9288674246678478</iescim:PowerSystemResource.DeviceID>
<iescim:PowerSystemResource.DeviceType>33</iescim:PowerSystemResource.DeviceType>
</cim:ConnectivityNode>
<cim:ConnectivityNode rdf:ID="9288674246678483">
<iescim:PowerSystemResource.SubType>0</iescim:PowerSystemResource.SubType>
<iescim:PowerSystemResource.DeviceID>9288674246678483</iescim:PowerSystemResource.DeviceID>
<iescim:PowerSystemResource.DeviceType>33</iescim:PowerSystemResource.DeviceType>
</cim:ConnectivityNode>
<cim:ConnectivityNode rdf:ID="9288674246678484">
<iescim:PowerSystemResource.SubType>0</iescim:PowerSystemResource.SubType>
<iescim:PowerSystemResource.DeviceID>9288674246678484</iescim:PowerSystemResource.DeviceID>
<iescim:PowerSystemResource.DeviceType>33</iescim:PowerSystemResource.DeviceType>
</cim:ConnectivityNode>
<cim:ConnectivityNode rdf:ID="9288674246678485">
<iescim:PowerSystemResource.SubType>0</iescim:PowerSystemResource.SubType>
<iescim:PowerSystemResource.DeviceID>9288674246678485</iescim:PowerSystemResource.DeviceID>
<iescim:PowerSystemResource.DeviceType>33</iescim:PowerSystemResource.DeviceType>
</cim:ConnectivityNode>
<cim:ConnectivityNode rdf:ID="9288674246678486">
<iescim:PowerSystemResource.SubType>0</iescim:PowerSystemResource.SubType>
<iescim:PowerSystemResource.DeviceID>9288674246678486</iescim:PowerSystemResource.DeviceID>
<iescim:PowerSystemResource.DeviceType>33</iescim:PowerSystemResource.DeviceType>
</cim:ConnectivityNode>
<cim:ConnectivityNode rdf:ID="9288674246678487">
<iescim:PowerSystemResource.SubType>0</iescim:PowerSystemResource.SubType>
<iescim:PowerSystemResource.DeviceID>9288674246678487</iescim:PowerSystemResource.DeviceID>
<iescim:PowerSystemResource.DeviceType>33</iescim:PowerSystemResource.DeviceType>
</cim:ConnectivityNode>
<cim:ConnectivityNode rdf:ID="9288674246678488">
<iescim:PowerSystemResource.SubType>0</iescim:PowerSystemResource.SubType>
<iescim:PowerSystemResource.DeviceID>9288674246678488</iescim:PowerSystemResource.DeviceID>
<iescim:PowerSystemResource.DeviceType>33</iescim:PowerSystemResource.DeviceType>
</cim:ConnectivityNode>
<cim:ConnectivityNode rdf:ID="9288674246678489">
<iescim:PowerSystemResource.SubType>0</iescim:PowerSystemResource.SubType>
<iescim:PowerSystemResource.DeviceID>9288674246678489</iescim:PowerSystemResource.DeviceID>
<iescim:PowerSystemResource.DeviceType>33</iescim:PowerSystemResource.DeviceType>
</cim:ConnectivityNode>
<cim:ConnectivityNode rdf:ID="9288674246678490">
<iescim:PowerSystemResource.SubType>0</iescim:PowerSystemResource.SubType>
<iescim:PowerSystemResource.DeviceID>9288674246678490</iescim:PowerSystemResource.DeviceID>
<iescim:PowerSystemResource.DeviceType>33</iescim:PowerSystemResource.DeviceType>
</cim:ConnectivityNode>
<cim:ConnectivityNode rdf:ID="9288674246678491">
<iescim:PowerSystemResource.SubType>0</iescim:PowerSystemResource.SubType>
<iescim:PowerSystemResource.DeviceID>9288674246678491</iescim:PowerSystemResource.DeviceID>
<iescim:PowerSystemResource.DeviceType>33</iescim:PowerSystemResource.DeviceType>
</cim:ConnectivityNode>
<cim:ConnectivityNode rdf:ID="9288674246678492">
<iescim:PowerSystemResource.SubType>0</iescim:PowerSystemResource.SubType>
<iescim:PowerSystemResource.DeviceID>9288674246678492</iescim:PowerSystemResource.DeviceID>
<iescim:PowerSystemResource.DeviceType>33</iescim:PowerSystemResource.DeviceType>
</cim:ConnectivityNode>
<cim:ConnectivityNode rdf:ID="9288674246678493">
<iescim:PowerSystemResource.SubType>0</iescim:PowerSystemResource.SubType>
<iescim:PowerSystemResource.DeviceID>9288674246678493</iescim:PowerSystemResource.DeviceID>
<iescim:PowerSystemResource.DeviceType>33</iescim:PowerSystemResource.DeviceType>
</cim:ConnectivityNode>
<cim:ConnectivityNode rdf:ID="9288674246678494">
<iescim:PowerSystemResource.SubType>0</iescim:PowerSystemResource.SubType>
<iescim:PowerSystemResource.DeviceID>9288674246678494</iescim:PowerSystemResource.DeviceID>
<iescim:PowerSystemResource.DeviceType>33</iescim:PowerSystemResource.DeviceType>
</cim:ConnectivityNode>
<cim:ConnectivityNode rdf:ID="9288674246678495">
<iescim:PowerSystemResource.SubType>0</iescim:PowerSystemResource.SubType>
<iescim:PowerSystemResource.DeviceID>9288674246678495</iescim:PowerSystemResource.DeviceID>
<iescim:PowerSystemResource.DeviceType>33</iescim:PowerSystemResource.DeviceType>
</cim:ConnectivityNode>
<cim:ConnectivityNode rdf:ID="9288674246678496">
<iescim:PowerSystemResource.SubType>0</iescim:PowerSystemResource.SubType>
<iescim:PowerSystemResource.DeviceID>9288674246678496</iescim:PowerSystemResource.DeviceID>
<iescim:PowerSystemResource.DeviceType>33</iescim:PowerSystemResource.DeviceType>
</cim:ConnectivityNode>
<cim:ConnectivityNode rdf:ID="9288674246678497">
<iescim:PowerSystemResource.SubType>0</iescim:PowerSystemResource.SubType>
<iescim:PowerSystemResource.DeviceID>9288674246678497</iescim:PowerSystemResource.DeviceID>
<iescim:PowerSystemResource.DeviceType>33</iescim:PowerSystemResource.DeviceType>
</cim:ConnectivityNode>
<cim:ConnectivityNode rdf:ID="9288674246678498">
<iescim:PowerSystemResource.SubType>0</iescim:PowerSystemResource.SubType>
<iescim:PowerSystemResource.DeviceID>9288674246678498</iescim:PowerSystemResource.DeviceID>
<iescim:PowerSystemResource.DeviceType>33</iescim:PowerSystemResource.DeviceType>
</cim:ConnectivityNode>
<cim:ConnectivityNode rdf:ID="9288674246678499">
<iescim:PowerSystemResource.SubType>0</iescim:PowerSystemResource.SubType>
<iescim:PowerSystemResource.DeviceID>9288674246678499</iescim:PowerSystemResource.DeviceID>
<iescim:PowerSystemResource.DeviceType>33</iescim:PowerSystemResource.DeviceType>
</cim:ConnectivityNode>
<cim:ConnectivityNode rdf:ID="9288674246678500">
<iescim:PowerSystemResource.SubType>0</iescim:PowerSystemResource.SubType>
<iescim:PowerSystemResource.DeviceID>9288674246678500</iescim:PowerSystemResource.DeviceID>
<iescim:PowerSystemResource.DeviceType>33</iescim:PowerSystemResource.DeviceType>
</cim:ConnectivityNode>
<cim:ConnectivityNode rdf:ID="9288674246678504">
<iescim:PowerSystemResource.SubType>0</iescim:PowerSystemResource.SubType>
<iescim:PowerSystemResource.DeviceID>9288674246678504</iescim:PowerSystemResource.DeviceID>
<iescim:PowerSystemResource.DeviceType>33</iescim:PowerSystemResource.DeviceType>
</cim:ConnectivityNode>
<cim:ConnectivityNode rdf:ID="9288674246711596">
<iescim:PowerSystemResource.SubType>0</iescim:PowerSystemResource.SubType>
<iescim:PowerSystemResource.DeviceID>9288674246711596</iescim:PowerSystemResource.DeviceID>
<iescim:PowerSystemResource.DeviceType>33</iescim:PowerSystemResource.DeviceType>
</cim:ConnectivityNode>
<cim:ConnectivityNode rdf:ID="9288674246711597">
<iescim:PowerSystemResource.SubType>0</iescim:PowerSystemResource.SubType>
<iescim:PowerSystemResource.DeviceID>9288674246711597</iescim:PowerSystemResource.DeviceID>
<iescim:PowerSystemResource.DeviceType>33</iescim:PowerSystemResource.DeviceType>
</cim:ConnectivityNode>
<cim:ConnectivityNode rdf:ID="9288674246711598">
<iescim:PowerSystemResource.SubType>0</iescim:PowerSystemResource.SubType>
<iescim:PowerSystemResource.DeviceID>9288674246711598</iescim:PowerSystemResource.DeviceID>
<iescim:PowerSystemResource.DeviceType>33</iescim:PowerSystemResource.DeviceType>
</cim:ConnectivityNode>
<cim:ConnectivityNode rdf:ID="9288674246711600">
<iescim:PowerSystemResource.SubType>0</iescim:PowerSystemResource.SubType>
<iescim:PowerSystemResource.DeviceID>9288674246711600</iescim:PowerSystemResource.DeviceID>
<iescim:PowerSystemResource.DeviceType>33</iescim:PowerSystemResource.DeviceType>
</cim:ConnectivityNode>
<cim:ConnectivityNode rdf:ID="9288674246711602">
<iescim:PowerSystemResource.SubType>0</iescim:PowerSystemResource.SubType>
<iescim:PowerSystemResource.DeviceID>9288674246711602</iescim:PowerSystemResource.DeviceID>
<iescim:PowerSystemResource.DeviceType>33</iescim:PowerSystemResource.DeviceType>
</cim:ConnectivityNode>
<cim:ConnectivityNode rdf:ID="9288674246711603">
<iescim:PowerSystemResource.SubType>0</iescim:PowerSystemResource.SubType>
<iescim:PowerSystemResource.DeviceID>9288674246711603</iescim:PowerSystemResource.DeviceID>
<iescim:PowerSystemResource.DeviceType>33</iescim:PowerSystemResource.DeviceType>
</cim:ConnectivityNode>
<cim:ConnectivityNode rdf:ID="9288674246711604">
<iescim:PowerSystemResource.SubType>0</iescim:PowerSystemResource.SubType>
<iescim:PowerSystemResource.DeviceID>9288674246711604</iescim:PowerSystemResource.DeviceID>
<iescim:PowerSystemResource.DeviceType>33</iescim:PowerSystemResource.DeviceType>
</cim:ConnectivityNode>
<cim:ConnectivityNode rdf:ID="9288674246711605">
<iescim:PowerSystemResource.SubType>0</iescim:PowerSystemResource.SubType>
<iescim:PowerSystemResource.DeviceID>9288674246711605</iescim:PowerSystemResource.DeviceID>
<iescim:PowerSystemResource.DeviceType>33</iescim:PowerSystemResource.DeviceType>
</cim:ConnectivityNode>
<cim:ConnectivityNode rdf:ID="9288674246711606">
<iescim:PowerSystemResource.SubType>0</iescim:PowerSystemResource.SubType>
<iescim:PowerSystemResource.DeviceID>9288674246711606</iescim:PowerSystemResource.DeviceID>
<iescim:PowerSystemResource.DeviceType>33</iescim:PowerSystemResource.DeviceType>
</cim:ConnectivityNode>
<cim:ConnectivityNode rdf:ID="9288674246711607">
<iescim:PowerSystemResource.SubType>0</iescim:PowerSystemResource.SubType>
<iescim:PowerSystemResource.DeviceID>9288674246711607</iescim:PowerSystemResource.DeviceID>
<iescim:PowerSystemResource.DeviceType>33</iescim:PowerSystemResource.DeviceType>
</cim:ConnectivityNode>
<cim:ConnectivityNode rdf:ID="9288674250467169">
<iescim:PowerSystemResource.SubType>0</iescim:PowerSystemResource.SubType>
<iescim:PowerSystemResource.DeviceID>9288674250467169</iescim:PowerSystemResource.DeviceID>
<iescim:PowerSystemResource.DeviceType>33</iescim:PowerSystemResource.DeviceType>
</cim:ConnectivityNode>
<cim:ConnectivityNode rdf:ID="9288674250467170">
<iescim:PowerSystemResource.SubType>0</iescim:PowerSystemResource.SubType>
<iescim:PowerSystemResource.DeviceID>9288674250467170</iescim:PowerSystemResource.DeviceID>
<iescim:PowerSystemResource.DeviceType>33</iescim:PowerSystemResource.DeviceType>
</cim:ConnectivityNode>
<cim:ConnectivityNode rdf:ID="9288674250467171">
<iescim:PowerSystemResource.SubType>0</iescim:PowerSystemResource.SubType>
<iescim:PowerSystemResource.DeviceID>9288674250467171</iescim:PowerSystemResource.DeviceID>
<iescim:PowerSystemResource.DeviceType>33</iescim:PowerSystemResource.DeviceType>
</cim:ConnectivityNode>
<cim:ConnectivityNode rdf:ID="9288674250467172">
<iescim:PowerSystemResource.SubType>0</iescim:PowerSystemResource.SubType>
<iescim:PowerSystemResource.DeviceID>9288674250467172</iescim:PowerSystemResource.DeviceID>
<iescim:PowerSystemResource.DeviceType>33</iescim:PowerSystemResource.DeviceType>
</cim:ConnectivityNode>
<cim:ConnectivityNode rdf:ID="9288674250467173">
<iescim:PowerSystemResource.SubType>0</iescim:PowerSystemResource.SubType>
<iescim:PowerSystemResource.DeviceID>9288674250467173</iescim:PowerSystemResource.DeviceID>
<iescim:PowerSystemResource.DeviceType>33</iescim:PowerSystemResource.DeviceType>
</cim:ConnectivityNode>
<cim:ConnectivityNode rdf:ID="9288674250467174">
<iescim:PowerSystemResource.SubType>0</iescim:PowerSystemResource.SubType>
<iescim:PowerSystemResource.DeviceID>9288674250467174</iescim:PowerSystemResource.DeviceID>
<iescim:PowerSystemResource.DeviceType>33</iescim:PowerSystemResource.DeviceType>
</cim:ConnectivityNode>
<cim:ConnectivityNode rdf:ID="9288674250507912">
<iescim:PowerSystemResource.SubType>0</iescim:PowerSystemResource.SubType>
<iescim:PowerSystemResource.DeviceID>9288674250507912</iescim:PowerSystemResource.DeviceID>
<iescim:PowerSystemResource.DeviceType>33</iescim:PowerSystemResource.DeviceType>
</cim:ConnectivityNode>
<cim:ConnectivityNode rdf:ID="9288674250507913">
<iescim:PowerSystemResource.SubType>0</iescim:PowerSystemResource.SubType>
<iescim:PowerSystemResource.DeviceID>9288674250507913</iescim:PowerSystemResource.DeviceID>
<iescim:PowerSystemResource.DeviceType>33</iescim:PowerSystemResource.DeviceType>
</cim:ConnectivityNode>
<cim:ConnectivityNode rdf:ID="9288674250507915">
<iescim:PowerSystemResource.SubType>0</iescim:PowerSystemResource.SubType>
<iescim:PowerSystemResource.DeviceID>9288674250507915</iescim:PowerSystemResource.DeviceID>
<iescim:PowerSystemResource.DeviceType>33</iescim:PowerSystemResource.DeviceType>
</cim:ConnectivityNode>
<cim:ConnectivityNode rdf:ID="9288674250507916">
<iescim:PowerSystemResource.SubType>0</iescim:PowerSystemResource.SubType>
<iescim:PowerSystemResource.DeviceID>9288674250507916</iescim:PowerSystemResource.DeviceID>
<iescim:PowerSystemResource.DeviceType>33</iescim:PowerSystemResource.DeviceType>
</cim:ConnectivityNode>
<cim:ConnectivityNode rdf:ID="9288674250507917">
<iescim:PowerSystemResource.SubType>0</iescim:PowerSystemResource.SubType>
<iescim:PowerSystemResource.DeviceID>9288674250507917</iescim:PowerSystemResource.DeviceID>
<iescim:PowerSystemResource.DeviceType>33</iescim:PowerSystemResource.DeviceType>
</cim:ConnectivityNode>
<cim:Terminal rdf:ID="2672638">
<cim:Terminal.ConductingEquipment rdf:resource="#2672636"/>
<cim:Terminal.ConnectivityNode rdf:resource="#9288674231524328"/>
</cim:Terminal>
<cim:Terminal rdf:ID="2672639">
<cim:Terminal.ConductingEquipment rdf:resource="#2672636"/>
<cim:Terminal.ConnectivityNode rdf:resource="#9288674231454396"/>
</cim:Terminal>
<cim:Terminal rdf:ID="2672642">
<cim:Terminal.ConductingEquipment rdf:resource="#30600001_2293984"/>
<cim:Terminal.ConnectivityNode rdf:resource="#9288674231479999"/>
</cim:Terminal>
<cim:Terminal rdf:ID="11300000_1523611452_1">
<cim:Terminal.ConductingEquipment rdf:resource="#11300000_1523611452"/>
<cim:Terminal.ConnectivityNode rdf:resource="#9288674231650209"/>
</cim:Terminal>
<cim:Terminal rdf:ID="11300000_1523611452_2">
<cim:Terminal.ConductingEquipment rdf:resource="#11300000_1523611452"/>
<cim:Terminal.ConnectivityNode rdf:resource="#9288674231732056"/>
</cim:Terminal>
<cim:Terminal rdf:ID="11500000_1533638319_1">
<cim:Terminal.ConductingEquipment rdf:resource="#11500000_1533638319"/>
<cim:Terminal.ConnectivityNode rdf:resource="#9288674246678498"/>
</cim:Terminal>
<cim:Terminal rdf:ID="11500000_1533638319_2">
<cim:Terminal.ConductingEquipment rdf:resource="#11500000_1533638319"/>
<cim:Terminal.ConnectivityNode rdf:resource="#9288674246678499"/>
</cim:Terminal>
<cim:Terminal rdf:ID="11500000_1533713169_1">
<cim:Terminal.ConductingEquipment rdf:resource="#11500000_1533713169"/>
<cim:Terminal.ConnectivityNode rdf:resource="#9288674246711607"/>
</cim:Terminal>
<cim:Terminal rdf:ID="11500000_1533713169_2">
<cim:Terminal.ConductingEquipment rdf:resource="#11500000_1533713169"/>
<cim:Terminal.ConnectivityNode rdf:resource="#9288674246711606"/>
</cim:Terminal>
<cim:Terminal rdf:ID="11100000_1523620299_1">
<cim:Terminal.ConductingEquipment rdf:resource="#11100000_1523620299"/>
<cim:Terminal.ConnectivityNode rdf:resource="#9288674231501962"/>
</cim:Terminal>
<cim:Terminal rdf:ID="11100000_1523620299_2">
<cim:Terminal.ConductingEquipment rdf:resource="#11100000_1523620299"/>
<cim:Terminal.ConnectivityNode rdf:resource="#9288674231546741"/>
</cim:Terminal>
<cim:Terminal rdf:ID="11300000_1531883917_1">
<cim:Terminal.ConductingEquipment rdf:resource="#11300000_1531883917"/>
<cim:Terminal.ConnectivityNode rdf:resource="#9288674246365044"/>
</cim:Terminal>
<cim:Terminal rdf:ID="11300000_1531883917_2">
<cim:Terminal.ConductingEquipment rdf:resource="#11300000_1531883917"/>
<cim:Terminal.ConnectivityNode rdf:resource="#9288674246365043"/>
</cim:Terminal>
<cim:Terminal rdf:ID="11300000_1533644637_1">
<cim:Terminal.ConductingEquipment rdf:resource="#11300000_1533644637"/>
<cim:Terminal.ConnectivityNode rdf:resource="#9288674246678424"/>
</cim:Terminal>
<cim:Terminal rdf:ID="11300000_1533644637_2">
<cim:Terminal.ConductingEquipment rdf:resource="#11300000_1533644637"/>
<cim:Terminal.ConnectivityNode rdf:resource="#9288674246678423"/>
</cim:Terminal>
<cim:Terminal rdf:ID="11300000_1533651664_1">
<cim:Terminal.ConductingEquipment rdf:resource="#11300000_1533651664"/>
<cim:Terminal.ConnectivityNode rdf:resource="#9288674246678485"/>
</cim:Terminal>
<cim:Terminal rdf:ID="11300000_1533651664_2">
<cim:Terminal.ConductingEquipment rdf:resource="#11300000_1533651664"/>
<cim:Terminal.ConnectivityNode rdf:resource="#9288674246678484"/>
</cim:Terminal>
<cim:Terminal rdf:ID="11300000_1533651665_1">
<cim:Terminal.ConductingEquipment rdf:resource="#11300000_1533651665"/>
<cim:Terminal.ConnectivityNode rdf:resource="#9288674246678486"/>
</cim:Terminal>
<cim:Terminal rdf:ID="11300000_1533651665_2">
<cim:Terminal.ConductingEquipment rdf:resource="#11300000_1533651665"/>
<cim:Terminal.ConnectivityNode rdf:resource="#9288674246678487"/>
</cim:Terminal>
<cim:Terminal rdf:ID="11300000_1533651666_1">
<cim:Terminal.ConductingEquipment rdf:resource="#11300000_1533651666"/>
<cim:Terminal.ConnectivityNode rdf:resource="#9288674246678491"/>
</cim:Terminal>
<cim:Terminal rdf:ID="11300000_1533651666_2">
<cim:Terminal.ConductingEquipment rdf:resource="#11300000_1533651666"/>
<cim:Terminal.ConnectivityNode rdf:resource="#9288674246678490"/>
</cim:Terminal>
<cim:Terminal rdf:ID="11300000_1533656367_1">
<cim:Terminal.ConductingEquipment rdf:resource="#11300000_1533656367"/>
<cim:Terminal.ConnectivityNode rdf:resource="#9288674246678493"/>
</cim:Terminal>
<cim:Terminal rdf:ID="11300000_1533656367_2">
<cim:Terminal.ConductingEquipment rdf:resource="#11300000_1533656367"/>
<cim:Terminal.ConnectivityNode rdf:resource="#9288674246678492"/>
</cim:Terminal>
<cim:Terminal rdf:ID="11300000_1533656369_1">
<cim:Terminal.ConductingEquipment rdf:resource="#11300000_1533656369"/>
<cim:Terminal.ConnectivityNode rdf:resource="#9288674246678496"/>
</cim:Terminal>
<cim:Terminal rdf:ID="11300000_1533656369_2">
<cim:Terminal.ConductingEquipment rdf:resource="#11300000_1533656369"/>
<cim:Terminal.ConnectivityNode rdf:resource="#9288674246678497"/>
</cim:Terminal>
<cim:Terminal rdf:ID="11300000_1533780629_1">
<cim:Terminal.ConductingEquipment rdf:resource="#11300000_1533780629"/>
<cim:Terminal.ConnectivityNode rdf:resource="#9288674246711603"/>
</cim:Terminal>
<cim:Terminal rdf:ID="11300000_1533780629_2">
<cim:Terminal.ConductingEquipment rdf:resource="#11300000_1533780629"/>
<cim:Terminal.ConnectivityNode rdf:resource="#9288674246711602"/>
</cim:Terminal>
<cim:Terminal rdf:ID="11100000_1531892908_1">
<cim:Terminal.ConductingEquipment rdf:resource="#11100000_1531892908"/>
<cim:Terminal.ConnectivityNode rdf:resource="#9288674246365040"/>
</cim:Terminal>
<cim:Terminal rdf:ID="11100000_1531892908_2">
<cim:Terminal.ConductingEquipment rdf:resource="#11100000_1531892908"/>
<cim:Terminal.ConnectivityNode rdf:resource="#9288674246365039"/>
</cim:Terminal>
<cim:Terminal rdf:ID="11100000_1533649676_1">
<cim:Terminal.ConductingEquipment rdf:resource="#11100000_1533649676"/>
<cim:Terminal.ConnectivityNode rdf:resource="#9288674246678488"/>
</cim:Terminal>
<cim:Terminal rdf:ID="11100000_1533649676_2">
<cim:Terminal.ConductingEquipment rdf:resource="#11100000_1533649676"/>
<cim:Terminal.ConnectivityNode rdf:resource="#9288674246678489"/>
</cim:Terminal>
<cim:Terminal rdf:ID="11100000_1533649677_1">
<cim:Terminal.ConductingEquipment rdf:resource="#11100000_1533649677"/>
<cim:Terminal.ConnectivityNode rdf:resource="#9288674246678495"/>
</cim:Terminal>
<cim:Terminal rdf:ID="11100000_1533649677_2">
<cim:Terminal.ConductingEquipment rdf:resource="#11100000_1533649677"/>
<cim:Terminal.ConnectivityNode rdf:resource="#9288674246678494"/>
</cim:Terminal>
<cim:Terminal rdf:ID="11100000_1533740009_1">
<cim:Terminal.ConductingEquipment rdf:resource="#11100000_1533740009"/>
<cim:Terminal.ConnectivityNode rdf:resource="#9288674246711605"/>
</cim:Terminal>
<cim:Terminal rdf:ID="11100000_1533740009_2">
<cim:Terminal.ConductingEquipment rdf:resource="#11100000_1533740009"/>
<cim:Terminal.ConnectivityNode rdf:resource="#9288674246711604"/>
</cim:Terminal>
<cim:Terminal rdf:ID="11300000_1544472701_1">
<cim:Terminal.ConductingEquipment rdf:resource="#11300000_1544472701"/>
<cim:Terminal.ConnectivityNode rdf:resource="#9288674250507913"/>
</cim:Terminal>
<cim:Terminal rdf:ID="11300000_1544472701_2">
<cim:Terminal.ConductingEquipment rdf:resource="#11300000_1544472701"/>
<cim:Terminal.ConnectivityNode rdf:resource="#9288674250507915"/>
</cim:Terminal>
<cim:Terminal rdf:ID="11100000_1544453044_1">
<cim:Terminal.ConductingEquipment rdf:resource="#11100000_1544453044"/>
<cim:Terminal.ConnectivityNode rdf:resource="#9288674250467170"/>
</cim:Terminal>
<cim:Terminal rdf:ID="11100000_1544453044_2">
<cim:Terminal.ConductingEquipment rdf:resource="#11100000_1544453044"/>
<cim:Terminal.ConnectivityNode rdf:resource="#9288674250467169"/>
</cim:Terminal>
<cim:Terminal rdf:ID="20200000_1531644994_1">
<cim:Terminal.ConductingEquipment rdf:resource="#20200000_1531644994"/>
<cim:Terminal.ConnectivityNode rdf:resource="#9288674246247579"/>
</cim:Terminal>
<cim:Terminal rdf:ID="20200000_1531644995_1">
<cim:Terminal.ConductingEquipment rdf:resource="#20200000_1531644995"/>
<cim:Terminal.ConnectivityNode rdf:resource="#9288674246247581"/>
</cim:Terminal>
<cim:Terminal rdf:ID="32000000_4076860_1">
<cim:Terminal.ConductingEquipment rdf:resource="#32000000_4076860"/>
<cim:Terminal.ConnectivityNode rdf:resource="#9288674231479999"/>
</cim:Terminal>
<cim:Terminal rdf:ID="13000000_1523621782_1">
<cim:Terminal.ConductingEquipment rdf:resource="#13000000_1523621782"/>
<cim:Terminal.ConnectivityNode rdf:resource="#9288674231732056"/>
</cim:Terminal>
<cim:Terminal rdf:ID="13000000_1523621782_2">
<cim:Terminal.ConductingEquipment rdf:resource="#13000000_1523621782"/>
<cim:Terminal.ConnectivityNode rdf:resource="#9288674231501962"/>
</cim:Terminal>
<cim:Terminal rdf:ID="20200000_1544458876_1">
<cim:Terminal.ConductingEquipment rdf:resource="#20200000_1544458876"/>
<cim:Terminal.ConnectivityNode rdf:resource="#9288674250467171"/>
</cim:Terminal>
<cim:Terminal rdf:ID="20200000_1544458877_1">
<cim:Terminal.ConductingEquipment rdf:resource="#20200000_1544458877"/>
<cim:Terminal.ConnectivityNode rdf:resource="#9288674250467172"/>
</cim:Terminal>
<cim:Terminal rdf:ID="20200000_1544458878_1">
<cim:Terminal.ConductingEquipment rdf:resource="#20200000_1544458878"/>
<cim:Terminal.ConnectivityNode rdf:resource="#9288674250467173"/>
</cim:Terminal>
<cim:Terminal rdf:ID="20200000_1544458879_1">
<cim:Terminal.ConductingEquipment rdf:resource="#20200000_1544458879"/>
<cim:Terminal.ConnectivityNode rdf:resource="#9288674250467174"/>
</cim:Terminal>
<cim:Terminal rdf:ID="20200000_1544475593_1">
<cim:Terminal.ConductingEquipment rdf:resource="#20200000_1544475593"/>
<cim:Terminal.ConnectivityNode rdf:resource="#9288674250507916"/>
</cim:Terminal>
<cim:Terminal rdf:ID="20200000_1544475594_1">
<cim:Terminal.ConductingEquipment rdf:resource="#20200000_1544475594"/>
<cim:Terminal.ConnectivityNode rdf:resource="#9288674250507917"/>
</cim:Terminal>
<cim:Terminal rdf:ID="14000000_1531644913_1">
<cim:Terminal.ConductingEquipment rdf:resource="#14000000_1531644913"/>
<cim:Terminal.ConnectivityNode rdf:resource="#9288674231479999"/>
</cim:Terminal>
<cim:Terminal rdf:ID="14000000_1531644913_2">
<cim:Terminal.ConductingEquipment rdf:resource="#14000000_1531644913"/>
<cim:Terminal.ConnectivityNode rdf:resource="#9288674246247579"/>
</cim:Terminal>
<cim:Terminal rdf:ID="20100000_1531645271_1">
<cim:Terminal.ConductingEquipment rdf:resource="#20100000_1531645271"/>
<cim:Terminal.ConnectivityNode rdf:resource="#9288674246247579"/>
</cim:Terminal>
<cim:Terminal rdf:ID="20100000_1531645271_2">
<cim:Terminal.ConductingEquipment rdf:resource="#20100000_1531645271"/>
<cim:Terminal.ConnectivityNode rdf:resource="#9288674246247581"/>
</cim:Terminal>
<cim:Terminal rdf:ID="10100000_1531870525_1">
<cim:Terminal.ConductingEquipment rdf:resource="#10100000_1531870525"/>
<cim:Terminal.ConnectivityNode rdf:resource="#9288674246365039"/>
</cim:Terminal>
<cim:Terminal rdf:ID="10100000_1531870525_2">
<cim:Terminal.ConductingEquipment rdf:resource="#10100000_1531870525"/>
<cim:Terminal.ConnectivityNode rdf:resource="#9288674246678419"/>
</cim:Terminal>
<cim:Terminal rdf:ID="13000000_1531891542_1">
<cim:Terminal.ConductingEquipment rdf:resource="#13000000_1531891542"/>
<cim:Terminal.ConnectivityNode rdf:resource="#9288674246365043"/>
</cim:Terminal>
<cim:Terminal rdf:ID="13000000_1531891542_2">
<cim:Terminal.ConductingEquipment rdf:resource="#13000000_1531891542"/>
<cim:Terminal.ConnectivityNode rdf:resource="#9288674246365040"/>
</cim:Terminal>
<cim:Terminal rdf:ID="13000000_1531891545_1">
<cim:Terminal.ConductingEquipment rdf:resource="#13000000_1531891545"/>
<cim:Terminal.ConnectivityNode rdf:resource="#9288674246365035"/>
</cim:Terminal>
<cim:Terminal rdf:ID="13000000_1531891545_2">
<cim:Terminal.ConductingEquipment rdf:resource="#13000000_1531891545"/>
<cim:Terminal.ConnectivityNode rdf:resource="#9288674246365044"/>
</cim:Terminal>
<cim:Terminal rdf:ID="20100000_1531885645_1">
<cim:Terminal.ConductingEquipment rdf:resource="#20100000_1531885645"/>
<cim:Terminal.ConnectivityNode rdf:resource="#9288674246247581"/>
</cim:Terminal>
<cim:Terminal rdf:ID="20100000_1531885645_2">
<cim:Terminal.ConductingEquipment rdf:resource="#20100000_1531885645"/>
<cim:Terminal.ConnectivityNode rdf:resource="#9288674246365035"/>
</cim:Terminal>
<cim:Terminal rdf:ID="10100000_1531890912_1">
<cim:Terminal.ConductingEquipment rdf:resource="#10100000_1531890912"/>
<cim:Terminal.ConnectivityNode rdf:resource="#9288674246678423"/>
</cim:Terminal>
<cim:Terminal rdf:ID="10100000_1531890912_2">
<cim:Terminal.ConductingEquipment rdf:resource="#10100000_1531890912"/>
<cim:Terminal.ConnectivityNode rdf:resource="#9288674231546741"/>
</cim:Terminal>
<cim:Terminal rdf:ID="10100000_1533655368_1">
<cim:Terminal.ConductingEquipment rdf:resource="#10100000_1533655368"/>
<cim:Terminal.ConnectivityNode rdf:resource="#9288674246678490"/>
</cim:Terminal>
<cim:Terminal rdf:ID="10100000_1533655368_2">
<cim:Terminal.ConductingEquipment rdf:resource="#10100000_1533655368"/>
<cim:Terminal.ConnectivityNode rdf:resource="#9288674246678476"/>
</cim:Terminal>
<cim:Terminal rdf:ID="10100000_1533655370_1">
<cim:Terminal.ConductingEquipment rdf:resource="#10100000_1533655370"/>
<cim:Terminal.ConnectivityNode rdf:resource="#9288674246678494"/>
</cim:Terminal>
<cim:Terminal rdf:ID="10100000_1533655370_2">
<cim:Terminal.ConductingEquipment rdf:resource="#10100000_1533655370"/>
<cim:Terminal.ConnectivityNode rdf:resource="#9288674246678478"/>
</cim:Terminal>
<cim:Terminal rdf:ID="13000000_1533645883_1">
<cim:Terminal.ConductingEquipment rdf:resource="#13000000_1533645883"/>
<cim:Terminal.ConnectivityNode rdf:resource="#9288674246678419"/>
</cim:Terminal>
<cim:Terminal rdf:ID="13000000_1533645883_2">
<cim:Terminal.ConductingEquipment rdf:resource="#13000000_1533645883"/>
<cim:Terminal.ConnectivityNode rdf:resource="#9288674246678424"/>
</cim:Terminal>
<cim:Terminal rdf:ID="13000000_1533654839_1">
<cim:Terminal.ConductingEquipment rdf:resource="#13000000_1533654839"/>
<cim:Terminal.ConnectivityNode rdf:resource="#9288674246678476"/>
</cim:Terminal>
<cim:Terminal rdf:ID="13000000_1533654839_2">
<cim:Terminal.ConductingEquipment rdf:resource="#13000000_1533654839"/>
<cim:Terminal.ConnectivityNode rdf:resource="#9288674246678485"/>
</cim:Terminal>
<cim:Terminal rdf:ID="13000000_1533654840_1">
<cim:Terminal.ConductingEquipment rdf:resource="#13000000_1533654840"/>
<cim:Terminal.ConnectivityNode rdf:resource="#9288674246678489"/>
</cim:Terminal>
<cim:Terminal rdf:ID="13000000_1533654840_2">
<cim:Terminal.ConductingEquipment rdf:resource="#13000000_1533654840"/>
<cim:Terminal.ConnectivityNode rdf:resource="#9288674246678486"/>
</cim:Terminal>
<cim:Terminal rdf:ID="13000000_1533654841_1">
<cim:Terminal.ConductingEquipment rdf:resource="#13000000_1533654841"/>
<cim:Terminal.ConnectivityNode rdf:resource="#9288674246678483"/>
</cim:Terminal>
<cim:Terminal rdf:ID="13000000_1533654841_2">
<cim:Terminal.ConductingEquipment rdf:resource="#13000000_1533654841"/>
<cim:Terminal.ConnectivityNode rdf:resource="#9288674246678488"/>
</cim:Terminal>
<cim:Terminal rdf:ID="13000000_1533654842_1">
<cim:Terminal.ConductingEquipment rdf:resource="#13000000_1533654842"/>
<cim:Terminal.ConnectivityNode rdf:resource="#9288674250507912"/>
</cim:Terminal>
<cim:Terminal rdf:ID="13000000_1533654842_2">
<cim:Terminal.ConductingEquipment rdf:resource="#13000000_1533654842"/>
<cim:Terminal.ConnectivityNode rdf:resource="#9288674246678491"/>
</cim:Terminal>
<cim:Terminal rdf:ID="13000000_1533654843_1">
<cim:Terminal.ConductingEquipment rdf:resource="#13000000_1533654843"/>
<cim:Terminal.ConnectivityNode rdf:resource="#9288674246678476"/>
</cim:Terminal>
<cim:Terminal rdf:ID="13000000_1533654843_2">
<cim:Terminal.ConductingEquipment rdf:resource="#13000000_1533654843"/>
<cim:Terminal.ConnectivityNode rdf:resource="#9288674246678493"/>
</cim:Terminal>
<cim:Terminal rdf:ID="13000000_1533654844_1">
<cim:Terminal.ConductingEquipment rdf:resource="#13000000_1533654844"/>
<cim:Terminal.ConnectivityNode rdf:resource="#9288674246678492"/>
</cim:Terminal>
<cim:Terminal rdf:ID="13000000_1533654844_2">
<cim:Terminal.ConductingEquipment rdf:resource="#13000000_1533654844"/>
<cim:Terminal.ConnectivityNode rdf:resource="#9288674246678495"/>
</cim:Terminal>
<cim:Terminal rdf:ID="13000000_1533656408_1">
<cim:Terminal.ConductingEquipment rdf:resource="#13000000_1533656408"/>
<cim:Terminal.ConnectivityNode rdf:resource="#9288674250467169"/>
</cim:Terminal>
<cim:Terminal rdf:ID="13000000_1533656408_2">
<cim:Terminal.ConductingEquipment rdf:resource="#13000000_1533656408"/>
<cim:Terminal.ConnectivityNode rdf:resource="#9288674246678496"/>
</cim:Terminal>
<cim:Terminal rdf:ID="13000000_1533656410_1">
<cim:Terminal.ConductingEquipment rdf:resource="#13000000_1533656410"/>
<cim:Terminal.ConnectivityNode rdf:resource="#9288674250467170"/>
</cim:Terminal>
<cim:Terminal rdf:ID="13000000_1533656410_2">
<cim:Terminal.ConductingEquipment rdf:resource="#13000000_1533656410"/>
<cim:Terminal.ConnectivityNode rdf:resource="#9288674246678498"/>
</cim:Terminal>
<cim:Terminal rdf:ID="13000000_1533656413_1">
<cim:Terminal.ConductingEquipment rdf:resource="#13000000_1533656413"/>
<cim:Terminal.ConnectivityNode rdf:resource="#9288674246678497"/>
</cim:Terminal>
<cim:Terminal rdf:ID="13000000_1533656413_2">
<cim:Terminal.ConductingEquipment rdf:resource="#13000000_1533656413"/>
<cim:Terminal.ConnectivityNode rdf:resource="#9288674250467173"/>
</cim:Terminal>
<cim:Terminal rdf:ID="13000000_1533661176_1">
<cim:Terminal.ConductingEquipment rdf:resource="#13000000_1533661176"/>
<cim:Terminal.ConnectivityNode rdf:resource="#9288674231894397"/>
</cim:Terminal>
<cim:Terminal rdf:ID="13000000_1533661176_2">
<cim:Terminal.ConductingEquipment rdf:resource="#13000000_1533661176"/>
<cim:Terminal.ConnectivityNode rdf:resource="#9288674231650209"/>
</cim:Terminal>
<cim:Terminal rdf:ID="10100000_1533793674_1">
<cim:Terminal.ConductingEquipment rdf:resource="#10100000_1533793674"/>
<cim:Terminal.ConnectivityNode rdf:resource="#9288674246678487"/>
</cim:Terminal>
<cim:Terminal rdf:ID="10100000_1533793674_2">
<cim:Terminal.ConductingEquipment rdf:resource="#10100000_1533793674"/>
<cim:Terminal.ConnectivityNode rdf:resource="#9288674246711596"/>
</cim:Terminal>
<cim:Terminal rdf:ID="10100000_1533793776_1">
<cim:Terminal.ConductingEquipment rdf:resource="#10100000_1533793776"/>
<cim:Terminal.ConnectivityNode rdf:resource="#9288674246711596"/>
</cim:Terminal>
<cim:Terminal rdf:ID="10100000_1533793776_2">
<cim:Terminal.ConductingEquipment rdf:resource="#10100000_1533793776"/>
<cim:Terminal.ConnectivityNode rdf:resource="#9288674246711597"/>
</cim:Terminal>
<cim:Terminal rdf:ID="13000000_1533792589_1">
<cim:Terminal.ConductingEquipment rdf:resource="#13000000_1533792589"/>
<cim:Terminal.ConnectivityNode rdf:resource="#9288674246711606"/>
</cim:Terminal>
<cim:Terminal rdf:ID="13000000_1533792589_2">
<cim:Terminal.ConductingEquipment rdf:resource="#13000000_1533792589"/>
<cim:Terminal.ConnectivityNode rdf:resource="#9288674246711598"/>
</cim:Terminal>
<cim:Terminal rdf:ID="13000000_1533792590_1">
<cim:Terminal.ConductingEquipment rdf:resource="#13000000_1533792590"/>
<cim:Terminal.ConnectivityNode rdf:resource="#9288674246711602"/>
</cim:Terminal>
<cim:Terminal rdf:ID="13000000_1533792590_2">
<cim:Terminal.ConductingEquipment rdf:resource="#13000000_1533792590"/>
<cim:Terminal.ConnectivityNode rdf:resource="#9288674246711600"/>
</cim:Terminal>
<cim:Terminal rdf:ID="13000000_1533792592_1">
<cim:Terminal.ConductingEquipment rdf:resource="#13000000_1533792592"/>
<cim:Terminal.ConnectivityNode rdf:resource="#9288674246711604"/>
</cim:Terminal>
<cim:Terminal rdf:ID="13000000_1533792592_2">
<cim:Terminal.ConductingEquipment rdf:resource="#13000000_1533792592"/>
<cim:Terminal.ConnectivityNode rdf:resource="#9288674246711603"/>
</cim:Terminal>
<cim:Terminal rdf:ID="13000000_1533792594_1">
<cim:Terminal.ConductingEquipment rdf:resource="#13000000_1533792594"/>
<cim:Terminal.ConnectivityNode rdf:resource="#9288674246711596"/>
</cim:Terminal>
<cim:Terminal rdf:ID="13000000_1533792594_2">
<cim:Terminal.ConductingEquipment rdf:resource="#13000000_1533792594"/>
<cim:Terminal.ConnectivityNode rdf:resource="#9288674246711605"/>
</cim:Terminal>
<cim:Terminal rdf:ID="13000000_1533794256_1">
<cim:Terminal.ConductingEquipment rdf:resource="#13000000_1533794256"/>
<cim:Terminal.ConnectivityNode rdf:resource="#9288674246711597"/>
</cim:Terminal>
<cim:Terminal rdf:ID="13000000_1533794256_2">
<cim:Terminal.ConductingEquipment rdf:resource="#13000000_1533794256"/>
<cim:Terminal.ConnectivityNode rdf:resource="#9288674246711607"/>
</cim:Terminal>
<cim:Terminal rdf:ID="13000000_1544453467_1">
<cim:Terminal.ConductingEquipment rdf:resource="#13000000_1544453467"/>
<cim:Terminal.ConnectivityNode rdf:resource="#9288674246678478"/>
</cim:Terminal>
<cim:Terminal rdf:ID="13000000_1544453467_2">
<cim:Terminal.ConductingEquipment rdf:resource="#13000000_1544453467"/>
<cim:Terminal.ConnectivityNode rdf:resource="#9288674250467170"/>
</cim:Terminal>
<cim:Terminal rdf:ID="13000000_1544453469_1">
<cim:Terminal.ConductingEquipment rdf:resource="#13000000_1544453469"/>
<cim:Terminal.ConnectivityNode rdf:resource="#9288674246678499"/>
</cim:Terminal>
<cim:Terminal rdf:ID="13000000_1544453469_2">
<cim:Terminal.ConductingEquipment rdf:resource="#13000000_1544453469"/>
<cim:Terminal.ConnectivityNode rdf:resource="#9288674250467171"/>
</cim:Terminal>
<cim:Terminal rdf:ID="13000000_1544457102_1">
<cim:Terminal.ConductingEquipment rdf:resource="#13000000_1544457102"/>
<cim:Terminal.ConnectivityNode rdf:resource="#9288674250467172"/>
</cim:Terminal>
<cim:Terminal rdf:ID="13000000_1544457102_2">
<cim:Terminal.ConductingEquipment rdf:resource="#13000000_1544457102"/>
<cim:Terminal.ConnectivityNode rdf:resource="#9288674246678504"/>
</cim:Terminal>
<cim:Terminal rdf:ID="13000000_1544457103_1">
<cim:Terminal.ConductingEquipment rdf:resource="#13000000_1544457103"/>
<cim:Terminal.ConnectivityNode rdf:resource="#9288674246678500"/>
</cim:Terminal>
<cim:Terminal rdf:ID="13000000_1544457103_2">
<cim:Terminal.ConductingEquipment rdf:resource="#13000000_1544457103"/>
<cim:Terminal.ConnectivityNode rdf:resource="#9288674250467174"/>
</cim:Terminal>
<cim:Terminal rdf:ID="20100000_1544458896_1">
<cim:Terminal.ConductingEquipment rdf:resource="#20100000_1544458896"/>
<cim:Terminal.ConnectivityNode rdf:resource="#9288674250467171"/>
</cim:Terminal>
<cim:Terminal rdf:ID="20100000_1544458896_2">
<cim:Terminal.ConductingEquipment rdf:resource="#20100000_1544458896"/>
<cim:Terminal.ConnectivityNode rdf:resource="#9288674250467172"/>
</cim:Terminal>
<cim:Terminal rdf:ID="20100000_1544458898_1">
<cim:Terminal.ConductingEquipment rdf:resource="#20100000_1544458898"/>
<cim:Terminal.ConnectivityNode rdf:resource="#9288674250467173"/>
</cim:Terminal>
<cim:Terminal rdf:ID="20100000_1544458898_2">
<cim:Terminal.ConductingEquipment rdf:resource="#20100000_1544458898"/>
<cim:Terminal.ConnectivityNode rdf:resource="#9288674250467174"/>
</cim:Terminal>
<cim:Terminal rdf:ID="10100000_1523610335_1">
<cim:Terminal.ConductingEquipment rdf:resource="#10100000_1523610335"/>
<cim:Terminal.ConnectivityNode rdf:resource="#9288674250507912"/>
</cim:Terminal>
<cim:Terminal rdf:ID="10100000_1523610335_2">
<cim:Terminal.ConductingEquipment rdf:resource="#10100000_1523610335"/>
<cim:Terminal.ConnectivityNode rdf:resource="#9288674231894397"/>
</cim:Terminal>
<cim:Terminal rdf:ID="13000000_1544477935_1">
<cim:Terminal.ConductingEquipment rdf:resource="#13000000_1544477935"/>
<cim:Terminal.ConnectivityNode rdf:resource="#9288674250507912"/>
</cim:Terminal>
<cim:Terminal rdf:ID="13000000_1544477935_2">
<cim:Terminal.ConductingEquipment rdf:resource="#13000000_1544477935"/>
<cim:Terminal.ConnectivityNode rdf:resource="#9288674250507913"/>
</cim:Terminal>
<cim:Terminal rdf:ID="13000000_1544483082_1">
<cim:Terminal.ConductingEquipment rdf:resource="#13000000_1544483082"/>
<cim:Terminal.ConnectivityNode rdf:resource="#9288674246678483"/>
</cim:Terminal>
<cim:Terminal rdf:ID="13000000_1544483082_2">
<cim:Terminal.ConductingEquipment rdf:resource="#13000000_1544483082"/>
<cim:Terminal.ConnectivityNode rdf:resource="#9288674250507917"/>
</cim:Terminal>
<cim:Terminal rdf:ID="13000000_1544484838_1">
<cim:Terminal.ConductingEquipment rdf:resource="#13000000_1544484838"/>
<cim:Terminal.ConnectivityNode rdf:resource="#9288674246678484"/>
</cim:Terminal>
<cim:Terminal rdf:ID="13000000_1544484838_2">
<cim:Terminal.ConductingEquipment rdf:resource="#13000000_1544484838"/>
<cim:Terminal.ConnectivityNode rdf:resource="#9288674250507916"/>
</cim:Terminal>
<cim:Terminal rdf:ID="20100000_1544473005_1">
<cim:Terminal.ConductingEquipment rdf:resource="#20100000_1544473005"/>
<cim:Terminal.ConnectivityNode rdf:resource="#9288674250507916"/>
</cim:Terminal>
<cim:Terminal rdf:ID="20100000_1544473005_2">
<cim:Terminal.ConductingEquipment rdf:resource="#20100000_1544473005"/>
<cim:Terminal.ConnectivityNode rdf:resource="#9288674250507917"/>
</cim:Terminal>
<cim:Terminal rdf:ID="4155509">
<cim:Terminal.ConductingEquipment rdf:resource="#31100000_1223365"/>
<cim:Terminal.ConnectivityNode rdf:resource="#9288674231457959"/>
</cim:Terminal>
<cim:Terminal rdf:ID="11000001_1533640192_1">
<cim:Terminal.ConductingEquipment rdf:resource="#11000001_1533640192"/>
<cim:Terminal.ConnectivityNode rdf:resource="#9288674246678500"/>
</cim:Terminal>
<cim:Terminal rdf:ID="11000001_1533657007_1">
<cim:Terminal.ConductingEquipment rdf:resource="#11000001_1533657007"/>
<cim:Terminal.ConnectivityNode rdf:resource="#9288674246678504"/>
</cim:Terminal>
<cim:Terminal rdf:ID="11000001_1533694589_1">
<cim:Terminal.ConductingEquipment rdf:resource="#11000001_1533694589"/>
<cim:Terminal.ConnectivityNode rdf:resource="#9288674246711598"/>
</cim:Terminal>
<cim:Terminal rdf:ID="11000001_1533794175_1">
<cim:Terminal.ConductingEquipment rdf:resource="#11000001_1533794175"/>
<cim:Terminal.ConnectivityNode rdf:resource="#9288674246711600"/>
</cim:Terminal>
<cim:Terminal rdf:ID="2672634">
<cim:Terminal.ConductingEquipment rdf:resource="#30500000_1639825"/>
<cim:Terminal.ConnectivityNode rdf:resource="#9288674231479999"/>
</cim:Terminal>
<cim:Terminal rdf:ID="2672635">
<cim:Terminal.ConductingEquipment rdf:resource="#30500000_1639825"/>
<cim:Terminal.ConnectivityNode rdf:resource="#9288674231524328"/>
</cim:Terminal>
<cim:Terminal rdf:ID="10200001_1523609429_1">
<cim:Terminal.ConductingEquipment rdf:resource="#10200001_1523609429"/>
<cim:Terminal.ConnectivityNode rdf:resource="#0"/>
</cim:Terminal>
<cim:Terminal rdf:ID="10200001_1531868963_1">
<cim:Terminal.ConductingEquipment rdf:resource="#10200001_1531868963"/>
<cim:Terminal.ConnectivityNode rdf:resource="#9288674246365035"/>
</cim:Terminal>
<cim:Terminal rdf:ID="10200001_1531892400_1">
<cim:Terminal.ConductingEquipment rdf:resource="#10200001_1531892400"/>
<cim:Terminal.ConnectivityNode rdf:resource="#9288674246678419"/>
</cim:Terminal>
<cim:Terminal rdf:ID="10200001_1533652830_1">
<cim:Terminal.ConductingEquipment rdf:resource="#10200001_1533652830"/>
<cim:Terminal.ConnectivityNode rdf:resource="#9288674246678470"/>
</cim:Terminal>
<cim:Terminal rdf:ID="10200001_1533653678_1">
<cim:Terminal.ConductingEquipment rdf:resource="#10200001_1533653678"/>
<cim:Terminal.ConnectivityNode rdf:resource="#9288674246678476"/>
</cim:Terminal>
<cim:Terminal rdf:ID="10200001_1533653680_1">
<cim:Terminal.ConductingEquipment rdf:resource="#10200001_1533653680"/>
<cim:Terminal.ConnectivityNode rdf:resource="#9288674246678478"/>
</cim:Terminal>
<cim:Terminal rdf:ID="10200001_1533656127_1">
<cim:Terminal.ConductingEquipment rdf:resource="#10200001_1533656127"/>
<cim:Terminal.ConnectivityNode rdf:resource="#9288674246678483"/>
</cim:Terminal>
<cim:Terminal rdf:ID="10200001_1533793650_1">
<cim:Terminal.ConductingEquipment rdf:resource="#10200001_1533793650"/>
<cim:Terminal.ConnectivityNode rdf:resource="#9288674246711596"/>
</cim:Terminal>
<cim:Terminal rdf:ID="10200001_1533793652_1">
<cim:Terminal.ConductingEquipment rdf:resource="#10200001_1533793652"/>
<cim:Terminal.ConnectivityNode rdf:resource="#9288674246711597"/>
</cim:Terminal>
<cim:Terminal rdf:ID="2672497">
<cim:Terminal.ConductingEquipment rdf:resource="#31100000_797404"/>
<cim:Terminal.ConnectivityNode rdf:resource="#9288674231454396"/>
</cim:Terminal>
<cim:Terminal rdf:ID="10200001_1523609428_1">
<cim:Terminal.ConductingEquipment rdf:resource="#10200001_1523609428"/>
<cim:Terminal.ConnectivityNode rdf:resource="#9288674250507912"/>
</cim:Terminal>
</rdf:RDF>
