<?xml version="1.0" encoding="UTF-8"?>

<rdf:RDF xmlns:rdf="http://www.w3.org/1999/02/22-rdf-syntax-ns#" xmlns:cim="http://www.sgcc.com.cn/SG-CIM/2010MAY#" xmlns:iescim="http://www.ieslab.com.cn">

<cim:BaseVoltage rdf:ID="BaseVoltage_5">
<cim:IdentifiedObject.name>10kV</cim:IdentifiedObject.name>
<cim:BaseVoltage.isDC>false</cim:BaseVoltage.isDC>
<cim:BaseVoltage.nominalVoltage>10.00</cim:BaseVoltage.nominalVoltage>
<iescim:PowerSystemResource.DeviceID>5</iescim:PowerSystemResource.DeviceID>
</cim:BaseVoltage>
<cim:SubGeographicalRegion rdf:ID="8a0f688f46db11f00146db1368011028">
<cim:IdentifiedObject.name>国网霞浦县供电公司</cim:IdentifiedObject.name>
<cim:SubGeographicalRegion.Region rdf:resource="#_"/>
</cim:SubGeographicalRegion>
<cim:Circuit rdf:ID="10000100_1544187782">
<cim:IdentifiedObject.name>10kV陇虞线932线路</cim:IdentifiedObject.name>
<cim:Circuit.BelongtoHVSubstation rdf:resource="#30000000_75165"/>
<cim:PowerSystemResource.SubGeographicalRegion rdf:resource="#8a0f688f46db11f00146db1368011028"/>
<cim:iscurrentfeeder>1</cim:iscurrentfeeder>
</cim:Circuit>
<cim:Substation rdf:ID="30000000_75165">
<cim:IdentifiedObject.name>霞浦陇头变电站</cim:IdentifiedObject.name>
<iescim:PowerSystemResource.DeviceType>13</iescim:PowerSystemResource.DeviceType>
<iescim:PowerSystemResource.SubType>1</iescim:PowerSystemResource.SubType>
<cim:PowerSystemResource.PSRType rdf:resource="#30000000"/>
<iescim:PowerSystemResource.DeviceID>3659174697242503</iescim:PowerSystemResource.DeviceID>
<cim:PowerSystemResource.SubGeographicalRegion rdf:resource="#8a0f688f46db11f00146db1368011028"/>
</cim:Substation>
<cim:Breaker rdf:ID="30500000_1711157">
<cim:IdentifiedObject.name>霞浦陇头变电站.10kV.陇虞线间隔.932开关</cim:IdentifiedObject.name>
<cim:IdentifiedObject.bianhao>_</cim:IdentifiedObject.bianhao>
<cim:Equipment.EquipmentContainer rdf:resource="#30000000_75165"/>
<cim:PowerSystemResource.Circuit rdf:resource="#10000100_1544187782" />
<cim:ConductingEquipment.BaseVoltage rdf:resource="#BaseVoltage_5"/>
<iescim:PowerSystemResource.SubType>1</iescim:PowerSystemResource.SubType>
<iescim:PowerSystemResource.DeviceID>4503599627416269</iescim:PowerSystemResource.DeviceID>
<iescim:PowerSystemResource.DeviceType>16</iescim:PowerSystemResource.DeviceType>
<iescim:PowerSystemResource.Cxmc></iescim:PowerSystemResource.Cxmc>
</cim:Breaker>
<cim:Disconnector rdf:ID="2893539">
<cim:IdentifiedObject.name>霞浦陇头变电站.10kV.陇虞线间隔.932手车刀闸</cim:IdentifiedObject.name>
<cim:IdentifiedObject.bianhao>_</cim:IdentifiedObject.bianhao>
<cim:Equipment.EquipmentContainer rdf:resource="#30000000_75165"/>
<cim:PowerSystemResource.Circuit rdf:resource="#10000100_1544187782" />
<cim:ConductingEquipment.BaseVoltage rdf:resource="#BaseVoltage_5"/>
<iescim:PowerSystemResource.SubType>5</iescim:PowerSystemResource.SubType>
<iescim:PowerSystemResource.DeviceID>4785074604191587</iescim:PowerSystemResource.DeviceID>
<iescim:PowerSystemResource.DeviceType>17</iescim:PowerSystemResource.DeviceType>
<iescim:PowerSystemResource.Cxmc></iescim:PowerSystemResource.Cxmc>
</cim:Disconnector>
<cim:Disconnector rdf:ID="30600001_2479945">
<cim:IdentifiedObject.name>霞浦陇头变电站.10kV.陇虞线间隔.9326接地刀闸</cim:IdentifiedObject.name>
<cim:IdentifiedObject.bianhao>_</cim:IdentifiedObject.bianhao>
<cim:Equipment.EquipmentContainer rdf:resource="#30000000_75165"/>
<cim:PowerSystemResource.Circuit rdf:resource="#10000100_1544187782" />
<cim:ConductingEquipment.BaseVoltage rdf:resource="#BaseVoltage_5"/>
<iescim:PowerSystemResource.SubType>9</iescim:PowerSystemResource.SubType>
<iescim:PowerSystemResource.DeviceID>4785074604199353</iescim:PowerSystemResource.DeviceID>
<iescim:PowerSystemResource.DeviceType>17</iescim:PowerSystemResource.DeviceType>
<iescim:PowerSystemResource.Cxmc></iescim:PowerSystemResource.Cxmc>
</cim:Disconnector>
<cim:Disconnector rdf:ID="11300000_1544733247">
<cim:IdentifiedObject.name>10kV陇虞线#001杆G001刀闸</cim:IdentifiedObject.name>
<cim:IdentifiedObject.bianhao>G001</cim:IdentifiedObject.bianhao>
<cim:PowerSystemResource.Circuit rdf:resource="#10000100_1544187782" />
<cim:ConductingEquipment.BaseVoltage rdf:resource="#BaseVoltage_5"/>
<iescim:PowerSystemResource.SubType>6</iescim:PowerSystemResource.SubType>
<iescim:PowerSystemResource.DeviceID>4785074604332325</iescim:PowerSystemResource.DeviceID>
<iescim:PowerSystemResource.DeviceType>17</iescim:PowerSystemResource.DeviceType>
<iescim:PowerSystemResource.Cxmc></iescim:PowerSystemResource.Cxmc>
</cim:Disconnector>
<cim:Disconnector rdf:ID="11300000_1544911446">
<cim:IdentifiedObject.name>10kV陇虞线#004杆G004刀闸</cim:IdentifiedObject.name>
<cim:IdentifiedObject.bianhao>G004</cim:IdentifiedObject.bianhao>
<cim:PowerSystemResource.Circuit rdf:resource="#10000100_1544187782" />
<cim:ConductingEquipment.BaseVoltage rdf:resource="#BaseVoltage_5"/>
<iescim:PowerSystemResource.SubType>6</iescim:PowerSystemResource.SubType>
<iescim:PowerSystemResource.DeviceID>4785074604332469</iescim:PowerSystemResource.DeviceID>
<iescim:PowerSystemResource.DeviceType>17</iescim:PowerSystemResource.DeviceType>
<iescim:PowerSystemResource.Cxmc></iescim:PowerSystemResource.Cxmc>
</cim:Disconnector>
<cim:Disconnector rdf:ID="11300000_1544911449">
<cim:IdentifiedObject.name>10kV陇虞线#078杆G078刀闸</cim:IdentifiedObject.name>
<cim:IdentifiedObject.bianhao>G078</cim:IdentifiedObject.bianhao>
<cim:PowerSystemResource.Circuit rdf:resource="#10000100_1544187782" />
<cim:ConductingEquipment.BaseVoltage rdf:resource="#BaseVoltage_5"/>
<iescim:PowerSystemResource.SubType>6</iescim:PowerSystemResource.SubType>
<iescim:PowerSystemResource.DeviceID>4785074604332472</iescim:PowerSystemResource.DeviceID>
<iescim:PowerSystemResource.DeviceType>17</iescim:PowerSystemResource.DeviceType>
<iescim:PowerSystemResource.Cxmc></iescim:PowerSystemResource.Cxmc>
</cim:Disconnector>
<cim:Disconnector rdf:ID="11300000_1544911452">
<cim:IdentifiedObject.name>10kV陇虞线#156杆G156刀闸</cim:IdentifiedObject.name>
<cim:IdentifiedObject.bianhao>G156</cim:IdentifiedObject.bianhao>
<cim:PowerSystemResource.Circuit rdf:resource="#10000100_1544187782" />
<cim:ConductingEquipment.BaseVoltage rdf:resource="#BaseVoltage_5"/>
<iescim:PowerSystemResource.SubType>6</iescim:PowerSystemResource.SubType>
<iescim:PowerSystemResource.DeviceID>4785074604332475</iescim:PowerSystemResource.DeviceID>
<iescim:PowerSystemResource.DeviceType>17</iescim:PowerSystemResource.DeviceType>
<iescim:PowerSystemResource.Cxmc></iescim:PowerSystemResource.Cxmc>
</cim:Disconnector>
<cim:BusbarSection rdf:ID="31100000_90322">
<cim:IdentifiedObject.name>霞浦陇头变电站.10kV.Ⅰ段母线</cim:IdentifiedObject.name>
<cim:IdentifiedObject.bianhao></cim:IdentifiedObject.bianhao>
<cim:Equipment.EquipmentContainer rdf:resource="#30000000_75165"/>
<cim:PowerSystemResource.Circuit rdf:resource="#_" />
<cim:ConductingEquipment.BaseVoltage rdf:resource="#BaseVoltage_5"/>
<iescim:PowerSystemResource.SubType>0</iescim:PowerSystemResource.SubType>
<iescim:PowerSystemResource.DeviceID>5348024557508317</iescim:PowerSystemResource.DeviceID>
<iescim:PowerSystemResource.DeviceType>19</iescim:PowerSystemResource.DeviceType>
</cim:BusbarSection>
<cim:BusbarSection rdf:ID="31100000_868117">
<cim:IdentifiedObject.name>霞浦陇头变电站.10kV.Ⅱ段母线</cim:IdentifiedObject.name>
<cim:IdentifiedObject.bianhao></cim:IdentifiedObject.bianhao>
<cim:Equipment.EquipmentContainer rdf:resource="#30000000_75165"/>
<cim:PowerSystemResource.Circuit rdf:resource="#_" />
<cim:ConductingEquipment.BaseVoltage rdf:resource="#BaseVoltage_5"/>
<iescim:PowerSystemResource.SubType>0</iescim:PowerSystemResource.SubType>
<iescim:PowerSystemResource.DeviceID>5348024557512835</iescim:PowerSystemResource.DeviceID>
<iescim:PowerSystemResource.DeviceType>19</iescim:PowerSystemResource.DeviceType>
</cim:BusbarSection>
<cim:BusbarSection rdf:ID="31100000_868190">
<cim:IdentifiedObject.name>霞浦陇头变电站.10kV.Ⅲ段母线</cim:IdentifiedObject.name>
<cim:IdentifiedObject.bianhao></cim:IdentifiedObject.bianhao>
<cim:Equipment.EquipmentContainer rdf:resource="#30000000_75165"/>
<cim:PowerSystemResource.Circuit rdf:resource="#_" />
<cim:ConductingEquipment.BaseVoltage rdf:resource="#BaseVoltage_5"/>
<iescim:PowerSystemResource.SubType>0</iescim:PowerSystemResource.SubType>
<iescim:PowerSystemResource.DeviceID>5348024557515612</iescim:PowerSystemResource.DeviceID>
<iescim:PowerSystemResource.DeviceType>19</iescim:PowerSystemResource.DeviceType>
</cim:BusbarSection>
<cim:ACLineSegment rdf:ID="13000000_1544732885">
<cim:IdentifiedObject.name>10kV陇古线#001杆连接线</cim:IdentifiedObject.name>
<cim:IdentifiedObject.bianhao></cim:IdentifiedObject.bianhao>
<cim:PowerSystemResource.Circuit rdf:resource="#10000100_1544187782" />
<cim:ConductingEquipment.BaseVoltage rdf:resource="#BaseVoltage_5"/>
<iescim:PowerSystemResource.SubType>3</iescim:PowerSystemResource.SubType>
<iescim:PowerSystemResource.DeviceID>5629499537987781</iescim:PowerSystemResource.DeviceID>
<iescim:PowerSystemResource.DeviceType>20</iescim:PowerSystemResource.DeviceType>
</cim:ACLineSegment>
<cim:ACLineSegment rdf:ID="13000000_1544733216">
<cim:IdentifiedObject.name>站外-连接线</cim:IdentifiedObject.name>
<cim:IdentifiedObject.bianhao></cim:IdentifiedObject.bianhao>
<cim:PowerSystemResource.Circuit rdf:resource="#10000100_1544187782" />
<cim:ConductingEquipment.BaseVoltage rdf:resource="#BaseVoltage_5"/>
<iescim:PowerSystemResource.SubType>3</iescim:PowerSystemResource.SubType>
<iescim:PowerSystemResource.DeviceID>5629499537987784</iescim:PowerSystemResource.DeviceID>
<iescim:PowerSystemResource.DeviceType>20</iescim:PowerSystemResource.DeviceType>
</cim:ACLineSegment>
<cim:ACLineSegment rdf:ID="14000000_1544724976">
<cim:IdentifiedObject.name>站内-出线点站外-超连接线</cim:IdentifiedObject.name>
<cim:IdentifiedObject.bianhao></cim:IdentifiedObject.bianhao>
<cim:PowerSystemResource.Circuit rdf:resource="#10000100_1544187782" />
<cim:ConductingEquipment.BaseVoltage rdf:resource="#BaseVoltage_5"/>
<iescim:PowerSystemResource.SubType>1</iescim:PowerSystemResource.SubType>
<iescim:PowerSystemResource.DeviceID>5629499537987785</iescim:PowerSystemResource.DeviceID>
<iescim:PowerSystemResource.DeviceType>20</iescim:PowerSystemResource.DeviceType>
</cim:ACLineSegment>
<cim:ACLineSegment rdf:ID="20100000_1544719334">
<cim:IdentifiedObject.name>站内-出线点站外-超连接线-电缆终端头</cim:IdentifiedObject.name>
<cim:IdentifiedObject.bianhao></cim:IdentifiedObject.bianhao>
<cim:PowerSystemResource.Circuit rdf:resource="#10000100_1544187782" />
<cim:ConductingEquipment.BaseVoltage rdf:resource="#BaseVoltage_5"/>
<iescim:PowerSystemResource.SubType>1</iescim:PowerSystemResource.SubType>
<iescim:PowerSystemResource.DeviceID>5629499537987788</iescim:PowerSystemResource.DeviceID>
<iescim:PowerSystemResource.DeviceType>20</iescim:PowerSystemResource.DeviceType>
</cim:ACLineSegment>
<cim:ACLineSegment rdf:ID="10100000_1544733386">
<cim:IdentifiedObject.name>10kV陇虞线#001杆-10kV陇虞线#002杆</cim:IdentifiedObject.name>
<cim:IdentifiedObject.bianhao></cim:IdentifiedObject.bianhao>
<cim:PowerSystemResource.Circuit rdf:resource="#10000100_1544187782" />
<cim:ConductingEquipment.BaseVoltage rdf:resource="#BaseVoltage_5"/>
<iescim:PowerSystemResource.SubType>2</iescim:PowerSystemResource.SubType>
<iescim:PowerSystemResource.DeviceID>5629499537989587</iescim:PowerSystemResource.DeviceID>
<iescim:PowerSystemResource.DeviceType>20</iescim:PowerSystemResource.DeviceType>
</cim:ACLineSegment>
<cim:ACLineSegment rdf:ID="10100000_1544886688">
<cim:IdentifiedObject.name>10kV陇虞线#026杆-10kV陇虞线#027杆</cim:IdentifiedObject.name>
<cim:IdentifiedObject.bianhao></cim:IdentifiedObject.bianhao>
<cim:PowerSystemResource.Circuit rdf:resource="#10000100_1544187782" />
<cim:ConductingEquipment.BaseVoltage rdf:resource="#BaseVoltage_5"/>
<iescim:PowerSystemResource.SubType>2</iescim:PowerSystemResource.SubType>
<iescim:PowerSystemResource.DeviceID>5629499537989588</iescim:PowerSystemResource.DeviceID>
<iescim:PowerSystemResource.DeviceType>20</iescim:PowerSystemResource.DeviceType>
</cim:ACLineSegment>
<cim:ACLineSegment rdf:ID="10100000_1544889400">
<cim:IdentifiedObject.name>10kV陇虞线#088杆-10kV陇虞线#089杆</cim:IdentifiedObject.name>
<cim:IdentifiedObject.bianhao></cim:IdentifiedObject.bianhao>
<cim:PowerSystemResource.Circuit rdf:resource="#10000100_1544187782" />
<cim:ConductingEquipment.BaseVoltage rdf:resource="#BaseVoltage_5"/>
<iescim:PowerSystemResource.SubType>2</iescim:PowerSystemResource.SubType>
<iescim:PowerSystemResource.DeviceID>5629499537989591</iescim:PowerSystemResource.DeviceID>
<iescim:PowerSystemResource.DeviceType>20</iescim:PowerSystemResource.DeviceType>
</cim:ACLineSegment>
<cim:ACLineSegment rdf:ID="13000000_1544910596">
<cim:IdentifiedObject.name>站外-连接线</cim:IdentifiedObject.name>
<cim:IdentifiedObject.bianhao></cim:IdentifiedObject.bianhao>
<cim:PowerSystemResource.Circuit rdf:resource="#10000100_1544187782" />
<cim:ConductingEquipment.BaseVoltage rdf:resource="#BaseVoltage_5"/>
<iescim:PowerSystemResource.SubType>3</iescim:PowerSystemResource.SubType>
<iescim:PowerSystemResource.DeviceID>5629499537989602</iescim:PowerSystemResource.DeviceID>
<iescim:PowerSystemResource.DeviceType>20</iescim:PowerSystemResource.DeviceType>
</cim:ACLineSegment>
<cim:ACLineSegment rdf:ID="13000000_1544910602">
<cim:IdentifiedObject.name>站外-连接线</cim:IdentifiedObject.name>
<cim:IdentifiedObject.bianhao></cim:IdentifiedObject.bianhao>
<cim:PowerSystemResource.Circuit rdf:resource="#10000100_1544187782" />
<cim:ConductingEquipment.BaseVoltage rdf:resource="#BaseVoltage_5"/>
<iescim:PowerSystemResource.SubType>3</iescim:PowerSystemResource.SubType>
<iescim:PowerSystemResource.DeviceID>5629499537989608</iescim:PowerSystemResource.DeviceID>
<iescim:PowerSystemResource.DeviceType>20</iescim:PowerSystemResource.DeviceType>
</cim:ACLineSegment>
<cim:ACLineSegment rdf:ID="13000000_1544910852">
<cim:IdentifiedObject.name>站外-连接线</cim:IdentifiedObject.name>
<cim:IdentifiedObject.bianhao></cim:IdentifiedObject.bianhao>
<cim:PowerSystemResource.Circuit rdf:resource="#10000100_1544187782" />
<cim:ConductingEquipment.BaseVoltage rdf:resource="#BaseVoltage_5"/>
<iescim:PowerSystemResource.SubType>3</iescim:PowerSystemResource.SubType>
<iescim:PowerSystemResource.DeviceID>5629499537989613</iescim:PowerSystemResource.DeviceID>
<iescim:PowerSystemResource.DeviceType>20</iescim:PowerSystemResource.DeviceType>
</cim:ACLineSegment>
<cim:ACLineSegment rdf:ID="13000000_1544910853">
<cim:IdentifiedObject.name>电缆终端头连接线</cim:IdentifiedObject.name>
<cim:IdentifiedObject.bianhao></cim:IdentifiedObject.bianhao>
<cim:PowerSystemResource.Circuit rdf:resource="#10000100_1544187782" />
<cim:ConductingEquipment.BaseVoltage rdf:resource="#BaseVoltage_5"/>
<iescim:PowerSystemResource.SubType>3</iescim:PowerSystemResource.SubType>
<iescim:PowerSystemResource.DeviceID>5629499537989614</iescim:PowerSystemResource.DeviceID>
<iescim:PowerSystemResource.DeviceType>20</iescim:PowerSystemResource.DeviceType>
</cim:ACLineSegment>
<cim:ACLineSegment rdf:ID="13000000_1544911827">
<cim:IdentifiedObject.name>站外-连接线</cim:IdentifiedObject.name>
<cim:IdentifiedObject.bianhao></cim:IdentifiedObject.bianhao>
<cim:PowerSystemResource.Circuit rdf:resource="#10000100_1544187782" />
<cim:ConductingEquipment.BaseVoltage rdf:resource="#BaseVoltage_5"/>
<iescim:PowerSystemResource.SubType>3</iescim:PowerSystemResource.SubType>
<iescim:PowerSystemResource.DeviceID>5629499537989621</iescim:PowerSystemResource.DeviceID>
<iescim:PowerSystemResource.DeviceType>20</iescim:PowerSystemResource.DeviceType>
</cim:ACLineSegment>
<cim:ACLineSegment rdf:ID="20100000_1544901532">
<cim:IdentifiedObject.name>10kV陇虞线#003杆-电缆终端头</cim:IdentifiedObject.name>
<cim:IdentifiedObject.bianhao></cim:IdentifiedObject.bianhao>
<cim:PowerSystemResource.Circuit rdf:resource="#10000100_1544187782" />
<cim:ConductingEquipment.BaseVoltage rdf:resource="#BaseVoltage_5"/>
<iescim:PowerSystemResource.SubType>1</iescim:PowerSystemResource.SubType>
<iescim:PowerSystemResource.DeviceID>5629499537989623</iescim:PowerSystemResource.DeviceID>
<iescim:PowerSystemResource.DeviceType>20</iescim:PowerSystemResource.DeviceType>
</cim:ACLineSegment>
<cim:Pole rdf:ID="10200001_1544731792">
<cim:IdentifiedObject.name>10kV陇虞线#001杆</cim:IdentifiedObject.name>
<cim:IdentifiedObject.bianhao></cim:IdentifiedObject.bianhao>
<cim:PowerSystemResource.Circuit rdf:resource="#10000100_1544187782" />
<cim:ConductingEquipment.BaseVoltage rdf:resource="#BaseVoltage_5"/>
<iescim:PowerSystemResource.DeviceType>43</iescim:PowerSystemResource.DeviceType>
<iescim:PowerSystemResource.SubType>1</iescim:PowerSystemResource.SubType>
<iescim:PowerSystemResource.DeviceID>12103423998650369</iescim:PowerSystemResource.DeviceID>
</cim:Pole>
<cim:Pole rdf:ID="10200001_1544731791">
<cim:IdentifiedObject.name>10kV陇虞线#003杆</cim:IdentifiedObject.name>
<cim:IdentifiedObject.bianhao></cim:IdentifiedObject.bianhao>
<cim:PowerSystemResource.Circuit rdf:resource="#10000100_1544187782" />
<cim:ConductingEquipment.BaseVoltage rdf:resource="#BaseVoltage_5"/>
<iescim:PowerSystemResource.DeviceType>43</iescim:PowerSystemResource.DeviceType>
<iescim:PowerSystemResource.SubType>1</iescim:PowerSystemResource.SubType>
<iescim:PowerSystemResource.DeviceID>12103423998650442</iescim:PowerSystemResource.DeviceID>
</cim:Pole>
<cim:Pole rdf:ID="10200001_1544890590">
<cim:IdentifiedObject.name>10kV陇虞线#078杆</cim:IdentifiedObject.name>
<cim:IdentifiedObject.bianhao></cim:IdentifiedObject.bianhao>
<cim:PowerSystemResource.Circuit rdf:resource="#10000100_1544187782" />
<cim:ConductingEquipment.BaseVoltage rdf:resource="#BaseVoltage_5"/>
<iescim:PowerSystemResource.DeviceType>43</iescim:PowerSystemResource.DeviceType>
<iescim:PowerSystemResource.SubType>1</iescim:PowerSystemResource.SubType>
<iescim:PowerSystemResource.DeviceID>12103423998650446</iescim:PowerSystemResource.DeviceID>
</cim:Pole>
<cim:Pole rdf:ID="10200001_1544892054">
<cim:IdentifiedObject.name>10kV陇虞线#156杆</cim:IdentifiedObject.name>
<cim:IdentifiedObject.bianhao></cim:IdentifiedObject.bianhao>
<cim:PowerSystemResource.Circuit rdf:resource="#10000100_1544187782" />
<cim:ConductingEquipment.BaseVoltage rdf:resource="#BaseVoltage_5"/>
<iescim:PowerSystemResource.DeviceType>43</iescim:PowerSystemResource.DeviceType>
<iescim:PowerSystemResource.SubType>1</iescim:PowerSystemResource.SubType>
<iescim:PowerSystemResource.DeviceID>12103423998650453</iescim:PowerSystemResource.DeviceID>
</cim:Pole>
<cim:Pole rdf:ID="10200001_1544910897">
<cim:IdentifiedObject.name>10kV陇虞线#004杆</cim:IdentifiedObject.name>
<cim:IdentifiedObject.bianhao></cim:IdentifiedObject.bianhao>
<cim:PowerSystemResource.Circuit rdf:resource="#10000100_1544187782" />
<cim:ConductingEquipment.BaseVoltage rdf:resource="#BaseVoltage_5"/>
<iescim:PowerSystemResource.DeviceType>43</iescim:PowerSystemResource.DeviceType>
<iescim:PowerSystemResource.SubType>1</iescim:PowerSystemResource.SubType>
<iescim:PowerSystemResource.DeviceID>12103423998650458</iescim:PowerSystemResource.DeviceID>
</cim:Pole>
<cim:ConnectivityNode rdf:ID="9288674231452883">
<iescim:PowerSystemResource.SubType>0</iescim:PowerSystemResource.SubType>
<iescim:PowerSystemResource.DeviceID>9288674231452883</iescim:PowerSystemResource.DeviceID>
<iescim:PowerSystemResource.DeviceType>33</iescim:PowerSystemResource.DeviceType>
</cim:ConnectivityNode>
<cim:ConnectivityNode rdf:ID="9288674231454956">
<iescim:PowerSystemResource.SubType>0</iescim:PowerSystemResource.SubType>
<iescim:PowerSystemResource.DeviceID>9288674231454956</iescim:PowerSystemResource.DeviceID>
<iescim:PowerSystemResource.DeviceType>33</iescim:PowerSystemResource.DeviceType>
</cim:ConnectivityNode>
<cim:ConnectivityNode rdf:ID="9288674231456084">
<iescim:PowerSystemResource.SubType>0</iescim:PowerSystemResource.SubType>
<iescim:PowerSystemResource.DeviceID>9288674231456084</iescim:PowerSystemResource.DeviceID>
<iescim:PowerSystemResource.DeviceType>33</iescim:PowerSystemResource.DeviceType>
</cim:ConnectivityNode>
<cim:ConnectivityNode rdf:ID="9288674231480111">
<iescim:PowerSystemResource.SubType>0</iescim:PowerSystemResource.SubType>
<iescim:PowerSystemResource.DeviceID>9288674231480111</iescim:PowerSystemResource.DeviceID>
<iescim:PowerSystemResource.DeviceType>33</iescim:PowerSystemResource.DeviceType>
</cim:ConnectivityNode>
<cim:ConnectivityNode rdf:ID="9288674231524478">
<iescim:PowerSystemResource.SubType>0</iescim:PowerSystemResource.SubType>
<iescim:PowerSystemResource.DeviceID>9288674231524478</iescim:PowerSystemResource.DeviceID>
<iescim:PowerSystemResource.DeviceType>33</iescim:PowerSystemResource.DeviceType>
</cim:ConnectivityNode>
<cim:ConnectivityNode rdf:ID="9288674250582234">
<iescim:PowerSystemResource.SubType>0</iescim:PowerSystemResource.SubType>
<iescim:PowerSystemResource.DeviceID>9288674250582234</iescim:PowerSystemResource.DeviceID>
<iescim:PowerSystemResource.DeviceType>33</iescim:PowerSystemResource.DeviceType>
</cim:ConnectivityNode>
<cim:ConnectivityNode rdf:ID="9288674250582236">
<iescim:PowerSystemResource.SubType>0</iescim:PowerSystemResource.SubType>
<iescim:PowerSystemResource.DeviceID>9288674250582236</iescim:PowerSystemResource.DeviceID>
<iescim:PowerSystemResource.DeviceType>33</iescim:PowerSystemResource.DeviceType>
</cim:ConnectivityNode>
<cim:ConnectivityNode rdf:ID="9288674250582238">
<iescim:PowerSystemResource.SubType>0</iescim:PowerSystemResource.SubType>
<iescim:PowerSystemResource.DeviceID>9288674250582238</iescim:PowerSystemResource.DeviceID>
<iescim:PowerSystemResource.DeviceType>33</iescim:PowerSystemResource.DeviceType>
</cim:ConnectivityNode>
<cim:ConnectivityNode rdf:ID="9288674250582241">
<iescim:PowerSystemResource.SubType>0</iescim:PowerSystemResource.SubType>
<iescim:PowerSystemResource.DeviceID>9288674250582241</iescim:PowerSystemResource.DeviceID>
<iescim:PowerSystemResource.DeviceType>33</iescim:PowerSystemResource.DeviceType>
</cim:ConnectivityNode>
<cim:ConnectivityNode rdf:ID="9288674250582242">
<iescim:PowerSystemResource.SubType>0</iescim:PowerSystemResource.SubType>
<iescim:PowerSystemResource.DeviceID>9288674250582242</iescim:PowerSystemResource.DeviceID>
<iescim:PowerSystemResource.DeviceType>33</iescim:PowerSystemResource.DeviceType>
</cim:ConnectivityNode>
<cim:ConnectivityNode rdf:ID="9288674250616848">
<iescim:PowerSystemResource.SubType>0</iescim:PowerSystemResource.SubType>
<iescim:PowerSystemResource.DeviceID>9288674250616848</iescim:PowerSystemResource.DeviceID>
<iescim:PowerSystemResource.DeviceType>33</iescim:PowerSystemResource.DeviceType>
</cim:ConnectivityNode>
<cim:ConnectivityNode rdf:ID="9288674250616852">
<iescim:PowerSystemResource.SubType>0</iescim:PowerSystemResource.SubType>
<iescim:PowerSystemResource.DeviceID>9288674250616852</iescim:PowerSystemResource.DeviceID>
<iescim:PowerSystemResource.DeviceType>33</iescim:PowerSystemResource.DeviceType>
</cim:ConnectivityNode>
<cim:ConnectivityNode rdf:ID="9288674250616859">
<iescim:PowerSystemResource.SubType>0</iescim:PowerSystemResource.SubType>
<iescim:PowerSystemResource.DeviceID>9288674250616859</iescim:PowerSystemResource.DeviceID>
<iescim:PowerSystemResource.DeviceType>33</iescim:PowerSystemResource.DeviceType>
</cim:ConnectivityNode>
<cim:ConnectivityNode rdf:ID="9288674250616864">
<iescim:PowerSystemResource.SubType>0</iescim:PowerSystemResource.SubType>
<iescim:PowerSystemResource.DeviceID>9288674250616864</iescim:PowerSystemResource.DeviceID>
<iescim:PowerSystemResource.DeviceType>33</iescim:PowerSystemResource.DeviceType>
</cim:ConnectivityNode>
<cim:ConnectivityNode rdf:ID="9288674250616867">
<iescim:PowerSystemResource.SubType>0</iescim:PowerSystemResource.SubType>
<iescim:PowerSystemResource.DeviceID>9288674250616867</iescim:PowerSystemResource.DeviceID>
<iescim:PowerSystemResource.DeviceType>33</iescim:PowerSystemResource.DeviceType>
</cim:ConnectivityNode>
<cim:ConnectivityNode rdf:ID="9288674250616868">
<iescim:PowerSystemResource.SubType>0</iescim:PowerSystemResource.SubType>
<iescim:PowerSystemResource.DeviceID>9288674250616868</iescim:PowerSystemResource.DeviceID>
<iescim:PowerSystemResource.DeviceType>33</iescim:PowerSystemResource.DeviceType>
</cim:ConnectivityNode>
<cim:ConnectivityNode rdf:ID="9288674250616871">
<iescim:PowerSystemResource.SubType>0</iescim:PowerSystemResource.SubType>
<iescim:PowerSystemResource.DeviceID>9288674250616871</iescim:PowerSystemResource.DeviceID>
<iescim:PowerSystemResource.DeviceType>33</iescim:PowerSystemResource.DeviceType>
</cim:ConnectivityNode>
<cim:ConnectivityNode rdf:ID="9288674250616872">
<iescim:PowerSystemResource.SubType>0</iescim:PowerSystemResource.SubType>
<iescim:PowerSystemResource.DeviceID>9288674250616872</iescim:PowerSystemResource.DeviceID>
<iescim:PowerSystemResource.DeviceType>33</iescim:PowerSystemResource.DeviceType>
</cim:ConnectivityNode>
<cim:ConnectivityNode rdf:ID="9288674250616881">
<iescim:PowerSystemResource.SubType>0</iescim:PowerSystemResource.SubType>
<iescim:PowerSystemResource.DeviceID>9288674250616881</iescim:PowerSystemResource.DeviceID>
<iescim:PowerSystemResource.DeviceType>33</iescim:PowerSystemResource.DeviceType>
</cim:ConnectivityNode>
<cim:ConnectivityNode rdf:ID="9288674250616882">
<iescim:PowerSystemResource.SubType>0</iescim:PowerSystemResource.SubType>
<iescim:PowerSystemResource.DeviceID>9288674250616882</iescim:PowerSystemResource.DeviceID>
<iescim:PowerSystemResource.DeviceType>33</iescim:PowerSystemResource.DeviceType>
</cim:ConnectivityNode>
<cim:ConnectivityNode rdf:ID="9288674250616891">
<iescim:PowerSystemResource.SubType>0</iescim:PowerSystemResource.SubType>
<iescim:PowerSystemResource.DeviceID>9288674250616891</iescim:PowerSystemResource.DeviceID>
<iescim:PowerSystemResource.DeviceType>33</iescim:PowerSystemResource.DeviceType>
</cim:ConnectivityNode>
<cim:ConnectivityNode rdf:ID="9288674250616892">
<iescim:PowerSystemResource.SubType>0</iescim:PowerSystemResource.SubType>
<iescim:PowerSystemResource.DeviceID>9288674250616892</iescim:PowerSystemResource.DeviceID>
<iescim:PowerSystemResource.DeviceType>33</iescim:PowerSystemResource.DeviceType>
</cim:ConnectivityNode>
<cim:Terminal rdf:ID="2892856">
<cim:Terminal.ConductingEquipment rdf:resource="#31100000_868117"/>
<cim:Terminal.ConnectivityNode rdf:resource="#9288674231454956"/>
</cim:Terminal>
<cim:Terminal rdf:ID="2893541">
<cim:Terminal.ConductingEquipment rdf:resource="#2893539"/>
<cim:Terminal.ConnectivityNode rdf:resource="#9288674231456084"/>
</cim:Terminal>
<cim:Terminal rdf:ID="2893542">
<cim:Terminal.ConductingEquipment rdf:resource="#2893539"/>
<cim:Terminal.ConnectivityNode rdf:resource="#9288674231480111"/>
</cim:Terminal>
<cim:Terminal rdf:ID="2893545">
<cim:Terminal.ConductingEquipment rdf:resource="#30600001_2479945"/>
<cim:Terminal.ConnectivityNode rdf:resource="#9288674231524478"/>
</cim:Terminal>
<cim:Terminal rdf:ID="2893403">
<cim:Terminal.ConductingEquipment rdf:resource="#31100000_868190"/>
<cim:Terminal.ConnectivityNode rdf:resource="#9288674231456084"/>
</cim:Terminal>
<cim:Terminal rdf:ID="11300000_1544733247_1">
<cim:Terminal.ConductingEquipment rdf:resource="#11300000_1544733247"/>
<cim:Terminal.ConnectivityNode rdf:resource="#9288674250582242"/>
</cim:Terminal>
<cim:Terminal rdf:ID="11300000_1544733247_2">
<cim:Terminal.ConductingEquipment rdf:resource="#11300000_1544733247"/>
<cim:Terminal.ConnectivityNode rdf:resource="#9288674250582241"/>
</cim:Terminal>
<cim:Terminal rdf:ID="11300000_1544911446_1">
<cim:Terminal.ConductingEquipment rdf:resource="#11300000_1544911446"/>
<cim:Terminal.ConnectivityNode rdf:resource="#9288674250616871"/>
</cim:Terminal>
<cim:Terminal rdf:ID="11300000_1544911446_2">
<cim:Terminal.ConductingEquipment rdf:resource="#11300000_1544911446"/>
<cim:Terminal.ConnectivityNode rdf:resource="#9288674250616872"/>
</cim:Terminal>
<cim:Terminal rdf:ID="11300000_1544911449_1">
<cim:Terminal.ConductingEquipment rdf:resource="#11300000_1544911449"/>
<cim:Terminal.ConnectivityNode rdf:resource="#9288674250616882"/>
</cim:Terminal>
<cim:Terminal rdf:ID="11300000_1544911449_2">
<cim:Terminal.ConductingEquipment rdf:resource="#11300000_1544911449"/>
<cim:Terminal.ConnectivityNode rdf:resource="#9288674250616881"/>
</cim:Terminal>
<cim:Terminal rdf:ID="11300000_1544911452_1">
<cim:Terminal.ConductingEquipment rdf:resource="#11300000_1544911452"/>
<cim:Terminal.ConnectivityNode rdf:resource="#9288674250616892"/>
</cim:Terminal>
<cim:Terminal rdf:ID="11300000_1544911452_2">
<cim:Terminal.ConductingEquipment rdf:resource="#11300000_1544911452"/>
<cim:Terminal.ConnectivityNode rdf:resource="#9288674250616891"/>
</cim:Terminal>
<cim:Terminal rdf:ID="20200000_1544724593_1">
<cim:Terminal.ConductingEquipment rdf:resource="#20200000_1544724593"/>
<cim:Terminal.ConnectivityNode rdf:resource="#9288674250582234"/>
</cim:Terminal>
<cim:Terminal rdf:ID="20200000_1544724594_1">
<cim:Terminal.ConductingEquipment rdf:resource="#20200000_1544724594"/>
<cim:Terminal.ConnectivityNode rdf:resource="#9288674250582236"/>
</cim:Terminal>
<cim:Terminal rdf:ID="32000000_4322507_1">
<cim:Terminal.ConductingEquipment rdf:resource="#32000000_4322507"/>
<cim:Terminal.ConnectivityNode rdf:resource="#9288674231524478"/>
</cim:Terminal>
<cim:Terminal rdf:ID="20200000_1544902500_1">
<cim:Terminal.ConductingEquipment rdf:resource="#20200000_1544902500"/>
<cim:Terminal.ConnectivityNode rdf:resource="#9288674250616867"/>
</cim:Terminal>
<cim:Terminal rdf:ID="20200000_1544902501_1">
<cim:Terminal.ConductingEquipment rdf:resource="#20200000_1544902501"/>
<cim:Terminal.ConnectivityNode rdf:resource="#9288674250616868"/>
</cim:Terminal>
<cim:Terminal rdf:ID="13000000_1544732885_1">
<cim:Terminal.ConductingEquipment rdf:resource="#13000000_1544732885"/>
<cim:Terminal.ConnectivityNode rdf:resource="#9288674250582238"/>
</cim:Terminal>
<cim:Terminal rdf:ID="13000000_1544732885_2">
<cim:Terminal.ConductingEquipment rdf:resource="#13000000_1544732885"/>
<cim:Terminal.ConnectivityNode rdf:resource="#9288674250582236"/>
</cim:Terminal>
<cim:Terminal rdf:ID="13000000_1544733216_1">
<cim:Terminal.ConductingEquipment rdf:resource="#13000000_1544733216"/>
<cim:Terminal.ConnectivityNode rdf:resource="#9288674250582238"/>
</cim:Terminal>
<cim:Terminal rdf:ID="13000000_1544733216_2">
<cim:Terminal.ConductingEquipment rdf:resource="#13000000_1544733216"/>
<cim:Terminal.ConnectivityNode rdf:resource="#9288674250582242"/>
</cim:Terminal>
<cim:Terminal rdf:ID="14000000_1544724976_1">
<cim:Terminal.ConductingEquipment rdf:resource="#14000000_1544724976"/>
<cim:Terminal.ConnectivityNode rdf:resource="#9288674231524478"/>
</cim:Terminal>
<cim:Terminal rdf:ID="14000000_1544724976_2">
<cim:Terminal.ConductingEquipment rdf:resource="#14000000_1544724976"/>
<cim:Terminal.ConnectivityNode rdf:resource="#9288674250582234"/>
</cim:Terminal>
<cim:Terminal rdf:ID="20100000_1544719334_1">
<cim:Terminal.ConductingEquipment rdf:resource="#20100000_1544719334"/>
<cim:Terminal.ConnectivityNode rdf:resource="#9288674250582234"/>
</cim:Terminal>
<cim:Terminal rdf:ID="20100000_1544719334_2">
<cim:Terminal.ConductingEquipment rdf:resource="#20100000_1544719334"/>
<cim:Terminal.ConnectivityNode rdf:resource="#9288674250582236"/>
</cim:Terminal>
<cim:Terminal rdf:ID="10100000_1544733386_1">
<cim:Terminal.ConductingEquipment rdf:resource="#10100000_1544733386"/>
<cim:Terminal.ConnectivityNode rdf:resource="#9288674250582241"/>
</cim:Terminal>
<cim:Terminal rdf:ID="10100000_1544733386_2">
<cim:Terminal.ConductingEquipment rdf:resource="#10100000_1544733386"/>
<cim:Terminal.ConnectivityNode rdf:resource="#9288674250616848"/>
</cim:Terminal>
<cim:Terminal rdf:ID="10100000_1544886688_1">
<cim:Terminal.ConductingEquipment rdf:resource="#10100000_1544886688"/>
<cim:Terminal.ConnectivityNode rdf:resource="#9288674250616864"/>
</cim:Terminal>
<cim:Terminal rdf:ID="10100000_1544886688_2">
<cim:Terminal.ConductingEquipment rdf:resource="#10100000_1544886688"/>
<cim:Terminal.ConnectivityNode rdf:resource="#9288674250616852"/>
</cim:Terminal>
<cim:Terminal rdf:ID="10100000_1544889400_1">
<cim:Terminal.ConductingEquipment rdf:resource="#10100000_1544889400"/>
<cim:Terminal.ConnectivityNode rdf:resource="#9288674250616881"/>
</cim:Terminal>
<cim:Terminal rdf:ID="10100000_1544889400_2">
<cim:Terminal.ConductingEquipment rdf:resource="#10100000_1544889400"/>
<cim:Terminal.ConnectivityNode rdf:resource="#9288674250616859"/>
</cim:Terminal>
<cim:Terminal rdf:ID="13000000_1544910596_1">
<cim:Terminal.ConductingEquipment rdf:resource="#13000000_1544910596"/>
<cim:Terminal.ConnectivityNode rdf:resource="#9288674250616864"/>
</cim:Terminal>
<cim:Terminal rdf:ID="13000000_1544910596_2">
<cim:Terminal.ConductingEquipment rdf:resource="#13000000_1544910596"/>
<cim:Terminal.ConnectivityNode rdf:resource="#9288674250616871"/>
</cim:Terminal>
<cim:Terminal rdf:ID="13000000_1544910602_1">
<cim:Terminal.ConductingEquipment rdf:resource="#13000000_1544910602"/>
<cim:Terminal.ConnectivityNode rdf:resource="#9288674250616852"/>
</cim:Terminal>
<cim:Terminal rdf:ID="13000000_1544910602_2">
<cim:Terminal.ConductingEquipment rdf:resource="#13000000_1544910602"/>
<cim:Terminal.ConnectivityNode rdf:resource="#9288674250616882"/>
</cim:Terminal>
<cim:Terminal rdf:ID="13000000_1544910852_1">
<cim:Terminal.ConductingEquipment rdf:resource="#13000000_1544910852"/>
<cim:Terminal.ConnectivityNode rdf:resource="#9288674250616848"/>
</cim:Terminal>
<cim:Terminal rdf:ID="13000000_1544910852_2">
<cim:Terminal.ConductingEquipment rdf:resource="#13000000_1544910852"/>
<cim:Terminal.ConnectivityNode rdf:resource="#9288674250616867"/>
</cim:Terminal>
<cim:Terminal rdf:ID="13000000_1544910853_1">
<cim:Terminal.ConductingEquipment rdf:resource="#13000000_1544910853"/>
<cim:Terminal.ConnectivityNode rdf:resource="#9288674250616868"/>
</cim:Terminal>
<cim:Terminal rdf:ID="13000000_1544910853_2">
<cim:Terminal.ConductingEquipment rdf:resource="#13000000_1544910853"/>
<cim:Terminal.ConnectivityNode rdf:resource="#9288674250616872"/>
</cim:Terminal>
<cim:Terminal rdf:ID="13000000_1544911827_1">
<cim:Terminal.ConductingEquipment rdf:resource="#13000000_1544911827"/>
<cim:Terminal.ConnectivityNode rdf:resource="#9288674250616859"/>
</cim:Terminal>
<cim:Terminal rdf:ID="13000000_1544911827_2">
<cim:Terminal.ConductingEquipment rdf:resource="#13000000_1544911827"/>
<cim:Terminal.ConnectivityNode rdf:resource="#9288674250616892"/>
</cim:Terminal>
<cim:Terminal rdf:ID="20100000_1544901532_1">
<cim:Terminal.ConductingEquipment rdf:resource="#20100000_1544901532"/>
<cim:Terminal.ConnectivityNode rdf:resource="#9288674250616867"/>
</cim:Terminal>
<cim:Terminal rdf:ID="20100000_1544901532_2">
<cim:Terminal.ConductingEquipment rdf:resource="#20100000_1544901532"/>
<cim:Terminal.ConnectivityNode rdf:resource="#9288674250616868"/>
</cim:Terminal>
<cim:Terminal rdf:ID="2893537">
<cim:Terminal.ConductingEquipment rdf:resource="#30500000_1711157"/>
<cim:Terminal.ConnectivityNode rdf:resource="#9288674231480111"/>
</cim:Terminal>
<cim:Terminal rdf:ID="2893538">
<cim:Terminal.ConductingEquipment rdf:resource="#30500000_1711157"/>
<cim:Terminal.ConnectivityNode rdf:resource="#9288674231524478"/>
</cim:Terminal>
<cim:Terminal rdf:ID="1591296">
<cim:Terminal.ConductingEquipment rdf:resource="#31100000_90322"/>
<cim:Terminal.ConnectivityNode rdf:resource="#9288674231452883"/>
</cim:Terminal>
<cim:Terminal rdf:ID="10200001_1544731792_1">
<cim:Terminal.ConductingEquipment rdf:resource="#10200001_1544731792"/>
<cim:Terminal.ConnectivityNode rdf:resource="#9288674250582238"/>
</cim:Terminal>
<cim:Terminal rdf:ID="10200001_1544731791_1">
<cim:Terminal.ConductingEquipment rdf:resource="#10200001_1544731791"/>
<cim:Terminal.ConnectivityNode rdf:resource="#9288674250616848"/>
</cim:Terminal>
<cim:Terminal rdf:ID="10200001_1544890590_1">
<cim:Terminal.ConductingEquipment rdf:resource="#10200001_1544890590"/>
<cim:Terminal.ConnectivityNode rdf:resource="#9288674250616852"/>
</cim:Terminal>
<cim:Terminal rdf:ID="10200001_1544892054_1">
<cim:Terminal.ConductingEquipment rdf:resource="#10200001_1544892054"/>
<cim:Terminal.ConnectivityNode rdf:resource="#9288674250616859"/>
</cim:Terminal>
<cim:Terminal rdf:ID="10200001_1544910897_1">
<cim:Terminal.ConductingEquipment rdf:resource="#10200001_1544910897"/>
<cim:Terminal.ConnectivityNode rdf:resource="#9288674250616864"/>
</cim:Terminal>
</rdf:RDF>
