<?xml version="1.0" encoding="UTF-8"?>

<rdf:RDF xmlns:rdf="http://www.w3.org/1999/02/22-rdf-syntax-ns#" xmlns:cim="http://www.sgcc.com.cn/SG-CIM/2010MAY#" xmlns:iescim="http://www.ieslab.com.cn">

<cim:BaseVoltage rdf:ID="BaseVoltage_5">
<cim:IdentifiedObject.name>10kV</cim:IdentifiedObject.name>
<cim:BaseVoltage.isDC>false</cim:BaseVoltage.isDC>
<cim:BaseVoltage.nominalVoltage>10.00</cim:BaseVoltage.nominalVoltage>
<iescim:PowerSystemResource.DeviceID>5</iescim:PowerSystemResource.DeviceID>
</cim:BaseVoltage>
<cim:SubGeographicalRegion rdf:ID="8a0f688f46db11f00146db136e981220">
<cim:IdentifiedObject.name>国网仙游县供电公司</cim:IdentifiedObject.name>
<cim:SubGeographicalRegion.Region rdf:resource="#_"/>
</cim:SubGeographicalRegion>
<cim:Circuit rdf:ID="10000100_3067">
<cim:IdentifiedObject.name>四金线921线路</cim:IdentifiedObject.name>
<cim:Circuit.BelongtoHVSubstation rdf:resource="#30000000_74010"/>
<cim:PowerSystemResource.SubGeographicalRegion rdf:resource="#8a0f688f46db11f00146db136e981220"/>
<cim:iscurrentfeeder>0</cim:iscurrentfeeder>
</cim:Circuit>
<cim:Circuit rdf:ID="10000100_12942">
<cim:IdentifiedObject.name>成星专线916线路</cim:IdentifiedObject.name>
<cim:Circuit.BelongtoHVSubstation rdf:resource="#30000000_74010"/>
<cim:PowerSystemResource.SubGeographicalRegion rdf:resource="#8a0f688f46db11f00146db136e981220"/>
<cim:iscurrentfeeder>1</cim:iscurrentfeeder>
</cim:Circuit>
<cim:Substation rdf:ID="30000000_74010">
<cim:IdentifiedObject.name>莆田.龙华变</cim:IdentifiedObject.name>
<iescim:PowerSystemResource.DeviceType>13</iescim:PowerSystemResource.DeviceType>
<iescim:PowerSystemResource.SubType>1</iescim:PowerSystemResource.SubType>
<cim:PowerSystemResource.PSRType rdf:resource="#30000000"/>
<iescim:PowerSystemResource.DeviceID>3659174697289296</iescim:PowerSystemResource.DeviceID>
<cim:PowerSystemResource.SubGeographicalRegion rdf:resource="#8a0f688f46db11f00146db136e981220"/>
</cim:Substation>
<cim:Substation rdf:ID="30000006_1112590">
<cim:IdentifiedObject.name>成星配电室</cim:IdentifiedObject.name>
<iescim:PowerSystemResource.DeviceType>153</iescim:PowerSystemResource.DeviceType>
<iescim:PowerSystemResource.SubType>18</iescim:PowerSystemResource.SubType>
<cim:PowerSystemResource.PSRType rdf:resource="#30000006"/>
<iescim:PowerSystemResource.DeviceID>43065671436815095</iescim:PowerSystemResource.DeviceID>
<cim:PowerSystemResource.SubGeographicalRegion rdf:resource="#8a0f688f46db11f00146db136e981220"/>
</cim:Substation>
<cim:Breaker rdf:ID="30700000_397860">
<cim:IdentifiedObject.name>10kV成星专线611线路901负荷开关</cim:IdentifiedObject.name>
<cim:IdentifiedObject.bianhao>901</cim:IdentifiedObject.bianhao>
<cim:Equipment.EquipmentContainer rdf:resource="#30000006_1112590"/>
<cim:PowerSystemResource.Circuit rdf:resource="#10000100_12942" />
<cim:ConductingEquipment.BaseVoltage rdf:resource="#BaseVoltage_5"/>
<iescim:PowerSystemResource.SubType>4</iescim:PowerSystemResource.SubType>
<iescim:PowerSystemResource.DeviceID>4503599627392613</iescim:PowerSystemResource.DeviceID>
<iescim:PowerSystemResource.DeviceType>16</iescim:PowerSystemResource.DeviceType>
<iescim:PowerSystemResource.Cxmc>10kV成星线611线路</iescim:PowerSystemResource.Cxmc>
</cim:Breaker>
<cim:Breaker rdf:ID="11100000_212497">
<cim:IdentifiedObject.name>10kV成星专线611线路#029杆029开关</cim:IdentifiedObject.name>
<cim:IdentifiedObject.bianhao>029</cim:IdentifiedObject.bianhao>
<cim:PowerSystemResource.Circuit rdf:resource="#10000100_12942" />
<cim:ConductingEquipment.BaseVoltage rdf:resource="#BaseVoltage_5"/>
<iescim:PowerSystemResource.SubType>2</iescim:PowerSystemResource.SubType>
<iescim:PowerSystemResource.DeviceID>4503599627392614</iescim:PowerSystemResource.DeviceID>
<iescim:PowerSystemResource.DeviceType>16</iescim:PowerSystemResource.DeviceType>
<iescim:PowerSystemResource.Cxmc></iescim:PowerSystemResource.Cxmc>
</cim:Breaker>
<cim:Breaker rdf:ID="30500000_1724531">
<cim:IdentifiedObject.name>莆田.龙华变/10kV.成星专线916开关</cim:IdentifiedObject.name>
<cim:IdentifiedObject.bianhao>_</cim:IdentifiedObject.bianhao>
<cim:Equipment.EquipmentContainer rdf:resource="#30000000_74010"/>
<cim:PowerSystemResource.Circuit rdf:resource="#10000100_12942" />
<cim:ConductingEquipment.BaseVoltage rdf:resource="#BaseVoltage_5"/>
<iescim:PowerSystemResource.SubType>1</iescim:PowerSystemResource.SubType>
<iescim:PowerSystemResource.DeviceID>4503599627405998</iescim:PowerSystemResource.DeviceID>
<iescim:PowerSystemResource.DeviceType>16</iescim:PowerSystemResource.DeviceType>
<iescim:PowerSystemResource.Cxmc></iescim:PowerSystemResource.Cxmc>
</cim:Breaker>
<cim:Disconnector rdf:ID="30600001_174311">
<cim:IdentifiedObject.name>莆田.龙华变/10kV.四金线9216接地刀闸</cim:IdentifiedObject.name>
<cim:IdentifiedObject.bianhao>_</cim:IdentifiedObject.bianhao>
<cim:Equipment.EquipmentContainer rdf:resource="#30000000_74010"/>
<cim:PowerSystemResource.Circuit rdf:resource="#10000100_12942" />
<cim:ConductingEquipment.BaseVoltage rdf:resource="#BaseVoltage_5"/>
<iescim:PowerSystemResource.SubType>9</iescim:PowerSystemResource.SubType>
<iescim:PowerSystemResource.DeviceID>4785074604136748</iescim:PowerSystemResource.DeviceID>
<iescim:PowerSystemResource.DeviceType>17</iescim:PowerSystemResource.DeviceType>
<iescim:PowerSystemResource.Cxmc></iescim:PowerSystemResource.Cxmc>
</cim:Disconnector>
<cim:Disconnector rdf:ID="11300000_1248133">
<cim:IdentifiedObject.name>10kV成星专线611线路#029杆0291刀闸</cim:IdentifiedObject.name>
<cim:IdentifiedObject.bianhao>0291</cim:IdentifiedObject.bianhao>
<cim:PowerSystemResource.Circuit rdf:resource="#10000100_12942" />
<cim:ConductingEquipment.BaseVoltage rdf:resource="#BaseVoltage_5"/>
<iescim:PowerSystemResource.SubType>6</iescim:PowerSystemResource.SubType>
<iescim:PowerSystemResource.DeviceID>4785074604136749</iescim:PowerSystemResource.DeviceID>
<iescim:PowerSystemResource.DeviceType>17</iescim:PowerSystemResource.DeviceType>
<iescim:PowerSystemResource.Cxmc></iescim:PowerSystemResource.Cxmc>
</cim:Disconnector>
<cim:Disconnector rdf:ID="114841792242780228">
<cim:IdentifiedObject.name>莆田.龙华变/10kV.四金线921SC手车刀闸</cim:IdentifiedObject.name>
<cim:IdentifiedObject.bianhao>_</cim:IdentifiedObject.bianhao>
<cim:Equipment.EquipmentContainer rdf:resource="#30000000_74010"/>
<cim:PowerSystemResource.Circuit rdf:resource="#10000100_12942" />
<cim:ConductingEquipment.BaseVoltage rdf:resource="#BaseVoltage_5"/>
<iescim:PowerSystemResource.SubType>5</iescim:PowerSystemResource.SubType>
<iescim:PowerSystemResource.DeviceID>4785074604166399</iescim:PowerSystemResource.DeviceID>
<iescim:PowerSystemResource.DeviceType>17</iescim:PowerSystemResource.DeviceType>
<iescim:PowerSystemResource.Cxmc></iescim:PowerSystemResource.Cxmc>
</cim:Disconnector>
<cim:Disconnector rdf:ID="114841792242784503">
<cim:IdentifiedObject.name>莆田.龙华变/10kV.成星专线916SC手车刀闸</cim:IdentifiedObject.name>
<cim:IdentifiedObject.bianhao>_</cim:IdentifiedObject.bianhao>
<cim:Equipment.EquipmentContainer rdf:resource="#30000000_74010"/>
<cim:PowerSystemResource.Circuit rdf:resource="#10000100_3067" />
<cim:ConductingEquipment.BaseVoltage rdf:resource="#BaseVoltage_5"/>
<iescim:PowerSystemResource.SubType>5</iescim:PowerSystemResource.SubType>
<iescim:PowerSystemResource.DeviceID>4785074604169771</iescim:PowerSystemResource.DeviceID>
<iescim:PowerSystemResource.DeviceType>17</iescim:PowerSystemResource.DeviceType>
<iescim:PowerSystemResource.Cxmc></iescim:PowerSystemResource.Cxmc>
</cim:Disconnector>
<cim:Disconnector rdf:ID="30600001_2507557">
<cim:IdentifiedObject.name>莆田.龙华变/10kV.成星专线9166接地刀闸</cim:IdentifiedObject.name>
<cim:IdentifiedObject.bianhao>_</cim:IdentifiedObject.bianhao>
<cim:Equipment.EquipmentContainer rdf:resource="#30000000_74010"/>
<cim:PowerSystemResource.Circuit rdf:resource="#10000100_12942" />
<cim:ConductingEquipment.BaseVoltage rdf:resource="#BaseVoltage_5"/>
<iescim:PowerSystemResource.SubType>9</iescim:PowerSystemResource.SubType>
<iescim:PowerSystemResource.DeviceID>4785074604176036</iescim:PowerSystemResource.DeviceID>
<iescim:PowerSystemResource.DeviceType>17</iescim:PowerSystemResource.DeviceType>
<iescim:PowerSystemResource.Cxmc></iescim:PowerSystemResource.Cxmc>
</cim:Disconnector>
<cim:Disconnector rdf:ID="115123267219497235">
<cim:IdentifiedObject.name>莆田.龙华变/10kV.成星专线9166接地刀闸处/9166-D地线</cim:IdentifiedObject.name>
<cim:IdentifiedObject.bianhao>_</cim:IdentifiedObject.bianhao>
<cim:Equipment.EquipmentContainer rdf:resource="#30000000_74010"/>
<cim:PowerSystemResource.Circuit rdf:resource="#10000100_3067" />
<cim:ConductingEquipment.BaseVoltage rdf:resource="#BaseVoltage_5"/>
<iescim:PowerSystemResource.SubType>9</iescim:PowerSystemResource.SubType>
<iescim:PowerSystemResource.DeviceID>4785074604213189</iescim:PowerSystemResource.DeviceID>
<iescim:PowerSystemResource.DeviceType>17</iescim:PowerSystemResource.DeviceType>
<iescim:PowerSystemResource.Cxmc></iescim:PowerSystemResource.Cxmc>
</cim:Disconnector>
<cim:PowerTransformer rdf:ID="30200003_398791">
<cim:IdentifiedObject.name>成星#1变</cim:IdentifiedObject.name>
<cim:IdentifiedObject.bianhao></cim:IdentifiedObject.bianhao>
<cim:Equipment.EquipmentContainer rdf:resource="#30000006_1112590"/>
<cim:PowerSystemResource.Circuit rdf:resource="#10000100_12942" />
<cim:ConductingEquipment.BaseVoltage rdf:resource="#BaseVoltage_5"/>
<iescim:PowerSystemResource.SubType>1</iescim:PowerSystemResource.SubType>
<iescim:PowerSystemResource.DeviceID>12384898975286629</iescim:PowerSystemResource.DeviceID>
<iescim:PowerSystemResource.DeviceType>44</iescim:PowerSystemResource.DeviceType>
<iescim:PowerSystemResource.UserType>0</iescim:PowerSystemResource.UserType>
<iescim:PowerSystemResource.TaiQuHao>_</iescim:PowerSystemResource.TaiQuHao>
</cim:PowerTransformer>
<cim:PowerTransformer rdf:ID="30200003_398445">
<cim:IdentifiedObject.name>成星#2变</cim:IdentifiedObject.name>
<cim:IdentifiedObject.bianhao></cim:IdentifiedObject.bianhao>
<cim:Equipment.EquipmentContainer rdf:resource="#30000006_1112590"/>
<cim:PowerSystemResource.Circuit rdf:resource="#10000100_12942" />
<cim:ConductingEquipment.BaseVoltage rdf:resource="#BaseVoltage_5"/>
<iescim:PowerSystemResource.SubType>1</iescim:PowerSystemResource.SubType>
<iescim:PowerSystemResource.DeviceID>12384898975286630</iescim:PowerSystemResource.DeviceID>
<iescim:PowerSystemResource.DeviceType>44</iescim:PowerSystemResource.DeviceType>
<iescim:PowerSystemResource.UserType>0</iescim:PowerSystemResource.UserType>
<iescim:PowerSystemResource.TaiQuHao>_</iescim:PowerSystemResource.TaiQuHao>
</cim:PowerTransformer>
<cim:PowerTransformer rdf:ID="30200003_398777">
<cim:IdentifiedObject.name>成星#3变</cim:IdentifiedObject.name>
<cim:IdentifiedObject.bianhao></cim:IdentifiedObject.bianhao>
<cim:Equipment.EquipmentContainer rdf:resource="#30000006_1112590"/>
<cim:PowerSystemResource.Circuit rdf:resource="#10000100_12942" />
<cim:ConductingEquipment.BaseVoltage rdf:resource="#BaseVoltage_5"/>
<iescim:PowerSystemResource.SubType>1</iescim:PowerSystemResource.SubType>
<iescim:PowerSystemResource.DeviceID>12384898975286631</iescim:PowerSystemResource.DeviceID>
<iescim:PowerSystemResource.DeviceType>44</iescim:PowerSystemResource.DeviceType>
<iescim:PowerSystemResource.UserType>0</iescim:PowerSystemResource.UserType>
<iescim:PowerSystemResource.TaiQuHao>_</iescim:PowerSystemResource.TaiQuHao>
</cim:PowerTransformer>
<cim:PowerTransformer rdf:ID="30200003_399088">
<cim:IdentifiedObject.name>成星#4变</cim:IdentifiedObject.name>
<cim:IdentifiedObject.bianhao></cim:IdentifiedObject.bianhao>
<cim:Equipment.EquipmentContainer rdf:resource="#30000006_1112590"/>
<cim:PowerSystemResource.Circuit rdf:resource="#10000100_12942" />
<cim:ConductingEquipment.BaseVoltage rdf:resource="#BaseVoltage_5"/>
<iescim:PowerSystemResource.SubType>1</iescim:PowerSystemResource.SubType>
<iescim:PowerSystemResource.DeviceID>12384898975286632</iescim:PowerSystemResource.DeviceID>
<iescim:PowerSystemResource.DeviceType>44</iescim:PowerSystemResource.DeviceType>
<iescim:PowerSystemResource.UserType>0</iescim:PowerSystemResource.UserType>
<iescim:PowerSystemResource.TaiQuHao>_</iescim:PowerSystemResource.TaiQuHao>
</cim:PowerTransformer>
<cim:PowerTransformer rdf:ID="30200003_399097">
<cim:IdentifiedObject.name>成星#5变</cim:IdentifiedObject.name>
<cim:IdentifiedObject.bianhao></cim:IdentifiedObject.bianhao>
<cim:Equipment.EquipmentContainer rdf:resource="#30000006_1112590"/>
<cim:PowerSystemResource.Circuit rdf:resource="#10000100_12942" />
<cim:ConductingEquipment.BaseVoltage rdf:resource="#BaseVoltage_5"/>
<iescim:PowerSystemResource.SubType>1</iescim:PowerSystemResource.SubType>
<iescim:PowerSystemResource.DeviceID>12384898975286633</iescim:PowerSystemResource.DeviceID>
<iescim:PowerSystemResource.DeviceType>44</iescim:PowerSystemResource.DeviceType>
<iescim:PowerSystemResource.UserType>0</iescim:PowerSystemResource.UserType>
<iescim:PowerSystemResource.TaiQuHao>_</iescim:PowerSystemResource.TaiQuHao>
</cim:PowerTransformer>
<cim:BusbarSection rdf:ID="31100000_374028">
<cim:IdentifiedObject.name>成星配电室10kV母线</cim:IdentifiedObject.name>
<cim:IdentifiedObject.bianhao></cim:IdentifiedObject.bianhao>
<cim:Equipment.EquipmentContainer rdf:resource="#30000006_1112590"/>
<cim:PowerSystemResource.Circuit rdf:resource="#10000100_12942" />
<cim:ConductingEquipment.BaseVoltage rdf:resource="#BaseVoltage_5"/>
<iescim:PowerSystemResource.SubType>0</iescim:PowerSystemResource.SubType>
<iescim:PowerSystemResource.DeviceID>5348024557508843</iescim:PowerSystemResource.DeviceID>
<iescim:PowerSystemResource.DeviceType>19</iescim:PowerSystemResource.DeviceType>
</cim:BusbarSection>
<cim:BusbarSection rdf:ID="31100000_88813">
<cim:IdentifiedObject.name>莆田.龙华变/10kV.Ⅱ段母线</cim:IdentifiedObject.name>
<cim:IdentifiedObject.bianhao></cim:IdentifiedObject.bianhao>
<cim:Equipment.EquipmentContainer rdf:resource="#30000000_74010"/>
<cim:PowerSystemResource.Circuit rdf:resource="#_" />
<cim:ConductingEquipment.BaseVoltage rdf:resource="#BaseVoltage_5"/>
<iescim:PowerSystemResource.SubType>0</iescim:PowerSystemResource.SubType>
<iescim:PowerSystemResource.DeviceID>5348024557508844</iescim:PowerSystemResource.DeviceID>
<iescim:PowerSystemResource.DeviceType>19</iescim:PowerSystemResource.DeviceType>
</cim:BusbarSection>
<cim:BusbarSection rdf:ID="31100000_877163">
<cim:IdentifiedObject.name>莆田.龙华变/10kV.Ⅰ段母线</cim:IdentifiedObject.name>
<cim:IdentifiedObject.bianhao></cim:IdentifiedObject.bianhao>
<cim:Equipment.EquipmentContainer rdf:resource="#30000000_74010"/>
<cim:PowerSystemResource.Circuit rdf:resource="#_" />
<cim:ConductingEquipment.BaseVoltage rdf:resource="#BaseVoltage_5"/>
<iescim:PowerSystemResource.SubType>0</iescim:PowerSystemResource.SubType>
<iescim:PowerSystemResource.DeviceID>5348024557512407</iescim:PowerSystemResource.DeviceID>
<iescim:PowerSystemResource.DeviceType>19</iescim:PowerSystemResource.DeviceType>
</cim:BusbarSection>
<cim:ACLineSegment rdf:ID="36000000_9515838">
<cim:IdentifiedObject.name>新增站内-连接线</cim:IdentifiedObject.name>
<cim:IdentifiedObject.bianhao></cim:IdentifiedObject.bianhao>
<cim:Equipment.EquipmentContainer rdf:resource="#30000006_1112590"/>
<cim:PowerSystemResource.Circuit rdf:resource="#10000100_12942" />
<cim:ConductingEquipment.BaseVoltage rdf:resource="#BaseVoltage_5"/>
<iescim:PowerSystemResource.SubType>3</iescim:PowerSystemResource.SubType>
<iescim:PowerSystemResource.DeviceID>5629499534375827</iescim:PowerSystemResource.DeviceID>
<iescim:PowerSystemResource.DeviceType>20</iescim:PowerSystemResource.DeviceType>
</cim:ACLineSegment>
<cim:ACLineSegment rdf:ID="10100000_6111342">
<cim:IdentifiedObject.name>10kV成星专线611线路#001杆-10kV成星专线611线路#002杆</cim:IdentifiedObject.name>
<cim:IdentifiedObject.bianhao></cim:IdentifiedObject.bianhao>
<cim:PowerSystemResource.Circuit rdf:resource="#10000100_12942" />
<cim:ConductingEquipment.BaseVoltage rdf:resource="#BaseVoltage_5"/>
<iescim:PowerSystemResource.SubType>2</iescim:PowerSystemResource.SubType>
<iescim:PowerSystemResource.DeviceID>5629499534375833</iescim:PowerSystemResource.DeviceID>
<iescim:PowerSystemResource.DeviceType>20</iescim:PowerSystemResource.DeviceType>
</cim:ACLineSegment>
<cim:ACLineSegment rdf:ID="13000000_10406333">
<cim:IdentifiedObject.name>站外-连接线</cim:IdentifiedObject.name>
<cim:IdentifiedObject.bianhao></cim:IdentifiedObject.bianhao>
<cim:PowerSystemResource.Circuit rdf:resource="#10000100_12942" />
<cim:ConductingEquipment.BaseVoltage rdf:resource="#BaseVoltage_5"/>
<iescim:PowerSystemResource.SubType>3</iescim:PowerSystemResource.SubType>
<iescim:PowerSystemResource.DeviceID>5629499534375834</iescim:PowerSystemResource.DeviceID>
<iescim:PowerSystemResource.DeviceType>20</iescim:PowerSystemResource.DeviceType>
</cim:ACLineSegment>
<cim:ACLineSegment rdf:ID="13000000_9118419">
<cim:IdentifiedObject.name>站外-连接线</cim:IdentifiedObject.name>
<cim:IdentifiedObject.bianhao></cim:IdentifiedObject.bianhao>
<cim:PowerSystemResource.Circuit rdf:resource="#10000100_12942" />
<cim:ConductingEquipment.BaseVoltage rdf:resource="#BaseVoltage_5"/>
<iescim:PowerSystemResource.SubType>3</iescim:PowerSystemResource.SubType>
<iescim:PowerSystemResource.DeviceID>5629499534375835</iescim:PowerSystemResource.DeviceID>
<iescim:PowerSystemResource.DeviceType>20</iescim:PowerSystemResource.DeviceType>
</cim:ACLineSegment>
<cim:ACLineSegment rdf:ID="13000000_9149142">
<cim:IdentifiedObject.name>站外-连接线</cim:IdentifiedObject.name>
<cim:IdentifiedObject.bianhao></cim:IdentifiedObject.bianhao>
<cim:PowerSystemResource.Circuit rdf:resource="#10000100_12942" />
<cim:ConductingEquipment.BaseVoltage rdf:resource="#BaseVoltage_5"/>
<iescim:PowerSystemResource.SubType>3</iescim:PowerSystemResource.SubType>
<iescim:PowerSystemResource.DeviceID>5629499534375836</iescim:PowerSystemResource.DeviceID>
<iescim:PowerSystemResource.DeviceType>20</iescim:PowerSystemResource.DeviceType>
</cim:ACLineSegment>
<cim:ACLineSegment rdf:ID="13000000_9169032">
<cim:IdentifiedObject.name>站外-连接线</cim:IdentifiedObject.name>
<cim:IdentifiedObject.bianhao></cim:IdentifiedObject.bianhao>
<cim:PowerSystemResource.Circuit rdf:resource="#10000100_12942" />
<cim:ConductingEquipment.BaseVoltage rdf:resource="#BaseVoltage_5"/>
<iescim:PowerSystemResource.SubType>3</iescim:PowerSystemResource.SubType>
<iescim:PowerSystemResource.DeviceID>5629499534375837</iescim:PowerSystemResource.DeviceID>
<iescim:PowerSystemResource.DeviceType>20</iescim:PowerSystemResource.DeviceType>
</cim:ACLineSegment>
<cim:ACLineSegment rdf:ID="14000000_6163600">
<cim:IdentifiedObject.name>成星专线611线路#029029开关-成星配电室10kV成星专线611线路终端头</cim:IdentifiedObject.name>
<cim:IdentifiedObject.bianhao></cim:IdentifiedObject.bianhao>
<cim:PowerSystemResource.Circuit rdf:resource="#10000100_12942" />
<cim:ConductingEquipment.BaseVoltage rdf:resource="#BaseVoltage_5"/>
<iescim:PowerSystemResource.SubType>1</iescim:PowerSystemResource.SubType>
<iescim:PowerSystemResource.DeviceID>5629499534375838</iescim:PowerSystemResource.DeviceID>
<iescim:PowerSystemResource.DeviceType>20</iescim:PowerSystemResource.DeviceType>
</cim:ACLineSegment>
<cim:ACLineSegment rdf:ID="20100000_494733">
<cim:IdentifiedObject.name>成星专线611线路#029029开关-成星配电室10kV成星专线611线路终端头</cim:IdentifiedObject.name>
<cim:IdentifiedObject.bianhao></cim:IdentifiedObject.bianhao>
<cim:PowerSystemResource.Circuit rdf:resource="#10000100_12942" />
<cim:ConductingEquipment.BaseVoltage rdf:resource="#BaseVoltage_5"/>
<iescim:PowerSystemResource.SubType>1</iescim:PowerSystemResource.SubType>
<iescim:PowerSystemResource.DeviceID>5629499534375840</iescim:PowerSystemResource.DeviceID>
<iescim:PowerSystemResource.DeviceType>20</iescim:PowerSystemResource.DeviceType>
</cim:ACLineSegment>
<cim:ACLineSegment rdf:ID="20100000_494734">
<cim:IdentifiedObject.name>成星专线-成星专线611线路#001</cim:IdentifiedObject.name>
<cim:IdentifiedObject.bianhao></cim:IdentifiedObject.bianhao>
<cim:PowerSystemResource.Circuit rdf:resource="#10000100_12942" />
<cim:ConductingEquipment.BaseVoltage rdf:resource="#BaseVoltage_5"/>
<iescim:PowerSystemResource.SubType>1</iescim:PowerSystemResource.SubType>
<iescim:PowerSystemResource.DeviceID>5629499534375841</iescim:PowerSystemResource.DeviceID>
<iescim:PowerSystemResource.DeviceType>20</iescim:PowerSystemResource.DeviceType>
</cim:ACLineSegment>
<cim:ACLineSegment rdf:ID="14000000_6164229">
<cim:IdentifiedObject.name>成星专916线#001</cim:IdentifiedObject.name>
<cim:IdentifiedObject.bianhao></cim:IdentifiedObject.bianhao>
<cim:PowerSystemResource.Circuit rdf:resource="#10000100_12942" />
<cim:ConductingEquipment.BaseVoltage rdf:resource="#BaseVoltage_5"/>
<iescim:PowerSystemResource.SubType>1</iescim:PowerSystemResource.SubType>
<iescim:PowerSystemResource.DeviceID>5629499534480079</iescim:PowerSystemResource.DeviceID>
<iescim:PowerSystemResource.DeviceType>20</iescim:PowerSystemResource.DeviceType>
</cim:ACLineSegment>
<cim:Pole rdf:ID="10200001_6182195">
<cim:IdentifiedObject.name>10kV成星专线611线路#029杆</cim:IdentifiedObject.name>
<cim:IdentifiedObject.bianhao></cim:IdentifiedObject.bianhao>
<cim:PowerSystemResource.Circuit rdf:resource="#10000100_12942" />
<cim:ConductingEquipment.BaseVoltage rdf:resource="#BaseVoltage_5"/>
<iescim:PowerSystemResource.DeviceType>43</iescim:PowerSystemResource.DeviceType>
<iescim:PowerSystemResource.SubType>1</iescim:PowerSystemResource.SubType>
<iescim:PowerSystemResource.DeviceID>12103423998586145</iescim:PowerSystemResource.DeviceID>
</cim:Pole>
<cim:Pole rdf:ID="10200001_6228684">
<cim:IdentifiedObject.name>10kV成星专线611线路#001杆</cim:IdentifiedObject.name>
<cim:IdentifiedObject.bianhao></cim:IdentifiedObject.bianhao>
<cim:PowerSystemResource.Circuit rdf:resource="#10000100_12942" />
<cim:ConductingEquipment.BaseVoltage rdf:resource="#BaseVoltage_5"/>
<iescim:PowerSystemResource.DeviceType>43</iescim:PowerSystemResource.DeviceType>
<iescim:PowerSystemResource.SubType>1</iescim:PowerSystemResource.SubType>
<iescim:PowerSystemResource.DeviceID>12103423998586146</iescim:PowerSystemResource.DeviceID>
</cim:Pole>
<cim:ConnectivityNode rdf:ID="9288674231454821">
<iescim:PowerSystemResource.SubType>0</iescim:PowerSystemResource.SubType>
<iescim:PowerSystemResource.DeviceID>9288674231454821</iescim:PowerSystemResource.DeviceID>
<iescim:PowerSystemResource.DeviceType>33</iescim:PowerSystemResource.DeviceType>
</cim:ConnectivityNode>
<cim:ConnectivityNode rdf:ID="9288674231457047">
<iescim:PowerSystemResource.SubType>0</iescim:PowerSystemResource.SubType>
<iescim:PowerSystemResource.DeviceID>9288674231457047</iescim:PowerSystemResource.DeviceID>
<iescim:PowerSystemResource.DeviceType>33</iescim:PowerSystemResource.DeviceType>
</cim:ConnectivityNode>
<cim:ConnectivityNode rdf:ID="9288674231470463">
<iescim:PowerSystemResource.SubType>0</iescim:PowerSystemResource.SubType>
<iescim:PowerSystemResource.DeviceID>9288674231470463</iescim:PowerSystemResource.DeviceID>
<iescim:PowerSystemResource.DeviceType>33</iescim:PowerSystemResource.DeviceType>
</cim:ConnectivityNode>
<cim:ConnectivityNode rdf:ID="9288674231510593">
<iescim:PowerSystemResource.SubType>0</iescim:PowerSystemResource.SubType>
<iescim:PowerSystemResource.DeviceID>9288674231510593</iescim:PowerSystemResource.DeviceID>
<iescim:PowerSystemResource.DeviceType>33</iescim:PowerSystemResource.DeviceType>
</cim:ConnectivityNode>
<cim:ConnectivityNode rdf:ID="9288674231510594">
<iescim:PowerSystemResource.SubType>0</iescim:PowerSystemResource.SubType>
<iescim:PowerSystemResource.DeviceID>9288674231510594</iescim:PowerSystemResource.DeviceID>
<iescim:PowerSystemResource.DeviceType>33</iescim:PowerSystemResource.DeviceType>
</cim:ConnectivityNode>
<cim:ConnectivityNode rdf:ID="9288674231518561">
<iescim:PowerSystemResource.SubType>0</iescim:PowerSystemResource.SubType>
<iescim:PowerSystemResource.DeviceID>9288674231518561</iescim:PowerSystemResource.DeviceID>
<iescim:PowerSystemResource.DeviceType>33</iescim:PowerSystemResource.DeviceType>
</cim:ConnectivityNode>
<cim:ConnectivityNode rdf:ID="9288674231572543">
<iescim:PowerSystemResource.SubType>0</iescim:PowerSystemResource.SubType>
<iescim:PowerSystemResource.DeviceID>9288674231572543</iescim:PowerSystemResource.DeviceID>
<iescim:PowerSystemResource.DeviceType>33</iescim:PowerSystemResource.DeviceType>
</cim:ConnectivityNode>
<cim:ConnectivityNode rdf:ID="9288674231572544">
<iescim:PowerSystemResource.SubType>0</iescim:PowerSystemResource.SubType>
<iescim:PowerSystemResource.DeviceID>9288674231572544</iescim:PowerSystemResource.DeviceID>
<iescim:PowerSystemResource.DeviceType>33</iescim:PowerSystemResource.DeviceType>
</cim:ConnectivityNode>
<cim:ConnectivityNode rdf:ID="9288674231593851">
<iescim:PowerSystemResource.SubType>0</iescim:PowerSystemResource.SubType>
<iescim:PowerSystemResource.DeviceID>9288674231593851</iescim:PowerSystemResource.DeviceID>
<iescim:PowerSystemResource.DeviceType>33</iescim:PowerSystemResource.DeviceType>
</cim:ConnectivityNode>
<cim:ConnectivityNode rdf:ID="9288674231667075">
<iescim:PowerSystemResource.SubType>0</iescim:PowerSystemResource.SubType>
<iescim:PowerSystemResource.DeviceID>9288674231667075</iescim:PowerSystemResource.DeviceID>
<iescim:PowerSystemResource.DeviceType>33</iescim:PowerSystemResource.DeviceType>
</cim:ConnectivityNode>
<cim:ConnectivityNode rdf:ID="9288674231724214">
<iescim:PowerSystemResource.SubType>0</iescim:PowerSystemResource.SubType>
<iescim:PowerSystemResource.DeviceID>9288674231724214</iescim:PowerSystemResource.DeviceID>
<iescim:PowerSystemResource.DeviceType>33</iescim:PowerSystemResource.DeviceType>
</cim:ConnectivityNode>
<cim:ConnectivityNode rdf:ID="9288674231787077">
<iescim:PowerSystemResource.SubType>0</iescim:PowerSystemResource.SubType>
<iescim:PowerSystemResource.DeviceID>9288674231787077</iescim:PowerSystemResource.DeviceID>
<iescim:PowerSystemResource.DeviceType>33</iescim:PowerSystemResource.DeviceType>
</cim:ConnectivityNode>
<cim:ConnectivityNode rdf:ID="9288674231787078">
<iescim:PowerSystemResource.SubType>0</iescim:PowerSystemResource.SubType>
<iescim:PowerSystemResource.DeviceID>9288674231787078</iescim:PowerSystemResource.DeviceID>
<iescim:PowerSystemResource.DeviceType>33</iescim:PowerSystemResource.DeviceType>
</cim:ConnectivityNode>
<cim:ConnectivityNode rdf:ID="9288674231787079">
<iescim:PowerSystemResource.SubType>0</iescim:PowerSystemResource.SubType>
<iescim:PowerSystemResource.DeviceID>9288674231787079</iescim:PowerSystemResource.DeviceID>
<iescim:PowerSystemResource.DeviceType>33</iescim:PowerSystemResource.DeviceType>
</cim:ConnectivityNode>
<cim:ConnectivityNode rdf:ID="9288674231787080">
<iescim:PowerSystemResource.SubType>0</iescim:PowerSystemResource.SubType>
<iescim:PowerSystemResource.DeviceID>9288674231787080</iescim:PowerSystemResource.DeviceID>
<iescim:PowerSystemResource.DeviceType>33</iescim:PowerSystemResource.DeviceType>
</cim:ConnectivityNode>
<cim:ConnectivityNode rdf:ID="9288674231787081">
<iescim:PowerSystemResource.SubType>0</iescim:PowerSystemResource.SubType>
<iescim:PowerSystemResource.DeviceID>9288674231787081</iescim:PowerSystemResource.DeviceID>
<iescim:PowerSystemResource.DeviceType>33</iescim:PowerSystemResource.DeviceType>
</cim:ConnectivityNode>
<cim:ConnectivityNode rdf:ID="9288674231886669">
<iescim:PowerSystemResource.SubType>0</iescim:PowerSystemResource.SubType>
<iescim:PowerSystemResource.DeviceID>9288674231886669</iescim:PowerSystemResource.DeviceID>
<iescim:PowerSystemResource.DeviceType>33</iescim:PowerSystemResource.DeviceType>
</cim:ConnectivityNode>
<cim:ConnectivityNode rdf:ID="9288674231886671">
<iescim:PowerSystemResource.SubType>0</iescim:PowerSystemResource.SubType>
<iescim:PowerSystemResource.DeviceID>9288674231886671</iescim:PowerSystemResource.DeviceID>
<iescim:PowerSystemResource.DeviceType>33</iescim:PowerSystemResource.DeviceType>
</cim:ConnectivityNode>
<cim:Terminal rdf:ID="115123267219497235_ies_N">
<cim:Terminal.ConductingEquipment rdf:resource="#115123267219497235"/>
<cim:Terminal.ConnectivityNode rdf:resource="#9288674231593851"/>
</cim:Terminal>
<cim:Terminal rdf:ID="36000000_9515838_1">
<cim:Terminal.ConductingEquipment rdf:resource="#36000000_9515838"/>
<cim:Terminal.ConnectivityNode rdf:resource="#9288674231724214"/>
</cim:Terminal>
<cim:Terminal rdf:ID="36000000_9515838_2">
<cim:Terminal.ConductingEquipment rdf:resource="#36000000_9515838"/>
<cim:Terminal.ConnectivityNode rdf:resource="#9288674231886669"/>
</cim:Terminal>
<cim:Terminal rdf:ID="10100000_6111342_1">
<cim:Terminal.ConductingEquipment rdf:resource="#10100000_6111342"/>
<cim:Terminal.ConnectivityNode rdf:resource="#9288674231787077"/>
</cim:Terminal>
<cim:Terminal rdf:ID="10100000_6111342_2">
<cim:Terminal.ConductingEquipment rdf:resource="#10100000_6111342"/>
<cim:Terminal.ConnectivityNode rdf:resource="#9288674231787078"/>
</cim:Terminal>
<cim:Terminal rdf:ID="13000000_10406333_1">
<cim:Terminal.ConductingEquipment rdf:resource="#13000000_10406333"/>
<cim:Terminal.ConnectivityNode rdf:resource="#9288674231667075"/>
</cim:Terminal>
<cim:Terminal rdf:ID="13000000_10406333_2">
<cim:Terminal.ConductingEquipment rdf:resource="#13000000_10406333"/>
<cim:Terminal.ConnectivityNode rdf:resource="#9288674231470463"/>
</cim:Terminal>
<cim:Terminal rdf:ID="13000000_9118419_1">
<cim:Terminal.ConductingEquipment rdf:resource="#13000000_9118419"/>
<cim:Terminal.ConnectivityNode rdf:resource="#9288674231787077"/>
</cim:Terminal>
<cim:Terminal rdf:ID="13000000_9118419_2">
<cim:Terminal.ConductingEquipment rdf:resource="#13000000_9118419"/>
<cim:Terminal.ConnectivityNode rdf:resource="#9288674231886671"/>
</cim:Terminal>
<cim:Terminal rdf:ID="13000000_9149142_1">
<cim:Terminal.ConductingEquipment rdf:resource="#13000000_9149142"/>
<cim:Terminal.ConnectivityNode rdf:resource="#9288674231510594"/>
</cim:Terminal>
<cim:Terminal rdf:ID="13000000_9149142_2">
<cim:Terminal.ConductingEquipment rdf:resource="#13000000_9149142"/>
<cim:Terminal.ConnectivityNode rdf:resource="#9288674231787080"/>
</cim:Terminal>
<cim:Terminal rdf:ID="13000000_9169032_1">
<cim:Terminal.ConductingEquipment rdf:resource="#13000000_9169032"/>
<cim:Terminal.ConnectivityNode rdf:resource="#9288674231787078"/>
</cim:Terminal>
<cim:Terminal rdf:ID="13000000_9169032_2">
<cim:Terminal.ConductingEquipment rdf:resource="#13000000_9169032"/>
<cim:Terminal.ConnectivityNode rdf:resource="#9288674231572544"/>
</cim:Terminal>
<cim:Terminal rdf:ID="14000000_6163600_1">
<cim:Terminal.ConductingEquipment rdf:resource="#14000000_6163600"/>
<cim:Terminal.ConnectivityNode rdf:resource="#9288674231787079"/>
</cim:Terminal>
<cim:Terminal rdf:ID="14000000_6163600_2">
<cim:Terminal.ConductingEquipment rdf:resource="#14000000_6163600"/>
<cim:Terminal.ConnectivityNode rdf:resource="#9288674231886669"/>
</cim:Terminal>
<cim:Terminal rdf:ID="20100000_494733_1">
<cim:Terminal.ConductingEquipment rdf:resource="#20100000_494733"/>
<cim:Terminal.ConnectivityNode rdf:resource="#9288674231787080"/>
</cim:Terminal>
<cim:Terminal rdf:ID="20100000_494733_2">
<cim:Terminal.ConductingEquipment rdf:resource="#20100000_494733"/>
<cim:Terminal.ConnectivityNode rdf:resource="#9288674231787079"/>
</cim:Terminal>
<cim:Terminal rdf:ID="20100000_494734_1">
<cim:Terminal.ConductingEquipment rdf:resource="#20100000_494734"/>
<cim:Terminal.ConnectivityNode rdf:resource="#9288674231787081"/>
</cim:Terminal>
<cim:Terminal rdf:ID="20100000_494734_2">
<cim:Terminal.ConductingEquipment rdf:resource="#20100000_494734"/>
<cim:Terminal.ConnectivityNode rdf:resource="#9288674231886671"/>
</cim:Terminal>
<cim:Terminal rdf:ID="30200003_39879101">
<cim:Terminal.ConductingEquipment rdf:resource="#30200003_398791"/>
<cim:Terminal.ConnectivityNode rdf:resource="#9288674231724214"/>
</cim:Terminal>
<cim:Terminal rdf:ID="30200003_39844501">
<cim:Terminal.ConductingEquipment rdf:resource="#30200003_398445"/>
<cim:Terminal.ConnectivityNode rdf:resource="#9288674231724214"/>
</cim:Terminal>
<cim:Terminal rdf:ID="30200003_39877701">
<cim:Terminal.ConductingEquipment rdf:resource="#30200003_398777"/>
<cim:Terminal.ConnectivityNode rdf:resource="#9288674231724214"/>
</cim:Terminal>
<cim:Terminal rdf:ID="30200003_39908801">
<cim:Terminal.ConductingEquipment rdf:resource="#30200003_399088"/>
<cim:Terminal.ConnectivityNode rdf:resource="#9288674231724214"/>
</cim:Terminal>
<cim:Terminal rdf:ID="30200003_39909701">
<cim:Terminal.ConductingEquipment rdf:resource="#30200003_399097"/>
<cim:Terminal.ConnectivityNode rdf:resource="#9288674231724214"/>
</cim:Terminal>
<cim:Terminal rdf:ID="11100000_212497_1">
<cim:Terminal.ConductingEquipment rdf:resource="#11100000_212497"/>
<cim:Terminal.ConnectivityNode rdf:resource="#9288674231470463"/>
</cim:Terminal>
<cim:Terminal rdf:ID="11100000_212497_2">
<cim:Terminal.ConductingEquipment rdf:resource="#11100000_212497"/>
<cim:Terminal.ConnectivityNode rdf:resource="#9288674231510594"/>
</cim:Terminal>
<cim:Terminal rdf:ID="14000000_6164229_1">
<cim:Terminal.ConductingEquipment rdf:resource="#14000000_6164229"/>
<cim:Terminal.ConnectivityNode rdf:resource="#9288674231593851"/>
</cim:Terminal>
<cim:Terminal rdf:ID="14000000_6164229_2">
<cim:Terminal.ConductingEquipment rdf:resource="#14000000_6164229"/>
<cim:Terminal.ConnectivityNode rdf:resource="#9288674231787081"/>
</cim:Terminal>
<cim:Terminal rdf:ID="10200001_6182195_1">
<cim:Terminal.ConductingEquipment rdf:resource="#10200001_6182195"/>
<cim:Terminal.ConnectivityNode rdf:resource="#9288674231787078"/>
</cim:Terminal>
<cim:Terminal rdf:ID="10200001_6228684_1">
<cim:Terminal.ConductingEquipment rdf:resource="#10200001_6228684"/>
<cim:Terminal.ConnectivityNode rdf:resource="#9288674231787077"/>
</cim:Terminal>
<cim:Terminal rdf:ID="32000000_2380970_1">
<cim:Terminal.ConductingEquipment rdf:resource="#32000000_2380970"/>
<cim:Terminal.ConnectivityNode rdf:resource="#9288674231886669"/>
</cim:Terminal>
<cim:Terminal rdf:ID="20200000_388590_1">
<cim:Terminal.ConductingEquipment rdf:resource="#20200000_388590"/>
<cim:Terminal.ConnectivityNode rdf:resource="#9288674231787080"/>
</cim:Terminal>
<cim:Terminal rdf:ID="20200000_390420_1">
<cim:Terminal.ConductingEquipment rdf:resource="#20200000_390420"/>
<cim:Terminal.ConnectivityNode rdf:resource="#9288674231886671"/>
</cim:Terminal>
<cim:Terminal rdf:ID="20200000_554294_1">
<cim:Terminal.ConductingEquipment rdf:resource="#20200000_554294"/>
<cim:Terminal.ConnectivityNode rdf:resource="#9288674231787079"/>
</cim:Terminal>
<cim:Terminal rdf:ID="20200000_554295_1">
<cim:Terminal.ConductingEquipment rdf:resource="#20200000_554295"/>
<cim:Terminal.ConnectivityNode rdf:resource="#9288674231787081"/>
</cim:Terminal>
<cim:Terminal rdf:ID="114560317266071353_ies_N">
<cim:Terminal.ConductingEquipment rdf:resource="#30500000_1724531"/>
<cim:Terminal.ConnectivityNode rdf:resource="#9288674231457047"/>
</cim:Terminal>
<cim:Terminal rdf:ID="114560317266071353_ies_O">
<cim:Terminal.ConductingEquipment rdf:resource="#30500000_1724531"/>
<cim:Terminal.ConnectivityNode rdf:resource="#9288674231518561"/>
</cim:Terminal>
<cim:Terminal rdf:ID="32000000_4356223_1">
<cim:Terminal.ConductingEquipment rdf:resource="#32000000_4356223"/>
<cim:Terminal.ConnectivityNode rdf:resource="#9288674231593851"/>
</cim:Terminal>
<cim:Terminal rdf:ID="115123267219490705_ies_N">
<cim:Terminal.ConductingEquipment rdf:resource="#30600001_174311"/>
<cim:Terminal.ConnectivityNode rdf:resource="#9288674231572543"/>
</cim:Terminal>
<cim:Terminal rdf:ID="11300000_1248133_1">
<cim:Terminal.ConductingEquipment rdf:resource="#11300000_1248133"/>
<cim:Terminal.ConnectivityNode rdf:resource="#9288674231572544"/>
</cim:Terminal>
<cim:Terminal rdf:ID="11300000_1248133_2">
<cim:Terminal.ConductingEquipment rdf:resource="#11300000_1248133"/>
<cim:Terminal.ConnectivityNode rdf:resource="#9288674231667075"/>
</cim:Terminal>
<cim:Terminal rdf:ID="115404742196199588_ies_N">
<cim:Terminal.ConductingEquipment rdf:resource="#31100000_88813"/>
<cim:Terminal.ConnectivityNode rdf:resource="#9288674231454821"/>
</cim:Terminal>
<cim:Terminal rdf:ID="114841792242780228_ies_N">
<cim:Terminal.ConductingEquipment rdf:resource="#114841792242780228"/>
<cim:Terminal.ConnectivityNode rdf:resource="#9288674231510593"/>
</cim:Terminal>
<cim:Terminal rdf:ID="114841792242780228_ies_O">
<cim:Terminal.ConductingEquipment rdf:resource="#114841792242780228"/>
<cim:Terminal.ConnectivityNode rdf:resource="#9288674231572543"/>
</cim:Terminal>
<cim:Terminal rdf:ID="114841792242784503_ies_N">
<cim:Terminal.ConductingEquipment rdf:resource="#114841792242784503"/>
<cim:Terminal.ConnectivityNode rdf:resource="#9288674231518561"/>
</cim:Terminal>
<cim:Terminal rdf:ID="114841792242784503_ies_O">
<cim:Terminal.ConductingEquipment rdf:resource="#114841792242784503"/>
<cim:Terminal.ConnectivityNode rdf:resource="#9288674231593851"/>
</cim:Terminal>
<cim:Terminal rdf:ID="115123267219497141_ies_N">
<cim:Terminal.ConductingEquipment rdf:resource="#30600001_2507557"/>
<cim:Terminal.ConnectivityNode rdf:resource="#9288674231593851"/>
</cim:Terminal>
<cim:Terminal rdf:ID="115404742196199587_ies_N">
<cim:Terminal.ConductingEquipment rdf:resource="#31100000_877163"/>
<cim:Terminal.ConnectivityNode rdf:resource="#9288674231457047"/>
</cim:Terminal>
</rdf:RDF>
