<?xml version="1.0" encoding="UTF-8"?>

<rdf:RDF xmlns:rdf="http://www.w3.org/1999/02/22-rdf-syntax-ns#" xmlns:cim="http://www.sgcc.com.cn/SG-CIM/2010MAY#" xmlns:iescim="http://www.ieslab.com.cn">

<cim:BaseVoltage rdf:ID="BaseVoltage_5">
<cim:IdentifiedObject.name>10kV</cim:IdentifiedObject.name>
<cim:BaseVoltage.isDC>false</cim:BaseVoltage.isDC>
<cim:BaseVoltage.nominalVoltage>10.00</cim:BaseVoltage.nominalVoltage>
<iescim:PowerSystemResource.DeviceID>5</iescim:PowerSystemResource.DeviceID>
</cim:BaseVoltage>
<cim:SubGeographicalRegion rdf:ID="8a0f688f46db11f00146db13698810a2">
<cim:IdentifiedObject.name>国网古田县供电公司</cim:IdentifiedObject.name>
<cim:SubGeographicalRegion.Region rdf:resource="#_"/>
</cim:SubGeographicalRegion>
<cim:Circuit rdf:ID="10000100_1538883069">
<cim:IdentifiedObject.name>盛养线914线路</cim:IdentifiedObject.name>
<cim:Circuit.BelongtoHVSubstation rdf:resource="#30000000_5288671"/>
<cim:PowerSystemResource.SubGeographicalRegion rdf:resource="#8a0f688f46db11f00146db13698810a2"/>
<cim:iscurrentfeeder>1</cim:iscurrentfeeder>
</cim:Circuit>
<cim:Substation rdf:ID="30000000_5288671">
<cim:IdentifiedObject.name>溪头变电站</cim:IdentifiedObject.name>
<iescim:PowerSystemResource.DeviceType>13</iescim:PowerSystemResource.DeviceType>
<iescim:PowerSystemResource.SubType>1</iescim:PowerSystemResource.SubType>
<cim:PowerSystemResource.PSRType rdf:resource="#30000000"/>
<iescim:PowerSystemResource.DeviceID>3659174697318173</iescim:PowerSystemResource.DeviceID>
<cim:PowerSystemResource.SubGeographicalRegion rdf:resource="#8a0f688f46db11f00146db13698810a2"/>
</cim:Substation>
<cim:Substation rdf:ID="30000006_3937498">
<cim:IdentifiedObject.name>盛养（福建）生物科技有限公司配电室</cim:IdentifiedObject.name>
<iescim:PowerSystemResource.DeviceType>153</iescim:PowerSystemResource.DeviceType>
<iescim:PowerSystemResource.SubType>18</iescim:PowerSystemResource.SubType>
<cim:PowerSystemResource.PSRType rdf:resource="#30000006"/>
<iescim:PowerSystemResource.DeviceID>43065671436792561</iescim:PowerSystemResource.DeviceID>
<cim:PowerSystemResource.SubGeographicalRegion rdf:resource="#8a0f688f46db11f00146db13698810a2"/>
</cim:Substation>
<cim:Substation rdf:ID="30000006_1539256109">
<cim:IdentifiedObject.name>盛养#1环网柜</cim:IdentifiedObject.name>
<iescim:PowerSystemResource.DeviceType>153</iescim:PowerSystemResource.DeviceType>
<iescim:PowerSystemResource.SubType>18</iescim:PowerSystemResource.SubType>
<cim:PowerSystemResource.PSRType rdf:resource="#30000006"/>
<iescim:PowerSystemResource.DeviceID>43065671436823930</iescim:PowerSystemResource.DeviceID>
<cim:PowerSystemResource.SubGeographicalRegion rdf:resource="#8a0f688f46db11f00146db13698810a2"/>
</cim:Substation>
<cim:Substation rdf:ID="30000006_1539256110">
<cim:IdentifiedObject.name>盛养2期配电房</cim:IdentifiedObject.name>
<iescim:PowerSystemResource.DeviceType>153</iescim:PowerSystemResource.DeviceType>
<iescim:PowerSystemResource.SubType>18</iescim:PowerSystemResource.SubType>
<cim:PowerSystemResource.PSRType rdf:resource="#30000006"/>
<iescim:PowerSystemResource.DeviceID>43065671436823931</iescim:PowerSystemResource.DeviceID>
<cim:PowerSystemResource.SubGeographicalRegion rdf:resource="#8a0f688f46db11f00146db13698810a2"/>
</cim:Substation>
<cim:Breaker rdf:ID="30700099_1283150">
<cim:IdentifiedObject.name>901手车开关</cim:IdentifiedObject.name>
<cim:IdentifiedObject.bianhao>901手车开关</cim:IdentifiedObject.bianhao>
<cim:Equipment.EquipmentContainer rdf:resource="#30000006_3937498"/>
<cim:PowerSystemResource.Circuit rdf:resource="#10000100_1538883069" />
<cim:ConductingEquipment.BaseVoltage rdf:resource="#BaseVoltage_5"/>
<iescim:PowerSystemResource.SubType>7</iescim:PowerSystemResource.SubType>
<iescim:PowerSystemResource.DeviceID>4503599627421502</iescim:PowerSystemResource.DeviceID>
<iescim:PowerSystemResource.DeviceType>16</iescim:PowerSystemResource.DeviceType>
<iescim:PowerSystemResource.Cxmc></iescim:PowerSystemResource.Cxmc>
</cim:Breaker>
<cim:Breaker rdf:ID="30700099_1283151">
<cim:IdentifiedObject.name>902手车开关</cim:IdentifiedObject.name>
<cim:IdentifiedObject.bianhao>902手车开关</cim:IdentifiedObject.bianhao>
<cim:Equipment.EquipmentContainer rdf:resource="#30000006_3937498"/>
<cim:PowerSystemResource.Circuit rdf:resource="#10000100_1538883069" />
<cim:ConductingEquipment.BaseVoltage rdf:resource="#BaseVoltage_5"/>
<iescim:PowerSystemResource.SubType>7</iescim:PowerSystemResource.SubType>
<iescim:PowerSystemResource.DeviceID>4503599627421503</iescim:PowerSystemResource.DeviceID>
<iescim:PowerSystemResource.DeviceType>16</iescim:PowerSystemResource.DeviceType>
<iescim:PowerSystemResource.Cxmc></iescim:PowerSystemResource.Cxmc>
</cim:Breaker>
<cim:Breaker rdf:ID="30700099_1283152">
<cim:IdentifiedObject.name>903手车开关</cim:IdentifiedObject.name>
<cim:IdentifiedObject.bianhao>903手车开关</cim:IdentifiedObject.bianhao>
<cim:Equipment.EquipmentContainer rdf:resource="#30000006_3937498"/>
<cim:PowerSystemResource.Circuit rdf:resource="#10000100_1538883069" />
<cim:ConductingEquipment.BaseVoltage rdf:resource="#BaseVoltage_5"/>
<iescim:PowerSystemResource.SubType>7</iescim:PowerSystemResource.SubType>
<iescim:PowerSystemResource.DeviceID>4503599627421504</iescim:PowerSystemResource.DeviceID>
<iescim:PowerSystemResource.DeviceType>16</iescim:PowerSystemResource.DeviceType>
<iescim:PowerSystemResource.Cxmc></iescim:PowerSystemResource.Cxmc>
</cim:Breaker>
<cim:Breaker rdf:ID="30700099_1283153">
<cim:IdentifiedObject.name>904手车开关</cim:IdentifiedObject.name>
<cim:IdentifiedObject.bianhao>904手车开关</cim:IdentifiedObject.bianhao>
<cim:Equipment.EquipmentContainer rdf:resource="#30000006_3937498"/>
<cim:PowerSystemResource.Circuit rdf:resource="#10000100_1538883069" />
<cim:ConductingEquipment.BaseVoltage rdf:resource="#BaseVoltage_5"/>
<iescim:PowerSystemResource.SubType>7</iescim:PowerSystemResource.SubType>
<iescim:PowerSystemResource.DeviceID>4503599627421505</iescim:PowerSystemResource.DeviceID>
<iescim:PowerSystemResource.DeviceType>16</iescim:PowerSystemResource.DeviceType>
<iescim:PowerSystemResource.Cxmc></iescim:PowerSystemResource.Cxmc>
</cim:Breaker>
<cim:Breaker rdf:ID="30700099_1283154">
<cim:IdentifiedObject.name>905手车开关</cim:IdentifiedObject.name>
<cim:IdentifiedObject.bianhao>905手车开关</cim:IdentifiedObject.bianhao>
<cim:Equipment.EquipmentContainer rdf:resource="#30000006_3937498"/>
<cim:PowerSystemResource.Circuit rdf:resource="#10000100_1538883069" />
<cim:ConductingEquipment.BaseVoltage rdf:resource="#BaseVoltage_5"/>
<iescim:PowerSystemResource.SubType>7</iescim:PowerSystemResource.SubType>
<iescim:PowerSystemResource.DeviceID>4503599627421506</iescim:PowerSystemResource.DeviceID>
<iescim:PowerSystemResource.DeviceType>16</iescim:PowerSystemResource.DeviceType>
<iescim:PowerSystemResource.Cxmc></iescim:PowerSystemResource.Cxmc>
</cim:Breaker>
<cim:Breaker rdf:ID="30500000_2202622">
<cim:IdentifiedObject.name>溪头变电站.10kV.盛养线间隔.914开关</cim:IdentifiedObject.name>
<cim:IdentifiedObject.bianhao>_</cim:IdentifiedObject.bianhao>
<cim:Equipment.EquipmentContainer rdf:resource="#30000000_5288671"/>
<cim:PowerSystemResource.Circuit rdf:resource="#10000100_1538883069" />
<cim:ConductingEquipment.BaseVoltage rdf:resource="#BaseVoltage_5"/>
<iescim:PowerSystemResource.SubType>1</iescim:PowerSystemResource.SubType>
<iescim:PowerSystemResource.DeviceID>4503599627484096</iescim:PowerSystemResource.DeviceID>
<iescim:PowerSystemResource.DeviceType>16</iescim:PowerSystemResource.DeviceType>
<iescim:PowerSystemResource.Cxmc></iescim:PowerSystemResource.Cxmc>
</cim:Breaker>
<cim:Breaker rdf:ID="30700099_1521123535">
<cim:IdentifiedObject.name>盛养（福建）生物科技有限公司配电室10kV906负荷开关</cim:IdentifiedObject.name>
<cim:IdentifiedObject.bianhao>906</cim:IdentifiedObject.bianhao>
<cim:Equipment.EquipmentContainer rdf:resource="#30000006_3937498"/>
<cim:PowerSystemResource.Circuit rdf:resource="#10000100_1538883069" />
<cim:ConductingEquipment.BaseVoltage rdf:resource="#BaseVoltage_5"/>
<iescim:PowerSystemResource.SubType>7</iescim:PowerSystemResource.SubType>
<iescim:PowerSystemResource.DeviceID>4503599627602511</iescim:PowerSystemResource.DeviceID>
<iescim:PowerSystemResource.DeviceType>16</iescim:PowerSystemResource.DeviceType>
<iescim:PowerSystemResource.Cxmc></iescim:PowerSystemResource.Cxmc>
</cim:Breaker>
<cim:Breaker rdf:ID="30500000_1539253801">
<cim:IdentifiedObject.name>盛养2期配电房10kV901开关</cim:IdentifiedObject.name>
<cim:IdentifiedObject.bianhao>901</cim:IdentifiedObject.bianhao>
<cim:Equipment.EquipmentContainer rdf:resource="#30000006_1539256110"/>
<cim:PowerSystemResource.Circuit rdf:resource="#10000100_1538883069" />
<cim:ConductingEquipment.BaseVoltage rdf:resource="#BaseVoltage_5"/>
<iescim:PowerSystemResource.SubType>5</iescim:PowerSystemResource.SubType>
<iescim:PowerSystemResource.DeviceID>4503599627625527</iescim:PowerSystemResource.DeviceID>
<iescim:PowerSystemResource.DeviceType>16</iescim:PowerSystemResource.DeviceType>
<iescim:PowerSystemResource.Cxmc></iescim:PowerSystemResource.Cxmc>
</cim:Breaker>
<cim:Breaker rdf:ID="30500000_1539253802">
<cim:IdentifiedObject.name>盛养2期配电房10kV902开关</cim:IdentifiedObject.name>
<cim:IdentifiedObject.bianhao>902</cim:IdentifiedObject.bianhao>
<cim:Equipment.EquipmentContainer rdf:resource="#30000006_1539256110"/>
<cim:PowerSystemResource.Circuit rdf:resource="#10000100_1538883069" />
<cim:ConductingEquipment.BaseVoltage rdf:resource="#BaseVoltage_5"/>
<iescim:PowerSystemResource.SubType>5</iescim:PowerSystemResource.SubType>
<iescim:PowerSystemResource.DeviceID>4503599627625528</iescim:PowerSystemResource.DeviceID>
<iescim:PowerSystemResource.DeviceType>16</iescim:PowerSystemResource.DeviceType>
<iescim:PowerSystemResource.Cxmc></iescim:PowerSystemResource.Cxmc>
</cim:Breaker>
<cim:Breaker rdf:ID="30500000_1539253803">
<cim:IdentifiedObject.name>盛养2期配电房10kV903开关</cim:IdentifiedObject.name>
<cim:IdentifiedObject.bianhao>903</cim:IdentifiedObject.bianhao>
<cim:Equipment.EquipmentContainer rdf:resource="#30000006_1539256110"/>
<cim:PowerSystemResource.Circuit rdf:resource="#10000100_1538883069" />
<cim:ConductingEquipment.BaseVoltage rdf:resource="#BaseVoltage_5"/>
<iescim:PowerSystemResource.SubType>5</iescim:PowerSystemResource.SubType>
<iescim:PowerSystemResource.DeviceID>4503599627625529</iescim:PowerSystemResource.DeviceID>
<iescim:PowerSystemResource.DeviceType>16</iescim:PowerSystemResource.DeviceType>
<iescim:PowerSystemResource.Cxmc></iescim:PowerSystemResource.Cxmc>
</cim:Breaker>
<cim:Breaker rdf:ID="30500000_1539253804">
<cim:IdentifiedObject.name>盛养2期配电房10kV904开关</cim:IdentifiedObject.name>
<cim:IdentifiedObject.bianhao>904</cim:IdentifiedObject.bianhao>
<cim:Equipment.EquipmentContainer rdf:resource="#30000006_1539256110"/>
<cim:PowerSystemResource.Circuit rdf:resource="#10000100_1538883069" />
<cim:ConductingEquipment.BaseVoltage rdf:resource="#BaseVoltage_5"/>
<iescim:PowerSystemResource.SubType>5</iescim:PowerSystemResource.SubType>
<iescim:PowerSystemResource.DeviceID>4503599627625530</iescim:PowerSystemResource.DeviceID>
<iescim:PowerSystemResource.DeviceType>16</iescim:PowerSystemResource.DeviceType>
<iescim:PowerSystemResource.Cxmc></iescim:PowerSystemResource.Cxmc>
</cim:Breaker>
<cim:Breaker rdf:ID="30500000_1539259955">
<cim:IdentifiedObject.name>盛养#1环网柜10kV901开关</cim:IdentifiedObject.name>
<cim:IdentifiedObject.bianhao>901</cim:IdentifiedObject.bianhao>
<cim:Equipment.EquipmentContainer rdf:resource="#30000006_1539256109"/>
<cim:PowerSystemResource.Circuit rdf:resource="#10000100_1538883069" />
<cim:ConductingEquipment.BaseVoltage rdf:resource="#BaseVoltage_5"/>
<iescim:PowerSystemResource.SubType>5</iescim:PowerSystemResource.SubType>
<iescim:PowerSystemResource.DeviceID>4503599627625531</iescim:PowerSystemResource.DeviceID>
<iescim:PowerSystemResource.DeviceType>16</iescim:PowerSystemResource.DeviceType>
<iescim:PowerSystemResource.Cxmc></iescim:PowerSystemResource.Cxmc>
</cim:Breaker>
<cim:Breaker rdf:ID="30500000_1539259956">
<cim:IdentifiedObject.name>盛养#1环网柜10kV902开关</cim:IdentifiedObject.name>
<cim:IdentifiedObject.bianhao>902</cim:IdentifiedObject.bianhao>
<cim:Equipment.EquipmentContainer rdf:resource="#30000006_1539256109"/>
<cim:PowerSystemResource.Circuit rdf:resource="#10000100_1538883069" />
<cim:ConductingEquipment.BaseVoltage rdf:resource="#BaseVoltage_5"/>
<iescim:PowerSystemResource.SubType>5</iescim:PowerSystemResource.SubType>
<iescim:PowerSystemResource.DeviceID>4503599627625532</iescim:PowerSystemResource.DeviceID>
<iescim:PowerSystemResource.DeviceType>16</iescim:PowerSystemResource.DeviceType>
<iescim:PowerSystemResource.Cxmc></iescim:PowerSystemResource.Cxmc>
</cim:Breaker>
<cim:Breaker rdf:ID="30500000_1539259957">
<cim:IdentifiedObject.name>盛养#1环网柜10kV903开关</cim:IdentifiedObject.name>
<cim:IdentifiedObject.bianhao>903</cim:IdentifiedObject.bianhao>
<cim:Equipment.EquipmentContainer rdf:resource="#30000006_1539256109"/>
<cim:PowerSystemResource.Circuit rdf:resource="#10000100_1538883069" />
<cim:ConductingEquipment.BaseVoltage rdf:resource="#BaseVoltage_5"/>
<iescim:PowerSystemResource.SubType>5</iescim:PowerSystemResource.SubType>
<iescim:PowerSystemResource.DeviceID>4503599627625533</iescim:PowerSystemResource.DeviceID>
<iescim:PowerSystemResource.DeviceType>16</iescim:PowerSystemResource.DeviceType>
<iescim:PowerSystemResource.Cxmc></iescim:PowerSystemResource.Cxmc>
</cim:Breaker>
<cim:Disconnector rdf:ID="30600001_3063889">
<cim:IdentifiedObject.name>9056地刀</cim:IdentifiedObject.name>
<cim:IdentifiedObject.bianhao>9056地刀</cim:IdentifiedObject.bianhao>
<cim:Equipment.EquipmentContainer rdf:resource="#30000006_3937498"/>
<cim:PowerSystemResource.Circuit rdf:resource="#10000100_1538883069" />
<cim:ConductingEquipment.BaseVoltage rdf:resource="#BaseVoltage_5"/>
<iescim:PowerSystemResource.SubType>9</iescim:PowerSystemResource.SubType>
<iescim:PowerSystemResource.DeviceID>4785074604207653</iescim:PowerSystemResource.DeviceID>
<iescim:PowerSystemResource.DeviceType>17</iescim:PowerSystemResource.DeviceType>
<iescim:PowerSystemResource.Cxmc></iescim:PowerSystemResource.Cxmc>
</cim:Disconnector>
<cim:Disconnector rdf:ID="30600001_3063890">
<cim:IdentifiedObject.name>9046地刀</cim:IdentifiedObject.name>
<cim:IdentifiedObject.bianhao>9046地刀</cim:IdentifiedObject.bianhao>
<cim:Equipment.EquipmentContainer rdf:resource="#30000006_3937498"/>
<cim:PowerSystemResource.Circuit rdf:resource="#10000100_1538883069" />
<cim:ConductingEquipment.BaseVoltage rdf:resource="#BaseVoltage_5"/>
<iescim:PowerSystemResource.SubType>9</iescim:PowerSystemResource.SubType>
<iescim:PowerSystemResource.DeviceID>4785074604207654</iescim:PowerSystemResource.DeviceID>
<iescim:PowerSystemResource.DeviceType>17</iescim:PowerSystemResource.DeviceType>
<iescim:PowerSystemResource.Cxmc></iescim:PowerSystemResource.Cxmc>
</cim:Disconnector>
<cim:Disconnector rdf:ID="30600001_3063892">
<cim:IdentifiedObject.name>9036地刀</cim:IdentifiedObject.name>
<cim:IdentifiedObject.bianhao>9036地刀</cim:IdentifiedObject.bianhao>
<cim:Equipment.EquipmentContainer rdf:resource="#30000006_3937498"/>
<cim:PowerSystemResource.Circuit rdf:resource="#10000100_1538883069" />
<cim:ConductingEquipment.BaseVoltage rdf:resource="#BaseVoltage_5"/>
<iescim:PowerSystemResource.SubType>9</iescim:PowerSystemResource.SubType>
<iescim:PowerSystemResource.DeviceID>4785074604207655</iescim:PowerSystemResource.DeviceID>
<iescim:PowerSystemResource.DeviceType>17</iescim:PowerSystemResource.DeviceType>
<iescim:PowerSystemResource.Cxmc></iescim:PowerSystemResource.Cxmc>
</cim:Disconnector>
<cim:Disconnector rdf:ID="30600001_3421400">
<cim:IdentifiedObject.name>溪头变电站.10kV.盛养线间隔.9146接地刀闸</cim:IdentifiedObject.name>
<cim:IdentifiedObject.bianhao>_</cim:IdentifiedObject.bianhao>
<cim:Equipment.EquipmentContainer rdf:resource="#30000000_5288671"/>
<cim:PowerSystemResource.Circuit rdf:resource="#10000100_1538883069" />
<cim:ConductingEquipment.BaseVoltage rdf:resource="#BaseVoltage_5"/>
<iescim:PowerSystemResource.SubType>9</iescim:PowerSystemResource.SubType>
<iescim:PowerSystemResource.DeviceID>4785074604250149</iescim:PowerSystemResource.DeviceID>
<iescim:PowerSystemResource.DeviceType>17</iescim:PowerSystemResource.DeviceType>
<iescim:PowerSystemResource.Cxmc></iescim:PowerSystemResource.Cxmc>
</cim:Disconnector>
<cim:Disconnector rdf:ID="3969017">
<cim:IdentifiedObject.name>溪头变电站.10kV.盛养线间隔.914手车刀闸</cim:IdentifiedObject.name>
<cim:IdentifiedObject.bianhao>_</cim:IdentifiedObject.bianhao>
<cim:Equipment.EquipmentContainer rdf:resource="#30000000_5288671"/>
<cim:PowerSystemResource.Circuit rdf:resource="#10000100_1538883069" />
<cim:ConductingEquipment.BaseVoltage rdf:resource="#BaseVoltage_5"/>
<iescim:PowerSystemResource.SubType>5</iescim:PowerSystemResource.SubType>
<iescim:PowerSystemResource.DeviceID>4785074604250178</iescim:PowerSystemResource.DeviceID>
<iescim:PowerSystemResource.DeviceType>17</iescim:PowerSystemResource.DeviceType>
<iescim:PowerSystemResource.Cxmc></iescim:PowerSystemResource.Cxmc>
</cim:Disconnector>
<cim:Disconnector rdf:ID="30600001_1521126660">
<cim:IdentifiedObject.name>盛养（福建）生物科技有限公司配电室10kV9066接地刀闸</cim:IdentifiedObject.name>
<cim:IdentifiedObject.bianhao>9066</cim:IdentifiedObject.bianhao>
<cim:Equipment.EquipmentContainer rdf:resource="#30000006_3937498"/>
<cim:PowerSystemResource.Circuit rdf:resource="#10000100_1538883069" />
<cim:ConductingEquipment.BaseVoltage rdf:resource="#BaseVoltage_5"/>
<iescim:PowerSystemResource.SubType>9</iescim:PowerSystemResource.SubType>
<iescim:PowerSystemResource.DeviceID>4785074604300251</iescim:PowerSystemResource.DeviceID>
<iescim:PowerSystemResource.DeviceType>17</iescim:PowerSystemResource.DeviceType>
<iescim:PowerSystemResource.Cxmc></iescim:PowerSystemResource.Cxmc>
</cim:Disconnector>
<cim:Disconnector rdf:ID="30600001_1539258462">
<cim:IdentifiedObject.name>盛养2期配电房10kV9026刀闸</cim:IdentifiedObject.name>
<cim:IdentifiedObject.bianhao>9026</cim:IdentifiedObject.bianhao>
<cim:Equipment.EquipmentContainer rdf:resource="#30000006_1539256110"/>
<cim:PowerSystemResource.Circuit rdf:resource="#10000100_1538883069" />
<cim:ConductingEquipment.BaseVoltage rdf:resource="#BaseVoltage_5"/>
<iescim:PowerSystemResource.SubType>9</iescim:PowerSystemResource.SubType>
<iescim:PowerSystemResource.DeviceID>4785074604325547</iescim:PowerSystemResource.DeviceID>
<iescim:PowerSystemResource.DeviceType>17</iescim:PowerSystemResource.DeviceType>
<iescim:PowerSystemResource.Cxmc></iescim:PowerSystemResource.Cxmc>
</cim:Disconnector>
<cim:Disconnector rdf:ID="30600001_1539258463">
<cim:IdentifiedObject.name>盛养2期配电房10kV9036刀闸</cim:IdentifiedObject.name>
<cim:IdentifiedObject.bianhao>9036</cim:IdentifiedObject.bianhao>
<cim:Equipment.EquipmentContainer rdf:resource="#30000006_1539256110"/>
<cim:PowerSystemResource.Circuit rdf:resource="#10000100_1538883069" />
<cim:ConductingEquipment.BaseVoltage rdf:resource="#BaseVoltage_5"/>
<iescim:PowerSystemResource.SubType>9</iescim:PowerSystemResource.SubType>
<iescim:PowerSystemResource.DeviceID>4785074604325548</iescim:PowerSystemResource.DeviceID>
<iescim:PowerSystemResource.DeviceType>17</iescim:PowerSystemResource.DeviceType>
<iescim:PowerSystemResource.Cxmc></iescim:PowerSystemResource.Cxmc>
</cim:Disconnector>
<cim:Disconnector rdf:ID="30600001_1539266223">
<cim:IdentifiedObject.name>盛养#1环网柜10kV9026刀闸</cim:IdentifiedObject.name>
<cim:IdentifiedObject.bianhao>9026</cim:IdentifiedObject.bianhao>
<cim:Equipment.EquipmentContainer rdf:resource="#30000006_1539256109"/>
<cim:PowerSystemResource.Circuit rdf:resource="#10000100_1538883069" />
<cim:ConductingEquipment.BaseVoltage rdf:resource="#BaseVoltage_5"/>
<iescim:PowerSystemResource.SubType>9</iescim:PowerSystemResource.SubType>
<iescim:PowerSystemResource.DeviceID>4785074604325549</iescim:PowerSystemResource.DeviceID>
<iescim:PowerSystemResource.DeviceType>17</iescim:PowerSystemResource.DeviceType>
<iescim:PowerSystemResource.Cxmc></iescim:PowerSystemResource.Cxmc>
</cim:Disconnector>
<cim:Disconnector rdf:ID="30600001_1539266224">
<cim:IdentifiedObject.name>盛养#1环网柜10kV9036刀闸</cim:IdentifiedObject.name>
<cim:IdentifiedObject.bianhao>9036</cim:IdentifiedObject.bianhao>
<cim:Equipment.EquipmentContainer rdf:resource="#30000006_1539256109"/>
<cim:PowerSystemResource.Circuit rdf:resource="#10000100_1538883069" />
<cim:ConductingEquipment.BaseVoltage rdf:resource="#BaseVoltage_5"/>
<iescim:PowerSystemResource.SubType>9</iescim:PowerSystemResource.SubType>
<iescim:PowerSystemResource.DeviceID>4785074604325550</iescim:PowerSystemResource.DeviceID>
<iescim:PowerSystemResource.DeviceType>17</iescim:PowerSystemResource.DeviceType>
<iescim:PowerSystemResource.Cxmc></iescim:PowerSystemResource.Cxmc>
</cim:Disconnector>
<cim:Disconnector rdf:ID="30600001_1539266225">
<cim:IdentifiedObject.name>盛养2期配电房10kV9046刀闸</cim:IdentifiedObject.name>
<cim:IdentifiedObject.bianhao>9046</cim:IdentifiedObject.bianhao>
<cim:Equipment.EquipmentContainer rdf:resource="#30000006_1539256110"/>
<cim:PowerSystemResource.Circuit rdf:resource="#10000100_1538883069" />
<cim:ConductingEquipment.BaseVoltage rdf:resource="#BaseVoltage_5"/>
<iescim:PowerSystemResource.SubType>9</iescim:PowerSystemResource.SubType>
<iescim:PowerSystemResource.DeviceID>4785074604325551</iescim:PowerSystemResource.DeviceID>
<iescim:PowerSystemResource.DeviceType>17</iescim:PowerSystemResource.DeviceType>
<iescim:PowerSystemResource.Cxmc></iescim:PowerSystemResource.Cxmc>
</cim:Disconnector>
<cim:Fuse rdf:ID="30900002_593654">
<cim:IdentifiedObject.name>902手车开关PT连接线熔丝</cim:IdentifiedObject.name>
<cim:IdentifiedObject.bianhao>_</cim:IdentifiedObject.bianhao>
<cim:Equipment.EquipmentContainer rdf:resource="#30000006_3937498"/>
<cim:PowerSystemResource.Circuit rdf:resource="#10000100_1538883069" />
<cim:ConductingEquipment.BaseVoltage rdf:resource="#BaseVoltage_5"/>
<iescim:PowerSystemResource.SubType>1</iescim:PowerSystemResource.SubType>
<iescim:PowerSystemResource.DeviceID>8162774324735528</iescim:PowerSystemResource.DeviceID>
<iescim:PowerSystemResource.DeviceType>29</iescim:PowerSystemResource.DeviceType>
<iescim:PowerSystemResource.Cxmc></iescim:PowerSystemResource.Cxmc>
</cim:Fuse>
<cim:PowerTransformer rdf:ID="30200003_1215137">
<cim:IdentifiedObject.name>盛养(福建)生物科技有限公司Z1300变</cim:IdentifiedObject.name>
<cim:IdentifiedObject.bianhao></cim:IdentifiedObject.bianhao>
<cim:Equipment.EquipmentContainer rdf:resource="#30000006_3937498"/>
<cim:PowerSystemResource.Circuit rdf:resource="#10000100_1538883069" />
<cim:ConductingEquipment.BaseVoltage rdf:resource="#BaseVoltage_5"/>
<iescim:PowerSystemResource.SubType>1</iescim:PowerSystemResource.SubType>
<iescim:PowerSystemResource.DeviceID>12384898975302083</iescim:PowerSystemResource.DeviceID>
<iescim:PowerSystemResource.DeviceType>44</iescim:PowerSystemResource.DeviceType>
<iescim:PowerSystemResource.UserType>4</iescim:PowerSystemResource.UserType>
<iescim:PowerSystemResource.TaiQuHao>_</iescim:PowerSystemResource.TaiQuHao>
</cim:PowerTransformer>
<cim:PowerTransformer rdf:ID="30200002_1392497">
<cim:IdentifiedObject.name>盛养(福建)生物科技有限公司#2变Z1328变</cim:IdentifiedObject.name>
<cim:IdentifiedObject.bianhao></cim:IdentifiedObject.bianhao>
<cim:Equipment.EquipmentContainer rdf:resource="#30000006_3937498"/>
<cim:PowerSystemResource.Circuit rdf:resource="#10000100_1538883069" />
<cim:ConductingEquipment.BaseVoltage rdf:resource="#BaseVoltage_5"/>
<iescim:PowerSystemResource.SubType>1</iescim:PowerSystemResource.SubType>
<iescim:PowerSystemResource.DeviceID>12384898975303461</iescim:PowerSystemResource.DeviceID>
<iescim:PowerSystemResource.DeviceType>44</iescim:PowerSystemResource.DeviceType>
<iescim:PowerSystemResource.UserType>4</iescim:PowerSystemResource.UserType>
<iescim:PowerSystemResource.TaiQuHao>_</iescim:PowerSystemResource.TaiQuHao>
</cim:PowerTransformer>
<cim:PowerTransformer rdf:ID="30200003_1553564">
<cim:IdentifiedObject.name>盛养(福建)生物科技有限公司#3变Z1352变</cim:IdentifiedObject.name>
<cim:IdentifiedObject.bianhao></cim:IdentifiedObject.bianhao>
<cim:Equipment.EquipmentContainer rdf:resource="#30000006_3937498"/>
<cim:PowerSystemResource.Circuit rdf:resource="#10000100_1538883069" />
<cim:ConductingEquipment.BaseVoltage rdf:resource="#BaseVoltage_5"/>
<iescim:PowerSystemResource.SubType>1</iescim:PowerSystemResource.SubType>
<iescim:PowerSystemResource.DeviceID>12384898975305041</iescim:PowerSystemResource.DeviceID>
<iescim:PowerSystemResource.DeviceType>44</iescim:PowerSystemResource.DeviceType>
<iescim:PowerSystemResource.UserType>4</iescim:PowerSystemResource.UserType>
<iescim:PowerSystemResource.TaiQuHao>_</iescim:PowerSystemResource.TaiQuHao>
</cim:PowerTransformer>
<cim:PowerTransformer rdf:ID="30200003_1521121962">
<cim:IdentifiedObject.name>盛养（福建）生物科技有限公司#4变Z1440变</cim:IdentifiedObject.name>
<cim:IdentifiedObject.bianhao></cim:IdentifiedObject.bianhao>
<cim:Equipment.EquipmentContainer rdf:resource="#30000006_3937498"/>
<cim:PowerSystemResource.Circuit rdf:resource="#10000100_1538883069" />
<cim:ConductingEquipment.BaseVoltage rdf:resource="#BaseVoltage_5"/>
<iescim:PowerSystemResource.SubType>1</iescim:PowerSystemResource.SubType>
<iescim:PowerSystemResource.DeviceID>12384898975312113</iescim:PowerSystemResource.DeviceID>
<iescim:PowerSystemResource.DeviceType>44</iescim:PowerSystemResource.DeviceType>
<iescim:PowerSystemResource.UserType>4</iescim:PowerSystemResource.UserType>
<iescim:PowerSystemResource.TaiQuHao>_</iescim:PowerSystemResource.TaiQuHao>
</cim:PowerTransformer>
<cim:PowerTransformer rdf:ID="30200003_1539261120">
<cim:IdentifiedObject.name>盛养2期#1变Z1449变</cim:IdentifiedObject.name>
<cim:IdentifiedObject.bianhao></cim:IdentifiedObject.bianhao>
<cim:Equipment.EquipmentContainer rdf:resource="#30000006_1539256110"/>
<cim:PowerSystemResource.Circuit rdf:resource="#10000100_1538883069" />
<cim:ConductingEquipment.BaseVoltage rdf:resource="#BaseVoltage_5"/>
<iescim:PowerSystemResource.SubType>1</iescim:PowerSystemResource.SubType>
<iescim:PowerSystemResource.DeviceID>12384898975314605</iescim:PowerSystemResource.DeviceID>
<iescim:PowerSystemResource.DeviceType>44</iescim:PowerSystemResource.DeviceType>
<iescim:PowerSystemResource.UserType>4</iescim:PowerSystemResource.UserType>
<iescim:PowerSystemResource.TaiQuHao>_</iescim:PowerSystemResource.TaiQuHao>
</cim:PowerTransformer>
<cim:BusbarSection rdf:ID="31100000_1057791">
<cim:IdentifiedObject.name>10kV盛养(福建)生物科有技有限公司配电室I段母线</cim:IdentifiedObject.name>
<cim:IdentifiedObject.bianhao></cim:IdentifiedObject.bianhao>
<cim:Equipment.EquipmentContainer rdf:resource="#30000006_3937498"/>
<cim:PowerSystemResource.Circuit rdf:resource="#10000100_1538883069" />
<cim:ConductingEquipment.BaseVoltage rdf:resource="#BaseVoltage_5"/>
<iescim:PowerSystemResource.SubType>0</iescim:PowerSystemResource.SubType>
<iescim:PowerSystemResource.DeviceID>5348024557518567</iescim:PowerSystemResource.DeviceID>
<iescim:PowerSystemResource.DeviceType>19</iescim:PowerSystemResource.DeviceType>
</cim:BusbarSection>
<cim:BusbarSection rdf:ID="31100000_1152941">
<cim:IdentifiedObject.name>溪头变电站.10kV.Ⅰ段母线</cim:IdentifiedObject.name>
<cim:IdentifiedObject.bianhao></cim:IdentifiedObject.bianhao>
<cim:Equipment.EquipmentContainer rdf:resource="#30000000_5288671"/>
<cim:PowerSystemResource.Circuit rdf:resource="#_" />
<cim:ConductingEquipment.BaseVoltage rdf:resource="#BaseVoltage_5"/>
<iescim:PowerSystemResource.SubType>0</iescim:PowerSystemResource.SubType>
<iescim:PowerSystemResource.DeviceID>5348024557539564</iescim:PowerSystemResource.DeviceID>
<iescim:PowerSystemResource.DeviceType>19</iescim:PowerSystemResource.DeviceType>
</cim:BusbarSection>
<cim:BusbarSection rdf:ID="31100000_1539241761">
<cim:IdentifiedObject.name>盛养#1环网柜10kVI段母线</cim:IdentifiedObject.name>
<cim:IdentifiedObject.bianhao></cim:IdentifiedObject.bianhao>
<cim:Equipment.EquipmentContainer rdf:resource="#30000006_1539256109"/>
<cim:PowerSystemResource.Circuit rdf:resource="#10000100_1538883069" />
<cim:ConductingEquipment.BaseVoltage rdf:resource="#BaseVoltage_5"/>
<iescim:PowerSystemResource.SubType>0</iescim:PowerSystemResource.SubType>
<iescim:PowerSystemResource.DeviceID>5348024557559070</iescim:PowerSystemResource.DeviceID>
<iescim:PowerSystemResource.DeviceType>19</iescim:PowerSystemResource.DeviceType>
</cim:BusbarSection>
<cim:BusbarSection rdf:ID="31100000_1539241762">
<cim:IdentifiedObject.name>盛养2期配电房10kVI段母线</cim:IdentifiedObject.name>
<cim:IdentifiedObject.bianhao></cim:IdentifiedObject.bianhao>
<cim:Equipment.EquipmentContainer rdf:resource="#30000006_1539256110"/>
<cim:PowerSystemResource.Circuit rdf:resource="#10000100_1538883069" />
<cim:ConductingEquipment.BaseVoltage rdf:resource="#BaseVoltage_5"/>
<iescim:PowerSystemResource.SubType>0</iescim:PowerSystemResource.SubType>
<iescim:PowerSystemResource.DeviceID>5348024557559071</iescim:PowerSystemResource.DeviceID>
<iescim:PowerSystemResource.DeviceType>19</iescim:PowerSystemResource.DeviceType>
</cim:BusbarSection>
<cim:ACLineSegment rdf:ID="36000000_21329905">
<cim:IdentifiedObject.name>站内-连接线</cim:IdentifiedObject.name>
<cim:IdentifiedObject.bianhao></cim:IdentifiedObject.bianhao>
<cim:Equipment.EquipmentContainer rdf:resource="#30000006_3937498"/>
<cim:PowerSystemResource.Circuit rdf:resource="#10000100_1538883069" />
<cim:ConductingEquipment.BaseVoltage rdf:resource="#BaseVoltage_5"/>
<iescim:PowerSystemResource.SubType>3</iescim:PowerSystemResource.SubType>
<iescim:PowerSystemResource.DeviceID>5629499534615882</iescim:PowerSystemResource.DeviceID>
<iescim:PowerSystemResource.DeviceType>20</iescim:PowerSystemResource.DeviceType>
</cim:ACLineSegment>
<cim:ACLineSegment rdf:ID="14000000_7456408">
<cim:IdentifiedObject.name>盛养（福建）生物科技有限公司Z1300变站内外超连接线</cim:IdentifiedObject.name>
<cim:IdentifiedObject.bianhao></cim:IdentifiedObject.bianhao>
<cim:PowerSystemResource.Circuit rdf:resource="#10000100_1538883069" />
<cim:ConductingEquipment.BaseVoltage rdf:resource="#BaseVoltage_5"/>
<iescim:PowerSystemResource.SubType>1</iescim:PowerSystemResource.SubType>
<iescim:PowerSystemResource.DeviceID>5629499534615903</iescim:PowerSystemResource.DeviceID>
<iescim:PowerSystemResource.DeviceType>20</iescim:PowerSystemResource.DeviceType>
</cim:ACLineSegment>
<cim:ACLineSegment rdf:ID="14000000_1539256550">
<cim:IdentifiedObject.name>盛养#1环网柜10kV901开关连接线站内终端头站外-超连接线</cim:IdentifiedObject.name>
<cim:IdentifiedObject.bianhao></cim:IdentifiedObject.bianhao>
<cim:PowerSystemResource.Circuit rdf:resource="#10000100_1538883069" />
<cim:ConductingEquipment.BaseVoltage rdf:resource="#BaseVoltage_5"/>
<iescim:PowerSystemResource.SubType>1</iescim:PowerSystemResource.SubType>
<iescim:PowerSystemResource.DeviceID>5629499537894328</iescim:PowerSystemResource.DeviceID>
<iescim:PowerSystemResource.DeviceType>20</iescim:PowerSystemResource.DeviceType>
</cim:ACLineSegment>
<cim:ACLineSegment rdf:ID="14000000_1539256553">
<cim:IdentifiedObject.name>10kV备用Ⅰ线914开关单元站外-超连接线</cim:IdentifiedObject.name>
<cim:IdentifiedObject.bianhao></cim:IdentifiedObject.bianhao>
<cim:PowerSystemResource.Circuit rdf:resource="#10000100_1538883069" />
<cim:ConductingEquipment.BaseVoltage rdf:resource="#BaseVoltage_5"/>
<iescim:PowerSystemResource.SubType>1</iescim:PowerSystemResource.SubType>
<iescim:PowerSystemResource.DeviceID>5629499537894329</iescim:PowerSystemResource.DeviceID>
<iescim:PowerSystemResource.DeviceType>20</iescim:PowerSystemResource.DeviceType>
</cim:ACLineSegment>
<cim:ACLineSegment rdf:ID="14000000_1539261726">
<cim:IdentifiedObject.name>盛养#1环网柜10kV902开关连接线站内终端头站外-超连接线</cim:IdentifiedObject.name>
<cim:IdentifiedObject.bianhao></cim:IdentifiedObject.bianhao>
<cim:PowerSystemResource.Circuit rdf:resource="#10000100_1538883069" />
<cim:ConductingEquipment.BaseVoltage rdf:resource="#BaseVoltage_5"/>
<iescim:PowerSystemResource.SubType>1</iescim:PowerSystemResource.SubType>
<iescim:PowerSystemResource.DeviceID>5629499537894330</iescim:PowerSystemResource.DeviceID>
<iescim:PowerSystemResource.DeviceType>20</iescim:PowerSystemResource.DeviceType>
</cim:ACLineSegment>
<cim:ACLineSegment rdf:ID="14000000_1539261728">
<cim:IdentifiedObject.name>盛养2期配电房10kV901开关连接线站内终端头站外-超连接线</cim:IdentifiedObject.name>
<cim:IdentifiedObject.bianhao></cim:IdentifiedObject.bianhao>
<cim:PowerSystemResource.Circuit rdf:resource="#10000100_1538883069" />
<cim:ConductingEquipment.BaseVoltage rdf:resource="#BaseVoltage_5"/>
<iescim:PowerSystemResource.SubType>1</iescim:PowerSystemResource.SubType>
<iescim:PowerSystemResource.DeviceID>5629499537894331</iescim:PowerSystemResource.DeviceID>
<iescim:PowerSystemResource.DeviceType>20</iescim:PowerSystemResource.DeviceType>
</cim:ACLineSegment>
<cim:ACLineSegment rdf:ID="14000000_1539261729">
<cim:IdentifiedObject.name>盛养#1环网柜10kV903开关连接线站内终端头站外-超连接线</cim:IdentifiedObject.name>
<cim:IdentifiedObject.bianhao></cim:IdentifiedObject.bianhao>
<cim:PowerSystemResource.Circuit rdf:resource="#10000100_1538883069" />
<cim:ConductingEquipment.BaseVoltage rdf:resource="#BaseVoltage_5"/>
<iescim:PowerSystemResource.SubType>1</iescim:PowerSystemResource.SubType>
<iescim:PowerSystemResource.DeviceID>5629499537894332</iescim:PowerSystemResource.DeviceID>
<iescim:PowerSystemResource.DeviceType>20</iescim:PowerSystemResource.DeviceType>
</cim:ACLineSegment>
<cim:ACLineSegment rdf:ID="20100000_1539257845">
<cim:IdentifiedObject.name>10kV备用Ⅰ线914开关单元站外-超连接线-盛养#1环网柜</cim:IdentifiedObject.name>
<cim:IdentifiedObject.bianhao></cim:IdentifiedObject.bianhao>
<cim:PowerSystemResource.Circuit rdf:resource="#10000100_1538883069" />
<cim:ConductingEquipment.BaseVoltage rdf:resource="#BaseVoltage_5"/>
<iescim:PowerSystemResource.SubType>1</iescim:PowerSystemResource.SubType>
<iescim:PowerSystemResource.DeviceID>5629499537894333</iescim:PowerSystemResource.DeviceID>
<iescim:PowerSystemResource.DeviceType>20</iescim:PowerSystemResource.DeviceType>
</cim:ACLineSegment>
<cim:ACLineSegment rdf:ID="20100000_1539257846">
<cim:IdentifiedObject.name>盛养#1环网柜10kV902开关连接线站内终端头站外-超连接线-盛养2期配电房</cim:IdentifiedObject.name>
<cim:IdentifiedObject.bianhao></cim:IdentifiedObject.bianhao>
<cim:PowerSystemResource.Circuit rdf:resource="#10000100_1538883069" />
<cim:ConductingEquipment.BaseVoltage rdf:resource="#BaseVoltage_5"/>
<iescim:PowerSystemResource.SubType>1</iescim:PowerSystemResource.SubType>
<iescim:PowerSystemResource.DeviceID>5629499537894334</iescim:PowerSystemResource.DeviceID>
<iescim:PowerSystemResource.DeviceType>20</iescim:PowerSystemResource.DeviceType>
</cim:ACLineSegment>
<cim:ACLineSegment rdf:ID="20100000_1539257848">
<cim:IdentifiedObject.name>盛养#1环网柜10kV903开关连接线站内终端头站外-超连接线-盛养（福建）生物科技有限公司配电房</cim:IdentifiedObject.name>
<cim:IdentifiedObject.bianhao></cim:IdentifiedObject.bianhao>
<cim:PowerSystemResource.Circuit rdf:resource="#10000100_1538883069" />
<cim:ConductingEquipment.BaseVoltage rdf:resource="#BaseVoltage_5"/>
<iescim:PowerSystemResource.SubType>1</iescim:PowerSystemResource.SubType>
<iescim:PowerSystemResource.DeviceID>5629499537894335</iescim:PowerSystemResource.DeviceID>
<iescim:PowerSystemResource.DeviceType>20</iescim:PowerSystemResource.DeviceType>
</cim:ACLineSegment>
<cim:ACLineSegment rdf:ID="36000000_1539266379">
<cim:IdentifiedObject.name>盛养#1环网柜10kV901开关连接线</cim:IdentifiedObject.name>
<cim:IdentifiedObject.bianhao></cim:IdentifiedObject.bianhao>
<cim:Equipment.EquipmentContainer rdf:resource="#30000006_1539256109"/>
<cim:PowerSystemResource.Circuit rdf:resource="#10000100_1538883069" />
<cim:ConductingEquipment.BaseVoltage rdf:resource="#BaseVoltage_5"/>
<iescim:PowerSystemResource.SubType>3</iescim:PowerSystemResource.SubType>
<iescim:PowerSystemResource.DeviceID>5629499537894338</iescim:PowerSystemResource.DeviceID>
<iescim:PowerSystemResource.DeviceType>20</iescim:PowerSystemResource.DeviceType>
</cim:ACLineSegment>
<cim:ACLineSegment rdf:ID="36000000_1539266383">
<cim:IdentifiedObject.name>盛养#1环网柜10kV902开关连接线</cim:IdentifiedObject.name>
<cim:IdentifiedObject.bianhao></cim:IdentifiedObject.bianhao>
<cim:Equipment.EquipmentContainer rdf:resource="#30000006_1539256109"/>
<cim:PowerSystemResource.Circuit rdf:resource="#10000100_1538883069" />
<cim:ConductingEquipment.BaseVoltage rdf:resource="#BaseVoltage_5"/>
<iescim:PowerSystemResource.SubType>3</iescim:PowerSystemResource.SubType>
<iescim:PowerSystemResource.DeviceID>5629499537894339</iescim:PowerSystemResource.DeviceID>
<iescim:PowerSystemResource.DeviceType>20</iescim:PowerSystemResource.DeviceType>
</cim:ACLineSegment>
<cim:ACLineSegment rdf:ID="36000000_1539266385">
<cim:IdentifiedObject.name>盛养#1环网柜10kV903开关连接线</cim:IdentifiedObject.name>
<cim:IdentifiedObject.bianhao></cim:IdentifiedObject.bianhao>
<cim:Equipment.EquipmentContainer rdf:resource="#30000006_1539256109"/>
<cim:PowerSystemResource.Circuit rdf:resource="#10000100_1538883069" />
<cim:ConductingEquipment.BaseVoltage rdf:resource="#BaseVoltage_5"/>
<iescim:PowerSystemResource.SubType>3</iescim:PowerSystemResource.SubType>
<iescim:PowerSystemResource.DeviceID>5629499537894340</iescim:PowerSystemResource.DeviceID>
<iescim:PowerSystemResource.DeviceType>20</iescim:PowerSystemResource.DeviceType>
</cim:ACLineSegment>
<cim:ACLineSegment rdf:ID="36000000_1539267538">
<cim:IdentifiedObject.name>盛养2期配电房10kV901开关连接线</cim:IdentifiedObject.name>
<cim:IdentifiedObject.bianhao></cim:IdentifiedObject.bianhao>
<cim:Equipment.EquipmentContainer rdf:resource="#30000006_1539256110"/>
<cim:PowerSystemResource.Circuit rdf:resource="#10000100_1538883069" />
<cim:ConductingEquipment.BaseVoltage rdf:resource="#BaseVoltage_5"/>
<iescim:PowerSystemResource.SubType>3</iescim:PowerSystemResource.SubType>
<iescim:PowerSystemResource.DeviceID>5629499537894341</iescim:PowerSystemResource.DeviceID>
<iescim:PowerSystemResource.DeviceType>20</iescim:PowerSystemResource.DeviceType>
</cim:ACLineSegment>
<cim:ConnectivityNode rdf:ID="9288674231457113">
<iescim:PowerSystemResource.SubType>0</iescim:PowerSystemResource.SubType>
<iescim:PowerSystemResource.DeviceID>9288674231457113</iescim:PowerSystemResource.DeviceID>
<iescim:PowerSystemResource.DeviceType>33</iescim:PowerSystemResource.DeviceType>
</cim:ConnectivityNode>
<cim:ConnectivityNode rdf:ID="9288674231485817">
<iescim:PowerSystemResource.SubType>0</iescim:PowerSystemResource.SubType>
<iescim:PowerSystemResource.DeviceID>9288674231485817</iescim:PowerSystemResource.DeviceID>
<iescim:PowerSystemResource.DeviceType>33</iescim:PowerSystemResource.DeviceType>
</cim:ConnectivityNode>
<cim:ConnectivityNode rdf:ID="9288674231530430">
<iescim:PowerSystemResource.SubType>0</iescim:PowerSystemResource.SubType>
<iescim:PowerSystemResource.DeviceID>9288674231530430</iescim:PowerSystemResource.DeviceID>
<iescim:PowerSystemResource.DeviceType>33</iescim:PowerSystemResource.DeviceType>
</cim:ConnectivityNode>
<cim:ConnectivityNode rdf:ID="9288674231755332">
<iescim:PowerSystemResource.SubType>0</iescim:PowerSystemResource.SubType>
<iescim:PowerSystemResource.DeviceID>9288674231755332</iescim:PowerSystemResource.DeviceID>
<iescim:PowerSystemResource.DeviceType>33</iescim:PowerSystemResource.DeviceType>
</cim:ConnectivityNode>
<cim:ConnectivityNode rdf:ID="9288674231915368">
<iescim:PowerSystemResource.SubType>0</iescim:PowerSystemResource.SubType>
<iescim:PowerSystemResource.DeviceID>9288674231915368</iescim:PowerSystemResource.DeviceID>
<iescim:PowerSystemResource.DeviceType>33</iescim:PowerSystemResource.DeviceType>
</cim:ConnectivityNode>
<cim:ConnectivityNode rdf:ID="9288674248829737">
<iescim:PowerSystemResource.SubType>0</iescim:PowerSystemResource.SubType>
<iescim:PowerSystemResource.DeviceID>9288674248829737</iescim:PowerSystemResource.DeviceID>
<iescim:PowerSystemResource.DeviceType>33</iescim:PowerSystemResource.DeviceType>
</cim:ConnectivityNode>
<cim:ConnectivityNode rdf:ID="9288674248829738">
<iescim:PowerSystemResource.SubType>0</iescim:PowerSystemResource.SubType>
<iescim:PowerSystemResource.DeviceID>9288674248829738</iescim:PowerSystemResource.DeviceID>
<iescim:PowerSystemResource.DeviceType>33</iescim:PowerSystemResource.DeviceType>
</cim:ConnectivityNode>
<cim:ConnectivityNode rdf:ID="9288674248829739">
<iescim:PowerSystemResource.SubType>0</iescim:PowerSystemResource.SubType>
<iescim:PowerSystemResource.DeviceID>9288674248829739</iescim:PowerSystemResource.DeviceID>
<iescim:PowerSystemResource.DeviceType>33</iescim:PowerSystemResource.DeviceType>
</cim:ConnectivityNode>
<cim:ConnectivityNode rdf:ID="9288674248829740">
<iescim:PowerSystemResource.SubType>0</iescim:PowerSystemResource.SubType>
<iescim:PowerSystemResource.DeviceID>9288674248829740</iescim:PowerSystemResource.DeviceID>
<iescim:PowerSystemResource.DeviceType>33</iescim:PowerSystemResource.DeviceType>
</cim:ConnectivityNode>
<cim:ConnectivityNode rdf:ID="9288674248829741">
<iescim:PowerSystemResource.SubType>0</iescim:PowerSystemResource.SubType>
<iescim:PowerSystemResource.DeviceID>9288674248829741</iescim:PowerSystemResource.DeviceID>
<iescim:PowerSystemResource.DeviceType>33</iescim:PowerSystemResource.DeviceType>
</cim:ConnectivityNode>
<cim:ConnectivityNode rdf:ID="9288674248829742">
<iescim:PowerSystemResource.SubType>0</iescim:PowerSystemResource.SubType>
<iescim:PowerSystemResource.DeviceID>9288674248829742</iescim:PowerSystemResource.DeviceID>
<iescim:PowerSystemResource.DeviceType>33</iescim:PowerSystemResource.DeviceType>
</cim:ConnectivityNode>
<cim:ConnectivityNode rdf:ID="9288674248829743">
<iescim:PowerSystemResource.SubType>0</iescim:PowerSystemResource.SubType>
<iescim:PowerSystemResource.DeviceID>9288674248829743</iescim:PowerSystemResource.DeviceID>
<iescim:PowerSystemResource.DeviceType>33</iescim:PowerSystemResource.DeviceType>
</cim:ConnectivityNode>
<cim:ConnectivityNode rdf:ID="9288674248829744">
<iescim:PowerSystemResource.SubType>0</iescim:PowerSystemResource.SubType>
<iescim:PowerSystemResource.DeviceID>9288674248829744</iescim:PowerSystemResource.DeviceID>
<iescim:PowerSystemResource.DeviceType>33</iescim:PowerSystemResource.DeviceType>
</cim:ConnectivityNode>
<cim:ConnectivityNode rdf:ID="9288674248829745">
<iescim:PowerSystemResource.SubType>0</iescim:PowerSystemResource.SubType>
<iescim:PowerSystemResource.DeviceID>9288674248829745</iescim:PowerSystemResource.DeviceID>
<iescim:PowerSystemResource.DeviceType>33</iescim:PowerSystemResource.DeviceType>
</cim:ConnectivityNode>
<cim:ConnectivityNode rdf:ID="9288674248829746">
<iescim:PowerSystemResource.SubType>0</iescim:PowerSystemResource.SubType>
<iescim:PowerSystemResource.DeviceID>9288674248829746</iescim:PowerSystemResource.DeviceID>
<iescim:PowerSystemResource.DeviceType>33</iescim:PowerSystemResource.DeviceType>
</cim:ConnectivityNode>
<cim:ConnectivityNode rdf:ID="9288674248829747">
<iescim:PowerSystemResource.SubType>0</iescim:PowerSystemResource.SubType>
<iescim:PowerSystemResource.DeviceID>9288674248829747</iescim:PowerSystemResource.DeviceID>
<iescim:PowerSystemResource.DeviceType>33</iescim:PowerSystemResource.DeviceType>
</cim:ConnectivityNode>
<cim:ConnectivityNode rdf:ID="9288674248829748">
<iescim:PowerSystemResource.SubType>0</iescim:PowerSystemResource.SubType>
<iescim:PowerSystemResource.DeviceID>9288674248829748</iescim:PowerSystemResource.DeviceID>
<iescim:PowerSystemResource.DeviceType>33</iescim:PowerSystemResource.DeviceType>
</cim:ConnectivityNode>
<cim:Terminal rdf:ID="3969015">
<cim:Terminal.ConductingEquipment rdf:resource="#30500000_2202622"/>
<cim:Terminal.ConnectivityNode rdf:resource="#9288674231485817"/>
</cim:Terminal>
<cim:Terminal rdf:ID="3969016">
<cim:Terminal.ConductingEquipment rdf:resource="#30500000_2202622"/>
<cim:Terminal.ConnectivityNode rdf:resource="#9288674231530430"/>
</cim:Terminal>
<cim:Terminal rdf:ID="3969023">
<cim:Terminal.ConductingEquipment rdf:resource="#30600001_3421400"/>
<cim:Terminal.ConnectivityNode rdf:resource="#9288674231530430"/>
</cim:Terminal>
<cim:Terminal rdf:ID="3969019">
<cim:Terminal.ConductingEquipment rdf:resource="#3969017"/>
<cim:Terminal.ConnectivityNode rdf:resource="#9288674231457113"/>
</cim:Terminal>
<cim:Terminal rdf:ID="3969020">
<cim:Terminal.ConductingEquipment rdf:resource="#3969017"/>
<cim:Terminal.ConnectivityNode rdf:resource="#9288674231485817"/>
</cim:Terminal>
<cim:Terminal rdf:ID="30200003_121513701">
<cim:Terminal.ConductingEquipment rdf:resource="#30200003_1215137"/>
<cim:Terminal.ConnectivityNode rdf:resource="#9288674231755332"/>
</cim:Terminal>
<cim:Terminal rdf:ID="20200000_1539260504_1">
<cim:Terminal.ConductingEquipment rdf:resource="#20200000_1539260504"/>
<cim:Terminal.ConnectivityNode rdf:resource="#9288674248829741"/>
</cim:Terminal>
<cim:Terminal rdf:ID="20200000_1539260505_1">
<cim:Terminal.ConductingEquipment rdf:resource="#20200000_1539260505"/>
<cim:Terminal.ConnectivityNode rdf:resource="#9288674248829742"/>
</cim:Terminal>
<cim:Terminal rdf:ID="20200000_1539260506_1">
<cim:Terminal.ConductingEquipment rdf:resource="#20200000_1539260506"/>
<cim:Terminal.ConnectivityNode rdf:resource="#9288674248829743"/>
</cim:Terminal>
<cim:Terminal rdf:ID="20200000_1539260507_1">
<cim:Terminal.ConductingEquipment rdf:resource="#20200000_1539260507"/>
<cim:Terminal.ConnectivityNode rdf:resource="#9288674248829744"/>
</cim:Terminal>
<cim:Terminal rdf:ID="20200000_1539260510_1">
<cim:Terminal.ConductingEquipment rdf:resource="#20200000_1539260510"/>
<cim:Terminal.ConnectivityNode rdf:resource="#9288674248829747"/>
</cim:Terminal>
<cim:Terminal rdf:ID="20200000_1539260511_1">
<cim:Terminal.ConductingEquipment rdf:resource="#20200000_1539260511"/>
<cim:Terminal.ConnectivityNode rdf:resource="#9288674248829748"/>
</cim:Terminal>
<cim:Terminal rdf:ID="32000000_1539266283_1">
<cim:Terminal.ConductingEquipment rdf:resource="#32000000_1539266283"/>
<cim:Terminal.ConnectivityNode rdf:resource="#9288674248829738"/>
</cim:Terminal>
<cim:Terminal rdf:ID="32000000_1539266284_1">
<cim:Terminal.ConductingEquipment rdf:resource="#32000000_1539266284"/>
<cim:Terminal.ConnectivityNode rdf:resource="#9288674248829739"/>
</cim:Terminal>
<cim:Terminal rdf:ID="32000000_1539266285_1">
<cim:Terminal.ConductingEquipment rdf:resource="#32000000_1539266285"/>
<cim:Terminal.ConnectivityNode rdf:resource="#9288674248829740"/>
</cim:Terminal>
<cim:Terminal rdf:ID="32000000_1539266286_1">
<cim:Terminal.ConductingEquipment rdf:resource="#32000000_1539266286"/>
<cim:Terminal.ConnectivityNode rdf:resource="#9288674248829746"/>
</cim:Terminal>
<cim:Terminal rdf:ID="32000000_5391748_1">
<cim:Terminal.ConductingEquipment rdf:resource="#32000000_5391748"/>
<cim:Terminal.ConnectivityNode rdf:resource="#9288674231530430"/>
</cim:Terminal>
<cim:Terminal rdf:ID="30200002_139249701">
<cim:Terminal.ConductingEquipment rdf:resource="#30200002_1392497"/>
<cim:Terminal.ConnectivityNode rdf:resource="#9288674231755332"/>
</cim:Terminal>
<cim:Terminal rdf:ID="30200003_155356401">
<cim:Terminal.ConductingEquipment rdf:resource="#30200003_1553564"/>
<cim:Terminal.ConnectivityNode rdf:resource="#9288674231755332"/>
</cim:Terminal>
<cim:Terminal rdf:ID="14000000_1539256550_1">
<cim:Terminal.ConductingEquipment rdf:resource="#14000000_1539256550"/>
<cim:Terminal.ConnectivityNode rdf:resource="#9288674248829738"/>
</cim:Terminal>
<cim:Terminal rdf:ID="14000000_1539256550_2">
<cim:Terminal.ConductingEquipment rdf:resource="#14000000_1539256550"/>
<cim:Terminal.ConnectivityNode rdf:resource="#9288674248829742"/>
</cim:Terminal>
<cim:Terminal rdf:ID="14000000_1539256553_1">
<cim:Terminal.ConductingEquipment rdf:resource="#14000000_1539256553"/>
<cim:Terminal.ConnectivityNode rdf:resource="#9288674231530430"/>
</cim:Terminal>
<cim:Terminal rdf:ID="14000000_1539256553_2">
<cim:Terminal.ConductingEquipment rdf:resource="#14000000_1539256553"/>
<cim:Terminal.ConnectivityNode rdf:resource="#9288674248829741"/>
</cim:Terminal>
<cim:Terminal rdf:ID="14000000_1539261726_1">
<cim:Terminal.ConductingEquipment rdf:resource="#14000000_1539261726"/>
<cim:Terminal.ConnectivityNode rdf:resource="#9288674248829739"/>
</cim:Terminal>
<cim:Terminal rdf:ID="14000000_1539261726_2">
<cim:Terminal.ConductingEquipment rdf:resource="#14000000_1539261726"/>
<cim:Terminal.ConnectivityNode rdf:resource="#9288674248829743"/>
</cim:Terminal>
<cim:Terminal rdf:ID="14000000_1539261728_1">
<cim:Terminal.ConductingEquipment rdf:resource="#14000000_1539261728"/>
<cim:Terminal.ConnectivityNode rdf:resource="#9288674248829746"/>
</cim:Terminal>
<cim:Terminal rdf:ID="14000000_1539261728_2">
<cim:Terminal.ConductingEquipment rdf:resource="#14000000_1539261728"/>
<cim:Terminal.ConnectivityNode rdf:resource="#9288674248829744"/>
</cim:Terminal>
<cim:Terminal rdf:ID="14000000_1539261729_1">
<cim:Terminal.ConductingEquipment rdf:resource="#14000000_1539261729"/>
<cim:Terminal.ConnectivityNode rdf:resource="#9288674248829740"/>
</cim:Terminal>
<cim:Terminal rdf:ID="14000000_1539261729_2">
<cim:Terminal.ConductingEquipment rdf:resource="#14000000_1539261729"/>
<cim:Terminal.ConnectivityNode rdf:resource="#9288674248829747"/>
</cim:Terminal>
<cim:Terminal rdf:ID="20100000_1539257845_1">
<cim:Terminal.ConductingEquipment rdf:resource="#20100000_1539257845"/>
<cim:Terminal.ConnectivityNode rdf:resource="#9288674248829741"/>
</cim:Terminal>
<cim:Terminal rdf:ID="20100000_1539257845_2">
<cim:Terminal.ConductingEquipment rdf:resource="#20100000_1539257845"/>
<cim:Terminal.ConnectivityNode rdf:resource="#9288674248829742"/>
</cim:Terminal>
<cim:Terminal rdf:ID="20100000_1539257846_1">
<cim:Terminal.ConductingEquipment rdf:resource="#20100000_1539257846"/>
<cim:Terminal.ConnectivityNode rdf:resource="#9288674248829743"/>
</cim:Terminal>
<cim:Terminal rdf:ID="20100000_1539257846_2">
<cim:Terminal.ConductingEquipment rdf:resource="#20100000_1539257846"/>
<cim:Terminal.ConnectivityNode rdf:resource="#9288674248829744"/>
</cim:Terminal>
<cim:Terminal rdf:ID="20100000_1539257848_1">
<cim:Terminal.ConductingEquipment rdf:resource="#20100000_1539257848"/>
<cim:Terminal.ConnectivityNode rdf:resource="#9288674248829747"/>
</cim:Terminal>
<cim:Terminal rdf:ID="20100000_1539257848_2">
<cim:Terminal.ConductingEquipment rdf:resource="#20100000_1539257848"/>
<cim:Terminal.ConnectivityNode rdf:resource="#9288674248829748"/>
</cim:Terminal>
<cim:Terminal rdf:ID="36000000_1539266379_1">
<cim:Terminal.ConductingEquipment rdf:resource="#36000000_1539266379"/>
<cim:Terminal.ConnectivityNode rdf:resource="#9288674248829737"/>
</cim:Terminal>
<cim:Terminal rdf:ID="36000000_1539266379_2">
<cim:Terminal.ConductingEquipment rdf:resource="#36000000_1539266379"/>
<cim:Terminal.ConnectivityNode rdf:resource="#9288674248829738"/>
</cim:Terminal>
<cim:Terminal rdf:ID="36000000_1539266383_1">
<cim:Terminal.ConductingEquipment rdf:resource="#36000000_1539266383"/>
<cim:Terminal.ConnectivityNode rdf:resource="#9288674248829737"/>
</cim:Terminal>
<cim:Terminal rdf:ID="36000000_1539266383_2">
<cim:Terminal.ConductingEquipment rdf:resource="#36000000_1539266383"/>
<cim:Terminal.ConnectivityNode rdf:resource="#9288674248829739"/>
</cim:Terminal>
<cim:Terminal rdf:ID="36000000_1539266385_1">
<cim:Terminal.ConductingEquipment rdf:resource="#36000000_1539266385"/>
<cim:Terminal.ConnectivityNode rdf:resource="#9288674248829737"/>
</cim:Terminal>
<cim:Terminal rdf:ID="36000000_1539266385_2">
<cim:Terminal.ConductingEquipment rdf:resource="#36000000_1539266385"/>
<cim:Terminal.ConnectivityNode rdf:resource="#9288674248829740"/>
</cim:Terminal>
<cim:Terminal rdf:ID="36000000_1539267538_1">
<cim:Terminal.ConductingEquipment rdf:resource="#36000000_1539267538"/>
<cim:Terminal.ConnectivityNode rdf:resource="#9288674248829745"/>
</cim:Terminal>
<cim:Terminal rdf:ID="36000000_1539267538_2">
<cim:Terminal.ConductingEquipment rdf:resource="#36000000_1539267538"/>
<cim:Terminal.ConnectivityNode rdf:resource="#9288674248829746"/>
</cim:Terminal>
<cim:Terminal rdf:ID="3968873">
<cim:Terminal.ConductingEquipment rdf:resource="#31100000_1152941"/>
<cim:Terminal.ConnectivityNode rdf:resource="#9288674231457113"/>
</cim:Terminal>
<cim:Terminal rdf:ID="36000000_21329905_1">
<cim:Terminal.ConductingEquipment rdf:resource="#36000000_21329905"/>
<cim:Terminal.ConnectivityNode rdf:resource="#9288674231755332"/>
</cim:Terminal>
<cim:Terminal rdf:ID="36000000_21329905_2">
<cim:Terminal.ConductingEquipment rdf:resource="#36000000_21329905"/>
<cim:Terminal.ConnectivityNode rdf:resource="#9288674231915368"/>
</cim:Terminal>
<cim:Terminal rdf:ID="14000000_7456408_1">
<cim:Terminal.ConductingEquipment rdf:resource="#14000000_7456408"/>
<cim:Terminal.ConnectivityNode rdf:resource="#9288674248829748"/>
</cim:Terminal>
<cim:Terminal rdf:ID="14000000_7456408_2">
<cim:Terminal.ConductingEquipment rdf:resource="#14000000_7456408"/>
<cim:Terminal.ConnectivityNode rdf:resource="#9288674231915368"/>
</cim:Terminal>
<cim:Terminal rdf:ID="30200003_152112196201">
<cim:Terminal.ConductingEquipment rdf:resource="#30200003_1521121962"/>
<cim:Terminal.ConnectivityNode rdf:resource="#9288674231755332"/>
</cim:Terminal>
<cim:Terminal rdf:ID="30200003_153926112001">
<cim:Terminal.ConductingEquipment rdf:resource="#30200003_1539261120"/>
<cim:Terminal.ConnectivityNode rdf:resource="#9288674248829745"/>
</cim:Terminal>
</rdf:RDF>
