<?xml version="1.0" encoding="UTF-8"?>

<rdf:RDF xmlns:rdf="http://www.w3.org/1999/02/22-rdf-syntax-ns#" xmlns:cim="http://www.sgcc.com.cn/SG-CIM/2010MAY#" xmlns:iescim="http://www.ieslab.com.cn">

<cim:BaseVoltage rdf:ID="BaseVoltage_5">
<cim:IdentifiedObject.name>10kV</cim:IdentifiedObject.name>
<cim:BaseVoltage.isDC>false</cim:BaseVoltage.isDC>
<cim:BaseVoltage.nominalVoltage>10.00</cim:BaseVoltage.nominalVoltage>
<iescim:PowerSystemResource.DeviceID>5</iescim:PowerSystemResource.DeviceID>
</cim:BaseVoltage>
<cim:SubGeographicalRegion rdf:ID="8a0f688f46db11f00146db1363fa0ee0">
<cim:IdentifiedObject.name>城区供电服务中心</cim:IdentifiedObject.name>
<cim:SubGeographicalRegion.Region rdf:resource="#_"/>
</cim:SubGeographicalRegion>
<cim:Circuit rdf:ID="10000100_35130">
<cim:IdentifiedObject.name>10kV阿李甲线911线路</cim:IdentifiedObject.name>
<cim:Circuit.BelongtoHVSubstation rdf:resource="#30000000_3409392"/>
<cim:PowerSystemResource.SubGeographicalRegion rdf:resource="#8a0f688f46db11f00146db1363fa0ee0"/>
<cim:iscurrentfeeder>1</cim:iscurrentfeeder>
</cim:Circuit>
<cim:Circuit rdf:ID="10000100_1504176006">
<cim:IdentifiedObject.name>福宁丙线936线路</cim:IdentifiedObject.name>
<cim:Circuit.BelongtoHVSubstation rdf:resource="#30000000_74172"/>
<cim:PowerSystemResource.SubGeographicalRegion rdf:resource="#8a0f688f46db11f00146db1363fa0ee0"/>
<cim:iscurrentfeeder>0</cim:iscurrentfeeder>
</cim:Circuit>
<cim:Substation rdf:ID="30000000_74172">
<cim:IdentifiedObject.name>增坂变电站</cim:IdentifiedObject.name>
<iescim:PowerSystemResource.DeviceType>13</iescim:PowerSystemResource.DeviceType>
<iescim:PowerSystemResource.SubType>1</iescim:PowerSystemResource.SubType>
<cim:PowerSystemResource.PSRType rdf:resource="#30000000"/>
<iescim:PowerSystemResource.DeviceID>3659174697240991</iescim:PowerSystemResource.DeviceID>
<cim:PowerSystemResource.SubGeographicalRegion rdf:resource="#8a0f688f46db11f00146db1363fa0ee0"/>
</cim:Substation>
<cim:Substation rdf:ID="30000000_3409392">
<cim:IdentifiedObject.name>大厅变电站</cim:IdentifiedObject.name>
<iescim:PowerSystemResource.DeviceType>13</iescim:PowerSystemResource.DeviceType>
<iescim:PowerSystemResource.SubType>1</iescim:PowerSystemResource.SubType>
<cim:PowerSystemResource.PSRType rdf:resource="#30000000"/>
<iescim:PowerSystemResource.DeviceID>3659174697300446</iescim:PowerSystemResource.DeviceID>
<cim:PowerSystemResource.SubGeographicalRegion rdf:resource="#8a0f688f46db11f00146db1363fa0ee0"/>
</cim:Substation>
<cim:Substation rdf:ID="30000006_4638875">
<cim:IdentifiedObject.name>宁德阿李科技有限公司配电室（光伏）</cim:IdentifiedObject.name>
<iescim:PowerSystemResource.DeviceType>153</iescim:PowerSystemResource.DeviceType>
<iescim:PowerSystemResource.SubType>18</iescim:PowerSystemResource.SubType>
<cim:PowerSystemResource.PSRType rdf:resource="#30000006"/>
<iescim:PowerSystemResource.DeviceID>43065671436805045</iescim:PowerSystemResource.DeviceID>
<cim:PowerSystemResource.SubGeographicalRegion rdf:resource="#8a0f688f46db11f00146db1363fa0ee0"/>
</cim:Substation>
<cim:Breaker rdf:ID="30500000_2003071">
<cim:IdentifiedObject.name>大厅变电站.10kV.阿李甲线间隔.911开关</cim:IdentifiedObject.name>
<cim:IdentifiedObject.bianhao>_</cim:IdentifiedObject.bianhao>
<cim:Equipment.EquipmentContainer rdf:resource="#30000000_3409392"/>
<cim:PowerSystemResource.Circuit rdf:resource="#10000100_35130" />
<cim:ConductingEquipment.BaseVoltage rdf:resource="#BaseVoltage_5"/>
<iescim:PowerSystemResource.SubType>1</iescim:PowerSystemResource.SubType>
<iescim:PowerSystemResource.DeviceID>4503599627421148</iescim:PowerSystemResource.DeviceID>
<iescim:PowerSystemResource.DeviceType>16</iescim:PowerSystemResource.DeviceType>
<iescim:PowerSystemResource.Cxmc></iescim:PowerSystemResource.Cxmc>
</cim:Breaker>
<cim:Breaker rdf:ID="30500000_2100101">
<cim:IdentifiedObject.name>10kV宁德阿李科技有限公司配电室阿李科技#5变分支903开关</cim:IdentifiedObject.name>
<cim:IdentifiedObject.bianhao>_</cim:IdentifiedObject.bianhao>
<cim:Equipment.EquipmentContainer rdf:resource="#30000006_4638875"/>
<cim:PowerSystemResource.Circuit rdf:resource="#10000100_35130" />
<cim:ConductingEquipment.BaseVoltage rdf:resource="#BaseVoltage_5"/>
<iescim:PowerSystemResource.SubType>5</iescim:PowerSystemResource.SubType>
<iescim:PowerSystemResource.DeviceID>4503599627466903</iescim:PowerSystemResource.DeviceID>
<iescim:PowerSystemResource.DeviceType>16</iescim:PowerSystemResource.DeviceType>
<iescim:PowerSystemResource.Cxmc></iescim:PowerSystemResource.Cxmc>
</cim:Breaker>
<cim:Breaker rdf:ID="30500000_2100100">
<cim:IdentifiedObject.name>10kV宁德阿李科技有限公司配电室阿李科技#4变分支902开关</cim:IdentifiedObject.name>
<cim:IdentifiedObject.bianhao>_</cim:IdentifiedObject.bianhao>
<cim:Equipment.EquipmentContainer rdf:resource="#30000006_4638875"/>
<cim:PowerSystemResource.Circuit rdf:resource="#10000100_35130" />
<cim:ConductingEquipment.BaseVoltage rdf:resource="#BaseVoltage_5"/>
<iescim:PowerSystemResource.SubType>5</iescim:PowerSystemResource.SubType>
<iescim:PowerSystemResource.DeviceID>4503599627466904</iescim:PowerSystemResource.DeviceID>
<iescim:PowerSystemResource.DeviceType>16</iescim:PowerSystemResource.DeviceType>
<iescim:PowerSystemResource.Cxmc></iescim:PowerSystemResource.Cxmc>
</cim:Breaker>
<cim:Breaker rdf:ID="30500000_2100099">
<cim:IdentifiedObject.name>10kV宁德阿李科技有限公司配电室七都甲线901开关</cim:IdentifiedObject.name>
<cim:IdentifiedObject.bianhao>七都甲线901</cim:IdentifiedObject.bianhao>
<cim:Equipment.EquipmentContainer rdf:resource="#30000006_4638875"/>
<cim:PowerSystemResource.Circuit rdf:resource="#10000100_35130" />
<cim:ConductingEquipment.BaseVoltage rdf:resource="#BaseVoltage_5"/>
<iescim:PowerSystemResource.SubType>5</iescim:PowerSystemResource.SubType>
<iescim:PowerSystemResource.DeviceID>4503599627466905</iescim:PowerSystemResource.DeviceID>
<iescim:PowerSystemResource.DeviceType>16</iescim:PowerSystemResource.DeviceType>
<iescim:PowerSystemResource.Cxmc></iescim:PowerSystemResource.Cxmc>
</cim:Breaker>
<cim:Breaker rdf:ID="30500000_2203684">
<cim:IdentifiedObject.name>10kV宁德阿李科技有限公司配电室宁德阿李科技分支904开关</cim:IdentifiedObject.name>
<cim:IdentifiedObject.bianhao>_</cim:IdentifiedObject.bianhao>
<cim:Equipment.EquipmentContainer rdf:resource="#30000006_4638875"/>
<cim:PowerSystemResource.Circuit rdf:resource="#10000100_35130" />
<cim:ConductingEquipment.BaseVoltage rdf:resource="#BaseVoltage_5"/>
<iescim:PowerSystemResource.SubType>5</iescim:PowerSystemResource.SubType>
<iescim:PowerSystemResource.DeviceID>4503599627488096</iescim:PowerSystemResource.DeviceID>
<iescim:PowerSystemResource.DeviceType>16</iescim:PowerSystemResource.DeviceType>
<iescim:PowerSystemResource.Cxmc></iescim:PowerSystemResource.Cxmc>
</cim:Breaker>
<cim:Breaker rdf:ID="321500001_1527082626">
<cim:IdentifiedObject.name>宁德阿李科技有限公司配电室（光伏）0.4kV43112开关</cim:IdentifiedObject.name>
<cim:IdentifiedObject.bianhao>43112</cim:IdentifiedObject.bianhao>
<cim:Equipment.EquipmentContainer rdf:resource="#30000006_4638875"/>
<cim:PowerSystemResource.Circuit rdf:resource="#10000100_1504176006" />
<cim:ConductingEquipment.BaseVoltage rdf:resource="#BaseVoltage_5"/>
<iescim:PowerSystemResource.SubType>1</iescim:PowerSystemResource.SubType>
<iescim:PowerSystemResource.DeviceID>4503599627608718</iescim:PowerSystemResource.DeviceID>
<iescim:PowerSystemResource.DeviceType>16</iescim:PowerSystemResource.DeviceType>
<iescim:PowerSystemResource.Cxmc></iescim:PowerSystemResource.Cxmc>
</cim:Breaker>
<cim:Breaker rdf:ID="321500001_1527082624">
<cim:IdentifiedObject.name>宁德阿李科技有限公司配电室（光伏）0.4kV431开关</cim:IdentifiedObject.name>
<cim:IdentifiedObject.bianhao>431</cim:IdentifiedObject.bianhao>
<cim:Equipment.EquipmentContainer rdf:resource="#30000006_4638875"/>
<cim:PowerSystemResource.Circuit rdf:resource="#10000100_1504176006" />
<cim:ConductingEquipment.BaseVoltage rdf:resource="#BaseVoltage_5"/>
<iescim:PowerSystemResource.SubType>1</iescim:PowerSystemResource.SubType>
<iescim:PowerSystemResource.DeviceID>4503599627608719</iescim:PowerSystemResource.DeviceID>
<iescim:PowerSystemResource.DeviceType>16</iescim:PowerSystemResource.DeviceType>
<iescim:PowerSystemResource.Cxmc></iescim:PowerSystemResource.Cxmc>
</cim:Breaker>
<cim:Breaker rdf:ID="321500001_1527078644">
<cim:IdentifiedObject.name>宁德阿李科技有限公司配电室（光伏）0.4kV43113开关</cim:IdentifiedObject.name>
<cim:IdentifiedObject.bianhao>43113</cim:IdentifiedObject.bianhao>
<cim:Equipment.EquipmentContainer rdf:resource="#30000006_4638875"/>
<cim:PowerSystemResource.Circuit rdf:resource="#10000100_1504176006" />
<cim:ConductingEquipment.BaseVoltage rdf:resource="#BaseVoltage_5"/>
<iescim:PowerSystemResource.SubType>1</iescim:PowerSystemResource.SubType>
<iescim:PowerSystemResource.DeviceID>4503599627608728</iescim:PowerSystemResource.DeviceID>
<iescim:PowerSystemResource.DeviceType>16</iescim:PowerSystemResource.DeviceType>
<iescim:PowerSystemResource.Cxmc></iescim:PowerSystemResource.Cxmc>
</cim:Breaker>
<cim:Breaker rdf:ID="321500001_1527078643">
<cim:IdentifiedObject.name>宁德阿李科技有限公司配电室（光伏）0.4kV43111开关</cim:IdentifiedObject.name>
<cim:IdentifiedObject.bianhao>43111</cim:IdentifiedObject.bianhao>
<cim:Equipment.EquipmentContainer rdf:resource="#30000006_4638875"/>
<cim:PowerSystemResource.Circuit rdf:resource="#10000100_1504176006" />
<cim:ConductingEquipment.BaseVoltage rdf:resource="#BaseVoltage_5"/>
<iescim:PowerSystemResource.SubType>1</iescim:PowerSystemResource.SubType>
<iescim:PowerSystemResource.DeviceID>4503599627608729</iescim:PowerSystemResource.DeviceID>
<iescim:PowerSystemResource.DeviceType>16</iescim:PowerSystemResource.DeviceType>
<iescim:PowerSystemResource.Cxmc></iescim:PowerSystemResource.Cxmc>
</cim:Breaker>
<cim:Breaker rdf:ID="321500001_1527078642">
<cim:IdentifiedObject.name>宁德阿李科技有限公司配电室（光伏）0.4kV403开关</cim:IdentifiedObject.name>
<cim:IdentifiedObject.bianhao>403</cim:IdentifiedObject.bianhao>
<cim:Equipment.EquipmentContainer rdf:resource="#30000006_4638875"/>
<cim:PowerSystemResource.Circuit rdf:resource="#10000100_1504176006" />
<cim:ConductingEquipment.BaseVoltage rdf:resource="#BaseVoltage_5"/>
<iescim:PowerSystemResource.SubType>1</iescim:PowerSystemResource.SubType>
<iescim:PowerSystemResource.DeviceID>4503599627608730</iescim:PowerSystemResource.DeviceID>
<iescim:PowerSystemResource.DeviceType>16</iescim:PowerSystemResource.DeviceType>
<iescim:PowerSystemResource.Cxmc></iescim:PowerSystemResource.Cxmc>
</cim:Breaker>
<cim:Disconnector rdf:ID="3515944">
<cim:IdentifiedObject.name>大厅变电站.10kV.阿李甲线间隔.911手车刀闸</cim:IdentifiedObject.name>
<cim:IdentifiedObject.bianhao>_</cim:IdentifiedObject.bianhao>
<cim:Equipment.EquipmentContainer rdf:resource="#30000000_3409392"/>
<cim:PowerSystemResource.Circuit rdf:resource="#10000100_35130" />
<cim:ConductingEquipment.BaseVoltage rdf:resource="#BaseVoltage_5"/>
<iescim:PowerSystemResource.SubType>5</iescim:PowerSystemResource.SubType>
<iescim:PowerSystemResource.DeviceID>4785074604192876</iescim:PowerSystemResource.DeviceID>
<iescim:PowerSystemResource.DeviceType>17</iescim:PowerSystemResource.DeviceType>
<iescim:PowerSystemResource.Cxmc></iescim:PowerSystemResource.Cxmc>
</cim:Disconnector>
<cim:Disconnector rdf:ID="30600001_2895800">
<cim:IdentifiedObject.name>大厅变电站.10kV.阿李甲线间隔.9116接地刀闸</cim:IdentifiedObject.name>
<cim:IdentifiedObject.bianhao>_</cim:IdentifiedObject.bianhao>
<cim:Equipment.EquipmentContainer rdf:resource="#30000000_3409392"/>
<cim:PowerSystemResource.Circuit rdf:resource="#10000100_35130" />
<cim:ConductingEquipment.BaseVoltage rdf:resource="#BaseVoltage_5"/>
<iescim:PowerSystemResource.SubType>9</iescim:PowerSystemResource.SubType>
<iescim:PowerSystemResource.DeviceID>4785074604206559</iescim:PowerSystemResource.DeviceID>
<iescim:PowerSystemResource.DeviceType>17</iescim:PowerSystemResource.DeviceType>
<iescim:PowerSystemResource.Cxmc></iescim:PowerSystemResource.Cxmc>
</cim:Disconnector>
<cim:Disconnector rdf:ID="30600001_3227389">
<cim:IdentifiedObject.name>10kV宁德阿李科技有限公司配电室阿李科技#4变分支9026接地刀闸</cim:IdentifiedObject.name>
<cim:IdentifiedObject.bianhao>_</cim:IdentifiedObject.bianhao>
<cim:Equipment.EquipmentContainer rdf:resource="#30000006_4638875"/>
<cim:PowerSystemResource.Circuit rdf:resource="#10000100_35130" />
<cim:ConductingEquipment.BaseVoltage rdf:resource="#BaseVoltage_5"/>
<iescim:PowerSystemResource.SubType>9</iescim:PowerSystemResource.SubType>
<iescim:PowerSystemResource.DeviceID>4785074604235686</iescim:PowerSystemResource.DeviceID>
<iescim:PowerSystemResource.DeviceType>17</iescim:PowerSystemResource.DeviceType>
<iescim:PowerSystemResource.Cxmc></iescim:PowerSystemResource.Cxmc>
</cim:Disconnector>
<cim:Disconnector rdf:ID="30600001_3227381">
<cim:IdentifiedObject.name>10kV宁德阿李科技有限公司配电室阿李科技#5变分支9036接地刀闸</cim:IdentifiedObject.name>
<cim:IdentifiedObject.bianhao>_</cim:IdentifiedObject.bianhao>
<cim:Equipment.EquipmentContainer rdf:resource="#30000006_4638875"/>
<cim:PowerSystemResource.Circuit rdf:resource="#10000100_35130" />
<cim:ConductingEquipment.BaseVoltage rdf:resource="#BaseVoltage_5"/>
<iescim:PowerSystemResource.SubType>9</iescim:PowerSystemResource.SubType>
<iescim:PowerSystemResource.DeviceID>4785074604235687</iescim:PowerSystemResource.DeviceID>
<iescim:PowerSystemResource.DeviceType>17</iescim:PowerSystemResource.DeviceType>
<iescim:PowerSystemResource.Cxmc></iescim:PowerSystemResource.Cxmc>
</cim:Disconnector>
<cim:Disconnector rdf:ID="30600003_3227375">
<cim:IdentifiedObject.name>10kV宁德阿李科技有限公司配电室901进线间隔手车开关</cim:IdentifiedObject.name>
<cim:IdentifiedObject.bianhao>手车开关</cim:IdentifiedObject.bianhao>
<cim:Equipment.EquipmentContainer rdf:resource="#30000006_4638875"/>
<cim:PowerSystemResource.Circuit rdf:resource="#10000100_35130" />
<cim:ConductingEquipment.BaseVoltage rdf:resource="#BaseVoltage_5"/>
<iescim:PowerSystemResource.SubType>3</iescim:PowerSystemResource.SubType>
<iescim:PowerSystemResource.DeviceID>4785074604235688</iescim:PowerSystemResource.DeviceID>
<iescim:PowerSystemResource.DeviceType>17</iescim:PowerSystemResource.DeviceType>
<iescim:PowerSystemResource.Cxmc></iescim:PowerSystemResource.Cxmc>
</cim:Disconnector>
<cim:Disconnector rdf:ID="30600003_3227374">
<cim:IdentifiedObject.name>10kV宁德阿李科技有限公司配电室母联间隔手车开关</cim:IdentifiedObject.name>
<cim:IdentifiedObject.bianhao>手车开关</cim:IdentifiedObject.bianhao>
<cim:Equipment.EquipmentContainer rdf:resource="#30000006_4638875"/>
<cim:PowerSystemResource.Circuit rdf:resource="#10000100_35130" />
<cim:ConductingEquipment.BaseVoltage rdf:resource="#BaseVoltage_5"/>
<iescim:PowerSystemResource.SubType>3</iescim:PowerSystemResource.SubType>
<iescim:PowerSystemResource.DeviceID>4785074604235689</iescim:PowerSystemResource.DeviceID>
<iescim:PowerSystemResource.DeviceType>17</iescim:PowerSystemResource.DeviceType>
<iescim:PowerSystemResource.Cxmc></iescim:PowerSystemResource.Cxmc>
</cim:Disconnector>
<cim:Disconnector rdf:ID="30600003_3227373">
<cim:IdentifiedObject.name>10kV宁德阿李科技有限公司配电室母联间隔手车开关</cim:IdentifiedObject.name>
<cim:IdentifiedObject.bianhao>手车开关</cim:IdentifiedObject.bianhao>
<cim:Equipment.EquipmentContainer rdf:resource="#30000006_4638875"/>
<cim:PowerSystemResource.Circuit rdf:resource="#10000100_35130" />
<cim:ConductingEquipment.BaseVoltage rdf:resource="#BaseVoltage_5"/>
<iescim:PowerSystemResource.SubType>3</iescim:PowerSystemResource.SubType>
<iescim:PowerSystemResource.DeviceID>4785074604235690</iescim:PowerSystemResource.DeviceID>
<iescim:PowerSystemResource.DeviceType>17</iescim:PowerSystemResource.DeviceType>
<iescim:PowerSystemResource.Cxmc></iescim:PowerSystemResource.Cxmc>
</cim:Disconnector>
<cim:Disconnector rdf:ID="30600003_3227372">
<cim:IdentifiedObject.name>10kV宁德阿李科技有限公司配电室母联间隔手车开关</cim:IdentifiedObject.name>
<cim:IdentifiedObject.bianhao>手车开关</cim:IdentifiedObject.bianhao>
<cim:Equipment.EquipmentContainer rdf:resource="#30000006_4638875"/>
<cim:PowerSystemResource.Circuit rdf:resource="#10000100_35130" />
<cim:ConductingEquipment.BaseVoltage rdf:resource="#BaseVoltage_5"/>
<iescim:PowerSystemResource.SubType>7</iescim:PowerSystemResource.SubType>
<iescim:PowerSystemResource.DeviceID>4785074604235691</iescim:PowerSystemResource.DeviceID>
<iescim:PowerSystemResource.DeviceType>17</iescim:PowerSystemResource.DeviceType>
<iescim:PowerSystemResource.Cxmc></iescim:PowerSystemResource.Cxmc>
</cim:Disconnector>
<cim:Disconnector rdf:ID="30600003_3227367">
<cim:IdentifiedObject.name>10kV宁德阿李科技有限公司配电室母联间隔手车开关</cim:IdentifiedObject.name>
<cim:IdentifiedObject.bianhao>手车开关</cim:IdentifiedObject.bianhao>
<cim:Equipment.EquipmentContainer rdf:resource="#30000006_4638875"/>
<cim:PowerSystemResource.Circuit rdf:resource="#10000100_35130" />
<cim:ConductingEquipment.BaseVoltage rdf:resource="#BaseVoltage_5"/>
<iescim:PowerSystemResource.SubType>3</iescim:PowerSystemResource.SubType>
<iescim:PowerSystemResource.DeviceID>4785074604235692</iescim:PowerSystemResource.DeviceID>
<iescim:PowerSystemResource.DeviceType>17</iescim:PowerSystemResource.DeviceType>
<iescim:PowerSystemResource.Cxmc></iescim:PowerSystemResource.Cxmc>
</cim:Disconnector>
<cim:Disconnector rdf:ID="30600001_3423452">
<cim:IdentifiedObject.name>10kV宁德阿李科技有限公司配电室宁德阿李科技分支9046接地刀闸</cim:IdentifiedObject.name>
<cim:IdentifiedObject.bianhao>_</cim:IdentifiedObject.bianhao>
<cim:Equipment.EquipmentContainer rdf:resource="#30000006_4638875"/>
<cim:PowerSystemResource.Circuit rdf:resource="#10000100_35130" />
<cim:ConductingEquipment.BaseVoltage rdf:resource="#BaseVoltage_5"/>
<iescim:PowerSystemResource.SubType>9</iescim:PowerSystemResource.SubType>
<iescim:PowerSystemResource.DeviceID>4785074604253563</iescim:PowerSystemResource.DeviceID>
<iescim:PowerSystemResource.DeviceType>17</iescim:PowerSystemResource.DeviceType>
<iescim:PowerSystemResource.Cxmc></iescim:PowerSystemResource.Cxmc>
</cim:Disconnector>
<cim:Disconnector rdf:ID="321500000_1527078303">
<cim:IdentifiedObject.name>宁德阿李科技有限公司配电室（光伏）0.4kV4311刀闸</cim:IdentifiedObject.name>
<cim:IdentifiedObject.bianhao>4311</cim:IdentifiedObject.bianhao>
<cim:Equipment.EquipmentContainer rdf:resource="#30000006_4638875"/>
<cim:PowerSystemResource.Circuit rdf:resource="#10000100_1504176006" />
<cim:ConductingEquipment.BaseVoltage rdf:resource="#BaseVoltage_5"/>
<iescim:PowerSystemResource.SubType>1</iescim:PowerSystemResource.SubType>
<iescim:PowerSystemResource.DeviceID>4785074604306294</iescim:PowerSystemResource.DeviceID>
<iescim:PowerSystemResource.DeviceType>17</iescim:PowerSystemResource.DeviceType>
<iescim:PowerSystemResource.Cxmc></iescim:PowerSystemResource.Cxmc>
</cim:Disconnector>
<cim:Fuse rdf:ID="30900002_625209">
<cim:IdentifiedObject.name>10kV宁德阿李科技有限公司配电室901进线间隔熔丝</cim:IdentifiedObject.name>
<cim:IdentifiedObject.bianhao>_</cim:IdentifiedObject.bianhao>
<cim:Equipment.EquipmentContainer rdf:resource="#30000006_4638875"/>
<cim:PowerSystemResource.Circuit rdf:resource="#10000100_35130" />
<cim:ConductingEquipment.BaseVoltage rdf:resource="#BaseVoltage_5"/>
<iescim:PowerSystemResource.SubType>1</iescim:PowerSystemResource.SubType>
<iescim:PowerSystemResource.DeviceID>8162774324763555</iescim:PowerSystemResource.DeviceID>
<iescim:PowerSystemResource.DeviceType>29</iescim:PowerSystemResource.DeviceType>
<iescim:PowerSystemResource.Cxmc></iescim:PowerSystemResource.Cxmc>
</cim:Fuse>
<cim:Fuse rdf:ID="30900002_625208">
<cim:IdentifiedObject.name>10kV宁德阿李科技有限公司配电室母联间隔熔丝</cim:IdentifiedObject.name>
<cim:IdentifiedObject.bianhao>_</cim:IdentifiedObject.bianhao>
<cim:Equipment.EquipmentContainer rdf:resource="#30000006_4638875"/>
<cim:PowerSystemResource.Circuit rdf:resource="#10000100_35130" />
<cim:ConductingEquipment.BaseVoltage rdf:resource="#BaseVoltage_5"/>
<iescim:PowerSystemResource.SubType>1</iescim:PowerSystemResource.SubType>
<iescim:PowerSystemResource.DeviceID>8162774324763556</iescim:PowerSystemResource.DeviceID>
<iescim:PowerSystemResource.DeviceType>29</iescim:PowerSystemResource.DeviceType>
<iescim:PowerSystemResource.Cxmc></iescim:PowerSystemResource.Cxmc>
</cim:Fuse>
<cim:Fuse rdf:ID="30900002_625205">
<cim:IdentifiedObject.name>10kV宁德阿李科技有限公司配电室母联间隔熔丝</cim:IdentifiedObject.name>
<cim:IdentifiedObject.bianhao>_</cim:IdentifiedObject.bianhao>
<cim:Equipment.EquipmentContainer rdf:resource="#30000006_4638875"/>
<cim:PowerSystemResource.Circuit rdf:resource="#10000100_35130" />
<cim:ConductingEquipment.BaseVoltage rdf:resource="#BaseVoltage_5"/>
<iescim:PowerSystemResource.SubType>1</iescim:PowerSystemResource.SubType>
<iescim:PowerSystemResource.DeviceID>8162774324763557</iescim:PowerSystemResource.DeviceID>
<iescim:PowerSystemResource.DeviceType>29</iescim:PowerSystemResource.DeviceType>
<iescim:PowerSystemResource.Cxmc></iescim:PowerSystemResource.Cxmc>
</cim:Fuse>
<cim:PowerTransformer rdf:ID="30200003_1365154">
<cim:IdentifiedObject.name>#5变ZA644变</cim:IdentifiedObject.name>
<cim:IdentifiedObject.bianhao></cim:IdentifiedObject.bianhao>
<cim:Equipment.EquipmentContainer rdf:resource="#30000006_4638875"/>
<cim:PowerSystemResource.Circuit rdf:resource="#10000100_35130" />
<cim:ConductingEquipment.BaseVoltage rdf:resource="#BaseVoltage_5"/>
<iescim:PowerSystemResource.SubType>1</iescim:PowerSystemResource.SubType>
<iescim:PowerSystemResource.DeviceID>12384898975303116</iescim:PowerSystemResource.DeviceID>
<iescim:PowerSystemResource.DeviceType>44</iescim:PowerSystemResource.DeviceType>
<iescim:PowerSystemResource.UserType>0</iescim:PowerSystemResource.UserType>
<iescim:PowerSystemResource.TaiQuHao>_</iescim:PowerSystemResource.TaiQuHao>
</cim:PowerTransformer>
<cim:PowerTransformer rdf:ID="30200003_1365152">
<cim:IdentifiedObject.name>宁德阿李科技有限公司#4变ZA643变</cim:IdentifiedObject.name>
<cim:IdentifiedObject.bianhao></cim:IdentifiedObject.bianhao>
<cim:Equipment.EquipmentContainer rdf:resource="#30000006_4638875"/>
<cim:PowerSystemResource.Circuit rdf:resource="#10000100_35130" />
<cim:ConductingEquipment.BaseVoltage rdf:resource="#BaseVoltage_5"/>
<iescim:PowerSystemResource.SubType>1</iescim:PowerSystemResource.SubType>
<iescim:PowerSystemResource.DeviceID>12384898975303117</iescim:PowerSystemResource.DeviceID>
<iescim:PowerSystemResource.DeviceType>44</iescim:PowerSystemResource.DeviceType>
<iescim:PowerSystemResource.UserType>0</iescim:PowerSystemResource.UserType>
<iescim:PowerSystemResource.TaiQuHao>_</iescim:PowerSystemResource.TaiQuHao>
</cim:PowerTransformer>
<cim:PowerTransformer rdf:ID="834700000_1527003243">
<cim:IdentifiedObject.name>宁德阿李科技有限公司配电室（光伏）0.4kV4313开关站内终端头连接线低压站内-逆变器</cim:IdentifiedObject.name>
<cim:IdentifiedObject.bianhao></cim:IdentifiedObject.bianhao>
<cim:Equipment.EquipmentContainer rdf:resource="#30000006_4638875"/>
<cim:PowerSystemResource.Circuit rdf:resource="#10000100_1504176006" />
<cim:ConductingEquipment.BaseVoltage rdf:resource="#BaseVoltage_5"/>
<iescim:PowerSystemResource.SubType>20</iescim:PowerSystemResource.SubType>
<iescim:PowerSystemResource.DeviceID>68679894317438005</iescim:PowerSystemResource.DeviceID>
<iescim:PowerSystemResource.DeviceType>244</iescim:PowerSystemResource.DeviceType>
<iescim:PowerSystemResource.UserType>0</iescim:PowerSystemResource.UserType>
<iescim:PowerSystemResource.TaiQuHao>_</iescim:PowerSystemResource.TaiQuHao>
</cim:PowerTransformer>
<cim:PowerTransformer rdf:ID="834700000_1527003242">
<cim:IdentifiedObject.name>宁德阿李科技有限公司配电室（光伏）0.4kV4312开关站内终端头连接线低压站内-逆变器</cim:IdentifiedObject.name>
<cim:IdentifiedObject.bianhao></cim:IdentifiedObject.bianhao>
<cim:Equipment.EquipmentContainer rdf:resource="#30000006_4638875"/>
<cim:PowerSystemResource.Circuit rdf:resource="#10000100_1504176006" />
<cim:ConductingEquipment.BaseVoltage rdf:resource="#BaseVoltage_5"/>
<iescim:PowerSystemResource.SubType>20</iescim:PowerSystemResource.SubType>
<iescim:PowerSystemResource.DeviceID>68679894317438006</iescim:PowerSystemResource.DeviceID>
<iescim:PowerSystemResource.DeviceType>244</iescim:PowerSystemResource.DeviceType>
<iescim:PowerSystemResource.UserType>0</iescim:PowerSystemResource.UserType>
<iescim:PowerSystemResource.TaiQuHao>_</iescim:PowerSystemResource.TaiQuHao>
</cim:PowerTransformer>
<cim:PowerTransformer rdf:ID="834700000_1527003241">
<cim:IdentifiedObject.name>宁德阿李科技有限公司配电室（光伏）0.4kV4311开关站内终端头连接线低压站内-逆变器</cim:IdentifiedObject.name>
<cim:IdentifiedObject.bianhao></cim:IdentifiedObject.bianhao>
<cim:Equipment.EquipmentContainer rdf:resource="#30000006_4638875"/>
<cim:PowerSystemResource.Circuit rdf:resource="#10000100_1504176006" />
<cim:ConductingEquipment.BaseVoltage rdf:resource="#BaseVoltage_5"/>
<iescim:PowerSystemResource.SubType>20</iescim:PowerSystemResource.SubType>
<iescim:PowerSystemResource.DeviceID>68679894317438007</iescim:PowerSystemResource.DeviceID>
<iescim:PowerSystemResource.DeviceType>244</iescim:PowerSystemResource.DeviceType>
<iescim:PowerSystemResource.UserType>0</iescim:PowerSystemResource.UserType>
<iescim:PowerSystemResource.TaiQuHao>_</iescim:PowerSystemResource.TaiQuHao>
</cim:PowerTransformer>
<cim:BusbarSection rdf:ID="31100000_90318">
<cim:IdentifiedObject.name>增坂变电站.10kV.Ⅰ段母线</cim:IdentifiedObject.name>
<cim:IdentifiedObject.bianhao></cim:IdentifiedObject.bianhao>
<cim:Equipment.EquipmentContainer rdf:resource="#30000000_74172"/>
<cim:PowerSystemResource.Circuit rdf:resource="#_" />
<cim:ConductingEquipment.BaseVoltage rdf:resource="#BaseVoltage_5"/>
<iescim:PowerSystemResource.SubType>0</iescim:PowerSystemResource.SubType>
<iescim:PowerSystemResource.DeviceID>5348024557506658</iescim:PowerSystemResource.DeviceID>
<iescim:PowerSystemResource.DeviceType>19</iescim:PowerSystemResource.DeviceType>
</cim:BusbarSection>
<cim:BusbarSection rdf:ID="31100000_818955">
<cim:IdentifiedObject.name>增坂变电站.10kV.Ⅱ段母线</cim:IdentifiedObject.name>
<cim:IdentifiedObject.bianhao></cim:IdentifiedObject.bianhao>
<cim:Equipment.EquipmentContainer rdf:resource="#30000000_74172"/>
<cim:PowerSystemResource.Circuit rdf:resource="#_" />
<cim:ConductingEquipment.BaseVoltage rdf:resource="#BaseVoltage_5"/>
<iescim:PowerSystemResource.SubType>0</iescim:PowerSystemResource.SubType>
<iescim:PowerSystemResource.DeviceID>5348024557511798</iescim:PowerSystemResource.DeviceID>
<iescim:PowerSystemResource.DeviceType>19</iescim:PowerSystemResource.DeviceType>
</cim:BusbarSection>
<cim:BusbarSection rdf:ID="31100000_818956">
<cim:IdentifiedObject.name>增坂变电站.10kV.Ⅲ段母线</cim:IdentifiedObject.name>
<cim:IdentifiedObject.bianhao></cim:IdentifiedObject.bianhao>
<cim:Equipment.EquipmentContainer rdf:resource="#30000000_74172"/>
<cim:PowerSystemResource.Circuit rdf:resource="#_" />
<cim:ConductingEquipment.BaseVoltage rdf:resource="#BaseVoltage_5"/>
<iescim:PowerSystemResource.SubType>0</iescim:PowerSystemResource.SubType>
<iescim:PowerSystemResource.DeviceID>5348024557512096</iescim:PowerSystemResource.DeviceID>
<iescim:PowerSystemResource.DeviceType>19</iescim:PowerSystemResource.DeviceType>
</cim:BusbarSection>
<cim:BusbarSection rdf:ID="31100000_1009242">
<cim:IdentifiedObject.name>大厅变电站.10kV.Ⅰ段母线</cim:IdentifiedObject.name>
<cim:IdentifiedObject.bianhao></cim:IdentifiedObject.bianhao>
<cim:Equipment.EquipmentContainer rdf:resource="#30000000_3409392"/>
<cim:PowerSystemResource.Circuit rdf:resource="#_" />
<cim:ConductingEquipment.BaseVoltage rdf:resource="#BaseVoltage_5"/>
<iescim:PowerSystemResource.SubType>0</iescim:PowerSystemResource.SubType>
<iescim:PowerSystemResource.DeviceID>5348024557518390</iescim:PowerSystemResource.DeviceID>
<iescim:PowerSystemResource.DeviceType>19</iescim:PowerSystemResource.DeviceType>
</cim:BusbarSection>
<cim:BusbarSection rdf:ID="31100000_1009448">
<cim:IdentifiedObject.name>大厅变电站.10kV.Ⅲ段母线</cim:IdentifiedObject.name>
<cim:IdentifiedObject.bianhao></cim:IdentifiedObject.bianhao>
<cim:Equipment.EquipmentContainer rdf:resource="#30000000_3409392"/>
<cim:PowerSystemResource.Circuit rdf:resource="#_" />
<cim:ConductingEquipment.BaseVoltage rdf:resource="#BaseVoltage_5"/>
<iescim:PowerSystemResource.SubType>0</iescim:PowerSystemResource.SubType>
<iescim:PowerSystemResource.DeviceID>5348024557528663</iescim:PowerSystemResource.DeviceID>
<iescim:PowerSystemResource.DeviceType>19</iescim:PowerSystemResource.DeviceType>
</cim:BusbarSection>
<cim:BusbarSection rdf:ID="31100000_1101352">
<cim:IdentifiedObject.name>10kV宁德阿李科技有限公司配电室II段母线</cim:IdentifiedObject.name>
<cim:IdentifiedObject.bianhao></cim:IdentifiedObject.bianhao>
<cim:Equipment.EquipmentContainer rdf:resource="#30000006_4638875"/>
<cim:PowerSystemResource.Circuit rdf:resource="#10000100_35130" />
<cim:ConductingEquipment.BaseVoltage rdf:resource="#BaseVoltage_5"/>
<iescim:PowerSystemResource.SubType>0</iescim:PowerSystemResource.SubType>
<iescim:PowerSystemResource.DeviceID>5348024557533583</iescim:PowerSystemResource.DeviceID>
<iescim:PowerSystemResource.DeviceType>19</iescim:PowerSystemResource.DeviceType>
</cim:BusbarSection>
<cim:BusbarSection rdf:ID="31100000_1101351">
<cim:IdentifiedObject.name>10kV宁德阿李科技有限公司配电室I段母线</cim:IdentifiedObject.name>
<cim:IdentifiedObject.bianhao></cim:IdentifiedObject.bianhao>
<cim:Equipment.EquipmentContainer rdf:resource="#30000006_4638875"/>
<cim:PowerSystemResource.Circuit rdf:resource="#10000100_35130" />
<cim:ConductingEquipment.BaseVoltage rdf:resource="#BaseVoltage_5"/>
<iescim:PowerSystemResource.SubType>0</iescim:PowerSystemResource.SubType>
<iescim:PowerSystemResource.DeviceID>5348024557533584</iescim:PowerSystemResource.DeviceID>
<iescim:PowerSystemResource.DeviceType>19</iescim:PowerSystemResource.DeviceType>
</cim:BusbarSection>
<cim:BusbarSection rdf:ID="31100000_1009324">
<cim:IdentifiedObject.name>大厅变电站.10kV.Ⅱ段母线</cim:IdentifiedObject.name>
<cim:IdentifiedObject.bianhao></cim:IdentifiedObject.bianhao>
<cim:Equipment.EquipmentContainer rdf:resource="#30000000_3409392"/>
<cim:PowerSystemResource.Circuit rdf:resource="#_" />
<cim:ConductingEquipment.BaseVoltage rdf:resource="#BaseVoltage_5"/>
<iescim:PowerSystemResource.SubType>0</iescim:PowerSystemResource.SubType>
<iescim:PowerSystemResource.DeviceID>5348024557539697</iescim:PowerSystemResource.DeviceID>
<iescim:PowerSystemResource.DeviceType>19</iescim:PowerSystemResource.DeviceType>
</cim:BusbarSection>
<cim:BusbarSection rdf:ID="321700000_1527080383">
<cim:IdentifiedObject.name>宁德阿李科技有限公司配电室（光伏）380V(含400V)I段母线</cim:IdentifiedObject.name>
<cim:IdentifiedObject.bianhao></cim:IdentifiedObject.bianhao>
<cim:Equipment.EquipmentContainer rdf:resource="#30000006_4638875"/>
<cim:PowerSystemResource.Circuit rdf:resource="#10000100_1504176006" />
<cim:ConductingEquipment.BaseVoltage rdf:resource="#BaseVoltage_5"/>
<iescim:PowerSystemResource.SubType>0</iescim:PowerSystemResource.SubType>
<iescim:PowerSystemResource.DeviceID>5348024557555660</iescim:PowerSystemResource.DeviceID>
<iescim:PowerSystemResource.DeviceType>19</iescim:PowerSystemResource.DeviceType>
</cim:BusbarSection>
<cim:BusbarSection rdf:ID="321700000_1527077660">
<cim:IdentifiedObject.name>宁德阿李科技有限公司配电室（光伏）380V(含400V)II段母线</cim:IdentifiedObject.name>
<cim:IdentifiedObject.bianhao></cim:IdentifiedObject.bianhao>
<cim:Equipment.EquipmentContainer rdf:resource="#30000006_4638875"/>
<cim:PowerSystemResource.Circuit rdf:resource="#10000100_1504176006" />
<cim:ConductingEquipment.BaseVoltage rdf:resource="#BaseVoltage_5"/>
<iescim:PowerSystemResource.SubType>0</iescim:PowerSystemResource.SubType>
<iescim:PowerSystemResource.DeviceID>5348024557555663</iescim:PowerSystemResource.DeviceID>
<iescim:PowerSystemResource.DeviceType>19</iescim:PowerSystemResource.DeviceType>
</cim:BusbarSection>
<cim:ACLineSegment rdf:ID="14000000_7440422">
<cim:IdentifiedObject.name>10kV七都甲线911线路_起始设备</cim:IdentifiedObject.name>
<cim:IdentifiedObject.bianhao></cim:IdentifiedObject.bianhao>
<cim:PowerSystemResource.Circuit rdf:resource="#10000100_35130" />
<cim:ConductingEquipment.BaseVoltage rdf:resource="#BaseVoltage_5"/>
<iescim:PowerSystemResource.SubType>4</iescim:PowerSystemResource.SubType>
<iescim:PowerSystemResource.DeviceID>5629499534613052</iescim:PowerSystemResource.DeviceID>
<iescim:PowerSystemResource.DeviceType>20</iescim:PowerSystemResource.DeviceType>
</cim:ACLineSegment>
<cim:ACLineSegment rdf:ID="36000000_22175337">
<cim:IdentifiedObject.name>站内-连接线</cim:IdentifiedObject.name>
<cim:IdentifiedObject.bianhao></cim:IdentifiedObject.bianhao>
<cim:Equipment.EquipmentContainer rdf:resource="#30000006_4638875"/>
<cim:PowerSystemResource.Circuit rdf:resource="#10000100_35130" />
<cim:ConductingEquipment.BaseVoltage rdf:resource="#BaseVoltage_5"/>
<iescim:PowerSystemResource.SubType>1</iescim:PowerSystemResource.SubType>
<iescim:PowerSystemResource.DeviceID>5629499535575854</iescim:PowerSystemResource.DeviceID>
<iescim:PowerSystemResource.DeviceType>20</iescim:PowerSystemResource.DeviceType>
</cim:ACLineSegment>
<cim:ACLineSegment rdf:ID="20100000_1485366">
<cim:IdentifiedObject.name>110kV大厅变10kV备用一911单元-10kV宁德阿李科技有限公司配电室901间隔电缆终端头</cim:IdentifiedObject.name>
<cim:IdentifiedObject.bianhao></cim:IdentifiedObject.bianhao>
<cim:PowerSystemResource.Circuit rdf:resource="#10000100_35130" />
<cim:ConductingEquipment.BaseVoltage rdf:resource="#BaseVoltage_5"/>
<iescim:PowerSystemResource.SubType>1</iescim:PowerSystemResource.SubType>
<iescim:PowerSystemResource.DeviceID>5629499535575855</iescim:PowerSystemResource.DeviceID>
<iescim:PowerSystemResource.DeviceType>20</iescim:PowerSystemResource.DeviceType>
</cim:ACLineSegment>
<cim:ACLineSegment rdf:ID="14000000_7539110">
<cim:IdentifiedObject.name>站外-超连接线</cim:IdentifiedObject.name>
<cim:IdentifiedObject.bianhao></cim:IdentifiedObject.bianhao>
<cim:PowerSystemResource.Circuit rdf:resource="#10000100_35130" />
<cim:ConductingEquipment.BaseVoltage rdf:resource="#BaseVoltage_5"/>
<iescim:PowerSystemResource.SubType>3</iescim:PowerSystemResource.SubType>
<iescim:PowerSystemResource.DeviceID>5629499535575856</iescim:PowerSystemResource.DeviceID>
<iescim:PowerSystemResource.DeviceType>20</iescim:PowerSystemResource.DeviceType>
</cim:ACLineSegment>
<cim:ConnectivityNode rdf:ID="9288674231452168">
<iescim:PowerSystemResource.SubType>0</iescim:PowerSystemResource.SubType>
<iescim:PowerSystemResource.DeviceID>9288674231452168</iescim:PowerSystemResource.DeviceID>
<iescim:PowerSystemResource.DeviceType>33</iescim:PowerSystemResource.DeviceType>
</cim:ConnectivityNode>
<cim:ConnectivityNode rdf:ID="9288674231454498">
<iescim:PowerSystemResource.SubType>0</iescim:PowerSystemResource.SubType>
<iescim:PowerSystemResource.DeviceID>9288674231454498</iescim:PowerSystemResource.DeviceID>
<iescim:PowerSystemResource.DeviceType>33</iescim:PowerSystemResource.DeviceType>
</cim:ConnectivityNode>
<cim:ConnectivityNode rdf:ID="9288674231454619">
<iescim:PowerSystemResource.SubType>0</iescim:PowerSystemResource.SubType>
<iescim:PowerSystemResource.DeviceID>9288674231454619</iescim:PowerSystemResource.DeviceID>
<iescim:PowerSystemResource.DeviceType>33</iescim:PowerSystemResource.DeviceType>
</cim:ConnectivityNode>
<cim:ConnectivityNode rdf:ID="9288674231527148">
<iescim:PowerSystemResource.SubType>0</iescim:PowerSystemResource.SubType>
<iescim:PowerSystemResource.DeviceID>9288674231527148</iescim:PowerSystemResource.DeviceID>
<iescim:PowerSystemResource.DeviceType>33</iescim:PowerSystemResource.DeviceType>
</cim:ConnectivityNode>
<cim:ConnectivityNode rdf:ID="9288674231612722">
<iescim:PowerSystemResource.SubType>0</iescim:PowerSystemResource.SubType>
<iescim:PowerSystemResource.DeviceID>9288674231612722</iescim:PowerSystemResource.DeviceID>
<iescim:PowerSystemResource.DeviceType>33</iescim:PowerSystemResource.DeviceType>
</cim:ConnectivityNode>
<cim:ConnectivityNode rdf:ID="9288674231756135">
<iescim:PowerSystemResource.SubType>0</iescim:PowerSystemResource.SubType>
<iescim:PowerSystemResource.DeviceID>9288674231756135</iescim:PowerSystemResource.DeviceID>
<iescim:PowerSystemResource.DeviceType>33</iescim:PowerSystemResource.DeviceType>
</cim:ConnectivityNode>
<cim:ConnectivityNode rdf:ID="9288674231848286">
<iescim:PowerSystemResource.SubType>0</iescim:PowerSystemResource.SubType>
<iescim:PowerSystemResource.DeviceID>9288674231848286</iescim:PowerSystemResource.DeviceID>
<iescim:PowerSystemResource.DeviceType>33</iescim:PowerSystemResource.DeviceType>
</cim:ConnectivityNode>
<cim:ConnectivityNode rdf:ID="9288674231848287">
<iescim:PowerSystemResource.SubType>0</iescim:PowerSystemResource.SubType>
<iescim:PowerSystemResource.DeviceID>9288674231848287</iescim:PowerSystemResource.DeviceID>
<iescim:PowerSystemResource.DeviceType>33</iescim:PowerSystemResource.DeviceType>
</cim:ConnectivityNode>
<cim:ConnectivityNode rdf:ID="9288674231916526">
<iescim:PowerSystemResource.SubType>0</iescim:PowerSystemResource.SubType>
<iescim:PowerSystemResource.DeviceID>9288674231916526</iescim:PowerSystemResource.DeviceID>
<iescim:PowerSystemResource.DeviceType>33</iescim:PowerSystemResource.DeviceType>
</cim:ConnectivityNode>
<cim:ConnectivityNode rdf:ID="9288674246362664">
<iescim:PowerSystemResource.SubType>0</iescim:PowerSystemResource.SubType>
<iescim:PowerSystemResource.DeviceID>9288674246362664</iescim:PowerSystemResource.DeviceID>
<iescim:PowerSystemResource.DeviceType>33</iescim:PowerSystemResource.DeviceType>
</cim:ConnectivityNode>
<cim:ConnectivityNode rdf:ID="9288674251179878">
<iescim:PowerSystemResource.SubType>0</iescim:PowerSystemResource.SubType>
<iescim:PowerSystemResource.DeviceID>9288674251179878</iescim:PowerSystemResource.DeviceID>
<iescim:PowerSystemResource.DeviceType>33</iescim:PowerSystemResource.DeviceType>
</cim:ConnectivityNode>
<cim:Terminal rdf:ID="3515948">
<cim:Terminal.ConductingEquipment rdf:resource="#3515944"/>
<cim:Terminal.ConnectivityNode rdf:resource="#9288674231527148"/>
</cim:Terminal>
<cim:Terminal rdf:ID="3515949">
<cim:Terminal.ConductingEquipment rdf:resource="#3515944"/>
<cim:Terminal.ConnectivityNode rdf:resource="#9288674231612722"/>
</cim:Terminal>
<cim:Terminal rdf:ID="3515952">
<cim:Terminal.ConductingEquipment rdf:resource="#30600001_2895800"/>
<cim:Terminal.ConnectivityNode rdf:resource="#9288674231612722"/>
</cim:Terminal>
<cim:Terminal rdf:ID="36000000_22175337_1">
<cim:Terminal.ConductingEquipment rdf:resource="#36000000_22175337"/>
<cim:Terminal.ConnectivityNode rdf:resource="#9288674231756135"/>
</cim:Terminal>
<cim:Terminal rdf:ID="36000000_22175337_2">
<cim:Terminal.ConductingEquipment rdf:resource="#36000000_22175337"/>
<cim:Terminal.ConnectivityNode rdf:resource="#9288674231916526"/>
</cim:Terminal>
<cim:Terminal rdf:ID="20100000_1485366_1">
<cim:Terminal.ConductingEquipment rdf:resource="#20100000_1485366"/>
<cim:Terminal.ConnectivityNode rdf:resource="#9288674231848286"/>
</cim:Terminal>
<cim:Terminal rdf:ID="20100000_1485366_2">
<cim:Terminal.ConductingEquipment rdf:resource="#20100000_1485366"/>
<cim:Terminal.ConnectivityNode rdf:resource="#9288674231848287"/>
</cim:Terminal>
<cim:Terminal rdf:ID="14000000_7539110_1">
<cim:Terminal.ConductingEquipment rdf:resource="#14000000_7539110"/>
<cim:Terminal.ConnectivityNode rdf:resource="#9288674231848287"/>
</cim:Terminal>
<cim:Terminal rdf:ID="14000000_7539110_2">
<cim:Terminal.ConductingEquipment rdf:resource="#14000000_7539110"/>
<cim:Terminal.ConnectivityNode rdf:resource="#9288674231916526"/>
</cim:Terminal>
<cim:Terminal rdf:ID="32000000_5188714_1">
<cim:Terminal.ConductingEquipment rdf:resource="#32000000_5188714"/>
<cim:Terminal.ConnectivityNode rdf:resource="#9288674231916526"/>
</cim:Terminal>
<cim:Terminal rdf:ID="20200000_2232004_1">
<cim:Terminal.ConductingEquipment rdf:resource="#20200000_2232004"/>
<cim:Terminal.ConnectivityNode rdf:resource="#9288674231848287"/>
</cim:Terminal>
<cim:Terminal rdf:ID="20200000_2232003_1">
<cim:Terminal.ConductingEquipment rdf:resource="#20200000_2232003"/>
<cim:Terminal.ConnectivityNode rdf:resource="#9288674231848286"/>
</cim:Terminal>
<cim:Terminal rdf:ID="3515868">
<cim:Terminal.ConductingEquipment rdf:resource="#31100000_1009242"/>
<cim:Terminal.ConnectivityNode rdf:resource="#9288674251179878"/>
</cim:Terminal>
<cim:Terminal rdf:ID="3515888">
<cim:Terminal.ConductingEquipment rdf:resource="#31100000_1009448"/>
<cim:Terminal.ConnectivityNode rdf:resource="#9288674246362664"/>
</cim:Terminal>
<cim:Terminal rdf:ID="30200003_136515401">
<cim:Terminal.ConductingEquipment rdf:resource="#30200003_1365154"/>
<cim:Terminal.ConnectivityNode rdf:resource="#9288674231756135"/>
</cim:Terminal>
<cim:Terminal rdf:ID="30200003_136515201">
<cim:Terminal.ConductingEquipment rdf:resource="#30200003_1365152"/>
<cim:Terminal.ConnectivityNode rdf:resource="#9288674231756135"/>
</cim:Terminal>
<cim:Terminal rdf:ID="3515878">
<cim:Terminal.ConductingEquipment rdf:resource="#31100000_1009324"/>
<cim:Terminal.ConnectivityNode rdf:resource="#9288674246362664"/>
</cim:Terminal>
<cim:Terminal rdf:ID="834700000_152700324301">
<cim:Terminal.ConductingEquipment rdf:resource="#834700000_1527003243"/>
<cim:Terminal.ConnectivityNode rdf:resource="#9288674231756135"/>
</cim:Terminal>
<cim:Terminal rdf:ID="834700000_152700324201">
<cim:Terminal.ConductingEquipment rdf:resource="#834700000_1527003242"/>
<cim:Terminal.ConnectivityNode rdf:resource="#9288674231756135"/>
</cim:Terminal>
<cim:Terminal rdf:ID="834700000_152700324101">
<cim:Terminal.ConductingEquipment rdf:resource="#834700000_1527003241"/>
<cim:Terminal.ConnectivityNode rdf:resource="#9288674231756135"/>
</cim:Terminal>
<cim:Terminal rdf:ID="14000000_7440422_1">
<cim:Terminal.ConductingEquipment rdf:resource="#14000000_7440422"/>
<cim:Terminal.ConnectivityNode rdf:resource="#9288674231612722"/>
</cim:Terminal>
<cim:Terminal rdf:ID="14000000_7440422_2">
<cim:Terminal.ConductingEquipment rdf:resource="#14000000_7440422"/>
<cim:Terminal.ConnectivityNode rdf:resource="#9288674231848286"/>
</cim:Terminal>
<cim:Terminal rdf:ID="1722424">
<cim:Terminal.ConductingEquipment rdf:resource="#31100000_90318"/>
<cim:Terminal.ConnectivityNode rdf:resource="#9288674231452168"/>
</cim:Terminal>
<cim:Terminal rdf:ID="3515942">
<cim:Terminal.ConductingEquipment rdf:resource="#30500000_2003071"/>
<cim:Terminal.ConnectivityNode rdf:resource="#9288674251179878"/>
</cim:Terminal>
<cim:Terminal rdf:ID="3515943">
<cim:Terminal.ConductingEquipment rdf:resource="#30500000_2003071"/>
<cim:Terminal.ConnectivityNode rdf:resource="#9288674231527148"/>
</cim:Terminal>
<cim:Terminal rdf:ID="32000000_4837340_1">
<cim:Terminal.ConductingEquipment rdf:resource="#32000000_4837340"/>
<cim:Terminal.ConnectivityNode rdf:resource="#9288674231612722"/>
</cim:Terminal>
<cim:Terminal rdf:ID="2743925">
<cim:Terminal.ConductingEquipment rdf:resource="#31100000_818955"/>
<cim:Terminal.ConnectivityNode rdf:resource="#9288674231454498"/>
</cim:Terminal>
<cim:Terminal rdf:ID="2743935">
<cim:Terminal.ConductingEquipment rdf:resource="#31100000_818956"/>
<cim:Terminal.ConnectivityNode rdf:resource="#9288674231454619"/>
</cim:Terminal>
</rdf:RDF>
