<?xml version="1.0" encoding="UTF-8"?>

<rdf:RDF xmlns:rdf="http://www.w3.org/1999/02/22-rdf-syntax-ns#" xmlns:cim="http://www.sgcc.com.cn/SG-CIM/2010MAY#" xmlns:iescim="http://www.ieslab.com.cn">

<cim:BaseVoltage rdf:ID="BaseVoltage_5">
<cim:IdentifiedObject.name>10kV</cim:IdentifiedObject.name>
<cim:BaseVoltage.isDC>false</cim:BaseVoltage.isDC>
<cim:BaseVoltage.nominalVoltage>10.00</cim:BaseVoltage.nominalVoltage>
<iescim:PowerSystemResource.DeviceID>5</iescim:PowerSystemResource.DeviceID>
</cim:BaseVoltage>
<cim:SubGeographicalRegion rdf:ID="8a0f688f46db11f00146db1368fb1070">
<cim:IdentifiedObject.name>国网柘荣县供电公司</cim:IdentifiedObject.name>
<cim:SubGeographicalRegion.Region rdf:resource="#_"/>
</cim:SubGeographicalRegion>
<cim:Circuit rdf:ID="10000100_14204">
<cim:IdentifiedObject.name>宝鉴宅线993线路</cim:IdentifiedObject.name>
<cim:Circuit.BelongtoHVSubstation rdf:resource="#30000000_75136"/>
<cim:PowerSystemResource.SubGeographicalRegion rdf:resource="#8a0f688f46db11f00146db1368fb1070"/>
<cim:iscurrentfeeder>1</cim:iscurrentfeeder>
</cim:Circuit>
<cim:Substation rdf:ID="30000000_75136">
<cim:IdentifiedObject.name>乍洋变电站</cim:IdentifiedObject.name>
<iescim:PowerSystemResource.DeviceType>13</iescim:PowerSystemResource.DeviceType>
<iescim:PowerSystemResource.SubType>1</iescim:PowerSystemResource.SubType>
<cim:PowerSystemResource.PSRType rdf:resource="#30000000"/>
<iescim:PowerSystemResource.DeviceID>3659174697243642</iescim:PowerSystemResource.DeviceID>
<cim:PowerSystemResource.SubGeographicalRegion rdf:resource="#8a0f688f46db11f00146db1368fb1070"/>
</cim:Substation>
<cim:Substation rdf:ID="30000000_1544328815">
<cim:IdentifiedObject.name>富洋变电站</cim:IdentifiedObject.name>
<iescim:PowerSystemResource.DeviceType>13</iescim:PowerSystemResource.DeviceType>
<iescim:PowerSystemResource.SubType>1</iescim:PowerSystemResource.SubType>
<cim:PowerSystemResource.PSRType rdf:resource="#30000000"/>
<iescim:PowerSystemResource.DeviceID>3659174697330196</iescim:PowerSystemResource.DeviceID>
<cim:PowerSystemResource.SubGeographicalRegion rdf:resource="#8a0f688f46db11f00146db1368fb1070"/>
</cim:Substation>
<cim:Breaker rdf:ID="30500000_107711">
<cim:IdentifiedObject.name>乍洋变电站.10kV.宝鉴宅线间隔.993开关</cim:IdentifiedObject.name>
<cim:IdentifiedObject.bianhao>993</cim:IdentifiedObject.bianhao>
<cim:Equipment.EquipmentContainer rdf:resource="#30000000_75136"/>
<cim:PowerSystemResource.Circuit rdf:resource="#10000100_14204" />
<cim:ConductingEquipment.BaseVoltage rdf:resource="#BaseVoltage_5"/>
<iescim:PowerSystemResource.SubType>1</iescim:PowerSystemResource.SubType>
<iescim:PowerSystemResource.DeviceID>4503599627391102</iescim:PowerSystemResource.DeviceID>
<iescim:PowerSystemResource.DeviceType>16</iescim:PowerSystemResource.DeviceType>
<iescim:PowerSystemResource.Cxmc></iescim:PowerSystemResource.Cxmc>
</cim:Breaker>
<cim:Breaker rdf:ID="11100000_1546857761">
<cim:IdentifiedObject.name>10kV宝鉴宅线#001杆开关</cim:IdentifiedObject.name>
<cim:IdentifiedObject.bianhao>_</cim:IdentifiedObject.bianhao>
<cim:PowerSystemResource.Circuit rdf:resource="#10000100_14204" />
<cim:ConductingEquipment.BaseVoltage rdf:resource="#BaseVoltage_5"/>
<iescim:PowerSystemResource.SubType>2</iescim:PowerSystemResource.SubType>
<iescim:PowerSystemResource.DeviceID>4503599627636107</iescim:PowerSystemResource.DeviceID>
<iescim:PowerSystemResource.DeviceType>16</iescim:PowerSystemResource.DeviceType>
<iescim:PowerSystemResource.Cxmc></iescim:PowerSystemResource.Cxmc>
</cim:Breaker>
<cim:Disconnector rdf:ID="11300000_1277318">
<cim:IdentifiedObject.name>10kV宝鉴宅线#001杆0011刀闸</cim:IdentifiedObject.name>
<cim:IdentifiedObject.bianhao>0011</cim:IdentifiedObject.bianhao>
<cim:PowerSystemResource.Circuit rdf:resource="#10000100_14204" />
<cim:ConductingEquipment.BaseVoltage rdf:resource="#BaseVoltage_5"/>
<iescim:PowerSystemResource.SubType>6</iescim:PowerSystemResource.SubType>
<iescim:PowerSystemResource.DeviceID>4785074604143054</iescim:PowerSystemResource.DeviceID>
<iescim:PowerSystemResource.DeviceType>17</iescim:PowerSystemResource.DeviceType>
<iescim:PowerSystemResource.Cxmc></iescim:PowerSystemResource.Cxmc>
</cim:Disconnector>
<cim:Disconnector rdf:ID="30600000_255028">
<cim:IdentifiedObject.name>乍洋变电站.10kV.宝鉴宅线间隔.9931刀闸</cim:IdentifiedObject.name>
<cim:IdentifiedObject.bianhao>_</cim:IdentifiedObject.bianhao>
<cim:Equipment.EquipmentContainer rdf:resource="#30000000_75136"/>
<cim:PowerSystemResource.Circuit rdf:resource="#10000100_14204" />
<cim:ConductingEquipment.BaseVoltage rdf:resource="#BaseVoltage_5"/>
<iescim:PowerSystemResource.SubType>5</iescim:PowerSystemResource.SubType>
<iescim:PowerSystemResource.DeviceID>4785074604143056</iescim:PowerSystemResource.DeviceID>
<iescim:PowerSystemResource.DeviceType>17</iescim:PowerSystemResource.DeviceType>
<iescim:PowerSystemResource.Cxmc></iescim:PowerSystemResource.Cxmc>
</cim:Disconnector>
<cim:BusbarSection rdf:ID="31100000_88908">
<cim:IdentifiedObject.name>乍洋变电站.10kV.Ⅰ段母线</cim:IdentifiedObject.name>
<cim:IdentifiedObject.bianhao></cim:IdentifiedObject.bianhao>
<cim:Equipment.EquipmentContainer rdf:resource="#30000000_75136"/>
<cim:PowerSystemResource.Circuit rdf:resource="#_" />
<cim:ConductingEquipment.BaseVoltage rdf:resource="#BaseVoltage_5"/>
<iescim:PowerSystemResource.SubType>0</iescim:PowerSystemResource.SubType>
<iescim:PowerSystemResource.DeviceID>5348024557509537</iescim:PowerSystemResource.DeviceID>
<iescim:PowerSystemResource.DeviceType>19</iescim:PowerSystemResource.DeviceType>
</cim:BusbarSection>
<cim:BusbarSection rdf:ID="31100000_90163">
<cim:IdentifiedObject.name>乍洋变电站.10kV.Ⅱ段母线</cim:IdentifiedObject.name>
<cim:IdentifiedObject.bianhao></cim:IdentifiedObject.bianhao>
<cim:Equipment.EquipmentContainer rdf:resource="#30000000_75136"/>
<cim:PowerSystemResource.Circuit rdf:resource="#_" />
<cim:ConductingEquipment.BaseVoltage rdf:resource="#BaseVoltage_5"/>
<iescim:PowerSystemResource.SubType>0</iescim:PowerSystemResource.SubType>
<iescim:PowerSystemResource.DeviceID>5348024557509563</iescim:PowerSystemResource.DeviceID>
<iescim:PowerSystemResource.DeviceType>19</iescim:PowerSystemResource.DeviceType>
</cim:BusbarSection>
<cim:BusbarSection rdf:ID="31100000_1544328895">
<cim:IdentifiedObject.name>富洋变电站.10kV.Ⅱ段母线</cim:IdentifiedObject.name>
<cim:IdentifiedObject.bianhao></cim:IdentifiedObject.bianhao>
<cim:Equipment.EquipmentContainer rdf:resource="#30000000_1544328815"/>
<cim:PowerSystemResource.Circuit rdf:resource="#_" />
<cim:ConductingEquipment.BaseVoltage rdf:resource="#BaseVoltage_5"/>
<iescim:PowerSystemResource.SubType>0</iescim:PowerSystemResource.SubType>
<iescim:PowerSystemResource.DeviceID>5348024557560624</iescim:PowerSystemResource.DeviceID>
<iescim:PowerSystemResource.DeviceType>19</iescim:PowerSystemResource.DeviceType>
</cim:BusbarSection>
<cim:BusbarSection rdf:ID="31100000_1544329371">
<cim:IdentifiedObject.name>富洋变电站.10kV.Ⅰ段母线</cim:IdentifiedObject.name>
<cim:IdentifiedObject.bianhao></cim:IdentifiedObject.bianhao>
<cim:Equipment.EquipmentContainer rdf:resource="#30000000_1544328815"/>
<cim:PowerSystemResource.Circuit rdf:resource="#_" />
<cim:ConductingEquipment.BaseVoltage rdf:resource="#BaseVoltage_5"/>
<iescim:PowerSystemResource.SubType>0</iescim:PowerSystemResource.SubType>
<iescim:PowerSystemResource.DeviceID>5348024557560625</iescim:PowerSystemResource.DeviceID>
<iescim:PowerSystemResource.DeviceType>19</iescim:PowerSystemResource.DeviceType>
</cim:BusbarSection>
<cim:ACLineSegment rdf:ID="13000000_12004464">
<cim:IdentifiedObject.name>站外-连接线</cim:IdentifiedObject.name>
<cim:IdentifiedObject.bianhao></cim:IdentifiedObject.bianhao>
<cim:PowerSystemResource.Circuit rdf:resource="#10000100_14204" />
<cim:ConductingEquipment.BaseVoltage rdf:resource="#BaseVoltage_5"/>
<iescim:PowerSystemResource.SubType>3</iescim:PowerSystemResource.SubType>
<iescim:PowerSystemResource.DeviceID>5629499534400604</iescim:PowerSystemResource.DeviceID>
<iescim:PowerSystemResource.DeviceType>20</iescim:PowerSystemResource.DeviceType>
</cim:ACLineSegment>
<cim:ACLineSegment rdf:ID="13000000_9184039">
<cim:IdentifiedObject.name>未命名</cim:IdentifiedObject.name>
<cim:IdentifiedObject.bianhao></cim:IdentifiedObject.bianhao>
<cim:PowerSystemResource.Circuit rdf:resource="#10000100_14204" />
<cim:ConductingEquipment.BaseVoltage rdf:resource="#BaseVoltage_5"/>
<iescim:PowerSystemResource.SubType>3</iescim:PowerSystemResource.SubType>
<iescim:PowerSystemResource.DeviceID>5629499534400605</iescim:PowerSystemResource.DeviceID>
<iescim:PowerSystemResource.DeviceType>20</iescim:PowerSystemResource.DeviceType>
</cim:ACLineSegment>
<cim:ACLineSegment rdf:ID="13000000_9197794">
<cim:IdentifiedObject.name>未命名</cim:IdentifiedObject.name>
<cim:IdentifiedObject.bianhao></cim:IdentifiedObject.bianhao>
<cim:PowerSystemResource.Circuit rdf:resource="#10000100_14204" />
<cim:ConductingEquipment.BaseVoltage rdf:resource="#BaseVoltage_5"/>
<iescim:PowerSystemResource.SubType>3</iescim:PowerSystemResource.SubType>
<iescim:PowerSystemResource.DeviceID>5629499534400607</iescim:PowerSystemResource.DeviceID>
<iescim:PowerSystemResource.DeviceType>20</iescim:PowerSystemResource.DeviceType>
</cim:ACLineSegment>
<cim:ACLineSegment rdf:ID="13000000_9271548">
<cim:IdentifiedObject.name>未命名</cim:IdentifiedObject.name>
<cim:IdentifiedObject.bianhao></cim:IdentifiedObject.bianhao>
<cim:PowerSystemResource.Circuit rdf:resource="#10000100_14204" />
<cim:ConductingEquipment.BaseVoltage rdf:resource="#BaseVoltage_5"/>
<iescim:PowerSystemResource.SubType>3</iescim:PowerSystemResource.SubType>
<iescim:PowerSystemResource.DeviceID>5629499534400653</iescim:PowerSystemResource.DeviceID>
<iescim:PowerSystemResource.DeviceType>20</iescim:PowerSystemResource.DeviceType>
</cim:ACLineSegment>
<cim:ACLineSegment rdf:ID="14000000_6170351">
<cim:IdentifiedObject.name>乍洋993终端头-宝鉴宅993线路#001</cim:IdentifiedObject.name>
<cim:IdentifiedObject.bianhao></cim:IdentifiedObject.bianhao>
<cim:PowerSystemResource.Circuit rdf:resource="#10000100_14204" />
<cim:ConductingEquipment.BaseVoltage rdf:resource="#BaseVoltage_5"/>
<iescim:PowerSystemResource.SubType>1</iescim:PowerSystemResource.SubType>
<iescim:PowerSystemResource.DeviceID>5629499534400657</iescim:PowerSystemResource.DeviceID>
<iescim:PowerSystemResource.DeviceType>20</iescim:PowerSystemResource.DeviceType>
</cim:ACLineSegment>
<cim:ACLineSegment rdf:ID="20100000_898113">
<cim:IdentifiedObject.name>35kV柘荣乍洋变-10kV宝鉴宅线993线路#001杆</cim:IdentifiedObject.name>
<cim:IdentifiedObject.bianhao></cim:IdentifiedObject.bianhao>
<cim:PowerSystemResource.Circuit rdf:resource="#10000100_14204" />
<cim:ConductingEquipment.BaseVoltage rdf:resource="#BaseVoltage_5"/>
<iescim:PowerSystemResource.SubType>1</iescim:PowerSystemResource.SubType>
<iescim:PowerSystemResource.DeviceID>5629499534400658</iescim:PowerSystemResource.DeviceID>
<iescim:PowerSystemResource.DeviceType>20</iescim:PowerSystemResource.DeviceType>
</cim:ACLineSegment>
<cim:ACLineSegment rdf:ID="13000000_12955203">
<cim:IdentifiedObject.name>-连接线-</cim:IdentifiedObject.name>
<cim:IdentifiedObject.bianhao></cim:IdentifiedObject.bianhao>
<cim:PowerSystemResource.Circuit rdf:resource="#10000100_14204" />
<cim:ConductingEquipment.BaseVoltage rdf:resource="#BaseVoltage_5"/>
<iescim:PowerSystemResource.SubType>3</iescim:PowerSystemResource.SubType>
<iescim:PowerSystemResource.DeviceID>5629499534428059</iescim:PowerSystemResource.DeviceID>
<iescim:PowerSystemResource.DeviceType>20</iescim:PowerSystemResource.DeviceType>
</cim:ACLineSegment>
<cim:ACLineSegment rdf:ID="13000000_1546865055">
<cim:IdentifiedObject.name>站外-连接线</cim:IdentifiedObject.name>
<cim:IdentifiedObject.bianhao></cim:IdentifiedObject.bianhao>
<cim:PowerSystemResource.Circuit rdf:resource="#10000100_14204" />
<cim:ConductingEquipment.BaseVoltage rdf:resource="#BaseVoltage_5"/>
<iescim:PowerSystemResource.SubType>3</iescim:PowerSystemResource.SubType>
<iescim:PowerSystemResource.DeviceID>5629499538029372</iescim:PowerSystemResource.DeviceID>
<iescim:PowerSystemResource.DeviceType>20</iescim:PowerSystemResource.DeviceType>
</cim:ACLineSegment>
<cim:Pole rdf:ID="10200001_6304428">
<cim:IdentifiedObject.name>10kV宝鉴宅线#001杆</cim:IdentifiedObject.name>
<cim:IdentifiedObject.bianhao></cim:IdentifiedObject.bianhao>
<cim:PowerSystemResource.Circuit rdf:resource="#10000100_14204" />
<cim:ConductingEquipment.BaseVoltage rdf:resource="#BaseVoltage_5"/>
<iescim:PowerSystemResource.DeviceType>43</iescim:PowerSystemResource.DeviceType>
<iescim:PowerSystemResource.SubType>1</iescim:PowerSystemResource.SubType>
<iescim:PowerSystemResource.DeviceID>12103423998605173</iescim:PowerSystemResource.DeviceID>
</cim:Pole>
<cim:Pole rdf:ID="10200001_6352998">
<cim:IdentifiedObject.name>10kV宝鉴宅线#005杆</cim:IdentifiedObject.name>
<cim:IdentifiedObject.bianhao></cim:IdentifiedObject.bianhao>
<cim:PowerSystemResource.Circuit rdf:resource="#10000100_14204" />
<cim:ConductingEquipment.BaseVoltage rdf:resource="#BaseVoltage_5"/>
<iescim:PowerSystemResource.DeviceType>43</iescim:PowerSystemResource.DeviceType>
<iescim:PowerSystemResource.SubType>1</iescim:PowerSystemResource.SubType>
<iescim:PowerSystemResource.DeviceID>12103423998605178</iescim:PowerSystemResource.DeviceID>
</cim:Pole>
<cim:Pole rdf:ID="10200001_1544288823">
<cim:IdentifiedObject.name>10kV洋头线#002杆</cim:IdentifiedObject.name>
<cim:IdentifiedObject.bianhao></cim:IdentifiedObject.bianhao>
<cim:PowerSystemResource.Circuit rdf:resource="#10000100_14204" />
<cim:ConductingEquipment.BaseVoltage rdf:resource="#BaseVoltage_5"/>
<iescim:PowerSystemResource.DeviceType>43</iescim:PowerSystemResource.DeviceType>
<iescim:PowerSystemResource.SubType>1</iescim:PowerSystemResource.SubType>
<iescim:PowerSystemResource.DeviceID>12103423998650277</iescim:PowerSystemResource.DeviceID>
</cim:Pole>
<cim:Faultindicator rdf:ID="11700000_187301">
<cim:IdentifiedObject.name>10kV宝鉴宅线#010杆故障指示器</cim:IdentifiedObject.name>
<cim:IdentifiedObject.bianhao></cim:IdentifiedObject.bianhao>
<cim:PowerSystemResource.Circuit rdf:resource="#10000100_14204" />
<cim:ConductingEquipment.BaseVoltage rdf:resource="#BaseVoltage_5"/>
<iescim:PowerSystemResource.SubType>2</iescim:PowerSystemResource.SubType>
<iescim:PowerSystemResource.DeviceID>11821949021849232</iescim:PowerSystemResource.DeviceID>
<iescim:PowerSystemResource.DeviceType>42</iescim:PowerSystemResource.DeviceType>
</cim:Faultindicator>
<cim:Faultindicator rdf:ID="11700000_187202">
<cim:IdentifiedObject.name>10kV宝鉴宅线#001杆故障指示器</cim:IdentifiedObject.name>
<cim:IdentifiedObject.bianhao></cim:IdentifiedObject.bianhao>
<cim:PowerSystemResource.Circuit rdf:resource="#10000100_14204" />
<cim:ConductingEquipment.BaseVoltage rdf:resource="#BaseVoltage_5"/>
<iescim:PowerSystemResource.SubType>2</iescim:PowerSystemResource.SubType>
<iescim:PowerSystemResource.DeviceID>11821949021849236</iescim:PowerSystemResource.DeviceID>
<iescim:PowerSystemResource.DeviceType>42</iescim:PowerSystemResource.DeviceType>
</cim:Faultindicator>
<cim:Faultindicator rdf:ID="11700000_514861">
<cim:IdentifiedObject.name>10kV南洋分线#002杆故障指示器</cim:IdentifiedObject.name>
<cim:IdentifiedObject.bianhao></cim:IdentifiedObject.bianhao>
<cim:PowerSystemResource.Circuit rdf:resource="#10000100_14204" />
<cim:ConductingEquipment.BaseVoltage rdf:resource="#BaseVoltage_5"/>
<iescim:PowerSystemResource.SubType>2</iescim:PowerSystemResource.SubType>
<iescim:PowerSystemResource.DeviceID>11821949021853052</iescim:PowerSystemResource.DeviceID>
<iescim:PowerSystemResource.DeviceType>42</iescim:PowerSystemResource.DeviceType>
</cim:Faultindicator>
<cim:ConnectivityNode rdf:ID="9288674231453385">
<iescim:PowerSystemResource.SubType>0</iescim:PowerSystemResource.SubType>
<iescim:PowerSystemResource.DeviceID>9288674231453385</iescim:PowerSystemResource.DeviceID>
<iescim:PowerSystemResource.DeviceType>33</iescim:PowerSystemResource.DeviceType>
</cim:ConnectivityNode>
<cim:ConnectivityNode rdf:ID="9288674231453394">
<iescim:PowerSystemResource.SubType>0</iescim:PowerSystemResource.SubType>
<iescim:PowerSystemResource.DeviceID>9288674231453394</iescim:PowerSystemResource.DeviceID>
<iescim:PowerSystemResource.DeviceType>33</iescim:PowerSystemResource.DeviceType>
</cim:ConnectivityNode>
<cim:ConnectivityNode rdf:ID="9288674231466528">
<iescim:PowerSystemResource.SubType>0</iescim:PowerSystemResource.SubType>
<iescim:PowerSystemResource.DeviceID>9288674231466528</iescim:PowerSystemResource.DeviceID>
<iescim:PowerSystemResource.DeviceType>33</iescim:PowerSystemResource.DeviceType>
</cim:ConnectivityNode>
<cim:ConnectivityNode rdf:ID="9288674231466614">
<iescim:PowerSystemResource.SubType>0</iescim:PowerSystemResource.SubType>
<iescim:PowerSystemResource.DeviceID>9288674231466614</iescim:PowerSystemResource.DeviceID>
<iescim:PowerSystemResource.DeviceType>33</iescim:PowerSystemResource.DeviceType>
</cim:ConnectivityNode>
<cim:ConnectivityNode rdf:ID="9288674231510383">
<iescim:PowerSystemResource.SubType>0</iescim:PowerSystemResource.SubType>
<iescim:PowerSystemResource.DeviceID>9288674231510383</iescim:PowerSystemResource.DeviceID>
<iescim:PowerSystemResource.DeviceType>33</iescim:PowerSystemResource.DeviceType>
</cim:ConnectivityNode>
<cim:ConnectivityNode rdf:ID="9288674231581275">
<iescim:PowerSystemResource.SubType>0</iescim:PowerSystemResource.SubType>
<iescim:PowerSystemResource.DeviceID>9288674231581275</iescim:PowerSystemResource.DeviceID>
<iescim:PowerSystemResource.DeviceType>33</iescim:PowerSystemResource.DeviceType>
</cim:ConnectivityNode>
<cim:ConnectivityNode rdf:ID="9288674231684055">
<iescim:PowerSystemResource.SubType>0</iescim:PowerSystemResource.SubType>
<iescim:PowerSystemResource.DeviceID>9288674231684055</iescim:PowerSystemResource.DeviceID>
<iescim:PowerSystemResource.DeviceType>33</iescim:PowerSystemResource.DeviceType>
</cim:ConnectivityNode>
<cim:ConnectivityNode rdf:ID="9288674231804101">
<iescim:PowerSystemResource.SubType>0</iescim:PowerSystemResource.SubType>
<iescim:PowerSystemResource.DeviceID>9288674231804101</iescim:PowerSystemResource.DeviceID>
<iescim:PowerSystemResource.DeviceType>33</iescim:PowerSystemResource.DeviceType>
</cim:ConnectivityNode>
<cim:ConnectivityNode rdf:ID="9288674231804103">
<iescim:PowerSystemResource.SubType>0</iescim:PowerSystemResource.SubType>
<iescim:PowerSystemResource.DeviceID>9288674231804103</iescim:PowerSystemResource.DeviceID>
<iescim:PowerSystemResource.DeviceType>33</iescim:PowerSystemResource.DeviceType>
</cim:ConnectivityNode>
<cim:ConnectivityNode rdf:ID="9288674231804104">
<iescim:PowerSystemResource.SubType>0</iescim:PowerSystemResource.SubType>
<iescim:PowerSystemResource.DeviceID>9288674231804104</iescim:PowerSystemResource.DeviceID>
<iescim:PowerSystemResource.DeviceType>33</iescim:PowerSystemResource.DeviceType>
</cim:ConnectivityNode>
<cim:ConnectivityNode rdf:ID="9288674231804113">
<iescim:PowerSystemResource.SubType>0</iescim:PowerSystemResource.SubType>
<iescim:PowerSystemResource.DeviceID>9288674231804113</iescim:PowerSystemResource.DeviceID>
<iescim:PowerSystemResource.DeviceType>33</iescim:PowerSystemResource.DeviceType>
</cim:ConnectivityNode>
<cim:ConnectivityNode rdf:ID="9288674231807952">
<iescim:PowerSystemResource.SubType>0</iescim:PowerSystemResource.SubType>
<iescim:PowerSystemResource.DeviceID>9288674231807952</iescim:PowerSystemResource.DeviceID>
<iescim:PowerSystemResource.DeviceType>33</iescim:PowerSystemResource.DeviceType>
</cim:ConnectivityNode>
<cim:ConnectivityNode rdf:ID="9288674231906495">
<iescim:PowerSystemResource.SubType>0</iescim:PowerSystemResource.SubType>
<iescim:PowerSystemResource.DeviceID>9288674231906495</iescim:PowerSystemResource.DeviceID>
<iescim:PowerSystemResource.DeviceType>33</iescim:PowerSystemResource.DeviceType>
</cim:ConnectivityNode>
<cim:ConnectivityNode rdf:ID="9288674231906496">
<iescim:PowerSystemResource.SubType>0</iescim:PowerSystemResource.SubType>
<iescim:PowerSystemResource.DeviceID>9288674231906496</iescim:PowerSystemResource.DeviceID>
<iescim:PowerSystemResource.DeviceType>33</iescim:PowerSystemResource.DeviceType>
</cim:ConnectivityNode>
<cim:ConnectivityNode rdf:ID="9288674231906497">
<iescim:PowerSystemResource.SubType>0</iescim:PowerSystemResource.SubType>
<iescim:PowerSystemResource.DeviceID>9288674231906497</iescim:PowerSystemResource.DeviceID>
<iescim:PowerSystemResource.DeviceType>33</iescim:PowerSystemResource.DeviceType>
</cim:ConnectivityNode>
<cim:ConnectivityNode rdf:ID="9288674231907420">
<iescim:PowerSystemResource.SubType>0</iescim:PowerSystemResource.SubType>
<iescim:PowerSystemResource.DeviceID>9288674231907420</iescim:PowerSystemResource.DeviceID>
<iescim:PowerSystemResource.DeviceType>33</iescim:PowerSystemResource.DeviceType>
</cim:ConnectivityNode>
<cim:ConnectivityNode rdf:ID="9288674250486898">
<iescim:PowerSystemResource.SubType>0</iescim:PowerSystemResource.SubType>
<iescim:PowerSystemResource.DeviceID>9288674250486898</iescim:PowerSystemResource.DeviceID>
<iescim:PowerSystemResource.DeviceType>33</iescim:PowerSystemResource.DeviceType>
</cim:ConnectivityNode>
<cim:ConnectivityNode rdf:ID="9288674251045018">
<iescim:PowerSystemResource.SubType>0</iescim:PowerSystemResource.SubType>
<iescim:PowerSystemResource.DeviceID>9288674251045018</iescim:PowerSystemResource.DeviceID>
<iescim:PowerSystemResource.DeviceType>33</iescim:PowerSystemResource.DeviceType>
</cim:ConnectivityNode>
<cim:ConnectivityNode rdf:ID="9288674251045021">
<iescim:PowerSystemResource.SubType>0</iescim:PowerSystemResource.SubType>
<iescim:PowerSystemResource.DeviceID>9288674251045021</iescim:PowerSystemResource.DeviceID>
<iescim:PowerSystemResource.DeviceType>33</iescim:PowerSystemResource.DeviceType>
</cim:ConnectivityNode>
<cim:ConnectivityNode rdf:ID="9288674251564176">
<iescim:PowerSystemResource.SubType>0</iescim:PowerSystemResource.SubType>
<iescim:PowerSystemResource.DeviceID>9288674251564176</iescim:PowerSystemResource.DeviceID>
<iescim:PowerSystemResource.DeviceType>33</iescim:PowerSystemResource.DeviceType>
</cim:ConnectivityNode>
<cim:ConnectivityNode rdf:ID="9288674251564177">
<iescim:PowerSystemResource.SubType>0</iescim:PowerSystemResource.SubType>
<iescim:PowerSystemResource.DeviceID>9288674251564177</iescim:PowerSystemResource.DeviceID>
<iescim:PowerSystemResource.DeviceType>33</iescim:PowerSystemResource.DeviceType>
</cim:ConnectivityNode>
<cim:Terminal rdf:ID="11700000_187301_1">
<cim:Terminal.ConductingEquipment rdf:resource="#11700000_187301"/>
<cim:Terminal.ConnectivityNode rdf:resource="#9288674231906496"/>
</cim:Terminal>
<cim:Terminal rdf:ID="11700000_187202_1">
<cim:Terminal.ConductingEquipment rdf:resource="#11700000_187202"/>
<cim:Terminal.ConnectivityNode rdf:resource="#9288674231906495"/>
</cim:Terminal>
<cim:Terminal rdf:ID="13000000_12004464_1">
<cim:Terminal.ConductingEquipment rdf:resource="#13000000_12004464"/>
<cim:Terminal.ConnectivityNode rdf:resource="#9288674231804103"/>
</cim:Terminal>
<cim:Terminal rdf:ID="13000000_12004464_2">
<cim:Terminal.ConductingEquipment rdf:resource="#13000000_12004464"/>
<cim:Terminal.ConnectivityNode rdf:resource="#9288674231804113"/>
</cim:Terminal>
<cim:Terminal rdf:ID="13000000_9184039_1">
<cim:Terminal.ConductingEquipment rdf:resource="#13000000_9184039"/>
<cim:Terminal.ConnectivityNode rdf:resource="#9288674231466614"/>
</cim:Terminal>
<cim:Terminal rdf:ID="13000000_9184039_2">
<cim:Terminal.ConductingEquipment rdf:resource="#13000000_9184039"/>
<cim:Terminal.ConnectivityNode rdf:resource="#9288674231906495"/>
</cim:Terminal>
<cim:Terminal rdf:ID="13000000_9197794_1">
<cim:Terminal.ConductingEquipment rdf:resource="#13000000_9197794"/>
<cim:Terminal.ConnectivityNode rdf:resource="#9288674231804104"/>
</cim:Terminal>
<cim:Terminal rdf:ID="13000000_9197794_2">
<cim:Terminal.ConductingEquipment rdf:resource="#13000000_9197794"/>
<cim:Terminal.ConnectivityNode rdf:resource="#9288674231906496"/>
</cim:Terminal>
<cim:Terminal rdf:ID="13000000_9271548_1">
<cim:Terminal.ConductingEquipment rdf:resource="#13000000_9271548"/>
<cim:Terminal.ConnectivityNode rdf:resource="#9288674231804113"/>
</cim:Terminal>
<cim:Terminal rdf:ID="13000000_9271548_2">
<cim:Terminal.ConductingEquipment rdf:resource="#13000000_9271548"/>
<cim:Terminal.ConnectivityNode rdf:resource="#9288674231581275"/>
</cim:Terminal>
<cim:Terminal rdf:ID="14000000_6170351_1">
<cim:Terminal.ConductingEquipment rdf:resource="#14000000_6170351"/>
<cim:Terminal.ConnectivityNode rdf:resource="#9288674231510383"/>
</cim:Terminal>
<cim:Terminal rdf:ID="14000000_6170351_2">
<cim:Terminal.ConductingEquipment rdf:resource="#14000000_6170351"/>
<cim:Terminal.ConnectivityNode rdf:resource="#9288674231906497"/>
</cim:Terminal>
<cim:Terminal rdf:ID="20100000_898113_1">
<cim:Terminal.ConductingEquipment rdf:resource="#20100000_898113"/>
<cim:Terminal.ConnectivityNode rdf:resource="#9288674231804103"/>
</cim:Terminal>
<cim:Terminal rdf:ID="20100000_898113_2">
<cim:Terminal.ConductingEquipment rdf:resource="#20100000_898113"/>
<cim:Terminal.ConnectivityNode rdf:resource="#9288674231906497"/>
</cim:Terminal>
<cim:Terminal rdf:ID="397173">
<cim:Terminal.ConductingEquipment rdf:resource="#30500000_107711"/>
<cim:Terminal.ConnectivityNode rdf:resource="#9288674231466528"/>
</cim:Terminal>
<cim:Terminal rdf:ID="397174">
<cim:Terminal.ConductingEquipment rdf:resource="#30500000_107711"/>
<cim:Terminal.ConnectivityNode rdf:resource="#9288674231510383"/>
</cim:Terminal>
<cim:Terminal rdf:ID="13000000_12955203_1">
<cim:Terminal.ConductingEquipment rdf:resource="#13000000_12955203"/>
<cim:Terminal.ConnectivityNode rdf:resource="#9288674231807952"/>
</cim:Terminal>
<cim:Terminal rdf:ID="13000000_12955203_2">
<cim:Terminal.ConductingEquipment rdf:resource="#13000000_12955203"/>
<cim:Terminal.ConnectivityNode rdf:resource="#9288674231907420"/>
</cim:Terminal>
<cim:Terminal rdf:ID="11100000_1546857761_1">
<cim:Terminal.ConductingEquipment rdf:resource="#11100000_1546857761"/>
<cim:Terminal.ConnectivityNode rdf:resource="#9288674251564176"/>
</cim:Terminal>
<cim:Terminal rdf:ID="11100000_1546857761_2">
<cim:Terminal.ConductingEquipment rdf:resource="#11100000_1546857761"/>
<cim:Terminal.ConnectivityNode rdf:resource="#9288674251564177"/>
</cim:Terminal>
<cim:Terminal rdf:ID="32000000_265992_1">
<cim:Terminal.ConductingEquipment rdf:resource="#32000000_265992"/>
<cim:Terminal.ConnectivityNode rdf:resource="#9288674231510383"/>
</cim:Terminal>
<cim:Terminal rdf:ID="20200000_1227204_1">
<cim:Terminal.ConductingEquipment rdf:resource="#20200000_1227204"/>
<cim:Terminal.ConnectivityNode rdf:resource="#9288674231804103"/>
</cim:Terminal>
<cim:Terminal rdf:ID="20200000_561072_1">
<cim:Terminal.ConductingEquipment rdf:resource="#20200000_561072"/>
<cim:Terminal.ConnectivityNode rdf:resource="#9288674231906497"/>
</cim:Terminal>
<cim:Terminal rdf:ID="13000000_1546865055_1">
<cim:Terminal.ConductingEquipment rdf:resource="#13000000_1546865055"/>
<cim:Terminal.ConnectivityNode rdf:resource="#9288674231684055"/>
</cim:Terminal>
<cim:Terminal rdf:ID="13000000_1546865055_2">
<cim:Terminal.ConductingEquipment rdf:resource="#13000000_1546865055"/>
<cim:Terminal.ConnectivityNode rdf:resource="#9288674251564176"/>
</cim:Terminal>
<cim:Terminal rdf:ID="10200001_6304428_1">
<cim:Terminal.ConductingEquipment rdf:resource="#10200001_6304428"/>
<cim:Terminal.ConnectivityNode rdf:resource="#9288674231804113"/>
</cim:Terminal>
<cim:Terminal rdf:ID="10200001_6352998_1">
<cim:Terminal.ConductingEquipment rdf:resource="#10200001_6352998"/>
<cim:Terminal.ConnectivityNode rdf:resource="#9288674231804101"/>
</cim:Terminal>
<cim:Terminal rdf:ID="11700000_514861_1">
<cim:Terminal.ConductingEquipment rdf:resource="#11700000_514861"/>
<cim:Terminal.ConnectivityNode rdf:resource="#9288674231907420"/>
</cim:Terminal>
<cim:Terminal rdf:ID="7354719">
<cim:Terminal.ConductingEquipment rdf:resource="#31100000_1544328895"/>
<cim:Terminal.ConnectivityNode rdf:resource="#9288674251045021"/>
</cim:Terminal>
<cim:Terminal rdf:ID="7354729">
<cim:Terminal.ConductingEquipment rdf:resource="#31100000_1544329371"/>
<cim:Terminal.ConnectivityNode rdf:resource="#9288674251045018"/>
</cim:Terminal>
<cim:Terminal rdf:ID="11300000_1277318_1">
<cim:Terminal.ConductingEquipment rdf:resource="#11300000_1277318"/>
<cim:Terminal.ConnectivityNode rdf:resource="#9288674231581275"/>
</cim:Terminal>
<cim:Terminal rdf:ID="11300000_1277318_2">
<cim:Terminal.ConductingEquipment rdf:resource="#11300000_1277318"/>
<cim:Terminal.ConnectivityNode rdf:resource="#9288674231684055"/>
</cim:Terminal>
<cim:Terminal rdf:ID="397177">
<cim:Terminal.ConductingEquipment rdf:resource="#30600000_255028"/>
<cim:Terminal.ConnectivityNode rdf:resource="#9288674231453385"/>
</cim:Terminal>
<cim:Terminal rdf:ID="397178">
<cim:Terminal.ConductingEquipment rdf:resource="#30600000_255028"/>
<cim:Terminal.ConnectivityNode rdf:resource="#9288674231466528"/>
</cim:Terminal>
<cim:Terminal rdf:ID="397113">
<cim:Terminal.ConductingEquipment rdf:resource="#31100000_88908"/>
<cim:Terminal.ConnectivityNode rdf:resource="#9288674231453385"/>
</cim:Terminal>
<cim:Terminal rdf:ID="1406927">
<cim:Terminal.ConductingEquipment rdf:resource="#31100000_90163"/>
<cim:Terminal.ConnectivityNode rdf:resource="#9288674231453394"/>
</cim:Terminal>
<cim:Terminal rdf:ID="10200001_1544288823_1">
<cim:Terminal.ConductingEquipment rdf:resource="#10200001_1544288823"/>
<cim:Terminal.ConnectivityNode rdf:resource="#9288674250486898"/>
</cim:Terminal>
</rdf:RDF>
